# Rhino

g Cold_Room
o object_1
v 43.164661407470703 0 -24.219533920288086
v 43.164661407470703 5 -24.219533920288086
v 44.338611602783203 0 -24.219533920288086
v 44.338611602783203 5 -24.219533920288086
v 43.164661407470703 0 -28.431219100952148
v 43.164661407470703 5 -28.431219100952148
v 43.164661407470703 0 -24.219533920288086
v 43.164661407470703 5 -24.219533920288086
v 43.878303527832031 0 -28.431219100952148
v 43.878303527832031 5 -28.431219100952148
v 43.164661407470703 0 -28.431219100952148
v 43.164661407470703 5 -28.431219100952148
v 43.878303527832031 0 -27.665000915527344
v 43.878303527832031 5 -27.665000915527344
v 43.878303527832031 0 -28.431219100952148
v 43.878303527832031 5 -28.431219100952148
v 46.252536773681641 0 -27.665000915527344
v 46.252536773681641 5 -27.665000915527344
v 43.878303527832031 0 -27.665000915527344
v 43.878303527832031 5 -27.665000915527344
v 46.252536773681641 0 -26.106374740600586
v 46.252536773681641 5 -26.106374740600586
v 46.252536773681641 0 -27.665000915527344
v 46.252536773681641 5 -27.665000915527344
v 44.338611602783203 0 -26.106374740600586
v 44.338611602783203 5 -26.106374740600586
v 46.252536773681641 0 -26.106374740600586
v 46.252536773681641 5 -26.106374740600586
v 44.338611602783203 0 -24.219533920288086
v 44.338611602783203 5 -24.219533920288086
v 44.338611602783203 0 -26.106374740600586
v 44.338611602783203 5 -26.106374740600586
v 44.338611602783203 0 -24.219533920288086
v 43.164661407470703 0 -24.219533920288086
v 43.164661407470703 0 -28.431219100952148
v 43.878303527832031 0 -28.431219100952148
v 43.878303527832031 0 -27.665000915527344
v 46.252536773681641 0 -27.665000915527344
v 46.252536773681641 0 -26.106374740600586
v 44.338611602783203 0 -26.106374740600586
v 44.338611602783203 5 -24.219533920288086
v 43.164661407470703 5 -24.219533920288086
v 43.164661407470703 5 -28.431219100952148
v 43.878303527832031 5 -28.431219100952148
v 43.878303527832031 5 -27.665000915527344
v 46.252536773681641 5 -27.665000915527344
v 46.252536773681641 5 -26.106374740600586
v 44.338611602783203 5 -26.106374740600586
vt 0.458138108253479 0.38396063446998596
vt 0.458138108253479 0.79718542098999023
vt 0.55403810739517212 0.38396063446998596
vt 0.55403810739517212 0.79718542098999023
vt 0.41468960046768188 0
vt 0 0
vt 0.41468960046768188 0.34930837154388428
vt 0 0.34930837154388428
vt 0.87282770872116089 0
vt 0.458138108253479 0
vt 0.87282770872116089 0.057723183184862137
vt 0.458138108253479 0.057723183184862137
vt 0.87282770872116089 0.059188026934862137
vt 0.458138108253479 0.059188026934862137
vt 0.87282770872116089 0.12127171456813812
vt 0.458138108253479 0.12127171456813812
vt 0 0.3651517927646637
vt 0 0.77984136343002319
vt 0.19544917345046997 0.3651517927646637
vt 0.19544917345046997 0.77984136343002319
vt 0.55550295114517212 0.38396063446998596
vt 0.55550295114517212 0.79718542098999023
vt 0.68330729007720947 0.38396063446998596
vt 0.68330729007720947 0.79718542098999023
vt 0.8412628173828125 0.38396063446998596
vt 0.8412628173828125 0.79718542098999023
vt 0.99853515625 0.38396063446998596
vt 0.99853515625 0.79718542098999023
vt 0.68477213382720947 0.38396063446998596
vt 0.68477213382720947 0.79718542098999023
vt 0.8397979736328125 0.38396063446998596
vt 0.8397979736328125 0.79718542098999023
vt 0.46163120865821838 0.222102090716362
vt 0.46163120865821838 0.12528322637081146
vt 0.81093955039978027 0.12528322637081146
vt 0.81093955039978027 0.18413934111595154
vt 0.74739104509353638 0.18413934111595154
vt 0.74739104509353638 0.37994912266731262
vt 0.61812186241149902 0.37994912266731262
vt 0.61812186241149902 0.222102090716362
vt 0.29627954959869385 0.71795326471328735
vt 0.19946068525314331 0.71795326471328735
vt 0.19946068525314331 0.36864486336708069
vt 0.25831681489944458 0.36864486336708069
vt 0.25831681489944458 0.43219339847564697
vt 0.45412659645080566 0.43219339847564697
vt 0.45412659645080566 0.56146258115768433
vt 0.29627954959869385 0.56146258115768433
vn 0 0 1
vn 0 0 1
vn 0 0 1
vn 0 0 1
vn -1 0 0
vn -1 0 0
vn -1 0 0
vn -1 0 0
vn 0 0 -1
vn 0 0 -1
vn 0 0 -1
vn 0 0 -1
vn 1 0 0
vn 1 0 0
vn 1 0 0
vn 1 0 0
vn 0 0 -1
vn 0 0 -1
vn 0 0 -1
vn 0 0 -1
vn 1 0 0
vn 1 0 0
vn 1 0 0
vn 1 0 0
vn 0 0 1
vn 0 0 1
vn 0 0 1
vn 0 0 1
vn 1 0 0
vn 1 0 0
vn 1 0 0
vn 1 0 0
vn 0 -1 0
vn 0 -1 0
vn 0 -1 0
vn 0 -1 0
vn 0 -1 0
vn 0 -1 0
vn 0 -1 0
vn 0 -1 0
vn 0 1 0
vn 0 1 0
vn 0 1 0
vn 0 1 0
vn 0 1 0
vn 0 1 0
vn 0 1 0
vn 0 1 0
f 2/2/2 1/1/1 3/3/3 4/4/4
f 6/6/6 5/5/5 7/7/7 8/8/8
f 10/10/10 9/9/9 11/11/11 12/12/12
f 14/14/14 13/13/13 15/15/15 16/16/16
f 18/18/18 17/17/17 19/19/19 20/20/20
f 22/22/22 21/21/21 23/23/23 24/24/24
f 26/26/26 25/25/25 27/27/27 28/28/28
f 30/30/30 29/29/29 31/31/31 32/32/32
f 37/37/37 35/35/35 36/36/36
f 40/40/40 34/34/34 37/37/37
f 35/35/35 37/37/37 34/34/34
f 39/39/39 40/40/40 37/37/37 38/38/38
f 34/34/34 40/40/40 33/33/33
f 45/45/45 44/44/44 43/43/43
f 48/48/48 45/45/45 42/42/42
f 43/43/43 42/42/42 45/45/45
f 47/47/47 46/46/46 45/45/45 48/48/48
f 42/42/42 41/41/41 48/48/48
g Neutral_Room
o object_2
v 35.353385925292969 0 -25.215545654296875
v 35.353385925292969 5 -25.215545654296875
v 31.5379638671875 0 -25.215545654296875
v 31.5379638671875 5 -25.215545654296875
v 35.353385925292969 0 -29.719705581665039
v 35.353385925292969 5 -29.719705581665039
v 35.353385925292969 0 -25.215545654296875
v 35.353385925292969 5 -25.215545654296875
v 31.5379638671875 0 -29.719705581665039
v 31.5379638671875 5 -29.719705581665039
v 35.353385925292969 0 -29.719705581665039
v 35.353385925292969 5 -29.719705581665039
v 31.5379638671875 0 -25.215545654296875
v 31.5379638671875 5 -25.215545654296875
v 31.5379638671875 0 -29.719705581665039
v 31.5379638671875 5 -29.719705581665039
v 31.5379638671875 0 -25.215545654296875
v 31.5379638671875 0 -29.719705581665039
v 35.353385925292969 0 -25.215545654296875
v 35.353385925292969 0 -29.719705581665039
v 31.5379638671875 5 -25.215545654296875
v 31.5379638671875 5 -29.719705581665039
v 35.353385925292969 5 -25.215545654296875
v 35.353385925292969 5 -29.719705581665039
vt 0.67700058221817017 0.59390294551849365
vt 0.32153460383415222 0.59390294551849365
vt 0.67700058221817017 0.86480647325515747
vt 0.32153460383415222 0.86480647325515747
vt 0.35693079233169556 0
vt 0 0
vt 0.35693079233169556 0.32006976008415222
vt 0 0.32006976008415222
vt 0.67700058221817017 0.32153460383415222
vt 0.32153460383415222 0.32153460383415222
vt 0.67700058221817017 0.59243810176849365
vt 0.32153460383415222 0.59243810176849365
vt 0 0.32153460383415222
vt 0 0.67846542596817017
vt 0.32006976008415222 0.32153460383415222
vt 0.32006976008415222 0.67846542596817017
vt 0.99853515625 0.43313565850257874
vt 0.67846542596817017 0.43313565850257874
vt 0.99853515625 0.70550400018692017
vt 0.67846542596817017 0.70550400018692017
vt 0.99853515625 0
vt 0.67846542596817017 0
vt 0.99853515625 0.27236834168434143
vt 0.67846542596817017 0.27236834168434143
vn 0 0 1
vn 0 0 1
vn 0 0 1
vn 0 0 1
vn 1 0 0
vn 1 0 0
vn 1 0 0
vn 1 0 0
vn 0 0 -1
vn 0 0 -1
vn 0 0 -1
vn 0 0 -1
vn -1 0 0
vn -1 0 0
vn -1 0 0
vn -1 0 0
vn 0 -1 0
vn 0 -1 0
vn 0 -1 0
vn 0 -1 0
vn 0 1 0
vn 0 1 0
vn 0 1 0
vn 0 1 0
f 50/50/50 52/52/52 51/51/51 49/49/49
f 54/54/54 56/56/56 55/55/55 53/53/53
f 58/58/58 60/60/60 59/59/59 57/57/57
f 62/62/62 64/64/64 63/63/63 61/61/61
f 66/66/66 68/68/68 67/67/67 65/65/65
f 70/70/70 69/69/69 71/71/71 72/72/72
o object_3
v 39.175518035888672 0 -25.215545654296875
v 39.175518035888672 5 -25.215545654296875
v 35.353385925292969 0 -25.215545654296875
v 35.353385925292969 5 -25.215545654296875
v 39.175518035888672 0 -29.719705581665039
v 39.175518035888672 5 -29.719705581665039
v 39.175518035888672 0 -25.215545654296875
v 39.175518035888672 5 -25.215545654296875
v 35.353385925292969 0 -29.719705581665039
v 35.353385925292969 5 -29.719705581665039
v 39.175518035888672 0 -29.719705581665039
v 39.175518035888672 5 -29.719705581665039
v 35.353385925292969 0 -25.215545654296875
v 35.353385925292969 5 -25.215545654296875
v 35.353385925292969 0 -29.719705581665039
v 35.353385925292969 5 -29.719705581665039
v 35.353385925292969 0 -25.215545654296875
v 35.353385925292969 0 -29.719705581665039
v 39.175518035888672 0 -25.215545654296875
v 39.175518035888672 0 -29.719705581665039
v 35.353385925292969 5 -25.215545654296875
v 35.353385925292969 5 -29.719705581665039
v 39.175518035888672 5 -25.215545654296875
v 39.175518035888672 5 -29.719705581665039
vt 0.99853515625 0.433614581823349
vt 0.64306920766830444 0.433614581823349
vt 0.99853515625 0.70646184682846069
vt 0.64306920766830444 0.70646184682846069
vt 0 0.32153460383415222
vt 0 0.67846542596817017
vt 0.32006976008415222 0.32153460383415222
vt 0.32006976008415222 0.67846542596817017
vt 0.99853515625 0
vt 0.64306920766830444 0
vt 0.99853515625 0.27284726500511169
vt 0.64306920766830444 0.27284726500511169
vt 0.35693079233169556 0
vt 0 0
vt 0.35693079233169556 0.32006976008415222
vt 0 0.32006976008415222
vt 0.64160436391830444 0.59438186883926392
vt 0.32153460383415222 0.59438186883926392
vt 0.64160436391830444 0.865764319896698
vt 0.32153460383415222 0.865764319896698
vt 0.64160436391830444 0.32153460383415222
vt 0.32153460383415222 0.32153460383415222
vt 0.64160436391830444 0.59291702508926392
vt 0.32153460383415222 0.59291702508926392
vn 0 0 1
vn 0 0 1
vn 0 0 1
vn 0 0 1
vn 1 0 0
vn 1 0 0
vn 1 0 0
vn 1 0 0
vn 0 0 -1
vn 0 0 -1
vn 0 0 -1
vn 0 0 -1
vn -1 0 0
vn -1 0 0
vn -1 0 0
vn -1 0 0
vn 0 -1 0
vn 0 -1 0
vn 0 -1 0
vn 0 -1 0
vn 0 1 0
vn 0 1 0
vn 0 1 0
vn 0 1 0
f 74/74/74 76/76/76 75/75/75 73/73/73
f 78/78/78 80/80/80 79/79/79 77/77/77
f 82/82/82 84/84/84 83/83/83 81/81/81
f 86/86/86 88/88/88 87/87/87 85/85/85
f 90/90/90 92/92/92 91/91/91 89/89/89
f 94/94/94 93/93/93 95/95/95 96/96/96
o object_4
v 43.164661407470703 0 -25.215545654296875
v 43.164661407470703 5 -25.215545654296875
v 39.175518035888672 0 -25.215545654296875
v 39.175518035888672 5 -25.215545654296875
v 43.164661407470703 0 -29.719705581665039
v 43.164661407470703 5 -29.719705581665039
v 43.164661407470703 0 -25.215545654296875
v 43.164661407470703 5 -25.215545654296875
v 39.175518035888672 0 -29.719705581665039
v 39.175518035888672 5 -29.719705581665039
v 43.164661407470703 0 -29.719705581665039
v 43.164661407470703 5 -29.719705581665039
v 39.175518035888672 0 -25.215545654296875
v 39.175518035888672 5 -25.215545654296875
v 39.175518035888672 0 -29.719705581665039
v 39.175518035888672 5 -29.719705581665039
v 39.175518035888672 0 -25.215545654296875
v 39.175518035888672 0 -29.719705581665039
v 43.164661407470703 0 -25.215545654296875
v 43.164661407470703 0 -29.719705581665039
v 39.175518035888672 5 -25.215545654296875
v 39.175518035888672 5 -29.719705581665039
v 43.164661407470703 5 -25.215545654296875
v 43.164661407470703 5 -29.719705581665039
vt 0.67700058221817017 0.60630422830581665
vt 0.32153460383415222 0.60630422830581665
vt 0.67700058221817017 0.88960903882980347
vt 0.32153460383415222 0.88960903882980347
vt 0 0.32153460383415222
vt 0 0.67846542596817017
vt 0.32006976008415222 0.32153460383415222
vt 0.32006976008415222 0.67846542596817017
vt 0.67700058221817017 0.32153460383415222
vt 0.32153460383415222 0.32153460383415222
vt 0.67700058221817017 0.60483938455581665
vt 0.32153460383415222 0.60483938455581665
vt 0.35693079233169556 0
vt 0 0
vt 0.35693079233169556 0.32006976008415222
vt 0 0.32006976008415222
vt 0.99853515625 0.44553694128990173
vt 0.67846542596817017 0.44553694128990173
vt 0.99853515625 0.73030656576156616
vt 0.67846542596817017 0.73030656576156616
vt 0.99853515625 0
vt 0.67846542596817017 0
vt 0.99853515625 0.28476962447166443
vt 0.67846542596817017 0.28476962447166443
vn 0 0 1
vn 0 0 1
vn 0 0 1
vn 0 0 1
vn 1 0 0
vn 1 0 0
vn 1 0 0
vn 1 0 0
vn 0 0 -1
vn 0 0 -1
vn 0 0 -1
vn 0 0 -1
vn -1 0 0
vn -1 0 0
vn -1 0 0
vn -1 0 0
vn 0 -1 0
vn 0 -1 0
vn 0 -1 0
vn 0 -1 0
vn 0 1 0
vn 0 1 0
vn 0 1 0
vn 0 1 0
f 98/98/98 100/100/100 99/99/99 97/97/97
f 102/102/102 104/104/104 103/103/103 101/101/101
f 106/106/106 108/108/108 107/107/107 105/105/105
f 110/110/110 112/112/112 111/111/111 109/109/109
f 114/114/114 116/116/116 115/115/115 113/113/113
f 118/118/118 117/117/117 119/119/119 120/120/120
o object_5
v 31.5379638671875 0 -25.215545654296875
v 31.5379638671875 5 -25.215545654296875
v 28.79243278503418 0 -25.215545654296875
v 28.79243278503418 5 -25.215545654296875
v 31.5379638671875 0 -29.719705581665039
v 31.5379638671875 5 -29.719705581665039
v 31.5379638671875 0 -25.215545654296875
v 31.5379638671875 5 -25.215545654296875
v 28.79243278503418 0 -29.719705581665039
v 28.79243278503418 5 -29.719705581665039
v 31.5379638671875 0 -29.719705581665039
v 31.5379638671875 5 -29.719705581665039
v 28.79243278503418 0 -25.215545654296875
v 28.79243278503418 5 -25.215545654296875
v 28.79243278503418 0 -29.719705581665039
v 28.79243278503418 5 -29.719705581665039
v 28.79243278503418 0 -25.215545654296875
v 28.79243278503418 0 -29.719705581665039
v 31.5379638671875 0 -25.215545654296875
v 31.5379638671875 0 -29.719705581665039
v 28.79243278503418 5 -25.215545654296875
v 28.79243278503418 5 -29.719705581665039
v 31.5379638671875 5 -25.215545654296875
v 31.5379638671875 5 -29.719705581665039
vt 0.73829805850982666 0.42933297157287598
vt 0.73829805850982666 0.9044642448425293
vt 0.99853515625 0.42933297157287598
vt 0.99853515625 0.9044642448425293
vt 0.47513130307197571 0.45296454429626465
vt 0 0.45296454429626465
vt 0.47513130307197571 0.88229751586914062
vt 0 0.88229751586914062
vt 0.47659614682197571 0.42933297157287598
vt 0.47659614682197571 0.9044642448425293
vt 0.73683321475982666 0.42933297157287598
vt 0.73683321475982666 0.9044642448425293
vt 0.47513130307197571 0
vt 0 0
vt 0.47513130307197571 0.42933297157287598
vt 0 0.42933297157287598
vt 0.73829805850982666 0
vt 0.73829805850982666 0.42786812782287598
vt 0.99853515625 0
vt 0.99853515625 0.42786812782287598
vt 0.47659614682197571 0
vt 0.47659614682197571 0.42786812782287598
vt 0.73683321475982666 0
vt 0.73683321475982666 0.42786812782287598
vn 0 0 1
vn 0 0 1
vn 0 0 1
vn 0 0 1
vn 1 0 0
vn 1 0 0
vn 1 0 0
vn 1 0 0
vn 0 0 -1
vn 0 0 -1
vn 0 0 -1
vn 0 0 -1
vn -1 0 0
vn -1 0 0
vn -1 0 0
vn -1 0 0
vn 0 -1 0
vn 0 -1 0
vn 0 -1 0
vn 0 -1 0
vn 0 1 0
vn 0 1 0
vn 0 1 0
vn 0 1 0
f 122/122/122 124/124/124 123/123/123 121/121/121
f 126/126/126 128/128/128 127/127/127 125/125/125
f 130/130/130 132/132/132 131/131/131 129/129/129
f 134/134/134 136/136/136 135/135/135 133/133/133
f 138/138/138 140/140/140 139/139/139 137/137/137
f 142/142/142 141/141/141 143/143/143 144/144/144
o object_6
v 28.79243278503418 0 -25.215545654296875
v 28.79243278503418 5 -25.215545654296875
v 26.046901702880859 0 -25.215545654296875
v 26.046901702880859 5 -25.215545654296875
v 28.79243278503418 0 -29.719705581665039
v 28.79243278503418 5 -29.719705581665039
v 28.79243278503418 0 -25.215545654296875
v 28.79243278503418 5 -25.215545654296875
v 26.046901702880859 0 -29.719705581665039
v 26.046901702880859 5 -29.719705581665039
v 28.79243278503418 0 -29.719705581665039
v 28.79243278503418 5 -29.719705581665039
v 26.046901702880859 0 -25.215545654296875
v 26.046901702880859 5 -25.215545654296875
v 26.046901702880859 0 -29.719705581665039
v 26.046901702880859 5 -29.719705581665039
v 26.046901702880859 0 -25.215545654296875
v 26.046901702880859 0 -29.719705581665039
v 28.79243278503418 0 -25.215545654296875
v 28.79243278503418 0 -29.719705581665039
v 26.046901702880859 5 -25.215545654296875
v 26.046901702880859 5 -29.719705581665039
v 28.79243278503418 5 -25.215545654296875
v 28.79243278503418 5 -29.719705581665039
vt 0.73829805850982666 0.42933297157287598
vt 0.73829805850982666 0.9044642448425293
vt 0.99853515625 0.42933297157287598
vt 0.99853515625 0.9044642448425293
vt 0.47513130307197571 0.45296454429626465
vt 0 0.45296454429626465
vt 0.47513130307197571 0.88229751586914062
vt 0 0.88229751586914062
vt 0.47659614682197571 0.42933297157287598
vt 0.47659614682197571 0.9044642448425293
vt 0.73683321475982666 0.42933297157287598
vt 0.73683321475982666 0.9044642448425293
vt 0.47513130307197571 0
vt 0 0
vt 0.47513130307197571 0.42933297157287598
vt 0 0.42933297157287598
vt 0.73829805850982666 0
vt 0.73829805850982666 0.42786812782287598
vt 0.99853515625 0
vt 0.99853515625 0.42786812782287598
vt 0.47659614682197571 0
vt 0.47659614682197571 0.42786812782287598
vt 0.73683321475982666 0
vt 0.73683321475982666 0.42786812782287598
vn 0 0 1
vn 0 0 1
vn 0 0 1
vn 0 0 1
vn 1 0 0
vn 1 0 0
vn 1 0 0
vn 1 0 0
vn 0 0 -1
vn 0 0 -1
vn 0 0 -1
vn 0 0 -1
vn -1 0 0
vn -1 0 0
vn -1 0 0
vn -1 0 0
vn 0 -1 0
vn 0 -1 0
vn 0 -1 0
vn 0 -1 0
vn 0 1 0
vn 0 1 0
vn 0 1 0
vn 0 1 0
f 146/146/146 148/148/148 147/147/147 145/145/145
f 150/150/150 152/152/152 151/151/151 149/149/149
f 154/154/154 156/156/156 155/155/155 153/153/153
f 158/158/158 160/160/160 159/159/159 157/157/157
f 162/162/162 164/164/164 163/163/163 161/161/161
f 166/166/166 165/165/165 167/167/167 168/168/168
g Corridor
o object_7
v 24.742969512939453 0 -25.215545654296875
v 21.149301528930664 0 -25.215545654296875
v 21.149301528930664 0 -28.901161193847656
v 20.166976928710938 0 -28.901161193847656
v 20.166976928710938 0 -25.215545654296875
v 16.818889617919922 0 -25.215545654296875
v 16.818889617919922 0 -26.497991561889648
v 0.45177271962165833 0 -26.497991561889648
v 0.45177271962165833 0 -25.215545654296875
v 15.327425956726074 0 -25.215545654296875
v 15.327425956726074 0 -21.949419021606445
v 24.975563049316406 0 -21.949419021606445
v 24.975563049316406 0 -20.773820877075195
v 25.767011642456055 0 -20.773820877075195
v 25.767011642456055 0 -19.934385299682617
v 25.767011642456055 0 -17.368026733398438
v 23.097377777099609 0 -17.368026733398438
v 23.097377777099609 0 -15.628352165222168
v 24.203662872314453 0 -15.628352165222168
v 24.203662872314453 0 -8.5337905883789062
v 24.203662872314453 0 -7.9880547523498535
v 20.797868728637695 0 -7.9880547523498535
v 20.797868728637695 0 -8.8227462768554688
v 3.6829104423522949 0 -8.8227462768554688
v 0.32825788855552673 0 -8.8227462768554688
v 0.32825788855552673 0 -6.056002140045166
v 5.5306053161621094 0 -6.056002140045166
v 5.5306053161621094 0 -1.9837274551391602
v 10.548093795776367 0 -1.9837274551391602
v 10.548093795776367 0 -5.2193055152893066
v 15.217164039611816 0 -5.2193055152893066
v 15.217164039611816 0 -1.9837274551391602
v 20.804651260375977 0 -1.9837274551391602
v 20.804651260375977 0 -5.169804573059082
v 27.515176773071289 0 -5.169804573059082
v 27.515176773071289 0 -1.9837274551391602
v 33.091537475585938 0 -1.9837274551391602
v 33.091537475585938 0 -5.9024887084960938
v 37.695034027099609 0 -5.9024887084960938
v 37.687397003173828 0 -1.9837274551391602
v 42.936145782470703 0 -1.9837274551391602
v 42.936145782470703 0 -5.1241841316223145
v 50.684242248535156 0 -5.1241841316223145
v 50.684242248535156 0 -6.9240264892578125
v 46.716617584228516 0 -6.9240264892578125
v 46.716617584228516 0 -7.8992199897766113
v 46.716617584228516 0 -12.675834655761719
v 50.684242248535156 0 -12.675834655761719
v 50.765457153320312 0 -18.113183975219727
v 48.282569885253906 0 -18.113183975219727
v 48.282569885253906 0 -22.280437469482422
v 50.765457153320312 0 -22.280437469482422
v 50.765457153320312 0 -30.909019470214844
v 49.020038604736328 0 -30.909019470214844
v 24.742969512939453 0 -30.909019470214844
v 24.742969512939453 0 -28.901161193847656
v 37.705291748046875 0 -8.5337905883789062
v 27.589242935180664 0 -8.5337905883789062
v 41.171371459960938 0 -7.8992199897766113
v 37.70281982421875 0 -7.8992199897766113
v 41.171371459960938 0 -14.699079513549805
v 40.069190979003906 0 -14.699079513549805
v 40.069190979003906 0 -17.048025131225586
v 40.357303619384766 0 -17.048025131225586
v 40.357303619384766 0 -19.618247985839844
v 33.869361877441406 0 -19.618247985839844
v 33.869361877441406 0 -19.2728271484375
v 31.77104377746582 0 -19.2728271484375
v 31.77104377746582 0 -19.934385299682617
v 29.188344955444336 0 -19.934385299682617
v 29.188344955444336 0 -11.151299476623535
v 27.589242935180664 0 -11.151299476623535
v 26.046901702880859 0 -29.720056533813477
v 43.164661407470703 0 -29.717864990234375
v 43.164661407470703 0 -28.431219100952148
v 43.878303527832031 0 -28.431219100952148
v 43.878303527832031 0 -30.372468948364258
v 49.293239593505859 0 -30.372468948364258
v 49.293239593505859 0 -27.665000915527344
v 46.252536773681641 0 -27.665000915527344
v 46.252536773681641 0 -26.106374740600586
v 47.457813262939453 0 -26.106374740600586
v 47.457813262939453 0 -15.58842658996582
v 46.989818572998047 0 -15.58842658996582
v 44.338611602783203 0 -15.58842658996582
v 44.338611602783203 0 -20.437274932861328
v 44.338611602783203 0 -24.219533920288086
v 43.164661407470703 0 -24.219533920288086
v 43.164661407470703 0 -25.215545654296875
v 26.046901702880859 0 -25.215545654296875
v 26.046901702880859 0 -26.034572601318359
v 24.742969512939453 0 -25.215545654296875
v 21.149301528930664 0 -25.215545654296875
v 24.742969512939453 5 -25.215545654296875
v 21.149301528930664 5 -25.215545654296875
v 21.149301528930664 0 -25.215545654296875
v 21.149301528930664 0 -28.901161193847656
v 21.149301528930664 5 -25.215545654296875
v 21.149301528930664 5 -28.901161193847656
v 21.149301528930664 0 -28.901161193847656
v 20.166976928710938 0 -28.901161193847656
v 21.149301528930664 5 -28.901161193847656
v 20.166976928710938 5 -28.901161193847656
v 20.166976928710938 0 -28.901161193847656
v 20.166976928710938 0 -25.215545654296875
v 20.166976928710938 5 -28.901161193847656
v 20.166976928710938 5 -25.215545654296875
v 20.166976928710938 0 -25.215545654296875
v 16.818889617919922 0 -25.215545654296875
v 20.166976928710938 5 -25.215545654296875
v 16.818889617919922 5 -25.215545654296875
v 16.818889617919922 0 -25.215545654296875
v 16.818889617919922 0 -26.497991561889648
v 16.818889617919922 5 -25.215545654296875
v 16.818889617919922 5 -26.497991561889648
v 16.818889617919922 0 -26.497991561889648
v 0.45177271962165833 0 -26.497991561889648
v 16.818889617919922 5 -26.497991561889648
v 0.45177271962165833 5 -26.497991561889648
v 0.45177271962165833 0 -26.497991561889648
v 0.45177271962165833 0 -25.215545654296875
v 0.45177271962165833 5 -26.497991561889648
v 0.45177271962165833 5 -25.215545654296875
v 0.45177271962165833 0 -25.215545654296875
v 15.327425956726074 0 -25.215545654296875
v 0.45177271962165833 5 -25.215545654296875
v 15.327425956726074 5 -25.215545654296875
v 15.327425956726074 0 -25.215545654296875
v 15.327425956726074 0 -21.949419021606445
v 15.327425956726074 5 -25.215545654296875
v 15.327425956726074 5 -21.949419021606445
v 15.327425956726074 0 -21.949419021606445
v 24.975563049316406 0 -21.949419021606445
v 15.327425956726074 5 -21.949419021606445
v 24.975563049316406 5 -21.949419021606445
v 24.975563049316406 0 -21.949419021606445
v 24.975563049316406 0 -20.773820877075195
v 24.975563049316406 5 -21.949419021606445
v 24.975563049316406 5 -20.773820877075195
v 24.975563049316406 0 -20.773820877075195
v 25.767011642456055 0 -20.773820877075195
v 24.975563049316406 5 -20.773820877075195
v 25.767011642456055 5 -20.773820877075195
v 25.767011642456055 0 -20.773820877075195
v 25.767011642456055 0 -19.934385299682617
v 25.767011642456055 5 -20.773820877075195
v 25.767011642456055 5 -19.934385299682617
v 25.767011642456055 0 -19.934385299682617
v 25.767011642456055 0 -17.368026733398438
v 25.767011642456055 5 -19.934385299682617
v 25.767011642456055 5 -17.368026733398438
v 25.767011642456055 0 -17.368026733398438
v 23.097377777099609 0 -17.368026733398438
v 25.767011642456055 5 -17.368026733398438
v 23.097377777099609 5 -17.368026733398438
v 23.097377777099609 0 -17.368026733398438
v 23.097377777099609 0 -15.628352165222168
v 23.097377777099609 5 -17.368026733398438
v 23.097377777099609 5 -15.628352165222168
v 23.097377777099609 0 -15.628352165222168
v 24.203662872314453 0 -15.628352165222168
v 23.097377777099609 5 -15.628352165222168
v 24.203662872314453 5 -15.628352165222168
v 24.203662872314453 0 -15.628352165222168
v 24.203662872314453 0 -8.5337905883789062
v 24.203662872314453 5 -15.628352165222168
v 24.203662872314453 5 -8.5337905883789062
v 24.203662872314453 0 -8.5337905883789062
v 24.203662872314453 0 -7.9880547523498535
v 24.203662872314453 5 -8.5337905883789062
v 24.203662872314453 5 -7.9880547523498535
v 24.203662872314453 0 -7.9880547523498535
v 20.797868728637695 0 -7.9880547523498535
v 24.203662872314453 5 -7.9880547523498535
v 20.797868728637695 5 -7.9880547523498535
v 20.797868728637695 0 -7.9880547523498535
v 20.797868728637695 0 -8.8227462768554688
v 20.797868728637695 5 -7.9880547523498535
v 20.797868728637695 5 -8.8227462768554688
v 20.797868728637695 0 -8.8227462768554688
v 3.6829104423522949 0 -8.8227462768554688
v 20.797868728637695 5 -8.8227462768554688
v 3.6829104423522949 5 -8.8227462768554688
v 3.6829104423522949 0 -8.8227462768554688
v 0.32825788855552673 0 -8.8227462768554688
v 3.6829104423522949 5 -8.8227462768554688
v 0.32825788855552673 5 -8.8227462768554688
v 0.32825788855552673 0 -8.8227462768554688
v 0.32825788855552673 0 -6.056002140045166
v 0.32825788855552673 5 -8.8227462768554688
v 0.32825788855552673 5 -6.056002140045166
v 0.32825788855552673 0 -6.056002140045166
v 5.5306053161621094 0 -6.056002140045166
v 0.32825788855552673 5 -6.056002140045166
v 5.5306053161621094 5 -6.056002140045166
v 5.5306053161621094 0 -6.056002140045166
v 5.5306053161621094 0 -1.9837274551391602
v 5.5306053161621094 5 -6.056002140045166
v 5.5306053161621094 5 -1.9837274551391602
v 5.5306053161621094 0 -1.9837274551391602
v 10.548093795776367 0 -1.9837274551391602
v 5.5306053161621094 5 -1.9837274551391602
v 10.548093795776367 5 -1.9837274551391602
v 10.548093795776367 0 -1.9837274551391602
v 10.548093795776367 0 -5.2193055152893066
v 10.548093795776367 5 -1.9837274551391602
v 10.548093795776367 5 -5.2193055152893066
v 10.548093795776367 0 -5.2193055152893066
v 15.217164039611816 0 -5.2193055152893066
v 10.548093795776367 5 -5.2193055152893066
v 15.217164039611816 5 -5.2193055152893066
v 15.217164039611816 0 -5.2193055152893066
v 15.217164039611816 0 -1.9837274551391602
v 15.217164039611816 5 -5.2193055152893066
v 15.217164039611816 5 -1.9837274551391602
v 15.217164039611816 0 -1.9837274551391602
v 20.804651260375977 0 -1.9837274551391602
v 15.217164039611816 5 -1.9837274551391602
v 20.804651260375977 5 -1.9837274551391602
v 20.804651260375977 0 -1.9837274551391602
v 20.804651260375977 0 -5.169804573059082
v 20.804651260375977 5 -1.9837274551391602
v 20.804651260375977 5 -5.169804573059082
v 20.804651260375977 0 -5.169804573059082
v 27.515176773071289 0 -5.169804573059082
v 20.804651260375977 5 -5.169804573059082
v 27.515176773071289 5 -5.169804573059082
v 27.515176773071289 0 -5.169804573059082
v 27.515176773071289 0 -1.9837274551391602
v 27.515176773071289 5 -5.169804573059082
v 27.515176773071289 5 -1.9837274551391602
v 27.515176773071289 0 -1.9837274551391602
v 33.091537475585938 0 -1.9837274551391602
v 27.515176773071289 5 -1.9837274551391602
v 33.091537475585938 5 -1.9837274551391602
v 33.091537475585938 0 -1.9837274551391602
v 33.091537475585938 0 -5.9024887084960938
v 33.091537475585938 5 -1.9837274551391602
v 33.091537475585938 5 -5.9024887084960938
v 33.091537475585938 0 -5.9024887084960938
v 37.695034027099609 0 -5.9024887084960938
v 33.091537475585938 5 -5.9024887084960938
v 37.695034027099609 5 -5.9024887084960938
v 37.695034027099609 0 -5.9024887084960938
v 37.687397003173828 0 -1.9837274551391602
v 37.695034027099609 5 -5.9024887084960938
v 37.687397003173828 5 -1.9837274551391602
v 37.687397003173828 0 -1.9837274551391602
v 42.936145782470703 0 -1.9837274551391602
v 37.687397003173828 5 -1.9837274551391602
v 42.936145782470703 5 -1.9837274551391602
v 42.936145782470703 0 -1.9837274551391602
v 42.936145782470703 0 -5.1241841316223145
v 42.936145782470703 5 -1.9837274551391602
v 42.936145782470703 5 -5.1241841316223145
v 42.936145782470703 0 -5.1241841316223145
v 50.684242248535156 0 -5.1241841316223145
v 42.936145782470703 5 -5.1241841316223145
v 50.684242248535156 5 -5.1241841316223145
v 50.684242248535156 0 -5.1241841316223145
v 50.684242248535156 0 -6.9240264892578125
v 50.684242248535156 5 -5.1241841316223145
v 50.684242248535156 5 -6.9240264892578125
v 50.684242248535156 0 -6.9240264892578125
v 46.716617584228516 0 -6.9240264892578125
v 50.684242248535156 5 -6.9240264892578125
v 46.716617584228516 5 -6.9240264892578125
v 46.716617584228516 0 -6.9240264892578125
v 46.716617584228516 0 -7.8992199897766113
v 46.716617584228516 5 -6.9240264892578125
v 46.716617584228516 5 -7.8992199897766113
v 46.716617584228516 0 -7.8992199897766113
v 46.716617584228516 0 -12.675834655761719
v 46.716617584228516 5 -7.8992199897766113
v 46.716617584228516 5 -12.675834655761719
v 46.716617584228516 0 -12.675834655761719
v 50.684242248535156 0 -12.675834655761719
v 46.716617584228516 5 -12.675834655761719
v 50.684242248535156 5 -12.675834655761719
v 50.684242248535156 0 -12.675834655761719
v 50.765457153320312 0 -18.113183975219727
v 50.684242248535156 5 -12.675834655761719
v 50.765457153320312 5 -18.113183975219727
v 50.765457153320312 0 -18.113183975219727
v 48.282569885253906 0 -18.113183975219727
v 50.765457153320312 5 -18.113183975219727
v 48.282569885253906 5 -18.113183975219727
v 48.282569885253906 0 -18.113183975219727
v 48.282569885253906 0 -22.280437469482422
v 48.282569885253906 5 -18.113183975219727
v 48.282569885253906 5 -22.280437469482422
v 48.282569885253906 0 -22.280437469482422
v 50.765457153320312 0 -22.280437469482422
v 48.282569885253906 5 -22.280437469482422
v 50.765457153320312 5 -22.280437469482422
v 50.765457153320312 0 -22.280437469482422
v 50.765457153320312 0 -30.909019470214844
v 50.765457153320312 5 -22.280437469482422
v 50.765457153320312 5 -30.909019470214844
v 50.765457153320312 0 -30.909019470214844
v 49.020038604736328 0 -30.909019470214844
v 50.765457153320312 5 -30.909019470214844
v 49.020038604736328 5 -30.909019470214844
v 49.020038604736328 0 -30.909019470214844
v 24.742969512939453 0 -30.909019470214844
v 49.020038604736328 5 -30.909019470214844
v 24.742969512939453 5 -30.909019470214844
v 24.742969512939453 0 -30.909019470214844
v 24.742969512939453 0 -28.901161193847656
v 24.742969512939453 5 -30.909019470214844
v 24.742969512939453 5 -28.901161193847656
v 24.742969512939453 0 -28.901161193847656
v 24.742969512939453 0 -25.215545654296875
v 24.742969512939453 5 -28.901161193847656
v 24.742969512939453 5 -25.215545654296875
v 27.589242935180664 0 -8.5337905883789062
v 37.705291748046875 0 -8.5337905883789062
v 27.589242935180664 5 -8.5337905883789062
v 37.705291748046875 5 -8.5337905883789062
v 37.705291748046875 0 -8.5337905883789062
v 37.70281982421875 0 -7.8992199897766113
v 37.705291748046875 5 -8.5337905883789062
v 37.70281982421875 5 -7.8992199897766113
v 37.70281982421875 0 -7.8992199897766113
v 41.171371459960938 0 -7.8992199897766113
v 37.70281982421875 5 -7.8992199897766113
v 41.171371459960938 5 -7.8992199897766113
v 41.171371459960938 0 -7.8992199897766113
v 41.171371459960938 0 -14.699079513549805
v 41.171371459960938 5 -7.8992199897766113
v 41.171371459960938 5 -14.699079513549805
v 41.171371459960938 0 -14.699079513549805
v 40.069190979003906 0 -14.699079513549805
v 41.171371459960938 5 -14.699079513549805
v 40.069190979003906 5 -14.699079513549805
v 40.069190979003906 0 -14.699079513549805
v 40.069190979003906 0 -17.048025131225586
v 40.069190979003906 5 -14.699079513549805
v 40.069190979003906 5 -17.048025131225586
v 40.069190979003906 0 -17.048025131225586
v 40.357303619384766 0 -17.048025131225586
v 40.069190979003906 5 -17.048025131225586
v 40.357303619384766 5 -17.048025131225586
v 40.357303619384766 0 -17.048025131225586
v 40.357303619384766 0 -19.618247985839844
v 40.357303619384766 5 -17.048025131225586
v 40.357303619384766 5 -19.618247985839844
v 40.357303619384766 0 -19.618247985839844
v 33.869361877441406 0 -19.618247985839844
v 40.357303619384766 5 -19.618247985839844
v 33.869361877441406 5 -19.618247985839844
v 33.869361877441406 0 -19.618247985839844
v 33.869361877441406 0 -19.2728271484375
v 33.869361877441406 5 -19.618247985839844
v 33.869361877441406 5 -19.2728271484375
v 33.869361877441406 0 -19.2728271484375
v 31.77104377746582 0 -19.2728271484375
v 33.869361877441406 5 -19.2728271484375
v 31.77104377746582 5 -19.2728271484375
v 31.77104377746582 0 -19.2728271484375
v 31.77104377746582 0 -19.934385299682617
v 31.77104377746582 5 -19.2728271484375
v 31.77104377746582 5 -19.934385299682617
v 31.77104377746582 0 -19.934385299682617
v 29.188344955444336 0 -19.934385299682617
v 31.77104377746582 5 -19.934385299682617
v 29.188344955444336 5 -19.934385299682617
v 29.188344955444336 0 -19.934385299682617
v 29.188344955444336 0 -11.151299476623535
v 29.188344955444336 5 -19.934385299682617
v 29.188344955444336 5 -11.151299476623535
v 29.188344955444336 0 -11.151299476623535
v 27.589242935180664 0 -11.151299476623535
v 29.188344955444336 5 -11.151299476623535
v 27.589242935180664 5 -11.151299476623535
v 27.589242935180664 0 -11.151299476623535
v 27.589242935180664 0 -8.5337905883789062
v 27.589242935180664 5 -11.151299476623535
v 27.589242935180664 5 -8.5337905883789062
v 24.742969512939453 5 -25.215545654296875
v 21.149301528930664 5 -25.215545654296875
v 21.149301528930664 5 -28.901161193847656
v 20.166976928710938 5 -28.901161193847656
v 20.166976928710938 5 -25.215545654296875
v 16.818889617919922 5 -25.215545654296875
v 16.818889617919922 5 -26.497991561889648
v 0.45177271962165833 5 -26.497991561889648
v 0.45177271962165833 5 -25.215545654296875
v 15.327425956726074 5 -25.215545654296875
v 15.327425956726074 5 -21.949419021606445
v 24.975563049316406 5 -21.949419021606445
v 24.975563049316406 5 -20.773820877075195
v 25.767011642456055 5 -20.773820877075195
v 25.767011642456055 5 -19.934385299682617
v 25.767011642456055 5 -17.368026733398438
v 23.097377777099609 5 -17.368026733398438
v 23.097377777099609 5 -15.628352165222168
v 24.203662872314453 5 -15.628352165222168
v 24.203662872314453 5 -8.5337905883789062
v 24.203662872314453 5 -7.9880547523498535
v 20.797868728637695 5 -7.9880547523498535
v 20.797868728637695 5 -8.8227462768554688
v 3.6829104423522949 5 -8.8227462768554688
v 0.32825788855552673 5 -8.8227462768554688
v 0.32825788855552673 5 -6.056002140045166
v 5.5306053161621094 5 -6.056002140045166
v 5.5306053161621094 5 -1.9837274551391602
v 10.548093795776367 5 -1.9837274551391602
v 10.548093795776367 5 -5.2193055152893066
v 15.217164039611816 5 -5.2193055152893066
v 15.217164039611816 5 -1.9837274551391602
v 20.804651260375977 5 -1.9837274551391602
v 20.804651260375977 5 -5.169804573059082
v 27.515176773071289 5 -5.169804573059082
v 27.515176773071289 5 -1.9837274551391602
v 33.091537475585938 5 -1.9837274551391602
v 33.091537475585938 5 -5.9024887084960938
v 37.695034027099609 5 -5.9024887084960938
v 37.687397003173828 5 -1.9837274551391602
v 42.936145782470703 5 -1.9837274551391602
v 42.936145782470703 5 -5.1241841316223145
v 50.684242248535156 5 -5.1241841316223145
v 50.684242248535156 5 -6.9240264892578125
v 46.716617584228516 5 -6.9240264892578125
v 46.716617584228516 5 -7.8992199897766113
v 46.716617584228516 5 -12.675834655761719
v 50.684242248535156 5 -12.675834655761719
v 50.765457153320312 5 -18.113183975219727
v 48.282569885253906 5 -18.113183975219727
v 48.282569885253906 5 -22.280437469482422
v 50.765457153320312 5 -22.280437469482422
v 50.765457153320312 5 -30.909019470214844
v 49.020038604736328 5 -30.909019470214844
v 24.742969512939453 5 -30.909019470214844
v 24.742969512939453 5 -28.901161193847656
v 37.705291748046875 5 -8.5337905883789062
v 27.589242935180664 5 -8.5337905883789062
v 37.70281982421875 5 -7.8992199897766113
v 41.171371459960938 5 -7.8992199897766113
v 41.171371459960938 5 -14.699079513549805
v 40.069190979003906 5 -14.699079513549805
v 40.069190979003906 5 -17.048025131225586
v 40.357303619384766 5 -17.048025131225586
v 40.357303619384766 5 -19.618247985839844
v 33.869361877441406 5 -19.618247985839844
v 33.869361877441406 5 -19.2728271484375
v 31.77104377746582 5 -19.2728271484375
v 31.77104377746582 5 -19.934385299682617
v 29.188344955444336 5 -19.934385299682617
v 29.188344955444336 5 -11.151299476623535
v 27.589242935180664 5 -11.151299476623535
v 26.046901702880859 5 -29.720056533813477
v 43.164661407470703 5 -29.717864990234375
v 43.164661407470703 5 -28.431219100952148
v 43.878303527832031 5 -28.431219100952148
v 43.878303527832031 5 -30.372468948364258
v 49.293239593505859 5 -30.372468948364258
v 49.293239593505859 5 -27.665000915527344
v 46.252536773681641 5 -27.665000915527344
v 46.252536773681641 5 -26.106374740600586
v 47.457813262939453 5 -26.106374740600586
v 47.457813262939453 5 -15.58842658996582
v 46.989818572998047 5 -15.58842658996582
v 44.338611602783203 5 -15.58842658996582
v 44.338611602783203 5 -20.437274932861328
v 44.338611602783203 5 -24.219533920288086
v 43.164661407470703 5 -24.219533920288086
v 43.164661407470703 5 -25.215545654296875
v 26.046901702880859 5 -25.215545654296875
v 26.046901702880859 5 -26.034572601318359
v 26.046901702880859 0 -29.720056533813477
v 43.164661407470703 0 -29.717864990234375
v 26.046901702880859 5 -29.720056533813477
v 43.164661407470703 5 -29.717864990234375
v 43.164661407470703 0 -29.717864990234375
v 43.164661407470703 0 -28.431219100952148
v 43.164661407470703 5 -29.717864990234375
v 43.164661407470703 5 -28.431219100952148
v 43.164661407470703 0 -28.431219100952148
v 43.878303527832031 0 -28.431219100952148
v 43.164661407470703 5 -28.431219100952148
v 43.878303527832031 5 -28.431219100952148
v 43.878303527832031 0 -28.431219100952148
v 43.878303527832031 0 -30.372468948364258
v 43.878303527832031 5 -28.431219100952148
v 43.878303527832031 5 -30.372468948364258
v 43.878303527832031 0 -30.372468948364258
v 49.293239593505859 0 -30.372468948364258
v 43.878303527832031 5 -30.372468948364258
v 49.293239593505859 5 -30.372468948364258
v 49.293239593505859 0 -30.372468948364258
v 49.293239593505859 0 -27.665000915527344
v 49.293239593505859 5 -30.372468948364258
v 49.293239593505859 5 -27.665000915527344
v 49.293239593505859 0 -27.665000915527344
v 46.252536773681641 0 -27.665000915527344
v 49.293239593505859 5 -27.665000915527344
v 46.252536773681641 5 -27.665000915527344
v 46.252536773681641 0 -27.665000915527344
v 46.252536773681641 0 -26.106374740600586
v 46.252536773681641 5 -27.665000915527344
v 46.252536773681641 5 -26.106374740600586
v 46.252536773681641 0 -26.106374740600586
v 47.457813262939453 0 -26.106374740600586
v 46.252536773681641 5 -26.106374740600586
v 47.457813262939453 5 -26.106374740600586
v 47.457813262939453 0 -26.106374740600586
v 47.457813262939453 0 -15.58842658996582
v 47.457813262939453 5 -26.106374740600586
v 47.457813262939453 5 -15.58842658996582
v 47.457813262939453 0 -15.58842658996582
v 46.989818572998047 0 -15.58842658996582
v 47.457813262939453 5 -15.58842658996582
v 46.989818572998047 5 -15.58842658996582
v 46.989818572998047 0 -15.58842658996582
v 44.338611602783203 0 -15.58842658996582
v 46.989818572998047 5 -15.58842658996582
v 44.338611602783203 5 -15.58842658996582
v 44.338611602783203 0 -15.58842658996582
v 44.338611602783203 0 -20.437274932861328
v 44.338611602783203 5 -15.58842658996582
v 44.338611602783203 5 -20.437274932861328
v 44.338611602783203 0 -20.437274932861328
v 44.338611602783203 0 -24.219533920288086
v 44.338611602783203 5 -20.437274932861328
v 44.338611602783203 5 -24.219533920288086
v 44.338611602783203 0 -24.219533920288086
v 43.164661407470703 0 -24.219533920288086
v 44.338611602783203 5 -24.219533920288086
v 43.164661407470703 5 -24.219533920288086
v 43.164661407470703 0 -24.219533920288086
v 43.164661407470703 0 -25.215545654296875
v 43.164661407470703 5 -24.219533920288086
v 43.164661407470703 5 -25.215545654296875
v 43.164661407470703 0 -25.215545654296875
v 26.046901702880859 0 -25.215545654296875
v 43.164661407470703 5 -25.215545654296875
v 26.046901702880859 5 -25.215545654296875
v 26.046901702880859 0 -25.215545654296875
v 26.046901702880859 0 -26.034572601318359
v 26.046901702880859 5 -25.215545654296875
v 26.046901702880859 5 -26.034572601318359
v 26.046901702880859 0 -26.034572601318359
v 26.046901702880859 0 -29.720056533813477
v 26.046901702880859 5 -26.034572601318359
v 26.046901702880859 5 -29.720056533813477
vt 0.71991217136383057 0.2957206666469574
vt 0.71991217136383057 0.25307372212409973
vt 0.67635709047317505 0.25307372212409973
vt 0.67635709047317505 0.24141626060009003
vt 0.71991217136383057 0.24141626060009003
vt 0.71991217136383057 0.20168372988700867
vt 0.70475673675537109 0.20168372988700867
vt 0.70475673675537109 0.007451280951499939
vt 0.71991217136383057 0.007451280951499939
vt 0.71991217136383057 0.18398417532444
vt 0.75850987434387207 0.18398417532444
vt 0.75850987434387207 0.29848089814186096
vt 0.77240264415740967 0.29848089814186096
vt 0.77240264415740967 0.3078731894493103
vt 0.78232270479202271 0.3078731894493103
vt 0.81265091896057129 0.3078731894493103
vt 0.81265091896057129 0.27619203925132751
vt 0.83320963382720947 0.27619203925132751
vt 0.83320963382720947 0.28932055830955505
vt 0.91705024242401123 0.28932055830955505
vt 0.92349952459335327 0.28932055830955505
vt 0.92349952459335327 0.24890320003032684
vt 0.9136354923248291 0.24890320003032684
vt 0.9136354923248291 0.045795958489179611
vt 0.9136354923248291 0.0059855016879737377
vt 0.94633173942565918 0.0059855016879737377
vt 0.94633173942565918 0.067722983658313751
vt 0.99445617198944092 0.067722983658313751
vt 0.99445617198944092 0.12726670503616333
vt 0.95621949434280396 0.12726670503616333
vt 0.95621949434280396 0.18267567455768585
vt 0.99445617198944092 0.18267567455768585
vt 0.99445617198944092 0.2489837110042572
vt 0.95680445432662964 0.2489837110042572
vt 0.95680445432662964 0.3286190927028656
vt 0.99445617198944092 0.3286190927028656
vt 0.99445617198944092 0.39479508996009827
vt 0.94814592599868774 0.39479508996009827
vt 0.94814592599868774 0.44942587614059448
vt 0.99445617198944092 0.4493352472782135
vt 0.99445617198944092 0.51162338256835938
vt 0.95734357833862305 0.51162338256835938
vt 0.95734357833862305 0.60357189178466797
vt 0.93607378005981445 0.60357189178466797
vt 0.93607378005981445 0.55648714303970337
vt 0.92454934120178223 0.55648714303970337
vt 0.86810129880905151 0.55648714303970337
vt 0.86810129880905151 0.60357189178466797
vt 0.80384492874145508 0.60453563928604126
vt 0.80384492874145508 0.57507067918777466
vt 0.75459808111190796 0.57507067918777466
vt 0.75459808111190796 0.60453563928604126
vt 0.65262901782989502 0.60453563928604126
vt 0.65262901782989502 0.58382236957550049
vt 0.65262901782989502 0.2957206666469574
vt 0.67635709047317505 0.2957206666469574
vt 0.91705024242401123 0.44954761862754822
vt 0.91705024242401123 0.3294980525970459
vt 0.92454934120178223 0.49068036675453186
vt 0.92454934120178223 0.44951823353767395
vt 0.84419143199920654 0.49068036675453186
vt 0.84419143199920654 0.47760054469108582
vt 0.81643253564834595 0.47760054469108582
vt 0.81643253564834595 0.48101961612701416
vt 0.78605872392654419 0.48101961612701416
vt 0.78605872392654419 0.40402573347091675
vt 0.79014074802398682 0.40402573347091675
vt 0.79014074802398682 0.37912446260452271
vt 0.78232270479202271 0.37912446260452271
vt 0.78232270479202271 0.34847494959831238
vt 0.88611763715744019 0.34847494959831238
vt 0.88611763715744019 0.3294980525970459
vt 0.6666797399520874 0.31119474768638611
vt 0.66670560836791992 0.51433521509170532
vt 0.68191063404083252 0.51433521509170532
vt 0.68191063404083252 0.52280420064926147
vt 0.65896975994110107 0.52280420064926147
vt 0.65896975994110107 0.58706450462341309
vt 0.69096553325653076 0.58706450462341309
vt 0.69096553325653076 0.55097979307174683
vt 0.70938467979431152 0.55097979307174683
vt 0.70938467979431152 0.56528306007385254
vt 0.83368146419525146 0.56528306007385254
vt 0.83368146419525146 0.55972927808761597
vt 0.83368146419525146 0.5282667875289917
vt 0.77637976408004761 0.5282667875289917
vt 0.73168259859085083 0.5282667875289917
vt 0.73168259859085083 0.51433521509170532
vt 0.71991217136383057 0.51433521509170532
vt 0.71991217136383057 0.31119474768638611
vt 0.71023321151733398 0.31119474768638611
vt 0.40575674176216125 0
vt 0.40575674176216125 0.042646914720535278
vt 0.46509289741516113 0
vt 0.46509289741516113 0.042646914720535278
vt 0.40575674176216125 0.092141695320606232
vt 0.40575674176216125 0.1358797699213028
vt 0.46509289741516113 0.092141695320606232
vt 0.46509289741516113 0.1358797699213028
vt 0.56805944442749023 0.139033243060112
vt 0.56805944442749023 0.1492258608341217
vt 0.6273956298828125 0.139033243060112
vt 0.6273956298828125 0.1492258608341217
vt 0.32460537552833557 0.13924001157283783
vt 0.32460537552833557 0.18297809362411499
vt 0.38394156098365784 0.13924001157283783
vt 0.38394156098365784 0.18297809362411499
vt 0.081151343882083893 0.28118520975112915
vt 0.081151343882083893 0.3209177553653717
vt 0.14048752188682556 0.28118520975112915
vt 0.14048752188682556 0.3209177553653717
vt 0 0.13238264620304108
vt 0 0.14760173857212067
vt 0.059336181730031967 0.13238264620304108
vt 0.059336181730031967 0.14760173857212067
vt 0.32460537552833557 0.18633835017681122
vt 0.32460537552833557 0.38057079911231995
vt 0.38394156098365784 0.18633835017681122
vt 0.38394156098365784 0.38057079911231995
vt 0.15431056916713715 0
vt 0.13909147679805756 0
vt 0.15431056916713715 0.059336181730031967
vt 0.13909147679805756 0.059336181730031967
vt 0.17653289437294006 0.75995910167694092
vt 0 0.75995910167694092
vt 0.17653289437294006 0.81929528713226318
vt 0 0.81929528713226318
vt 0 0.33507761359214783
vt 0 0.37383750081062317
vt 0.059336181730031967 0.33507761359214783
vt 0.059336181730031967 0.37383750081062317
vt 0.22388030588626862 0.38947883248329163
vt 0.22388030588626862 0.50397557020187378
vt 0.28321650624275208 0.38947883248329163
vt 0.28321650624275208 0.50397557020187378
vt 0.065012641251087189 0
vt 0.051061537116765976 0
vt 0.065012641251087189 0.059336181730031967
vt 0.051061537116765976 0.059336181730031967
vt 0.16230268776416779 0.163945272564888
vt 0.16230268776416779 0.17333756387233734
vt 0.22163887321949005 0.163945272564888
vt 0.22163887321949005 0.17333756387233734
vt 0.40575674176216125 0.13879531621932983
vt 0.40575674176216125 0.14795629680156708
vt 0.46509289741516113 0.13879531621932983
vt 0.46509289741516113 0.14795629680156708
vt 0 0.087380245327949524
vt 0 0.11783583462238312
vt 0.059336181730031967 0.087380245327949524
vt 0.059336181730031967 0.11783583462238312
vt 0.24345403909683228 0
vt 0.24345403909683228 0.03168116882443428
vt 0.30279022455215454 0
vt 0.30279022455215454 0.03168116882443428
vt 0.24345403909683228 0.20281948149204254
vt 0.24345403909683228 0.22346460819244385
vt 0.30279022455215454 0.20281948149204254
vt 0.30279022455215454 0.22346460819244385
vt 0.074339203536510468 0.57366538047790527
vt 0.074339203536510468 0.58679389953613281
vt 0.13367538154125214 0.57366538047790527
vt 0.13367538154125214 0.58679389953613281
vt 0.32460537552833557 0
vt 0.32460537552833557 0.084192842245101929
vt 0.38394156098365784 0
vt 0.38394156098365784 0.084192842245101929
vt 0.02641306072473526 0
vt 0.019936688244342804 0
vt 0.02641306072473526 0.059336181730031967
vt 0.019936688244342804 0.059336181730031967
vt 0.24345403909683228 0.22952555119991302
vt 0.24345403909683228 0.26994290947914124
vt 0.30279022455215454 0.22952555119991302
vt 0.30279022455215454 0.26994290947914124
vt 0.24345403909683228 0.19000598788261414
vt 0.24345403909683228 0.1999114602804184
vt 0.30279022455215454 0.19000598788261414
vt 0.30279022455215454 0.1999114602804184
vt 0.40575674176216125 0.18633835017681122
vt 0.40575674176216125 0.38801398873329163
vt 0.46509289741516113 0.18633835017681122
vt 0.46509289741516113 0.38801398873329163
vt 0.081151343882083893 0.33527898788452148
vt 0.081151343882083893 0.37508943676948547
vt 0.14048752188682556 0.33527898788452148
vt 0.14048752188682556 0.37508943676948547
vt 0.16230268776416779 0.082544863224029541
vt 0.16230268776416779 0.11537846922874451
vt 0.22163887321949005 0.082544863224029541
vt 0.22163887321949005 0.11537846922874451
vt 0.060272641479969025 0.91750633716583252
vt 0 0.91750633716583252
vt 0.060272641479969025 0.97684252262115479
vt 0 0.97684252262115479
vt 0 0.38947883248329163
vt 0 0.43780550360679626
vt 0.059336181730031967 0.38947883248329163
vt 0.059336181730031967 0.43780550360679626
vt 0.059543721377849579 0.83501273393630981
vt 0 0.83501273393630981
vt 0.059543721377849579 0.89434891939163208
vt 0 0.89434891939163208
vt 0.081151343882083893 0.2289091944694519
vt 0.081151343882083893 0.26730656623840332
vt 0.14048752188682556 0.2289091944694519
vt 0.14048752188682556 0.26730656623840332
vt 0.14867840707302094 0.38947883248329163
vt 0.14867840707302094 0.44488781690597534
vt 0.2080145925283432 0.38947883248329163
vt 0.2080145925283432 0.44488781690597534
vt 0 0.28118520975112915
vt 0 0.31958258152008057
vt 0.059336181730031967 0.28118520975112915
vt 0.059336181730031967 0.31958258152008057
vt 0 0.66257041692733765
vt 0 0.7288784384727478
vt 0.059336181730031967 0.66257041692733765
vt 0.059336181730031967 0.7288784384727478
vt 0 0.22907724976539612
vt 0 0.26688718795776367
vt 0.059336181730031967 0.22907724976539612
vt 0.059336181730031967 0.26688718795776367
vt 0.16230268776416779 0.17743295431137085
vt 0.16230268776416779 0.25706833600997925
vt 0.22163887321949005 0.17743295431137085
vt 0.22163887321949005 0.25706833600997925
vt 0.081151343882083893 0.17743295431137085
vt 0.081151343882083893 0.21524287760257721
vt 0.14048752188682556 0.17743295431137085
vt 0.14048752188682556 0.21524287760257721
vt 0.18040984869003296 0.91629481315612793
vt 0.18040984869003296 0.98247075080871582
vt 0.23828119039535522 0.91629481315612793
vt 0.23828119039535522 0.98247075080871582
vt 0.48690807819366455 0.045159351080656052
vt 0.48690807819366455 0.090483658015727997
vt 0.54624426364898682 0.045159351080656052
vt 0.54624426364898682 0.090483658015727997
vt 0.074339203536510468 0.59089094400405884
vt 0.074339203536510468 0.64552175998687744
vt 0.13367538154125214 0.59089094400405884
vt 0.13367538154125214 0.64552175998687744
vt 0.48690807819366455 0.091948501765727997
vt 0.48690807819366455 0.13738620281219482
vt 0.54624426364898682 0.091948501765727997
vt 0.54624426364898682 0.13738620281219482
vt 0.12107366323471069 0.83501273393630981
vt 0.12107366323471069 0.89730089902877808
vt 0.17894500494003296 0.83501273393630981
vt 0.17894500494003296 0.89730089902877808
vt 0.24345403909683228 0.12922321259975433
vt 0.24345403909683228 0.16649176180362701
vt 0.30279022455215454 0.12922321259975433
vt 0.30279022455215454 0.16649176180362701
vt 0.56805944442749023 0
vt 0.56805944442749023 0.090483658015727997
vt 0.6273956298828125 0
vt 0.6273956298828125 0.090483658015727997
vt 0.24345403909683228 0.36184912919998169
vt 0.24345403909683228 0.38320827484130859
vt 0.30279022455215454 0.36184912919998169
vt 0.30279022455215454 0.38320827484130859
vt 0.56805944442749023 0.091948501765727997
vt 0.56805944442749023 0.137568399310112
vt 0.6273956298828125 0.091948501765727997
vt 0.6273956298828125 0.137568399310112
vt 0.40575674176216125 0.14942114055156708
vt 0.40575674176216125 0.16030058264732361
vt 0.46509289741516113 0.14942114055156708
vt 0.46509289741516113 0.16030058264732361
vt 0.14867840707302094 0.45576569437980652
vt 0.14867840707302094 0.5124509334564209
vt 0.2080145925283432 0.45576569437980652
vt 0.2080145925283432 0.5124509334564209
vt 0.48690807819366455 0.13885104656219482
vt 0.48690807819366455 0.18487350642681122
vt 0.54624426364898682 0.13885104656219482
vt 0.54624426364898682 0.18487350642681122
vt 0.12107366323471069 0.91629481315612793
vt 0.12107366323471069 0.98082834482192993
vt 0.17894500494003296 0.91629481315612793
vt 0.17894500494003296 0.98082834482192993
vt 0.10180386900901794 0
vt 0.072338894009590149 0
vt 0.10180386900901794 0.059336181730031967
vt 0.072338894009590149 0.059336181730031967
vt 0 0.45588082075119019
vt 0 0.50533461570739746
vt 0.059336181730031967 0.45588082075119019
vt 0.059336181730031967 0.50533461570739746
vt 0.21463777124881744 0.52357935905456543
vt 0.18517279624938965 0.52357935905456543
vt 0.21463777124881744 0.5829155445098877
vt 0.18517279624938965 0.5829155445098877
vt 0.074339203536510468 0.38947883248329163
vt 0.074339203536510468 0.4918762743473053
vt 0.13367538154125214 0.38947883248329163
vt 0.13367538154125214 0.4918762743473053
vt 0.24345403909683228 0.3350549042224884
vt 0.24345403909683228 0.35576820373535156
vt 0.30279022455215454 0.3350549042224884
vt 0.30279022455215454 0.35576820373535156
vt 0.23974603414535522 0.66257041692733765
vt 0.23974603414535522 0.95067214965820312
vt 0.29761737585067749 0.66257041692733765
vt 0.29761737585067749 0.95067214965820312
vt 0.56805944442749023 0.16251061856746674
vt 0.56805944442749023 0.18487350642681122
vt 0.6273956298828125 0.16251061856746674
vt 0.6273956298828125 0.18487350642681122
vt 0.32460537552833557 0.092141695320606232
vt 0.32460537552833557 0.1358797699213028
vt 0.38394156098365784 0.092141695320606232
vt 0.38394156098365784 0.1358797699213028
vt 0.26872795820236206 0.59307485818862915
vt 0.14867840707302094 0.59307485818862915
vt 0.26872795820236206 0.65241104364395142
vt 0.14867840707302094 0.65241104364395142
vt 0.16230268776416779 0.1296951025724411
vt 0.16230268776416779 0.13722576200962067
vt 0.22163887321949005 0.1296951025724411
vt 0.22163887321949005 0.13722576200962067
vt 0.24345403909683228 0.2818085253238678
vt 0.24345403909683228 0.32297065854072571
vt 0.30279022455215454 0.2818085253238678
vt 0.30279022455215454 0.32297065854072571
vt 0.16230268776416779 0.2818085253238678
vt 0.16230268776416779 0.36250406503677368
vt 0.22163887321949005 0.2818085253238678
vt 0.22163887321949005 0.36250406503677368
vt 0.074339203536510468 0.55650371313095093
vt 0.074339203536510468 0.56958353519439697
vt 0.13367538154125214 0.55650371313095093
vt 0.13367538154125214 0.56958353519439697
vt 0.17655390501022339 0.52357935905456543
vt 0.14867840707302094 0.52357935905456543
vt 0.17655390501022339 0.5829155445098877
vt 0.14867840707302094 0.5829155445098877
vt 0.0034190798178315163 0
vt 0 0
vt 0.0034190798178315163 0.059336181730031967
vt 0 0.059336181730031967
vt 0.081151343882083893 0.087380245327949524
vt 0.081151343882083893 0.11788168549537659
vt 0.14048752188682556 0.087380245327949524
vt 0.14048752188682556 0.11788168549537659
vt 0.11987301707267761 0.66257041692733765
vt 0.11987301707267761 0.73956429958343506
vt 0.17920920252799988 0.66257041692733765
vt 0.17920920252799988 0.73956429958343506
vt 0.0093137538060545921 0
vt 0.0052145663648843765 0
vt 0.0093137538060545921 0.059336181730031967
vt 0.0052145663648843765 0.059336181730031967
vt 0.074339203536510468 0.52383148670196533
vt 0.074339203536510468 0.54873275756835938
vt 0.13367538154125214 0.52383148670196533
vt 0.13367538154125214 0.54873275756835938
vt 0.16230268776416779 0.14050939679145813
vt 0.16230268776416779 0.14836026728153229
vt 0.22163887321949005 0.14050939679145813
vt 0.22163887321949005 0.14836026728153229
vt 0.081151343882083893 0.1322975754737854
vt 0.081151343882083893 0.16294707357883453
vt 0.14048752188682556 0.1322975754737854
vt 0.14048752188682556 0.16294707357883453
vt 0 0.52383148670196533
vt 0 0.62806248664855957
vt 0.059336181730031967 0.52383148670196533
vt 0.059336181730031967 0.62806248664855957
vt 0 0.20292411744594574
vt 0 0.22190102934837341
vt 0.059336181730031967 0.20292411744594574
vt 0.059336181730031967 0.22190102934837341
vt 0.16230268776416779 0
vt 0.16230268776416779 0.031062601134181023
vt 0.22163887321949005 0
vt 0.22163887321949005 0.031062601134181023
vt 0.36978361010551453 0.68448996543884277
vt 0.36978361010551453 0.64194536209106445
vt 0.32622852921485901 0.64194536209106445
vt 0.32622852921485901 0.63031589984893799
vt 0.36978361010551453 0.63031589984893799
vt 0.36978361010551453 0.59067869186401367
vt 0.35462820529937744 0.59067869186401367
vt 0.35462820529937744 0.39691224694252014
vt 0.36978361010551453 0.39691224694252014
vt 0.36978361010551453 0.57302159070968628
vt 0.40838134288787842 0.57302159070968628
vt 0.40838134288787842 0.68724358081817627
vt 0.42227408289909363 0.68724358081817627
vt 0.42227408289909363 0.6966133713722229
vt 0.43219417333602905 0.6966133713722229
vt 0.46252235770225525 0.6966133713722229
vt 0.46252235770225525 0.66500818729400635
vt 0.48308110237121582 0.66500818729400635
vt 0.48308110237121582 0.67810523509979248
vt 0.56692171096801758 0.67810523509979248
vt 0.57337099313735962 0.67810523509979248
vt 0.57337099313735962 0.63778483867645264
vt 0.56350696086883545 0.63778483867645264
vt 0.56350696086883545 0.4351649284362793
vt 0.56350696086883545 0.39544999599456787
vt 0.59620320796966553 0.39544999599456787
vt 0.59620320796966553 0.45703935623168945
vt 0.64432764053344727 0.45703935623168945
vt 0.64432764053344727 0.51644021272659302
vt 0.60609090328216553 0.51644021272659302
vt 0.60609090328216553 0.57171624898910522
vt 0.64432764053344727 0.57171624898910522
vt 0.64432764053344727 0.63786518573760986
vt 0.60667592287063599 0.63786518573760986
vt 0.60667592287063599 0.71730947494506836
vt 0.64432764053344727 0.71730947494506836
vt 0.64432764053344727 0.78332668542861938
vt 0.59801733493804932 0.78332668542861938
vt 0.59801733493804932 0.8378264307975769
vt 0.64432764053344727 0.83773595094680786
vt 0.64432764053344727 0.89987468719482422
vt 0.60721504688262939 0.89987468719482422
vt 0.60721504688262939 0.99160254001617432
vt 0.5859452486038208 0.99160254001617432
vt 0.5859452486038208 0.94463080167770386
vt 0.57442080974578857 0.94463080167770386
vt 0.51797276735305786 0.94463080167770386
vt 0.51797276735305786 0.99160254001617432
vt 0.45371639728546143 0.99256402254104614
vt 0.45371639728546143 0.96316969394683838
vt 0.40446951985359192 0.96316969394683838
vt 0.40446951985359192 0.99256402254104614
vt 0.30250048637390137 0.99256402254104614
vt 0.30250048637390137 0.97190040349960327
vt 0.30250048637390137 0.68448996543884277
vt 0.32622852921485901 0.68448996543884277
vt 0.56692171096801758 0.83794784545898438
vt 0.56692171096801758 0.71818631887435913
vt 0.57442080974578857 0.83791851997375488
vt 0.57442080974578857 0.87898194789886475
vt 0.4940628707408905 0.87898194789886475
vt 0.4940628707408905 0.86593347787857056
vt 0.46630400419235229 0.86593347787857056
vt 0.46630400419235229 0.86934435367584229
vt 0.43593016266822815 0.86934435367584229
vt 0.43593016266822815 0.79253518581390381
vt 0.44001221656799316 0.79253518581390381
vt 0.44001221656799316 0.76769363880157471
vt 0.43219417333602905 0.76769363880157471
vt 0.43219417333602905 0.7371177077293396
vt 0.53598904609680176 0.7371177077293396
vt 0.53598904609680176 0.71818631887435913
vt 0.31655117869377136 0.69992691278457642
vt 0.31657707691192627 0.90258002281188965
vt 0.33178210258483887 0.90258002281188965
vt 0.33178210258483887 0.91102868318557739
vt 0.30884122848510742 0.91102868318557739
vt 0.30884122848510742 0.97513478994369507
vt 0.34083697199821472 0.97513478994369507
vt 0.34083697199821472 0.93913662433624268
vt 0.35925614833831787 0.93913662433624268
vt 0.35925614833831787 0.95340561866760254
vt 0.48355293273925781 0.95340561866760254
vt 0.48355293273925781 0.94786512851715088
vt 0.48355293273925781 0.91647815704345703
vt 0.42625123262405396 0.91647815704345703
vt 0.38155406713485718 0.91647815704345703
vt 0.38155406713485718 0.90258002281188965
vt 0.36978361010551453 0.90258002281188965
vt 0.36978361010551453 0.69992691278457642
vt 0.36010468006134033 0.69992691278457642
vt 0.56805944442749023 0.18633835017681122
vt 0.56805944442749023 0.38801398873329163
vt 0.6273956298828125 0.18633835017681122
vt 0.6273956298828125 0.38801398873329163
vt 0 0.15487098693847656
vt 0 0.17013990879058838
vt 0.059336181730031967 0.15487098693847656
vt 0.059336181730031967 0.17013990879058838
vt 0.16230268776416779 0.1517835259437561
vt 0.16230268776416779 0.16025249660015106
vt 0.22163887321949005 0.1517835259437561
vt 0.22163887321949005 0.16025249660015106
vt 0.40575674176216125 0.16176542639732361
vt 0.40575674176216125 0.18480269610881805
vt 0.46509289741516113 0.16176542639732361
vt 0.46509289741516113 0.18480269610881805
vt 0.18040984869003296 0.83501273393630981
vt 0.18040984869003296 0.89927303791046143
vt 0.23828119039535522 0.83501273393630981
vt 0.23828119039535522 0.89927303791046143
vt 0.24345403909683228 0.040982034057378769
vt 0.24345403909683228 0.073112189769744873
vt 0.30279022455215454 0.040982034057378769
vt 0.30279022455215454 0.073112189769744873
vt 0.24345403909683228 0.082544863224029541
vt 0.24345403909683228 0.1186295747756958
vt 0.30279022455215454 0.082544863224029541
vt 0.30279022455215454 0.1186295747756958
vt 0 0.17743295431137085
vt 0 0.19592954218387604
vt 0.059336181730031967 0.17743295431137085
vt 0.059336181730031967 0.19592954218387604
vt 0.13158030807971954 0
vt 0.11727703362703323 0
vt 0.13158030807971954 0.059336181730031967
vt 0.11727703362703323 0.059336181730031967
vt 0.061737485229969025 0.83501273393630981
vt 0.061737485229969025 0.95983171463012695
vt 0.11960881948471069 0.83501273393630981
vt 0.11960881948471069 0.95983171463012695
vt 0.017020182684063911 0
vt 0.011466390453279018 0
vt 0.017020182684063911 0.059336181730031967
vt 0.011466390453279018 0.059336181730031967
vt 0.16230268776416779 0.041008453816175461
vt 0.16230268776416779 0.072470963001251221
vt 0.22163887321949005 0.041008453816175461
vt 0.22163887321949005 0.072470963001251221
vt 0.28129053115844727 0.52357935905456543
vt 0.22374811768531799 0.52357935905456543
vt 0.28129053115844727 0.5829155445098877
vt 0.22374811768531799 0.5829155445098877
vt 0.48690807819366455 0
vt 0.48690807819366455 0.043694507330656052
vt 0.54624426364898682 0
vt 0.54624426364898682 0.043694507330656052
vt 0.043745569884777069 0
vt 0.029814045876264572 0
vt 0.043745569884777069 0.059336181730031967
vt 0.029814045876264572 0.059336181730031967
vt 0.56805944442749023 0.1506907045841217
vt 0.56805944442749023 0.16104577481746674
vt 0.6273956298828125 0.1506907045841217
vt 0.6273956298828125 0.16104577481746674
vt 0.48690807819366455 0.18633835017681122
vt 0.48690807819366455 0.38801398873329163
vt 0.54624426364898682 0.18633835017681122
vt 0.54624426364898682 0.38801398873329163
vt 0.24345403909683228 0.17743295431137085
vt 0.24345403909683228 0.18715253472328186
vt 0.30279022455215454 0.17743295431137085
vt 0.30279022455215454 0.18715253472328186
vt 0.40575674176216125 0.045489732176065445
vt 0.40575674176216125 0.089226238429546356
vt 0.46509289741516113 0.045489732176065445
vt 0.46509289741516113 0.089226238429546356
vn 0 -1 0
vn 0 -1 0
vn 0 -1 0
vn 0 -1 0
vn 0 -1 0
vn 0 -1 0
vn 0 -1 0
vn 0 -1 0
vn 0 -1 0
vn 0 -1 0
vn 0 -1 0
vn 0 -1 0
vn 0 -1 0
vn 0 -1 0
vn 0 -1 0
vn 0 -1 0
vn 0 -1 0
vn 0 -1 0
vn 0 -1 0
vn 0 -1 0
vn 0 -1 0
vn 0 -1 0
vn 0 -1 0
vn 0 -1 0
vn 0 -1 0
vn 0 -1 0
vn 0 -1 0
vn 0 -1 0
vn 0 -1 0
vn 0 -1 0
vn 0 -1 0
vn 0 -1 0
vn 0 -1 0
vn 0 -1 0
vn 0 -1 0
vn 0 -1 0
vn 0 -1 0
vn 0 -1 0
vn 0 -1 0
vn 0 -1 0
vn 0 -1 0
vn 0 -1 0
vn 0 -1 0
vn 0 -1 0
vn 0 -1 0
vn 0 -1 0
vn 0 -1 0
vn 0 -1 0
vn 0 -1 0
vn 0 -1 0
vn 0 -1 0
vn 0 -1 0
vn 0 -1 0
vn 0 -1 0
vn 0 -1 0
vn 0 -1 0
vn 0 -1 0
vn 0 -1 0
vn 0 -1 0
vn 0 -1 0
vn 0 -1 0
vn 0 -1 0
vn 0 -1 0
vn 0 -1 0
vn 0 -1 0
vn 0 -1 0
vn 0 -1 0
vn 0 -1 0
vn 0 -1 0
vn 0 -1 0
vn 0 -1 0
vn 0 -1 0
vn 0 -1 0
vn 0 -1 0
vn 0 -1 0
vn 0 -1 0
vn 0 -1 0
vn 0 -1 0
vn 0 -1 0
vn 0 -1 0
vn 0 -1 0
vn 0 -1 0
vn 0 -1 0
vn 0 -1 0
vn 0 -1 0
vn 0 -1 0
vn 0 -1 0
vn 0 -1 0
vn 0 -1 0
vn 0 -1 0
vn 0 -1 0
vn 0 0 -1
vn 0 0 -1
vn 0 0 -1
vn 0 0 -1
vn 1 0 0
vn 1 0 0
vn 1 0 0
vn 1 0 0
vn 0 0 -1
vn 0 0 -1
vn 0 0 -1
vn 0 0 -1
vn -1 0 0
vn -1 0 0
vn -1 0 0
vn -1 0 0
vn 0 0 -1
vn 0 0 -1
vn 0 0 -1
vn 0 0 -1
vn 1 0 0
vn 1 0 0
vn 1 0 0
vn 1 0 0
vn 0 0 -1
vn 0 0 -1
vn 0 0 -1
vn 0 0 -1
vn -1 0 0
vn -1 0 0
vn -1 0 0
vn -1 0 0
vn 0 0 1
vn 0 0 1
vn 0 0 1
vn 0 0 1
vn -1 0 0
vn -1 0 0
vn -1 0 0
vn -1 0 0
vn 0 0 1
vn 0 0 1
vn 0 0 1
vn 0 0 1
vn -1 0 0
vn -1 0 0
vn -1 0 0
vn -1 0 0
vn 0 0 1
vn 0 0 1
vn 0 0 1
vn 0 0 1
vn -1 0 0
vn -1 0 0
vn -1 0 0
vn -1 0 0
vn -1 0 0
vn -1 0 0
vn -1 0 0
vn -1 0 0
vn 0 0 -1
vn 0 0 -1
vn 0 0 -1
vn 0 0 -1
vn -1 0 0
vn -1 0 0
vn -1 0 0
vn -1 0 0
vn 0 0 1
vn 0 0 1
vn 0 0 1
vn 0 0 1
vn -1 0 0
vn -1 0 0
vn -1 0 0
vn -1 0 0
vn -1 0 0
vn -1 0 0
vn -1 0 0
vn -1 0 0
vn 0 0 -1
vn 0 0 -1
vn 0 0 -1
vn 0 0 -1
vn 1 0 0
vn 1 0 0
vn 1 0 0
vn 1 0 0
vn 0 0 -1
vn 0 0 -1
vn 0 0 -1
vn 0 0 -1
vn 0 0 -1
vn 0 0 -1
vn 0 0 -1
vn 0 0 -1
vn -1 0 0
vn -1 0 0
vn -1 0 0
vn -1 0 0
vn 0 0 1
vn 0 0 1
vn 0 0 1
vn 0 0 1
vn -1 0 0
vn -1 0 0
vn -1 0 0
vn -1 0 0
vn 0 0 1
vn 0 0 1
vn 0 0 1
vn 0 0 1
vn 1 0 0
vn 1 0 0
vn 1 0 0
vn 1 0 0
vn 0 0 1
vn 0 0 1
vn 0 0 1
vn 0 0 1
vn -1 0 0
vn -1 0 0
vn -1 0 0
vn -1 0 0
vn 0 0 1
vn 0 0 1
vn 0 0 1
vn 0 0 1
vn 1 0 0
vn 1 0 0
vn 1 0 0
vn 1 0 0
vn 0 0 1
vn 0 0 1
vn 0 0 1
vn 0 0 1
vn -1 0 0
vn -1 0 0
vn -1 0 0
vn -1 0 0
vn 0 0 1
vn 0 0 1
vn 0 0 1
vn 0 0 1
vn 1 0 0
vn 1 0 0
vn 1 0 0
vn 1 0 0
vn 0 0 1
vn 0 0 1
vn 0 0 1
vn 0 0 1
vn -0.99999809265136719 0 -0.0019492388237267733
vn -0.99999809265136719 0 -0.0019492388237267733
vn -0.99999809265136719 0 -0.0019492388237267733
vn -0.99999809265136719 0 -0.0019492388237267733
vn 0 0 1
vn 0 0 1
vn 0 0 1
vn 0 0 1
vn 1 0 0
vn 1 0 0
vn 1 0 0
vn 1 0 0
vn 0 0 1
vn 0 0 1
vn 0 0 1
vn 0 0 1
vn 1 0 0
vn 1 0 0
vn 1 0 0
vn 1 0 0
vn 0 0 -1
vn 0 0 -1
vn 0 0 -1
vn 0 0 -1
vn 1 0 0
vn 1 0 0
vn 1 0 0
vn 1 0 0
vn 1 0 0
vn 1 0 0
vn 1 0 0
vn 1 0 0
vn 0 0 1
vn 0 0 1
vn 0 0 1
vn 0 0 1
vn 0.99988847970962524 0 0.014934430830180645
vn 0.99988847970962524 0 0.014934430830180645
vn 0.99988847970962524 0 0.014934430830180645
vn 0.99988847970962524 0 0.014934430830180645
vn 0 0 -1
vn 0 0 -1
vn 0 0 -1
vn 0 0 -1
vn 1 0 0
vn 1 0 0
vn 1 0 0
vn 1 0 0
vn 0 0 1
vn 0 0 1
vn 0 0 1
vn 0 0 1
vn 1 0 0
vn 1 0 0
vn 1 0 0
vn 1 0 0
vn 0 0 -1
vn 0 0 -1
vn 0 0 -1
vn 0 0 -1
vn 0 0 -1
vn 0 0 -1
vn 0 0 -1
vn 0 0 -1
vn -1 0 0
vn -1 0 0
vn -1 0 0
vn -1 0 0
vn -1 0 0
vn -1 0 0
vn -1 0 0
vn -1 0 0
vn 0 0 -1
vn 0 0 -1
vn 0 0 -1
vn 0 0 -1
vn 0.99999243021011353 0 0.0038984555285423994
vn 0.99999243021011353 0 0.0038984555285423994
vn 0.99999243021011353 0 0.0038984555285423994
vn 0.99999243021011353 0 0.0038984555285423994
vn 0 0 -1
vn 0 0 -1
vn 0 0 -1
vn 0 0 -1
vn -1 0 0
vn -1 0 0
vn -1 0 0
vn -1 0 0
vn 0 0 1
vn 0 0 1
vn 0 0 1
vn 0 0 1
vn -1 0 0
vn -1 0 0
vn -1 0 0
vn -1 0 0
vn 0 0 -1
vn 0 0 -1
vn 0 0 -1
vn 0 0 -1
vn -1 0 0
vn -1 0 0
vn -1 0 0
vn -1 0 0
vn 0 0 1
vn 0 0 1
vn 0 0 1
vn 0 0 1
vn 1 0 0
vn 1 0 0
vn 1 0 0
vn 1 0 0
vn 0 0 1
vn 0 0 1
vn 0 0 1
vn 0 0 1
vn -1 0 0
vn -1 0 0
vn -1 0 0
vn -1 0 0
vn 0 0 1
vn 0 0 1
vn 0 0 1
vn 0 0 1
vn 1 0 0
vn 1 0 0
vn 1 0 0
vn 1 0 0
vn 0 0 1
vn 0 0 1
vn 0 0 1
vn 0 0 1
vn 1 0 0
vn 1 0 0
vn 1 0 0
vn 1 0 0
vn 0 1 0
vn 0 1 0
vn 0 1 0
vn 0 1 0
vn 0 1 0
vn 0 1 0
vn 0 1 0
vn 0 1 0
vn 0 1 0
vn 0 1 0
vn 0 1 0
vn 0 1 0
vn 0 1 0
vn 0 1 0
vn 0 1 0
vn 0 1 0
vn 0 1 0
vn 0 1 0
vn 0 1 0
vn 0 1 0
vn 0 1 0
vn 0 1 0
vn 0 1 0
vn 0 1 0
vn 0 1 0
vn 0 1 0
vn 0 1 0
vn 0 1 0
vn 0 1 0
vn 0 1 0
vn 0 1 0
vn 0 1 0
vn 0 1 0
vn 0 1 0
vn 0 1 0
vn 0 1 0
vn 0 1 0
vn 0 1 0
vn 0 1 0
vn 0 1 0
vn 0 1 0
vn 0 1 0
vn 0 1 0
vn 0 1 0
vn 0 1 0
vn 0 1 0
vn 0 1 0
vn 0 1 0
vn 0 1 0
vn 0 1 0
vn 0 1 0
vn 0 1 0
vn 0 1 0
vn 0 1 0
vn 0 1 0
vn 0 1 0
vn 0 1 0
vn 0 1 0
vn 0 1 0
vn 0 1 0
vn 0 1 0
vn 0 1 0
vn 0 1 0
vn 0 1 0
vn 0 1 0
vn 0 1 0
vn 0 1 0
vn 0 1 0
vn 0 1 0
vn 0 1 0
vn 0 1 0
vn 0 1 0
vn 0 1 0
vn 0 1 0
vn 0 1 0
vn 0 1 0
vn 0 1 0
vn 0 1 0
vn 0 1 0
vn 0 1 0
vn 0 1 0
vn 0 1 0
vn 0 1 0
vn 0 1 0
vn 0 1 0
vn 0 1 0
vn 0 1 0
vn 0 1 0
vn 0 1 0
vn 0 1 0
vn 0 1 0
vn -0.00012807836174033582 0 1
vn -0.00012807836174033582 0 1
vn -0.00012807836174033582 0 1
vn -0.00012807836174033582 0 1
vn -1 0 0
vn -1 0 0
vn -1 0 0
vn -1 0 0
vn 0 0 1
vn 0 0 1
vn 0 0 1
vn 0 0 1
vn 1 0 0
vn 1 0 0
vn 1 0 0
vn 1 0 0
vn 0 0 1
vn 0 0 1
vn 0 0 1
vn 0 0 1
vn -1 0 0
vn -1 0 0
vn -1 0 0
vn -1 0 0
vn 0 0 -1
vn 0 0 -1
vn 0 0 -1
vn 0 0 -1
vn -1 0 0
vn -1 0 0
vn -1 0 0
vn -1 0 0
vn 0 0 1
vn 0 0 1
vn 0 0 1
vn 0 0 1
vn -1 0 0
vn -1 0 0
vn -1 0 0
vn -1 0 0
vn 0 0 -1
vn 0 0 -1
vn 0 0 -1
vn 0 0 -1
vn 0 0 -1
vn 0 0 -1
vn 0 0 -1
vn 0 0 -1
vn 1 0 0
vn 1 0 0
vn 1 0 0
vn 1 0 0
vn 1 0 0
vn 1 0 0
vn 1 0 0
vn 1 0 0
vn 0 0 -1
vn 0 0 -1
vn 0 0 -1
vn 0 0 -1
vn 1 0 0
vn 1 0 0
vn 1 0 0
vn 1 0 0
vn 0 0 -1
vn 0 0 -1
vn 0 0 -1
vn 0 0 -1
vn 1 0 0
vn 1 0 0
vn 1 0 0
vn 1 0 0
vn 1 0 0
vn 1 0 0
vn 1 0 0
vn 1 0 0
f 197/197/197 196/196/196 195/195/195 198/198/198
f 202/202/202 199/199/199 190/190/190
f 191/191/191 199/199/199 198/198/198
f 193/193/193 192/192/192 194/194/194
f 195/195/195 194/194/194 192/192/192
f 198/198/198 192/192/192 191/191/191
f 190/190/190 199/199/199 191/191/191
f 195/195/195 192/192/192 198/198/198
f 199/199/199 202/202/202 201/201/201 200/200/200
f 189/189/189 203/203/203 202/202/202
f 203/203/203 226/226/226 206/206/206
f 226/226/226 203/203/203 189/189/189
f 187/187/187 240/240/240 188/188/188
f 185/185/185 187/187/187 186/186/186
f 188/188/188 240/240/240 226/226/226
f 187/187/187 239/239/239 240/240/240
f 226/226/226 189/189/189 188/188/188
f 184/184/184 239/239/239 187/187/187
f 203/203/203 206/206/206 205/205/205 204/204/204
f 189/189/189 202/202/202 190/190/190
f 178/178/178 174/174/174 179/179/179
f 179/179/179 174/174/174 173/173/173
f 173/173/173 180/180/180 179/179/179
f 175/175/175 174/174/174 178/178/178
f 177/177/177 176/176/176 175/175/175 178/178/178
f 173/173/173 172/172/172 171/171/171 170/170/170
f 173/173/173 170/170/170 180/180/180
f 181/181/181 180/180/180 182/182/182
f 170/170/170 169/169/169 180/180/180
f 182/182/182 238/238/238 183/183/183
f 184/184/184 183/183/183 238/238/238
f 180/180/180 238/238/238 182/182/182
f 238/238/238 239/239/239 184/184/184
f 258/258/258 238/238/238 180/180/180
f 241/241/241 224/224/224 223/223/223
f 224/224/224 259/259/259 169/169/169
f 169/169/169 259/259/259 258/258/258
f 224/224/224 241/241/241 259/259/259
f 258/258/258 180/180/180 169/169/169
f 245/245/245 241/241/241 223/223/223
f 238/238/238 258/258/258 237/237/237
f 184/184/184 187/187/187 185/185/185
f 206/206/206 226/226/226 225/225/225
f 228/228/228 227/227/227 207/207/207
f 207/207/207 227/227/227 210/210/210
f 206/206/206 228/228/228 207/207/207
f 225/225/225 228/228/228 206/206/206
f 232/232/232 230/230/230 231/231/231
f 232/232/232 229/229/229 230/230/230
f 229/229/229 215/215/215 214/214/214 227/227/227
f 253/253/253 229/229/229 232/232/232
f 210/210/210 208/208/208 207/207/207
f 210/210/210 213/213/213 212/212/212 211/211/211
f 227/227/227 214/214/214 213/213/213
f 208/208/208 210/210/210 209/209/209
f 252/252/252 215/215/215 253/253/253
f 215/215/215 229/229/229 253/253/253
f 251/251/251 215/215/215 252/252/252
f 217/217/217 251/251/251 218/218/218
f 215/215/215 251/251/251 216/216/216
f 216/216/216 251/251/251 217/217/217
f 218/218/218 251/251/251 219/219/219
f 227/227/227 213/213/213 210/210/210
f 237/237/237 234/234/234 235/235/235 236/236/236
f 256/256/256 234/234/234 237/237/237
f 233/233/233 234/234/234 256/256/256
f 244/244/244 243/243/243 242/242/242 245/245/245
f 242/242/242 241/241/241 245/245/245
f 258/258/258 257/257/257 256/256/256
f 256/256/256 254/254/254 233/233/233
f 237/237/237 258/258/258 256/256/256
f 253/253/253 232/232/232 233/233/233 254/254/254
f 256/256/256 255/255/255 254/254/254
f 250/250/250 219/219/219 251/251/251
f 220/220/220 219/219/219 250/250/250
f 222/222/222 246/246/246 245/245/245
f 249/249/249 248/248/248 250/250/250
f 250/250/250 248/248/248 247/247/247
f 246/246/246 221/221/221 247/247/247
f 220/220/220 247/247/247 221/221/221
f 222/222/222 221/221/221 246/246/246
f 247/247/247 220/220/220 250/250/250
f 223/223/223 222/222/222 245/245/245
f 261/261/261 263/263/263 262/262/262 260/260/260
f 265/265/265 267/267/267 266/266/266 264/264/264
f 269/269/269 271/271/271 270/270/270 268/268/268
f 273/273/273 275/275/275 274/274/274 272/272/272
f 277/277/277 279/279/279 278/278/278 276/276/276
f 281/281/281 283/283/283 282/282/282 280/280/280
f 285/285/285 287/287/287 286/286/286 284/284/284
f 289/289/289 291/291/291 290/290/290 288/288/288
f 293/293/293 295/295/295 294/294/294 292/292/292
f 297/297/297 299/299/299 298/298/298 296/296/296
f 301/301/301 303/303/303 302/302/302 300/300/300
f 305/305/305 307/307/307 306/306/306 304/304/304
f 309/309/309 311/311/311 310/310/310 308/308/308
f 313/313/313 315/315/315 314/314/314 312/312/312
f 317/317/317 319/319/319 318/318/318 316/316/316
f 321/321/321 323/323/323 322/322/322 320/320/320
f 325/325/325 327/327/327 326/326/326 324/324/324
f 329/329/329 331/331/331 330/330/330 328/328/328
f 333/333/333 335/335/335 334/334/334 332/332/332
f 337/337/337 339/339/339 338/338/338 336/336/336
f 341/341/341 343/343/343 342/342/342 340/340/340
f 345/345/345 347/347/347 346/346/346 344/344/344
f 349/349/349 351/351/351 350/350/350 348/348/348
f 353/353/353 355/355/355 354/354/354 352/352/352
f 357/357/357 359/359/359 358/358/358 356/356/356
f 361/361/361 363/363/363 362/362/362 360/360/360
f 365/365/365 367/367/367 366/366/366 364/364/364
f 369/369/369 371/371/371 370/370/370 368/368/368
f 373/373/373 375/375/375 374/374/374 372/372/372
f 377/377/377 379/379/379 378/378/378 376/376/376
f 381/381/381 383/383/383 382/382/382 380/380/380
f 385/385/385 387/387/387 386/386/386 384/384/384
f 389/389/389 391/391/391 390/390/390 388/388/388
f 393/393/393 395/395/395 394/394/394 392/392/392
f 397/397/397 399/399/399 398/398/398 396/396/396
f 401/401/401 403/403/403 402/402/402 400/400/400
f 405/405/405 407/407/407 406/406/406 404/404/404
f 409/409/409 411/411/411 410/410/410 408/408/408
f 413/413/413 415/415/415 414/414/414 412/412/412
f 417/417/417 419/419/419 418/418/418 416/416/416
f 421/421/421 423/423/423 422/422/422 420/420/420
f 425/425/425 427/427/427 426/426/426 424/424/424
f 429/429/429 431/431/431 430/430/430 428/428/428
f 433/433/433 435/435/435 434/434/434 432/432/432
f 437/437/437 439/439/439 438/438/438 436/436/436
f 441/441/441 443/443/443 442/442/442 440/440/440
f 445/445/445 447/447/447 446/446/446 444/444/444
f 449/449/449 451/451/451 450/450/450 448/448/448
f 453/453/453 455/455/455 454/454/454 452/452/452
f 457/457/457 459/459/459 458/458/458 456/456/456
f 461/461/461 463/463/463 462/462/462 460/460/460
f 465/465/465 467/467/467 466/466/466 464/464/464
f 469/469/469 471/471/471 470/470/470 468/468/468
f 473/473/473 475/475/475 474/474/474 472/472/472
f 477/477/477 479/479/479 478/478/478 476/476/476
f 481/481/481 483/483/483 482/482/482 480/480/480
f 485/485/485 484/484/484 486/486/486 487/487/487
f 489/489/489 488/488/488 490/490/490 491/491/491
f 493/493/493 492/492/492 494/494/494 495/495/495
f 497/497/497 496/496/496 498/498/498 499/499/499
f 501/501/501 500/500/500 502/502/502 503/503/503
f 505/505/505 504/504/504 506/506/506 507/507/507
f 509/509/509 508/508/508 510/510/510 511/511/511
f 513/513/513 512/512/512 514/514/514 515/515/515
f 517/517/517 516/516/516 518/518/518 519/519/519
f 521/521/521 520/520/520 522/522/522 523/523/523
f 525/525/525 524/524/524 526/526/526 527/527/527
f 529/529/529 528/528/528 530/530/530 531/531/531
f 533/533/533 532/532/532 534/534/534 535/535/535
f 537/537/537 536/536/536 538/538/538 539/539/539
f 541/541/541 540/540/540 542/542/542 543/543/543
f 545/545/545 544/544/544 546/546/546 547/547/547
f 576/576/576 577/577/577 574/574/574 575/575/575
f 581/581/581 569/569/569 578/578/578
f 570/570/570 577/577/577 578/578/578
f 572/572/572 573/573/573 571/571/571
f 574/574/574 571/571/571 573/573/573
f 577/577/577 570/570/570 571/571/571
f 569/569/569 570/570/570 578/578/578
f 574/574/574 577/577/577 571/571/571
f 578/578/578 579/579/579 580/580/580 581/581/581
f 568/568/568 581/581/581 582/582/582
f 582/582/582 585/585/585 605/605/605
f 605/605/605 568/568/568 582/582/582
f 566/566/566 567/567/567 619/619/619
f 564/564/564 565/565/565 566/566/566
f 567/567/567 605/605/605 619/619/619
f 566/566/566 619/619/619 618/618/618
f 605/605/605 567/567/567 568/568/568
f 563/563/563 566/566/566 618/618/618
f 582/582/582 583/583/583 584/584/584 585/585/585
f 568/568/568 569/569/569 581/581/581
f 557/557/557 558/558/558 553/553/553
f 558/558/558 552/552/552 553/553/553
f 552/552/552 558/558/558 559/559/559
f 554/554/554 557/557/557 553/553/553
f 556/556/556 557/557/557 554/554/554 555/555/555
f 552/552/552 549/549/549 550/550/550 551/551/551
f 552/552/552 559/559/559 549/549/549
f 560/560/560 561/561/561 559/559/559
f 549/549/549 559/559/559 548/548/548
f 561/561/561 562/562/562 617/617/617
f 563/563/563 617/617/617 562/562/562
f 559/559/559 561/561/561 617/617/617
f 617/617/617 563/563/563 618/618/618
f 637/637/637 559/559/559 617/617/617
f 620/620/620 602/602/602 603/603/603
f 603/603/603 548/548/548 638/638/638
f 548/548/548 637/637/637 638/638/638
f 603/603/603 638/638/638 620/620/620
f 637/637/637 548/548/548 559/559/559
f 624/624/624 602/602/602 620/620/620
f 617/617/617 616/616/616 637/637/637
f 563/563/563 564/564/564 566/566/566
f 585/585/585 604/604/604 605/605/605
f 606/606/606 586/586/586 607/607/607
f 586/586/586 589/589/589 607/607/607
f 585/585/585 586/586/586 606/606/606
f 604/604/604 585/585/585 606/606/606
f 611/611/611 610/610/610 609/609/609
f 611/611/611 609/609/609 608/608/608
f 608/608/608 607/607/607 593/593/593 594/594/594
f 632/632/632 611/611/611 608/608/608
f 589/589/589 586/586/586 587/587/587
f 589/589/589 590/590/590 591/591/591 592/592/592
f 607/607/607 592/592/592 593/593/593
f 587/587/587 588/588/588 589/589/589
f 631/631/631 632/632/632 594/594/594
f 594/594/594 632/632/632 608/608/608
f 630/630/630 631/631/631 594/594/594
f 596/596/596 597/597/597 630/630/630
f 594/594/594 595/595/595 630/630/630
f 595/595/595 596/596/596 630/630/630
f 597/597/597 598/598/598 630/630/630
f 607/607/607 589/589/589 592/592/592
f 616/616/616 615/615/615 614/614/614 613/613/613
f 635/635/635 616/616/616 613/613/613
f 612/612/612 635/635/635 613/613/613
f 623/623/623 624/624/624 621/621/621 622/622/622
f 621/621/621 624/624/624 620/620/620
f 637/637/637 635/635/635 636/636/636
f 635/635/635 612/612/612 633/633/633
f 616/616/616 635/635/635 637/637/637
f 632/632/632 633/633/633 612/612/612 611/611/611
f 635/635/635 633/633/633 634/634/634
f 629/629/629 630/630/630 598/598/598
f 599/599/599 629/629/629 598/598/598
f 601/601/601 624/624/624 625/625/625
f 628/628/628 629/629/629 627/627/627
f 629/629/629 626/626/626 627/627/627
f 625/625/625 626/626/626 600/600/600
f 599/599/599 600/600/600 626/626/626
f 601/601/601 625/625/625 600/600/600
f 626/626/626 629/629/629 599/599/599
f 602/602/602 624/624/624 601/601/601
f 640/640/640 642/642/642 641/641/641 639/639/639
f 644/644/644 646/646/646 645/645/645 643/643/643
f 648/648/648 650/650/650 649/649/649 647/647/647
f 652/652/652 654/654/654 653/653/653 651/651/651
f 656/656/656 658/658/658 657/657/657 655/655/655
f 660/660/660 662/662/662 661/661/661 659/659/659
f 664/664/664 666/666/666 665/665/665 663/663/663
f 668/668/668 670/670/670 669/669/669 667/667/667
f 672/672/672 674/674/674 673/673/673 671/671/671
f 676/676/676 678/678/678 677/677/677 675/675/675
f 680/680/680 682/682/682 681/681/681 679/679/679
f 684/684/684 686/686/686 685/685/685 683/683/683
f 688/688/688 690/690/690 689/689/689 687/687/687
f 692/692/692 694/694/694 693/693/693 691/691/691
f 696/696/696 698/698/698 697/697/697 695/695/695
f 700/700/700 702/702/702 701/701/701 699/699/699
f 704/704/704 706/706/706 705/705/705 703/703/703
f 708/708/708 710/710/710 709/709/709 707/707/707
f 712/712/712 714/714/714 713/713/713 711/711/711
o object_8
v 46.460205078125 0 -20.35456657409668
v 45.660205841064453 0 -20.35456657409668
v 46.460205078125 2.2999999523162842 -20.35456657409668
v 45.660205841064453 2.2999999523162842 -20.35456657409668
vt 0 0
vt 0 1
vt 1 0
vt 1 1
vn 0 0 1
vn 0 0 1
vn 0 0 1
vn 0 0 1
f 718/718/718 716/716/716 715/715/715 717/717/717
g Warm_Room
o object_9
v 29.188344955444336 0 -14.73155689239502
v 29.188344955444336 0 -11.151299476623535
v 33.056705474853516 0 -11.151299476623535
v 33.056705474853516 0 -8.5337905883789062
v 37.70281982421875 0 -8.5337905883789062
v 37.70281982421875 0 -14.699079513549805
v 40.069190979003906 0 -14.699079513549805
v 40.069190979003906 0 -17.048025131225586
v 33.869361877441406 0 -17.048025131225586
v 33.869361877441406 0 -19.2728271484375
v 31.77104377746582 0 -19.2728271484375
v 31.77104377746582 0 -14.73155689239502
v 29.188344955444336 0 -14.73155689239502
v 29.188344955444336 0 -11.151299476623535
v 29.188344955444336 5 -14.73155689239502
v 29.188344955444336 5 -11.151299476623535
v 29.188344955444336 0 -11.151299476623535
v 33.056705474853516 0 -11.151299476623535
v 29.188344955444336 5 -11.151299476623535
v 33.056705474853516 5 -11.151299476623535
v 33.056705474853516 0 -11.151299476623535
v 33.056705474853516 0 -8.5337905883789062
v 33.056705474853516 5 -11.151299476623535
v 33.056705474853516 5 -8.5337905883789062
v 33.056705474853516 0 -8.5337905883789062
v 37.70281982421875 0 -8.5337905883789062
v 33.056705474853516 5 -8.5337905883789062
v 37.70281982421875 5 -8.5337905883789062
v 37.70281982421875 0 -8.5337905883789062
v 37.70281982421875 0 -14.699079513549805
v 37.70281982421875 5 -8.5337905883789062
v 37.70281982421875 5 -14.699079513549805
v 37.70281982421875 0 -14.699079513549805
v 40.069190979003906 0 -14.699079513549805
v 37.70281982421875 5 -14.699079513549805
v 40.069190979003906 5 -14.699079513549805
v 40.069190979003906 0 -14.699079513549805
v 40.069190979003906 0 -17.048025131225586
v 40.069190979003906 5 -14.699079513549805
v 40.069190979003906 5 -17.048025131225586
v 40.069190979003906 0 -17.048025131225586
v 33.869361877441406 0 -17.048025131225586
v 40.069190979003906 5 -17.048025131225586
v 33.869361877441406 5 -17.048025131225586
v 33.869361877441406 0 -17.048025131225586
v 33.869361877441406 0 -19.2728271484375
v 33.869361877441406 5 -17.048025131225586
v 33.869361877441406 5 -19.2728271484375
v 33.869361877441406 0 -19.2728271484375
v 31.77104377746582 0 -19.2728271484375
v 33.869361877441406 5 -19.2728271484375
v 31.77104377746582 5 -19.2728271484375
v 31.77104377746582 0 -19.2728271484375
v 31.77104377746582 0 -14.73155689239502
v 31.77104377746582 5 -19.2728271484375
v 31.77104377746582 5 -14.73155689239502
v 31.77104377746582 0 -14.73155689239502
v 29.188344955444336 0 -14.73155689239502
v 31.77104377746582 5 -14.73155689239502
v 29.188344955444336 5 -14.73155689239502
v 29.188344955444336 5 -14.73155689239502
v 29.188344955444336 5 -11.151299476623535
v 33.056705474853516 5 -11.151299476623535
v 33.056705474853516 5 -8.5337905883789062
v 37.70281982421875 5 -8.5337905883789062
v 37.70281982421875 5 -14.699079513549805
v 40.069190979003906 5 -14.699079513549805
v 40.069190979003906 5 -17.048025131225586
v 33.869361877441406 5 -17.048025131225586
v 33.869361877441406 5 -19.2728271484375
v 31.77104377746582 5 -19.2728271484375
v 31.77104377746582 5 -14.73155689239502
vt 0.47819787263870239 0.26577717065811157
vt 0.47819787263870239 0.11486091464757919
vt 0.64177566766738892 0.11486091464757919
vt 0.64177566766738892 0.0045267562381923199
vt 0.8382415771484375 0.0045267562381923199
vt 0.8382415771484375 0.2644081711769104
vt 0.93830621242523193 0.2644081711769104
vt 0.93830621242523193 0.3634217381477356
vt 0.67613977193832397 0.3634217381477356
vt 0.67613977193832397 0.45720234513282776
vt 0.5874100923538208 0.45720234513282776
vt 0.5874100923538208 0.26577717065811157
vt 0.83495736122131348 0.67462432384490967
vt 0.68502718210220337 0.67462432384490967
vt 0.83495736122131348 0.88458985090255737
vt 0.68502718210220337 0.88458985090255737
vt 0.99853515625 0.67462432384490967
vt 0.83642220497131348 0.67462432384490967
vt 0.99853515625 0.88458985090255737
vt 0.83642220497131348 0.88458985090255737
vt 0.95214354991912842 0.46319395303726196
vt 0.84145939350128174 0.46319395303726196
vt 0.95214354991912842 0.67315948009490967
vt 0.84145939350128174 0.67315948009490967
vt 0 0.20901760458946228
vt 0 0.40548348426818848
vt 0.20996552705764771 0.20901760458946228
vt 0.20996552705764771 0.40548348426818848
vt 0.47213193774223328 0
vt 0.21143037080764771 0
vt 0.47213193774223328 0.20996552705764771
vt 0.21143037080764771 0.20996552705764771
vt 0.47359678149223328 0.7753446102142334
vt 0.47359678149223328 0.87540924549102783
vt 0.68356233835220337 0.7753446102142334
vt 0.68356233835220337 0.87540924549102783
vt 0.47359678149223328 0.66544991731643677
vt 0.47359678149223328 0.76477760076522827
vt 0.68356233835220337 0.66544991731643677
vt 0.68356233835220337 0.76477760076522827
vt 0.47213193774223328 0.21143037080764771
vt 0.21143037080764771 0.21143037080764771
vt 0.47213193774223328 0.42139589786529541
vt 0.21143037080764771 0.42139589786529541
vt 0.47359678149223328 0.56136322021484375
vt 0.47359678149223328 0.65544134378433228
vt 0.68356233835220337 0.56136322021484375
vt 0.68356233835220337 0.65544134378433228
vt 0.47359678149223328 0.46319395303726196
vt 0.47359678149223328 0.55192363262176514
vt 0.68356233835220337 0.46319395303726196
vt 0.68356233835220337 0.55192363262176514
vt 0 0
vt 0 0.19203248620033264
vt 0.20996552705764771 0
vt 0.20996552705764771 0.19203248620033264
vt 0.794239342212677 0.46319395303726196
vt 0.68502718210220337 0.46319395303726196
vt 0.794239342212677 0.67315948009490967
vt 0.68502718210220337 0.67315948009490967
vt 0.004601083230227232 0.68863791227340698
vt 0.004601083230227232 0.53772163391113281
vt 0.16817888617515564 0.53772163391113281
vt 0.16817888617515564 0.42738750576972961
vt 0.36464476585388184 0.42738750576972961
vt 0.36464476585388184 0.68726891279220581
vt 0.46470940113067627 0.68726891279220581
vt 0.46470940113067627 0.78628247976303101
vt 0.2025429755449295 0.78628247976303101
vt 0.2025429755449295 0.88006305694580078
vt 0.11381328850984573 0.88006305694580078
vt 0.11381328850984573 0.68863791227340698
vn 0 -1 0
vn 0 -1 0
vn 0 -1 0
vn 0 -1 0
vn 0 -1 0
vn 0 -1 0
vn 0 -1 0
vn 0 -1 0
vn 0 -1 0
vn 0 -1 0
vn 0 -1 0
vn 0 -1 0
vn -1 0 0
vn -1 0 0
vn -1 0 0
vn -1 0 0
vn 0 0 1
vn 0 0 1
vn 0 0 1
vn 0 0 1
vn -1 0 0
vn -1 0 0
vn -1 0 0
vn -1 0 0
vn 0 0 1
vn 0 0 1
vn 0 0 1
vn 0 0 1
vn 1 0 0
vn 1 0 0
vn 1 0 0
vn 1 0 0
vn 0 0 1
vn 0 0 1
vn 0 0 1
vn 0 0 1
vn 1 0 0
vn 1 0 0
vn 1 0 0
vn 1 0 0
vn 0 0 -1
vn 0 0 -1
vn 0 0 -1
vn 0 0 -1
vn 1 0 0
vn 1 0 0
vn 1 0 0
vn 1 0 0
vn 0 0 -1
vn 0 0 -1
vn 0 0 -1
vn 0 0 -1
vn -1 0 0
vn -1 0 0
vn -1 0 0
vn -1 0 0
vn 0 0 -1
vn 0 0 -1
vn 0 0 -1
vn 0 0 -1
vn 0 1 0
vn 0 1 0
vn 0 1 0
vn 0 1 0
vn 0 1 0
vn 0 1 0
vn 0 1 0
vn 0 1 0
vn 0 1 0
vn 0 1 0
vn 0 1 0
vn 0 1 0
f 723/723/723 722/722/722 721/721/721
f 720/720/720 719/719/719 730/730/730 721/721/721
f 730/730/730 729/729/729 727/727/727
f 724/724/724 721/721/721 730/730/730
f 726/726/726 725/725/725 724/724/724
f 730/730/730 727/727/727 724/724/724
f 724/724/724 727/727/727 726/726/726
f 729/729/729 728/728/728 727/727/727
f 723/723/723 721/721/721 724/724/724
f 732/732/732 734/734/734 733/733/733 731/731/731
f 736/736/736 738/738/738 737/737/737 735/735/735
f 740/740/740 742/742/742 741/741/741 739/739/739
f 744/744/744 746/746/746 745/745/745 743/743/743
f 748/748/748 750/750/750 749/749/749 747/747/747
f 752/752/752 754/754/754 753/753/753 751/751/751
f 756/756/756 758/758/758 757/757/757 755/755/755
f 760/760/760 762/762/762 761/761/761 759/759/759
f 764/764/764 766/766/766 765/765/765 763/763/763
f 768/768/768 770/770/770 769/769/769 767/767/767
f 772/772/772 774/774/774 773/773/773 771/771/771
f 776/776/776 778/778/778 777/777/777 775/775/775
f 783/783/783 781/781/781 782/782/782
f 780/780/780 781/781/781 790/790/790 779/779/779
f 790/790/790 787/787/787 789/789/789
f 784/784/784 790/790/790 781/781/781
f 786/786/786 784/784/784 785/785/785
f 790/790/790 784/784/784 787/787/787
f 784/784/784 786/786/786 787/787/787
f 789/789/789 787/787/787 788/788/788
f 783/783/783 784/784/784 781/781/781
g Hot_Room
o object_10
v 15.327425956726074 0 -21.949419021606445
v 24.975563049316406 0 -21.949419021606445
v 24.975563049316406 0 -20.773820877075195
v 18.490537643432617 0 -20.773820877075195
v 18.490537643432617 0 -17.368026733398438
v 23.097377777099609 0 -17.368026733398438
v 23.097377777099609 0 -15.628352165222168
v 20.797868728637695 0 -15.628352165222168
v 20.797868728637695 0 -8.8227462768554688
v 3.6829104423522949 0 -8.8227462768554688
v 3.6829104423522949 0 -17.935647964477539
v 2.4731183052062988 0 -17.935647964477539
v 2.4731183052062988 0 -18.683292388916016
v 15.327425956726074 0 -18.683292388916016
v 15.327425956726074 0 -21.949419021606445
v 24.975563049316406 0 -21.949419021606445
v 15.327425956726074 5 -21.949419021606445
v 24.975563049316406 5 -21.949419021606445
v 24.975563049316406 0 -21.949419021606445
v 24.975563049316406 0 -20.773820877075195
v 24.975563049316406 5 -21.949419021606445
v 24.975563049316406 5 -20.773820877075195
v 24.975563049316406 0 -20.773820877075195
v 18.490537643432617 0 -20.773820877075195
v 24.975563049316406 5 -20.773820877075195
v 18.490537643432617 5 -20.773820877075195
v 18.490537643432617 0 -20.773820877075195
v 18.490537643432617 0 -17.368026733398438
v 18.490537643432617 5 -20.773820877075195
v 18.490537643432617 5 -17.368026733398438
v 18.490537643432617 0 -17.368026733398438
v 23.097377777099609 0 -17.368026733398438
v 18.490537643432617 5 -17.368026733398438
v 23.097377777099609 5 -17.368026733398438
v 23.097377777099609 0 -17.368026733398438
v 23.097377777099609 0 -15.628352165222168
v 23.097377777099609 5 -17.368026733398438
v 23.097377777099609 5 -15.628352165222168
v 23.097377777099609 0 -15.628352165222168
v 20.797868728637695 0 -15.628352165222168
v 23.097377777099609 5 -15.628352165222168
v 20.797868728637695 5 -15.628352165222168
v 20.797868728637695 0 -15.628352165222168
v 20.797868728637695 0 -8.8227462768554688
v 20.797868728637695 5 -15.628352165222168
v 20.797868728637695 5 -8.8227462768554688
v 20.797868728637695 0 -8.8227462768554688
v 3.6829104423522949 0 -8.8227462768554688
v 20.797868728637695 5 -8.8227462768554688
v 3.6829104423522949 5 -8.8227462768554688
v 3.6829104423522949 0 -8.8227462768554688
v 3.6829104423522949 0 -17.935647964477539
v 3.6829104423522949 5 -8.8227462768554688
v 3.6829104423522949 5 -17.935647964477539
v 3.6829104423522949 0 -17.935647964477539
v 2.4731183052062988 0 -17.935647964477539
v 3.6829104423522949 5 -17.935647964477539
v 2.4731183052062988 5 -17.935647964477539
v 2.4731183052062988 0 -17.935647964477539
v 2.4731183052062988 0 -18.683292388916016
v 2.4731183052062988 5 -17.935647964477539
v 2.4731183052062988 5 -18.683292388916016
v 2.4731183052062988 0 -18.683292388916016
v 15.327425956726074 0 -18.683292388916016
v 2.4731183052062988 5 -18.683292388916016
v 15.327425956726074 5 -18.683292388916016
v 15.327425956726074 0 -18.683292388916016
v 15.327425956726074 0 -21.949419021606445
v 15.327425956726074 5 -18.683292388916016
v 15.327425956726074 5 -21.949419021606445
v 15.327425956726074 5 -21.949419021606445
v 24.975563049316406 5 -21.949419021606445
v 24.975563049316406 5 -20.773820877075195
v 18.490537643432617 5 -20.773820877075195
v 18.490537643432617 5 -17.368026733398438
v 23.097377777099609 5 -17.368026733398438
v 23.097377777099609 5 -15.628352165222168
v 20.797868728637695 5 -15.628352165222168
v 20.797868728637695 5 -8.8227462768554688
v 3.6829104423522949 5 -8.8227462768554688
v 3.6829104423522949 5 -17.935647964477539
v 2.4731183052062988 5 -17.935647964477539
v 2.4731183052062988 5 -18.683292388916016
v 15.327425956726074 5 -18.683292388916016
vt 0.99538087844848633 0.31572338938713074
vt 0.99538087844848633 0.54862082004547119
vt 0.96713155508041382 0.54862082004547119
vt 0.96713155508041382 0.39207810163497925
vt 0.88529133796691895 0.39207810163497925
vt 0.88529133796691895 0.50328314304351807
vt 0.84348750114440918 0.50328314304351807
vt 0.84348750114440918 0.44777500629425049
vt 0.6799507737159729 0.44777500629425049
vt 0.6799507737159729 0.034635197371244431
vt 0.89893114566802979 0.034635197371244431
vt 0.89893114566802979 0.0054318895563483238
vt 0.91689682006835938 0.0054318895563483238
vt 0.91689682006835938 0.31572338938713074
vt 0.35212811827659607 0.63472551107406616
vt 0.12069553881883621 0.63472551107406616
vt 0.35212811827659607 0.75542104244232178
vt 0.12069553881883621 0.75542104244232178
vt 0.05384010449051857 0
vt 0.025462199002504349 0
vt 0.05384010449051857 0.12069553881883621
vt 0.025462199002504349 0.12069553881883621
vt 0.33623069524765015 0
vt 0.33623069524765015 0.15654273331165314
vt 0.45692625641822815 0
vt 0.45692625641822815 0.15654273331165314
vt 0.50651359558105469 0.16428126394748688
vt 0.50651359558105469 0.2450292557477951
vt 0.6272091269493103 0.16428126394748688
vt 0.6272091269493103 0.2450292557477951
vt 0.50651359558105469 0.2464940994977951
vt 0.50651359558105469 0.35623428225517273
vt 0.6272091269493103 0.2464940994977951
vt 0.6272091269493103 0.35623428225517273
vt 0.14869464933872223 0
vt 0.10670045763254166 0
vt 0.14869464933872223 0.12069553881883621
vt 0.10670045763254166 0.12069553881883621
vt 0.33623069524765015 0.16428126394748688
vt 0.33623069524765015 0.21978938579559326
vt 0.45692625641822815 0.16428126394748688
vt 0.45692625641822815 0.21978938579559326
vt 0.50651359558105469 0
vt 0.50651359558105469 0.16281642019748688
vt 0.6272091269493103 0
vt 0.6272091269493103 0.16281642019748688
vt 0 0.35769912600517273
vt 0 0.77083891630172729
vt 0.11923069506883621 0.35769912600517273
vt 0.11923069506883621 0.77083891630172729
vt 0.34067288041114807 0.35769912600517273
vt 0.12069553881883621 0.35769912600517273
vt 0.34067288041114807 0.47839465737342834
vt 0.12069553881883621 0.47839465737342834
vt 0.094702377915382385 0
vt 0.065499067306518555 0
vt 0.094702377915382385 0.12069553881883621
vt 0.065499067306518555 0.12069553881883621
vt 0.018047461286187172 0
vt 0 0
vt 0.018047461286187172 0.12069553881883621
vt 0 0.12069553881883621
vt 0.1659478098154068 0
vt 0.1659478098154068 0.31029152870178223
vt 0.28664335608482361 0
vt 0.28664335608482361 0.31029152870178223
vt 0.33623069524765015 0.24419417977333069
vt 0.33623069524765015 0.32303556799888611
vt 0.45692625641822815 0.24419417977333069
vt 0.45692625641822815 0.32303556799888611
vt 0.67217731475830078 0.6725878119468689
vt 0.67217731475830078 0.9048694372177124
vt 0.64392805099487305 0.9048694372177124
vt 0.64392805099487305 0.74874061346054077
vt 0.56208783388137817 0.74874061346054077
vt 0.56208783388137817 0.85965162515640259
vt 0.52028399705886841 0.85965162515640259
vt 0.52028399705886841 0.8042902946472168
vt 0.35674726963043213 0.8042902946472168
vt 0.35674726963043213 0.39224275946617126
vt 0.57572764158248901 0.39224275946617126
vt 0.57572764158248901 0.36311665177345276
vt 0.59369325637817383 0.36311665177345276
vt 0.59369325637817383 0.6725878119468689
vn 0 -1 0
vn 0 -1 0
vn 0 -1 0
vn 0 -1 0
vn 0 -1 0
vn 0 -1 0
vn 0 -1 0
vn 0 -1 0
vn 0 -1 0
vn 0 -1 0
vn 0 -1 0
vn 0 -1 0
vn 0 -1 0
vn 0 -1 0
vn 0 0 -1
vn 0 0 -1
vn 0 0 -1
vn 0 0 -1
vn 1 0 0
vn 1 0 0
vn 1 0 0
vn 1 0 0
vn 0 0 1
vn 0 0 1
vn 0 0 1
vn 0 0 1
vn 1 0 0
vn 1 0 0
vn 1 0 0
vn 1 0 0
vn 0 0 -1
vn 0 0 -1
vn 0 0 -1
vn 0 0 -1
vn 1 0 0
vn 1 0 0
vn 1 0 0
vn 1 0 0
vn 0 0 1
vn 0 0 1
vn 0 0 1
vn 0 0 1
vn 1 0 0
vn 1 0 0
vn 1 0 0
vn 1 0 0
vn 0 0 1
vn 0 0 1
vn 0 0 1
vn 0 0 1
vn -1 0 0
vn -1 0 0
vn -1 0 0
vn -1 0 0
vn 0 0 1
vn 0 0 1
vn 0 0 1
vn 0 0 1
vn -1 0 0
vn -1 0 0
vn -1 0 0
vn -1 0 0
vn 0 0 -1
vn 0 0 -1
vn 0 0 -1
vn 0 0 -1
vn -1 0 0
vn -1 0 0
vn -1 0 0
vn -1 0 0
vn 0 1 0
vn 0 1 0
vn 0 1 0
vn 0 1 0
vn 0 1 0
vn 0 1 0
vn 0 1 0
vn 0 1 0
vn 0 1 0
vn 0 1 0
vn 0 1 0
vn 0 1 0
vn 0 1 0
vn 0 1 0
f 791/791/791 792/792/792 793/793/793 794/794/794
f 804/804/804 791/791/791 794/794/794 795/795/795
f 801/801/801 802/802/802 803/803/803
f 804/804/804 795/795/795 800/800/800
f 801/801/801 804/804/804 800/800/800
f 803/803/803 804/804/804 801/801/801
f 798/798/798 799/799/799 800/800/800
f 798/798/798 796/796/796 797/797/797
f 796/796/796 798/798/798 795/795/795
f 795/795/795 798/798/798 800/800/800
f 806/806/806 805/805/805 807/807/807 808/808/808
f 810/810/810 809/809/809 811/811/811 812/812/812
f 814/814/814 813/813/813 815/815/815 816/816/816
f 818/818/818 817/817/817 819/819/819 820/820/820
f 822/822/822 821/821/821 823/823/823 824/824/824
f 826/826/826 825/825/825 827/827/827 828/828/828
f 830/830/830 829/829/829 831/831/831 832/832/832
f 834/834/834 833/833/833 835/835/835 836/836/836
f 838/838/838 837/837/837 839/839/839 840/840/840
f 842/842/842 841/841/841 843/843/843 844/844/844
f 846/846/846 845/845/845 847/847/847 848/848/848
f 850/850/850 849/849/849 851/851/851 852/852/852
f 854/854/854 853/853/853 855/855/855 856/856/856
f 858/858/858 857/857/857 859/859/859 860/860/860
f 861/861/861 864/864/864 863/863/863 862/862/862
f 874/874/874 865/865/865 864/864/864 861/861/861
f 871/871/871 873/873/873 872/872/872
f 874/874/874 870/870/870 865/865/865
f 871/871/871 870/870/870 874/874/874
f 873/873/873 871/871/871 874/874/874
f 868/868/868 870/870/870 869/869/869
f 868/868/868 867/867/867 866/866/866
f 866/866/866 865/865/865 868/868/868
f 865/865/865 870/870/870 868/868/868
g Cold_Room
o object_11
v 44.338611602783203 0 -15.58842658996582
v 44.338611602783203 0 -17.559762954711914
v 47.457813262939453 0 -15.58842658996582
v 47.457813262939453 0 -17.559762954711914
v 44.338611602783203 0 -15.58842658996582
v 47.457813262939453 0 -15.58842658996582
v 44.338611602783203 5 -15.58842658996582
v 47.457813262939453 5 -15.58842658996582
v 47.457813262939453 0 -15.58842658996582
v 47.457813262939453 0 -17.559762954711914
v 47.457813262939453 5 -15.58842658996582
v 47.457813262939453 5 -17.559762954711914
v 47.457813262939453 0 -17.559762954711914
v 44.338611602783203 0 -17.559762954711914
v 47.457813262939453 5 -17.559762954711914
v 44.338611602783203 5 -17.559762954711914
v 44.338611602783203 0 -17.559762954711914
v 44.338611602783203 0 -15.58842658996582
v 44.338611602783203 5 -17.559762954711914
v 44.338611602783203 5 -15.58842658996582
v 44.338611602783203 5 -15.58842658996582
v 44.338611602783203 5 -17.559762954711914
v 47.457813262939453 5 -15.58842658996582
v 47.457813262939453 5 -17.559762954711914
vt 0 0.6884956955909729
vt 0 0.89916235208511353
vt 0.3318684995174408 0.6884956955909729
vt 0.3318684995174408 0.89916235208511353
vt 0.99853515625 0
vt 0.66666668653488159 0
vt 0.99853515625 0.5343247652053833
vt 0.66666668653488159 0.5343247652053833
vt 0 0.21066667139530182
vt 0 0.41986849904060364
vt 0.5343247652053833 0.21066667139530182
vt 0.5343247652053833 0.41986849904060364
vt 0.66520184278488159 0.42133334279060364
vt 0.3333333432674408 0.42133334279060364
vt 0.66520184278488159 0.95419323444366455
vt 0.3333333432674408 0.95419323444366455
vt 0 0
vt 0 0.20920182764530182
vt 0.5343247652053833 0
vt 0.5343247652053833 0.20920182764530182
vt 0 0.42133334279060364
vt 0 0.63200002908706665
vt 0.3318684995174408 0.42133334279060364
vt 0.3318684995174408 0.63200002908706665
vn 0 -1 0
vn 0 -1 0
vn 0 -1 0
vn 0 -1 0
vn 0 0 1
vn 0 0 1
vn 0 0 1
vn 0 0 1
vn 1 0 0
vn 1 0 0
vn 1 0 0
vn 1 0 0
vn 0 0 -1
vn 0 0 -1
vn 0 0 -1
vn 0 0 -1
vn -1 0 0
vn -1 0 0
vn -1 0 0
vn -1 0 0
vn 0 1 0
vn 0 1 0
vn 0 1 0
vn 0 1 0
f 876/876/876 878/878/878 877/877/877 875/875/875
f 880/880/880 882/882/882 881/881/881 879/879/879
f 884/884/884 886/886/886 885/885/885 883/883/883
f 888/888/888 890/890/890 889/889/889 887/887/887
f 892/892/892 894/894/894 893/893/893 891/891/891
f 896/896/896 895/895/895 897/897/897 898/898/898
o object_12
v 44.338611602783203 0 -17.559762954711914
v 44.338611602783203 0 -20.35456657409668
v 47.457813262939453 0 -17.559762954711914
v 47.457813262939453 0 -20.35456657409668
v 44.338611602783203 0 -17.559762954711914
v 47.457813262939453 0 -17.559762954711914
v 44.338611602783203 5 -17.559762954711914
v 47.457813262939453 5 -17.559762954711914
v 47.457813262939453 0 -17.559762954711914
v 47.457813262939453 0 -20.35456657409668
v 47.457813262939453 5 -17.559762954711914
v 47.457813262939453 5 -20.35456657409668
v 47.457813262939453 0 -20.35456657409668
v 44.338611602783203 0 -20.35456657409668
v 47.457813262939453 5 -20.35456657409668
v 44.338611602783203 5 -20.35456657409668
v 44.338611602783203 0 -20.35456657409668
v 44.338611602783203 0 -17.559762954711914
v 44.338611602783203 5 -20.35456657409668
v 44.338611602783203 5 -17.559762954711914
v 44.338611602783203 5 -17.559762954711914
v 44.338611602783203 5 -20.35456657409668
v 47.457813262939453 5 -17.559762954711914
v 47.457813262939453 5 -20.35456657409668
vt 0.62384033203125 0.5
vt 0.62384033203125 0.7794804573059082
vt 0.934295654296875 0.5
vt 0.934295654296875 0.7794804573059082
vt 0.62237548828125 0.5
vt 0.311920166015625 0.5
vt 0.62237548828125 0.99853515625
vt 0.311920166015625 0.99853515625
vt 0.5914006233215332 0
vt 0.311920166015625 0
vt 0.5914006233215332 0.49853515625
vt 0.311920166015625 0.49853515625
vt 0.310455322265625 0.5
vt 0 0.5
vt 0.310455322265625 0.99853515625
vt 0 0.99853515625
vt 0.27948048710823059 0
vt 0 0
vt 0.27948048710823059 0.49853515625
vt 0 0.49853515625
vt 0.62384033203125 0
vt 0.62384033203125 0.27948048710823059
vt 0.934295654296875 0
vt 0.934295654296875 0.27948048710823059
vn 0 -1 0
vn 0 -1 0
vn 0 -1 0
vn 0 -1 0
vn 0 0 1
vn 0 0 1
vn 0 0 1
vn 0 0 1
vn 1 0 0
vn 1 0 0
vn 1 0 0
vn 1 0 0
vn 0 0 -1
vn 0 0 -1
vn 0 0 -1
vn 0 0 -1
vn -1 0 0
vn -1 0 0
vn -1 0 0
vn -1 0 0
vn 0 1 0
vn 0 1 0
vn 0 1 0
vn 0 1 0
f 900/900/900 902/902/902 901/901/901 899/899/899
f 904/904/904 906/906/906 905/905/905 903/903/903
f 908/908/908 910/910/910 909/909/909 907/907/907
f 912/912/912 914/914/914 913/913/913 911/911/911
f 916/916/916 918/918/918 917/917/917 915/915/915
f 920/920/920 919/919/919 921/921/921 922/922/922
o object_13
v 44.338611602783203 0 -20.35456657409668
v 44.338611602783203 0 -21.851783752441406
v 47.457813262939453 0 -20.35456657409668
v 47.457813262939453 0 -21.851783752441406
v 44.338611602783203 0 -20.35456657409668
v 47.457813262939453 0 -20.35456657409668
v 44.338611602783203 5 -20.35456657409668
v 47.457813262939453 5 -20.35456657409668
v 47.457813262939453 0 -20.35456657409668
v 47.457813262939453 0 -21.851783752441406
v 47.457813262939453 5 -20.35456657409668
v 47.457813262939453 5 -21.851783752441406
v 47.457813262939453 0 -21.851783752441406
v 44.338611602783203 0 -21.851783752441406
v 47.457813262939453 5 -21.851783752441406
v 44.338611602783203 5 -21.851783752441406
v 44.338611602783203 0 -21.851783752441406
v 44.338611602783203 0 -20.35456657409668
v 44.338611602783203 5 -21.851783752441406
v 44.338611602783203 5 -20.35456657409668
v 44.338611602783203 5 -20.35456657409668
v 44.338611602783203 5 -21.851783752441406
v 47.457813262939453 5 -20.35456657409668
v 47.457813262939453 5 -21.851783752441406
vt 0.32730227708816528 0.34246575832366943
vt 0.16438356041908264 0.34246575832366943
vt 0.32730227708816528 0.68493151664733887
vt 0.16438356041908264 0.68493151664733887
vt 0.66976803541183472 0.34246575832366943
vt 0.32876712083816528 0.34246575832366943
vt 0.66976803541183472 0.88996469974517822
vt 0.32876712083816528 0.88996469974517822
vt 0.99853515625 0
vt 0.83561640977859497 0
vt 0.99853515625 0.54896378517150879
vt 0.83561640977859497 0.54896378517150879
vt 0 0
vt 0 0.34100091457366943
vt 0.54896378517150879 0
vt 0.54896378517150879 0.34100091457366943
vt 0.83415156602859497 0
vt 0.67123287916183472 0
vt 0.83415156602859497 0.54896378517150879
vt 0.67123287916183472 0.54896378517150879
vt 0.16291871666908264 0.34246575832366943
vt 0 0.34246575832366943
vt 0.16291871666908264 0.68493151664733887
vt 0 0.68493151664733887
vn 0 -1 0
vn 0 -1 0
vn 0 -1 0
vn 0 -1 0
vn 0 0 1
vn 0 0 1
vn 0 0 1
vn 0 0 1
vn 1 0 0
vn 1 0 0
vn 1 0 0
vn 1 0 0
vn 0 0 -1
vn 0 0 -1
vn 0 0 -1
vn 0 0 -1
vn -1 0 0
vn -1 0 0
vn -1 0 0
vn -1 0 0
vn 0 1 0
vn 0 1 0
vn 0 1 0
vn 0 1 0
f 924/924/924 926/926/926 925/925/925 923/923/923
f 928/928/928 930/930/930 929/929/929 927/927/927
f 932/932/932 934/934/934 933/933/933 931/931/931
f 936/936/936 938/938/938 937/937/937 935/935/935
f 940/940/940 942/942/942 941/941/941 939/939/939
f 944/944/944 943/943/943 945/945/945 946/946/946
o object_14
v 44.338611602783203 0 -21.851783752441406
v 44.338611602783203 0 -26.106374740600586
v 47.457813262939453 0 -21.851783752441406
v 47.457813262939453 0 -26.106374740600586
v 44.338611602783203 0 -21.851783752441406
v 47.457813262939453 0 -21.851783752441406
v 44.338611602783203 5 -21.851783752441406
v 47.457813262939453 5 -21.851783752441406
v 47.457813262939453 0 -21.851783752441406
v 47.457813262939453 0 -26.106374740600586
v 47.457813262939453 5 -21.851783752441406
v 47.457813262939453 5 -26.106374740600586
v 47.457813262939453 0 -26.106374740600586
v 44.338611602783203 0 -26.106374740600586
v 47.457813262939453 5 -26.106374740600586
v 44.338611602783203 5 -26.106374740600586
v 44.338611602783203 0 -26.106374740600586
v 44.338611602783203 0 -21.851783752441406
v 44.338611602783203 5 -26.106374740600586
v 44.338611602783203 5 -21.851783752441406
v 44.338611602783203 5 -21.851783752441406
v 44.338611602783203 5 -26.106374740600586
v 47.457813262939453 5 -21.851783752441406
v 47.457813262939453 5 -26.106374740600586
vt 0.72245150804519653 0
vt 0.72245150804519653 0.3771112859249115
vt 0.99853515625 0
vt 0.99853515625 0.3771112859249115
vt 0.99853515625 0.3785761296749115
vt 0.72245150804519653 0.3785761296749115
vt 0.99853515625 0.82201433181762695
vt 0.72245150804519653 0.82201433181762695
vt 0 0.41173958778381348
vt 0 0.79031568765640259
vt 0.44343820214271545 0.41173958778381348
vt 0.44343820214271545 0.79031568765640259
vt 0.72098666429519653 0.3785761296749115
vt 0.44490304589271545 0.3785761296749115
vt 0.72098666429519653 0.82201433181762695
vt 0.44490304589271545 0.82201433181762695
vt 0 0
vt 0 0.3785761296749115
vt 0.44343820214271545 0
vt 0.44343820214271545 0.3785761296749115
vt 0.44490304589271545 0
vt 0.44490304589271545 0.3771112859249115
vt 0.72098666429519653 0
vt 0.72098666429519653 0.3771112859249115
vn 0 -1 0
vn 0 -1 0
vn 0 -1 0
vn 0 -1 0
vn 0 0 1
vn 0 0 1
vn 0 0 1
vn 0 0 1
vn 1 0 0
vn 1 0 0
vn 1 0 0
vn 1 0 0
vn 0 0 -1
vn 0 0 -1
vn 0 0 -1
vn 0 0 -1
vn -1 0 0
vn -1 0 0
vn -1 0 0
vn -1 0 0
vn 0 1 0
vn 0 1 0
vn 0 1 0
vn 0 1 0
f 948/948/948 950/950/950 949/949/949 947/947/947
f 952/952/952 954/954/954 953/953/953 951/951/951
f 956/956/956 958/958/958 957/957/957 955/955/955
f 960/960/960 962/962/962 961/961/961 959/959/959
f 964/964/964 966/966/966 965/965/965 963/963/963
f 968/968/968 967/967/967 969/969/969 970/970/970
g Neutral_Room
o object_15
v 21.149301528930664 0 -25.215545654296875
v 21.149301528930664 0 -28.901161193847656
v 24.742969512939453 0 -25.215545654296875
v 24.742969512939453 0 -28.901161193847656
v 21.149301528930664 0 -25.215545654296875
v 24.742969512939453 0 -25.215545654296875
v 21.149301528930664 5 -25.215545654296875
v 24.742969512939453 5 -25.215545654296875
v 24.742969512939453 0 -25.215545654296875
v 24.742969512939453 0 -28.901161193847656
v 24.742969512939453 5 -25.215545654296875
v 24.742969512939453 5 -28.901161193847656
v 24.742969512939453 0 -28.901161193847656
v 21.149301528930664 0 -28.901161193847656
v 24.742969512939453 5 -28.901161193847656
v 21.149301528930664 5 -28.901161193847656
v 21.149301528930664 0 -28.901161193847656
v 21.149301528930664 0 -25.215545654296875
v 21.149301528930664 5 -28.901161193847656
v 21.149301528930664 5 -25.215545654296875
v 21.149301528930664 5 -25.215545654296875
v 21.149301528930664 5 -28.901161193847656
v 24.742969512939453 5 -25.215545654296875
v 24.742969512939453 5 -28.901161193847656
vt 0.99853515625 0.45220845937728882
vt 0.66666668653488159 0.45220845937728882
vt 0.99853515625 0.77722591161727905
vt 0.66666668653488159 0.77722591161727905
vt 0.65835076570510864 0
vt 0.3333333432674408 0
vt 0.65835076570510864 0.45074361562728882
vt 0.3333333432674408 0.45074361562728882
vt 0.66520184278488159 0.45220845937728882
vt 0.3333333432674408 0.45220845937728882
vt 0.66520184278488159 0.90295207500457764
vt 0.3333333432674408 0.90295207500457764
vt 0.32501745223999023 0
vt 0 0
vt 0.32501745223999023 0.45074361562728882
vt 0 0.45074361562728882
vt 0.3318684995174408 0.45220845937728882
vt 0 0.45220845937728882
vt 0.3318684995174408 0.90295207500457764
vt 0 0.90295207500457764
vt 0.99853515625 0
vt 0.66666668653488159 0
vt 0.99853515625 0.32501745223999023
vt 0.66666668653488159 0.32501745223999023
vn 0 -1 0
vn 0 -1 0
vn 0 -1 0
vn 0 -1 0
vn 0 0 1
vn 0 0 1
vn 0 0 1
vn 0 0 1
vn 1 0 0
vn 1 0 0
vn 1 0 0
vn 1 0 0
vn 0 0 -1
vn 0 0 -1
vn 0 0 -1
vn 0 0 -1
vn -1 0 0
vn -1 0 0
vn -1 0 0
vn -1 0 0
vn 0 1 0
vn 0 1 0
vn 0 1 0
vn 0 1 0
f 972/972/972 974/974/974 973/973/973 971/971/971
f 976/976/976 978/978/978 977/977/977 975/975/975
f 980/980/980 982/982/982 981/981/981 979/979/979
f 984/984/984 986/986/986 985/985/985 983/983/983
f 988/988/988 990/990/990 989/989/989 987/987/987
f 992/992/992 991/991/991 993/993/993 994/994/994
o object_16
v 43.878303527832031 0 -27.665000915527344
v 43.878303527832031 0 -30.372468948364258
v 49.293239593505859 0 -27.665000915527344
v 49.293239593505859 0 -30.372468948364258
v 43.878303527832031 0 -27.665000915527344
v 49.293239593505859 0 -27.665000915527344
v 43.878303527832031 5 -27.665000915527344
v 49.293239593505859 5 -27.665000915527344
v 49.293239593505859 0 -27.665000915527344
v 49.293239593505859 0 -30.372468948364258
v 49.293239593505859 5 -27.665000915527344
v 49.293239593505859 5 -30.372468948364258
v 49.293239593505859 0 -30.372468948364258
v 43.878303527832031 0 -30.372468948364258
v 49.293239593505859 5 -30.372468948364258
v 43.878303527832031 5 -30.372468948364258
v 43.878303527832031 0 -30.372468948364258
v 43.878303527832031 0 -27.665000915527344
v 43.878303527832031 5 -30.372468948364258
v 43.878303527832031 5 -27.665000915527344
v 43.878303527832031 5 -27.665000915527344
v 43.878303527832031 5 -30.372468948364258
v 49.293239593505859 5 -27.665000915527344
v 49.293239593505859 5 -30.372468948364258
vt 0.5 0.71168613433837891
vt 0.5 0.96022129058837891
vt 0.99853515625 0.71168613433837891
vt 0.99853515625 0.96022129058837891
vt 0.49853515625 0.48084306716918945
vt 0 0.48084306716918945
vt 0.49853515625 0.94252920150756836
vt 0 0.94252920150756836
vt 0.99853515625 0
vt 0.75 0
vt 0.99853515625 0.46022129058837891
vt 0.75 0.46022129058837891
vt 0.49853515625 0
vt 0 0
vt 0.49853515625 0.46168613433837891
vt 0 0.46168613433837891
vt 0.74853515625 0
vt 0.5 0
vt 0.74853515625 0.46022129058837891
vt 0.5 0.46022129058837891
vt 0.5 0.46168613433837891
vt 0.5 0.71022129058837891
vt 0.99853515625 0.46168613433837891
vt 0.99853515625 0.71022129058837891
vn 0 -1 0
vn 0 -1 0
vn 0 -1 0
vn 0 -1 0
vn 0 0 1
vn 0 0 1
vn 0 0 1
vn 0 0 1
vn 1 0 0
vn 1 0 0
vn 1 0 0
vn 1 0 0
vn 0 0 -1
vn 0 0 -1
vn 0 0 -1
vn 0 0 -1
vn -1 0 0
vn -1 0 0
vn -1 0 0
vn -1 0 0
vn 0 1 0
vn 0 1 0
vn 0 1 0
vn 0 1 0
f 996/996/996 998/998/998 997/997/997 995/995/995
f 1000/1000/1000 1002/1002/1002 1001/1001/1001 999/999/999
f 1004/1004/1004 1006/1006/1006 1005/1005/1005 1003/1003/1003
f 1008/1008/1008 1010/1010/1010 1009/1009/1009 1007/1007/1007
f 1012/1012/1012 1014/1014/1014 1013/1013/1013 1011/1011/1011
f 1016/1016/1016 1015/1015/1015 1017/1017/1017 1018/1018/1018
g Cold_Room
o object_17
v 42.936145782470703 0 -1.9837274551391602
v 50.684242248535156 0 -1.9837274551391602
v 42.936145782470703 0 -5.1241841316223145
v 50.684242248535156 0 -5.1241841316223145
v 42.936145782470703 0 -1.9837274551391602
v 42.936145782470703 0 -5.1241841316223145
v 42.936145782470703 5 -1.9837274551391602
v 42.936145782470703 5 -5.1241841316223145
v 42.936145782470703 0 -5.1241841316223145
v 50.684242248535156 0 -5.1241841316223145
v 42.936145782470703 5 -5.1241841316223145
v 50.684242248535156 5 -5.1241841316223145
v 50.684242248535156 0 -5.1241841316223145
v 50.684242248535156 0 -1.9837274551391602
v 50.684242248535156 5 -5.1241841316223145
v 50.684242248535156 5 -1.9837274551391602
v 50.684242248535156 0 -1.9837274551391602
v 42.936145782470703 0 -1.9837274551391602
v 50.684242248535156 5 -1.9837274551391602
v 42.936145782470703 5 -1.9837274551391602
v 42.936145782470703 5 -1.9837274551391602
v 50.684242248535156 5 -1.9837274551391602
v 42.936145782470703 5 -5.1241841316223145
v 50.684242248535156 5 -5.1241841316223145
vt 0.5165398120880127 0.20936378836631775
vt 0 0.20936378836631775
vt 0.5165398120880127 0.4172627329826355
vt 0 0.4172627329826355
vt 0 0.67699748277664185
vt 0 0.88636124134063721
vt 0.3318684995174408 0.67699748277664185
vt 0.3318684995174408 0.88636124134063721
vt 0.66666668653488159 0
vt 0.66666668653488159 0.5165398120880127
vt 0.99853515625 0
vt 0.99853515625 0.5165398120880127
vt 0 0.4187275767326355
vt 0 0.62809133529663086
vt 0.3318684995174408 0.4187275767326355
vt 0.3318684995174408 0.62809133529663086
vt 0.3333333432674408 0.4187275767326355
vt 0.3333333432674408 0.93380254507064819
vt 0.66520184278488159 0.4187275767326355
vt 0.66520184278488159 0.93380254507064819
vt 0.5165398120880127 0
vt 0 0
vt 0.5165398120880127 0.20789894461631775
vt 0 0.20789894461631775
vn 0 -1 0
vn 0 -1 0
vn 0 -1 0
vn 0 -1 0
vn -1 0 0
vn -1 0 0
vn -1 0 0
vn -1 0 0
vn 0 0 -1
vn 0 0 -1
vn 0 0 -1
vn 0 0 -1
vn 1 0 0
vn 1 0 0
vn 1 0 0
vn 1 0 0
vn 0 0 1
vn 0 0 1
vn 0 0 1
vn 0 0 1
vn 0 1 0
vn 0 1 0
vn 0 1 0
vn 0 1 0
f 1020/1020/1020 1019/1019/1019 1021/1021/1021 1022/1022/1022
f 1024/1024/1024 1023/1023/1023 1025/1025/1025 1026/1026/1026
f 1028/1028/1028 1027/1027/1027 1029/1029/1029 1030/1030/1030
f 1032/1032/1032 1031/1031/1031 1033/1033/1033 1034/1034/1034
f 1036/1036/1036 1035/1035/1035 1037/1037/1037 1038/1038/1038
f 1040/1040/1040 1042/1042/1042 1041/1041/1041 1039/1039/1039
g Warm_Room
o object_18
v 33.869361877441406 0 -17.048025131225586
v 33.869361877441406 0 -19.618247985839844
v 40.357303619384766 0 -17.048025131225586
v 40.357303619384766 0 -19.618247985839844
v 33.869361877441406 0 -17.048025131225586
v 40.357303619384766 0 -17.048025131225586
v 33.869361877441406 5 -17.048025131225586
v 40.357303619384766 5 -17.048025131225586
v 40.357303619384766 0 -17.048025131225586
v 40.357303619384766 0 -19.618247985839844
v 40.357303619384766 5 -17.048025131225586
v 40.357303619384766 5 -19.618247985839844
v 40.357303619384766 0 -19.618247985839844
v 33.869361877441406 0 -19.618247985839844
v 40.357303619384766 5 -19.618247985839844
v 33.869361877441406 5 -19.618247985839844
v 33.869361877441406 0 -19.618247985839844
v 33.869361877441406 0 -17.048025131225586
v 33.869361877441406 5 -19.618247985839844
v 33.869361877441406 5 -17.048025131225586
v 33.869361877441406 5 -17.048025131225586
v 33.869361877441406 5 -19.618247985839844
v 40.357303619384766 5 -17.048025131225586
v 40.357303619384766 5 -19.618247985839844
vt 0.5 0.58340728282928467
vt 0.5 0.78001934289932251
vt 0.99853515625 0.58340728282928467
vt 0.99853515625 0.78001934289932251
vt 0.49853515625 0.39074209332466125
vt 0 0.39074209332466125
vt 0.49853515625 0.77607244253158569
vt 0 0.77607244253158569
vt 0.94807690382003784 0
vt 0.75 0
vt 0.94807690382003784 0.38386550545692444
vt 0.75 0.38386550545692444
vt 0.49853515625 0
vt 0 0
vt 0.49853515625 0.38533034920692444
vt 0 0.38533034920692444
vt 0.69807690382003784 0
vt 0.5 0
vt 0.69807690382003784 0.38386550545692444
vt 0.5 0.38386550545692444
vt 0.5 0.38533034920692444
vt 0.5 0.58194243907928467
vt 0.99853515625 0.38533034920692444
vt 0.99853515625 0.58194243907928467
vn 0 -1 0
vn 0 -1 0
vn 0 -1 0
vn 0 -1 0
vn 0 0 1
vn 0 0 1
vn 0 0 1
vn 0 0 1
vn 1 0 0
vn 1 0 0
vn 1 0 0
vn 1 0 0
vn 0 0 -1
vn 0 0 -1
vn 0 0 -1
vn 0 0 -1
vn -1 0 0
vn -1 0 0
vn -1 0 0
vn -1 0 0
vn 0 1 0
vn 0 1 0
vn 0 1 0
vn 0 1 0
f 1044/1044/1044 1046/1046/1046 1045/1045/1045 1043/1043/1043
f 1048/1048/1048 1050/1050/1050 1049/1049/1049 1047/1047/1047
f 1052/1052/1052 1054/1054/1054 1053/1053/1053 1051/1051/1051
f 1056/1056/1056 1058/1058/1058 1057/1057/1057 1055/1055/1055
f 1060/1060/1060 1062/1062/1062 1061/1061/1061 1059/1059/1059
f 1064/1064/1064 1063/1063/1063 1065/1065/1065 1066/1066/1066
g Neutral_Room
o object_19
v 16.818889617919922 0 -28.901161193847656
v 16.818889617919922 0 -30.909019470214844
v 24.742969512939453 0 -28.901161193847656
v 24.742969512939453 0 -30.909019470214844
v 16.818889617919922 0 -28.901161193847656
v 24.742969512939453 0 -28.901161193847656
v 16.818889617919922 5 -28.901161193847656
v 24.742969512939453 5 -28.901161193847656
v 24.742969512939453 0 -28.901161193847656
v 24.742969512939453 0 -30.909019470214844
v 24.742969512939453 5 -28.901161193847656
v 24.742969512939453 5 -30.909019470214844
v 24.742969512939453 0 -30.909019470214844
v 16.818889617919922 0 -30.909019470214844
v 24.742969512939453 5 -30.909019470214844
v 16.818889617919922 5 -30.909019470214844
v 16.818889617919922 0 -30.909019470214844
v 16.818889617919922 0 -28.901161193847656
v 16.818889617919922 5 -30.909019470214844
v 16.818889617919922 5 -28.901161193847656
v 16.818889617919922 5 -28.901161193847656
v 16.818889617919922 5 -30.909019470214844
v 24.742969512939453 5 -28.901161193847656
v 24.742969512939453 5 -30.909019470214844
vt 0.99853515625 0
vt 0.84592193365097046 0
vt 0.99853515625 0.6080743670463562
vt 0.84592193365097046 0.6080743670463562
vt 0.30815616250038147 0.38368770480155945
vt 0.30815616250038147 0.99029725790023804
vt 0.69037902355194092 0.38368770480155945
vt 0.69037902355194092 0.99029725790023804
vt 0.30669131875038147 0.38368770480155945
vt 0.15407808125019073 0.38368770480155945
vt 0.30669131875038147 0.7673754096031189
vt 0.15407808125019073 0.7673754096031189
vt 0.6080743670463562 0
vt 0 0
vt 0.6080743670463562 0.38222286105155945
vt 0 0.38222286105155945
vt 0.15261323750019073 0.38368770480155945
vt 0 0.38368770480155945
vt 0.15261323750019073 0.7673754096031189
vt 0 0.7673754096031189
vt 0.84445708990097046 0
vt 0.69184386730194092 0
vt 0.84445708990097046 0.6080743670463562
vt 0.69184386730194092 0.6080743670463562
vn 0 -1 0
vn 0 -1 0
vn 0 -1 0
vn 0 -1 0
vn 0 0 1
vn 0 0 1
vn 0 0 1
vn 0 0 1
vn 1 0 0
vn 1 0 0
vn 1 0 0
vn 1 0 0
vn 0 0 -1
vn 0 0 -1
vn 0 0 -1
vn 0 0 -1
vn -1 0 0
vn -1 0 0
vn -1 0 0
vn -1 0 0
vn 0 1 0
vn 0 1 0
vn 0 1 0
vn 0 1 0
f 1068/1068/1068 1070/1070/1070 1069/1069/1069 1067/1067/1067
f 1072/1072/1072 1074/1074/1074 1073/1073/1073 1071/1071/1071
f 1076/1076/1076 1078/1078/1078 1077/1077/1077 1075/1075/1075
f 1080/1080/1080 1082/1082/1082 1081/1081/1081 1079/1079/1079
f 1084/1084/1084 1086/1086/1086 1085/1085/1085 1083/1083/1083
f 1088/1088/1088 1087/1087/1087 1089/1089/1089 1090/1090/1090
o object_20
v 48.282569885253906 0 -18.113183975219727
v 48.282569885253906 0 -22.280437469482422
v 50.765457153320312 0 -18.113183975219727
v 50.765457153320312 0 -22.280437469482422
v 48.282569885253906 0 -18.113183975219727
v 50.765457153320312 0 -18.113183975219727
v 48.282569885253906 5 -18.113183975219727
v 50.765457153320312 5 -18.113183975219727
v 50.765457153320312 0 -18.113183975219727
v 50.765457153320312 0 -22.280437469482422
v 50.765457153320312 5 -18.113183975219727
v 50.765457153320312 5 -22.280437469482422
v 50.765457153320312 0 -22.280437469482422
v 48.282569885253906 0 -22.280437469482422
v 50.765457153320312 5 -22.280437469482422
v 48.282569885253906 5 -22.280437469482422
v 48.282569885253906 0 -22.280437469482422
v 48.282569885253906 0 -18.113183975219727
v 48.282569885253906 5 -22.280437469482422
v 48.282569885253906 5 -18.113183975219727
v 48.282569885253906 5 -18.113183975219727
v 48.282569885253906 5 -22.280437469482422
v 50.765457153320312 5 -18.113183975219727
v 50.765457153320312 5 -22.280437469482422
vt 0.75 0
vt 0.75 0.41526049375534058
vt 0.99828845262527466 0
vt 0.99828845262527466 0.41526049375534058
vt 0.5 0.66501379013061523
vt 0.5 0.91183739900588989
vt 0.99853515625 0.66501379013061523
vt 0.99853515625 0.91183739900588989
vt 0 0.45665112137794495
vt 0 0.87337648868560791
vt 0.49853515625 0.45665112137794495
vt 0.49853515625 0.87337648868560791
vt 0.5 0.41672533750534058
vt 0.5 0.66354894638061523
vt 0.99853515625 0.41672533750534058
vt 0.99853515625 0.66354894638061523
vt 0 0
vt 0 0.41672533750534058
vt 0.49853515625 0
vt 0.49853515625 0.41672533750534058
vt 0.5 0
vt 0.5 0.41526049375534058
vt 0.74828845262527466 0
vt 0.74828845262527466 0.41526049375534058
vn 0 -1 0
vn 0 -1 0
vn 0 -1 0
vn 0 -1 0
vn 0 0 1
vn 0 0 1
vn 0 0 1
vn 0 0 1
vn 1 0 0
vn 1 0 0
vn 1 0 0
vn 1 0 0
vn 0 0 -1
vn 0 0 -1
vn 0 0 -1
vn 0 0 -1
vn -1 0 0
vn -1 0 0
vn -1 0 0
vn -1 0 0
vn 0 1 0
vn 0 1 0
vn 0 1 0
vn 0 1 0
f 1092/1092/1092 1094/1094/1094 1093/1093/1093 1091/1091/1091
f 1096/1096/1096 1098/1098/1098 1097/1097/1097 1095/1095/1095
f 1100/1100/1100 1102/1102/1102 1101/1101/1101 1099/1099/1099
f 1104/1104/1104 1106/1106/1106 1105/1105/1105 1103/1103/1103
f 1108/1108/1108 1110/1110/1110 1109/1109/1109 1107/1107/1107
f 1112/1112/1112 1111/1111/1111 1113/1113/1113 1114/1114/1114
o object_21
v 16.818889617919922 0 -25.215545654296875
v 16.818889617919922 0 -28.901161193847656
v 20.166976928710938 0 -25.215545654296875
v 20.166976928710938 0 -28.901161193847656
v 16.818889617919922 0 -25.215545654296875
v 20.166976928710938 0 -25.215545654296875
v 16.818889617919922 5 -25.215545654296875
v 20.166976928710938 5 -25.215545654296875
v 20.166976928710938 0 -25.215545654296875
v 20.166976928710938 0 -28.901161193847656
v 20.166976928710938 5 -25.215545654296875
v 20.166976928710938 5 -28.901161193847656
v 20.166976928710938 0 -28.901161193847656
v 16.818889617919922 0 -28.901161193847656
v 20.166976928710938 5 -28.901161193847656
v 16.818889617919922 5 -28.901161193847656
v 16.818889617919922 0 -28.901161193847656
v 16.818889617919922 0 -25.215545654296875
v 16.818889617919922 5 -28.901161193847656
v 16.818889617919922 5 -25.215545654296875
v 16.818889617919922 5 -25.215545654296875
v 16.818889617919922 5 -28.901161193847656
v 20.166976928710938 5 -25.215545654296875
v 20.166976928710938 5 -28.901161193847656
vt 0.99853515625 0.45220845937728882
vt 0.66666668653488159 0.45220845937728882
vt 0.99853515625 0.75501519441604614
vt 0.66666668653488159 0.75501519441604614
vt 0.63614004850387573 0
vt 0.3333333432674408 0
vt 0.63614004850387573 0.45074361562728882
vt 0.3333333432674408 0.45074361562728882
vt 0.66520184278488159 0.45220845937728882
vt 0.3333333432674408 0.45220845937728882
vt 0.66520184278488159 0.90295207500457764
vt 0.3333333432674408 0.90295207500457764
vt 0.30280670523643494 0
vt 0 0
vt 0.30280670523643494 0.45074361562728882
vt 0 0.45074361562728882
vt 0.3318684995174408 0.45220845937728882
vt 0 0.45220845937728882
vt 0.3318684995174408 0.90295207500457764
vt 0 0.90295207500457764
vt 0.99853515625 0
vt 0.66666668653488159 0
vt 0.99853515625 0.30280670523643494
vt 0.66666668653488159 0.30280670523643494
vn 0 -1 0
vn 0 -1 0
vn 0 -1 0
vn 0 -1 0
vn 0 0 1
vn 0 0 1
vn 0 0 1
vn 0 0 1
vn 1 0 0
vn 1 0 0
vn 1 0 0
vn 1 0 0
vn 0 0 -1
vn 0 0 -1
vn 0 0 -1
vn 0 0 -1
vn -1 0 0
vn -1 0 0
vn -1 0 0
vn -1 0 0
vn 0 1 0
vn 0 1 0
vn 0 1 0
vn 0 1 0
f 1116/1116/1116 1118/1118/1118 1117/1117/1117 1115/1115/1115
f 1120/1120/1120 1122/1122/1122 1121/1121/1121 1119/1119/1119
f 1124/1124/1124 1126/1126/1126 1125/1125/1125 1123/1123/1123
f 1128/1128/1128 1130/1130/1130 1129/1129/1129 1127/1127/1127
f 1132/1132/1132 1134/1134/1134 1133/1133/1133 1131/1131/1131
f 1136/1136/1136 1135/1135/1135 1137/1137/1137 1138/1138/1138
g Hot_Room
o object_22
v 0.45177271962165833 0 -18.683292388916016
v 0.45177271962165833 0 -25.215545654296875
v 3.7996742725372314 0 -18.683292388916016
v 3.7996742725372314 0 -25.215545654296875
v 0.45177271962165833 0 -18.683292388916016
v 3.7996742725372314 0 -18.683292388916016
v 0.45177271962165833 5 -18.683292388916016
v 3.7996742725372314 5 -18.683292388916016
v 3.7996742725372314 0 -18.683292388916016
v 3.7996742725372314 0 -25.215545654296875
v 3.7996742725372314 5 -18.683292388916016
v 3.7996742725372314 5 -25.215545654296875
v 3.7996742725372314 0 -25.215545654296875
v 0.45177271962165833 0 -25.215545654296875
v 3.7996742725372314 5 -25.215545654296875
v 0.45177271962165833 5 -25.215545654296875
v 0.45177271962165833 0 -25.215545654296875
v 0.45177271962165833 0 -18.683292388916016
v 0.45177271962165833 5 -25.215545654296875
v 0.45177271962165833 5 -18.683292388916016
v 0.45177271962165833 5 -18.683292388916016
v 0.45177271962165833 5 -25.215545654296875
v 3.7996742725372314 5 -18.683292388916016
v 3.7996742725372314 5 -25.215545654296875
vt 0.74690902233123779 0.37798446416854858
vt 0.74690902233123779 0.87033772468566895
vt 0.99853515625 0.37798446416854858
vt 0.99853515625 0.87033772468566895
vt 0.99853515625 0
vt 0.74690902233123779 0
vt 0.99853515625 0.37651962041854858
vt 0.74690902233123779 0.37651962041854858
vt 0.49235323071479797 0.43590128421783447
vt 0 0.43590128421783447
vt 0.49235323071479797 0.81388574838638306
vt 0 0.81388574838638306
vt 0.74544417858123779 0
vt 0.49381807446479797 0
vt 0.74544417858123779 0.37651962041854858
vt 0.49381807446479797 0.37651962041854858
vt 0.49235323071479797 0
vt 0 0
vt 0.49235323071479797 0.37798446416854858
vt 0 0.37798446416854858
vt 0.49381807446479797 0.37798446416854858
vt 0.49381807446479797 0.87033772468566895
vt 0.74544417858123779 0.37798446416854858
vt 0.74544417858123779 0.87033772468566895
vn 0 -1 0
vn 0 -1 0
vn 0 -1 0
vn 0 -1 0
vn 0 0 1
vn 0 0 1
vn 0 0 1
vn 0 0 1
vn 1 0 0
vn 1 0 0
vn 1 0 0
vn 1 0 0
vn 0 0 -1
vn 0 0 -1
vn 0 0 -1
vn 0 0 -1
vn -1 0 0
vn -1 0 0
vn -1 0 0
vn -1 0 0
vn 0 1 0
vn 0 1 0
vn 0 1 0
vn 0 1 0
f 1140/1140/1140 1142/1142/1142 1141/1141/1141 1139/1139/1139
f 1144/1144/1144 1146/1146/1146 1145/1145/1145 1143/1143/1143
f 1148/1148/1148 1150/1150/1150 1149/1149/1149 1147/1147/1147
f 1152/1152/1152 1154/1154/1154 1153/1153/1153 1151/1151/1151
f 1156/1156/1156 1158/1158/1158 1157/1157/1157 1155/1155/1155
f 1160/1160/1160 1159/1159/1159 1161/1161/1161 1162/1162/1162
g Neutral_Room
o object_23
v 3.7996742725372314 0 -22.09272575378418
v 3.7996742725372314 0 -25.215545654296875
v 12.005919456481934 0 -22.09272575378418
v 12.005919456481934 0 -25.215545654296875
v 3.7996742725372314 0 -22.09272575378418
v 12.005919456481934 0 -22.09272575378418
v 3.7996742725372314 5 -22.09272575378418
v 12.005919456481934 5 -22.09272575378418
v 12.005919456481934 0 -22.09272575378418
v 12.005919456481934 0 -25.215545654296875
v 12.005919456481934 5 -22.09272575378418
v 12.005919456481934 5 -25.215545654296875
v 12.005919456481934 0 -25.215545654296875
v 3.7996742725372314 0 -25.215545654296875
v 12.005919456481934 5 -25.215545654296875
v 3.7996742725372314 5 -25.215545654296875
v 3.7996742725372314 0 -25.215545654296875
v 3.7996742725372314 0 -22.09272575378418
v 3.7996742725372314 5 -25.215545654296875
v 3.7996742725372314 5 -22.09272575378418
v 3.7996742725372314 5 -22.09272575378418
v 3.7996742725372314 5 -25.215545654296875
v 12.005919456481934 5 -22.09272575378418
v 12.005919456481934 5 -25.215545654296875
vt 0 0.20818799734115601
vt 0 0.41491115093231201
vt 0.54708302021026611 0.20818799734115601
vt 0.54708302021026611 0.41491115093231201
vt 0.66666668653488159 0
vt 0.66666668653488159 0.54708302021026611
vt 0.99853515625 0
vt 0.99853515625 0.54708302021026611
vt 0 0.68991750478744507
vt 0 0.89810550212860107
vt 0.3318684995174408 0.68991750478744507
vt 0.3318684995174408 0.89810550212860107
vt 0.3333333432674408 0.41637599468231201
vt 0.3333333432674408 0.96199417114257812
vt 0.66520184278488159 0.41637599468231201
vt 0.66520184278488159 0.96199417114257812
vt 0 0.41637599468231201
vt 0 0.62456399202346802
vt 0.3318684995174408 0.41637599468231201
vt 0.3318684995174408 0.62456399202346802
vt 0 0
vt 0 0.20672315359115601
vt 0.54708302021026611 0
vt 0.54708302021026611 0.20672315359115601
vn 0 -1 0
vn 0 -1 0
vn 0 -1 0
vn 0 -1 0
vn 0 0 1
vn 0 0 1
vn 0 0 1
vn 0 0 1
vn 1 0 0
vn 1 0 0
vn 1 0 0
vn 1 0 0
vn 0 0 -1
vn 0 0 -1
vn 0 0 -1
vn 0 0 -1
vn -1 0 0
vn -1 0 0
vn -1 0 0
vn -1 0 0
vn 0 1 0
vn 0 1 0
vn 0 1 0
vn 0 1 0
f 1164/1164/1164 1166/1166/1166 1165/1165/1165 1163/1163/1163
f 1168/1168/1168 1170/1170/1170 1169/1169/1169 1167/1167/1167
f 1172/1172/1172 1174/1174/1174 1173/1173/1173 1171/1171/1171
f 1176/1176/1176 1178/1178/1178 1177/1177/1177 1175/1175/1175
f 1180/1180/1180 1182/1182/1182 1181/1181/1181 1179/1179/1179
f 1184/1184/1184 1183/1183/1183 1185/1185/1185 1186/1186/1186
o object_24
v 3.7996742725372314 0 -18.683292388916016
v 3.7996742725372314 0 -22.09272575378418
v 12.005919456481934 0 -18.683292388916016
v 12.005919456481934 0 -22.09272575378418
v 3.7996742725372314 0 -18.683292388916016
v 12.005919456481934 0 -18.683292388916016
v 3.7996742725372314 5 -18.683292388916016
v 12.005919456481934 5 -18.683292388916016
v 12.005919456481934 0 -18.683292388916016
v 12.005919456481934 0 -22.09272575378418
v 12.005919456481934 5 -18.683292388916016
v 12.005919456481934 5 -22.09272575378418
v 12.005919456481934 0 -22.09272575378418
v 3.7996742725372314 0 -22.09272575378418
v 12.005919456481934 5 -22.09272575378418
v 3.7996742725372314 5 -22.09272575378418
v 3.7996742725372314 0 -22.09272575378418
v 3.7996742725372314 0 -18.683292388916016
v 3.7996742725372314 5 -22.09272575378418
v 3.7996742725372314 5 -18.683292388916016
v 3.7996742725372314 5 -18.683292388916016
v 3.7996742725372314 5 -22.09272575378418
v 12.005919456481934 5 -18.683292388916016
v 12.005919456481934 5 -22.09272575378418
vt 0 0.22691568732261658
vt 0 0.45236653089523315
vt 0.54616862535476685 0.22691568732261658
vt 0.54616862535476685 0.45236653089523315
vt 0.66555237770080566 0
vt 0.66555237770080566 0.54616862535476685
vt 0.99686378240585327 0
vt 0.99686378240585327 0.54616862535476685
vt 0 0.72691565752029419
vt 0 0.95383137464523315
vt 0.33131134510040283 0.72691565752029419
vt 0.33131134510040283 0.95383137464523315
vt 0.33277618885040283 0.45383137464523315
vt 0.33277618885040283 0.99853515625
vt 0.66408753395080566 0.45383137464523315
vt 0.66408753395080566 0.99853515625
vt 0 0.45383137464523315
vt 0 0.68074703216552734
vt 0.33131134510040283 0.45383137464523315
vt 0.33131134510040283 0.68074703216552734
vt 0 0
vt 0 0.22545084357261658
vt 0.54616862535476685 0
vt 0.54616862535476685 0.22545084357261658
vn 0 -1 0
vn 0 -1 0
vn 0 -1 0
vn 0 -1 0
vn 0 0 1
vn 0 0 1
vn 0 0 1
vn 0 0 1
vn 1 0 0
vn 1 0 0
vn 1 0 0
vn 1 0 0
vn 0 0 -1
vn 0 0 -1
vn 0 0 -1
vn 0 0 -1
vn -1 0 0
vn -1 0 0
vn -1 0 0
vn -1 0 0
vn 0 1 0
vn 0 1 0
vn 0 1 0
vn 0 1 0
f 1188/1188/1188 1190/1190/1190 1189/1189/1189 1187/1187/1187
f 1192/1192/1192 1194/1194/1194 1193/1193/1193 1191/1191/1191
f 1196/1196/1196 1198/1198/1198 1197/1197/1197 1195/1195/1195
f 1200/1200/1200 1202/1202/1202 1201/1201/1201 1199/1199/1199
f 1204/1204/1204 1206/1206/1206 1205/1205/1205 1203/1203/1203
f 1208/1208/1208 1207/1207/1207 1209/1209/1209 1210/1210/1210
g Hot_Room
o object_25
v 12.005919456481934 0 -18.683292388916016
v 12.005919456481934 0 -25.215545654296875
v 15.327425956726074 0 -18.683292388916016
v 15.327425956726074 0 -25.215545654296875
v 12.005919456481934 0 -18.683292388916016
v 15.327425956726074 0 -18.683292388916016
v 12.005919456481934 5 -18.683292388916016
v 15.327425956726074 5 -18.683292388916016
v 15.327425956726074 0 -18.683292388916016
v 15.327425956726074 0 -25.215545654296875
v 15.327425956726074 5 -18.683292388916016
v 15.327425956726074 5 -25.215545654296875
v 15.327425956726074 0 -25.215545654296875
v 12.005919456481934 0 -25.215545654296875
v 15.327425956726074 5 -25.215545654296875
v 12.005919456481934 5 -25.215545654296875
v 12.005919456481934 0 -25.215545654296875
v 12.005919456481934 0 -18.683292388916016
v 12.005919456481934 5 -25.215545654296875
v 12.005919456481934 5 -18.683292388916016
v 12.005919456481934 5 -18.683292388916016
v 12.005919456481934 5 -25.215545654296875
v 15.327425956726074 5 -18.683292388916016
v 15.327425956726074 5 -25.215545654296875
vt 0.74789834022521973 0.37949898838996887
vt 0.74789834022521973 0.87383085489273071
vt 0.99853515625 0.37949898838996887
vt 0.99853515625 0.87383085489273071
vt 0.99853515625 0
vt 0.74789834022521973 0
vt 0.99853515625 0.37803414463996887
vt 0.74789834022521973 0.37803414463996887
vt 0.49433186650276184 0.43764784932136536
vt 0 0.43764784932136536
vt 0.49433186650276184 0.81714683771133423
vt 0 0.81714683771133423
vt 0.74643349647521973 0
vt 0.49579671025276184 0
vt 0.74643349647521973 0.37803414463996887
vt 0.49579671025276184 0.37803414463996887
vt 0.49433186650276184 0
vt 0 0
vt 0.49433186650276184 0.37949898838996887
vt 0 0.37949898838996887
vt 0.49579671025276184 0.37949898838996887
vt 0.49579671025276184 0.87383085489273071
vt 0.74643349647521973 0.37949898838996887
vt 0.74643349647521973 0.87383085489273071
vn 0 -1 0
vn 0 -1 0
vn 0 -1 0
vn 0 -1 0
vn 0 0 1
vn 0 0 1
vn 0 0 1
vn 0 0 1
vn 1 0 0
vn 1 0 0
vn 1 0 0
vn 1 0 0
vn 0 0 -1
vn 0 0 -1
vn 0 0 -1
vn 0 0 -1
vn -1 0 0
vn -1 0 0
vn -1 0 0
vn -1 0 0
vn 0 1 0
vn 0 1 0
vn 0 1 0
vn 0 1 0
f 1212/1212/1212 1214/1214/1214 1213/1213/1213 1211/1211/1211
f 1216/1216/1216 1218/1218/1218 1217/1217/1217 1215/1215/1215
f 1220/1220/1220 1222/1222/1222 1221/1221/1221 1219/1219/1219
f 1224/1224/1224 1226/1226/1226 1225/1225/1225 1223/1223/1223
f 1228/1228/1228 1230/1230/1230 1229/1229/1229 1227/1227/1227
f 1232/1232/1232 1231/1231/1231 1233/1233/1233 1234/1234/1234
o object_26
v 18.490537643432617 0 -17.368026733398438
v 18.490537643432617 0 -20.773820877075195
v 25.767011642456055 0 -17.368026733398438
v 25.767011642456055 0 -20.773820877075195
v 18.490537643432617 0 -17.368026733398438
v 25.767011642456055 0 -17.368026733398438
v 18.490537643432617 5 -17.368026733398438
v 25.767011642456055 5 -17.368026733398438
v 25.767011642456055 0 -17.368026733398438
v 25.767011642456055 0 -20.773820877075195
v 25.767011642456055 5 -17.368026733398438
v 25.767011642456055 5 -20.773820877075195
v 25.767011642456055 0 -20.773820877075195
v 18.490537643432617 0 -20.773820877075195
v 25.767011642456055 5 -20.773820877075195
v 18.490537643432617 5 -20.773820877075195
v 18.490537643432617 0 -20.773820877075195
v 18.490537643432617 0 -17.368026733398438
v 18.490537643432617 5 -20.773820877075195
v 18.490537643432617 5 -17.368026733398438
v 18.490537643432617 5 -17.368026733398438
v 18.490537643432617 5 -20.773820877075195
v 25.767011642456055 5 -17.368026733398438
v 25.767011642456055 5 -20.773820877075195
vt 0 0.22705292701721191
vt 0 0.45264101028442383
vt 0.48509824275970459 0.22705292701721191
vt 0.48509824275970459 0.45264101028442383
vt 0.66666668653488159 0
vt 0.66666668653488159 0.48509824275970459
vt 0.99853515625 0
vt 0.99853515625 0.48509824275970459
vt 0 0.69665497541427612
vt 0 0.92370790243148804
vt 0.3318684995174408 0.69665497541427612
vt 0.3318684995174408 0.92370790243148804
vt 0.3333333432674408 0.45410585403442383
vt 0.3333333432674408 0.93773925304412842
vt 0.66520184278488159 0.45410585403442383
vt 0.66520184278488159 0.93773925304412842
vt 0 0.45410585403442383
vt 0 0.68115878105163574
vt 0.3318684995174408 0.45410585403442383
vt 0.3318684995174408 0.68115878105163574
vt 0 0
vt 0 0.22558808326721191
vt 0.48509824275970459 0
vt 0.48509824275970459 0.22558808326721191
vn 0 -1 0
vn 0 -1 0
vn 0 -1 0
vn 0 -1 0
vn 0 0 1
vn 0 0 1
vn 0 0 1
vn 0 0 1
vn 1 0 0
vn 1 0 0
vn 1 0 0
vn 1 0 0
vn 0 0 -1
vn 0 0 -1
vn 0 0 -1
vn 0 0 -1
vn -1 0 0
vn -1 0 0
vn -1 0 0
vn -1 0 0
vn 0 1 0
vn 0 1 0
vn 0 1 0
vn 0 1 0
f 1236/1236/1236 1238/1238/1238 1237/1237/1237 1235/1235/1235
f 1240/1240/1240 1242/1242/1242 1241/1241/1241 1239/1239/1239
f 1244/1244/1244 1246/1246/1246 1245/1245/1245 1243/1243/1243
f 1248/1248/1248 1250/1250/1250 1249/1249/1249 1247/1247/1247
f 1252/1252/1252 1254/1254/1254 1253/1253/1253 1251/1251/1251
f 1256/1256/1256 1255/1255/1255 1257/1257/1257 1258/1258/1258
g Warm_Room
o object_27
v 29.188344955444336 0 -14.73155689239502
v 29.188344955444336 0 -19.934385299682617
v 31.77104377746582 0 -14.73155689239502
v 31.77104377746582 0 -19.934385299682617
v 29.188344955444336 0 -14.73155689239502
v 31.77104377746582 0 -14.73155689239502
v 29.188344955444336 5 -14.73155689239502
v 31.77104377746582 5 -14.73155689239502
v 31.77104377746582 0 -14.73155689239502
v 31.77104377746582 0 -19.934385299682617
v 31.77104377746582 5 -14.73155689239502
v 31.77104377746582 5 -19.934385299682617
v 31.77104377746582 0 -19.934385299682617
v 29.188344955444336 0 -19.934385299682617
v 31.77104377746582 5 -19.934385299682617
v 29.188344955444336 5 -19.934385299682617
v 29.188344955444336 0 -19.934385299682617
v 29.188344955444336 0 -14.73155689239502
v 29.188344955444336 5 -19.934385299682617
v 29.188344955444336 5 -14.73155689239502
v 29.188344955444336 5 -14.73155689239502
v 29.188344955444336 5 -19.934385299682617
v 31.77104377746582 5 -14.73155689239502
v 31.77104377746582 5 -19.934385299682617
vt 0.99853515625 0.72870928049087524
vt 0.5 0.72870928049087524
vt 0.99853515625 0.97544592618942261
vt 0.5 0.97544592618942261
vt 0.99820142984390259 0
vt 0.75 0
vt 0.99820142984390259 0.47904303669929504
vt 0.75 0.47904303669929504
vt 0.49853515625 0.4884553849697113
vt 0 0.4884553849697113
vt 0.49853515625 0.96896326541900635
vt 0 0.96896326541900635
vt 0.74820142984390259 0
vt 0.5 0
vt 0.74820142984390259 0.47904303669929504
vt 0.5 0.47904303669929504
vt 0.49853515625 0
vt 0 0
vt 0.49853515625 0.48050788044929504
vt 0 0.48050788044929504
vt 0.99853515625 0.48050788044929504
vt 0.5 0.48050788044929504
vt 0.99853515625 0.72724443674087524
vt 0.5 0.72724443674087524
vn 0 -1 0
vn 0 -1 0
vn 0 -1 0
vn 0 -1 0
vn 0 0 1
vn 0 0 1
vn 0 0 1
vn 0 0 1
vn 1 0 0
vn 1 0 0
vn 1 0 0
vn 1 0 0
vn 0 0 -1
vn 0 0 -1
vn 0 0 -1
vn 0 0 -1
vn -1 0 0
vn -1 0 0
vn -1 0 0
vn -1 0 0
vn 0 1 0
vn 0 1 0
vn 0 1 0
vn 0 1 0
f 1260/1260/1260 1262/1262/1262 1261/1261/1261 1259/1259/1259
f 1264/1264/1264 1266/1266/1266 1265/1265/1265 1263/1263/1263
f 1268/1268/1268 1270/1270/1270 1269/1269/1269 1267/1267/1267
f 1272/1272/1272 1274/1274/1274 1273/1273/1273 1271/1271/1271
f 1276/1276/1276 1278/1278/1278 1277/1277/1277 1275/1275/1275
f 1280/1280/1280 1279/1279/1279 1281/1281/1281 1282/1282/1282
g Neutral_Room
o object_28
v 46.716617584228516 0 -6.9240264892578125
v 46.716617584228516 0 -12.675834655761719
v 50.684242248535156 0 -6.9240264892578125
v 50.684242248535156 0 -12.675834655761719
v 46.716617584228516 0 -6.9240264892578125
v 50.684242248535156 0 -6.9240264892578125
v 46.716617584228516 5 -6.9240264892578125
v 50.684242248535156 5 -6.9240264892578125
v 50.684242248535156 0 -6.9240264892578125
v 50.684242248535156 0 -12.675834655761719
v 50.684242248535156 5 -6.9240264892578125
v 50.684242248535156 5 -12.675834655761719
v 50.684242248535156 0 -12.675834655761719
v 46.716617584228516 0 -12.675834655761719
v 50.684242248535156 5 -12.675834655761719
v 46.716617584228516 5 -12.675834655761719
v 46.716617584228516 0 -12.675834655761719
v 46.716617584228516 0 -6.9240264892578125
v 46.716617584228516 5 -12.675834655761719
v 46.716617584228516 5 -6.9240264892578125
v 46.716617584228516 5 -6.9240264892578125
v 46.716617584228516 5 -12.675834655761719
v 50.684242248535156 5 -6.9240264892578125
v 50.684242248535156 5 -12.675834655761719
vt 0.68111127614974976 0.56930762529373169
vt 0.31742388010025024 0.56930762529373169
vt 0.68111127614974976 0.81972652673721313
vt 0.31742388010025024 0.81972652673721313
vt 0.68257611989974976 0.41059568524360657
vt 0.68257611989974976 0.6624794602394104
vt 0.99853515625 0.41059568524360657
vt 0.99853515625 0.6624794602394104
vt 0 0.31742388010025024
vt 0 0.68257611989974976
vt 0.31595903635025024 0.31742388010025024
vt 0.31595903635025024 0.68257611989974976
vt 0.68257611989974976 0
vt 0.68257611989974976 0.25188374519348145
vt 0.99853515625 0
vt 0.99853515625 0.25188374519348145
vt 0.36515223979949951 0
vt 0 0
vt 0.36515223979949951 0.31595903635025024
vt 0 0.31595903635025024
vt 0.68111127614974976 0.31742388010025024
vt 0.31742388010025024 0.31742388010025024
vt 0.68111127614974976 0.56784278154373169
vt 0.31742388010025024 0.56784278154373169
vn 0 -1 0
vn 0 -1 0
vn 0 -1 0
vn 0 -1 0
vn 0 0 1
vn 0 0 1
vn 0 0 1
vn 0 0 1
vn 1 0 0
vn 1 0 0
vn 1 0 0
vn 1 0 0
vn 0 0 -1
vn 0 0 -1
vn 0 0 -1
vn 0 0 -1
vn -1 0 0
vn -1 0 0
vn -1 0 0
vn -1 0 0
vn 0 1 0
vn 0 1 0
vn 0 1 0
vn 0 1 0
f 1284/1284/1284 1286/1286/1286 1285/1285/1285 1283/1283/1283
f 1288/1288/1288 1290/1290/1290 1289/1289/1289 1287/1287/1287
f 1292/1292/1292 1294/1294/1294 1293/1293/1293 1291/1291/1291
f 1296/1296/1296 1298/1298/1298 1297/1297/1297 1295/1295/1295
f 1300/1300/1300 1302/1302/1302 1301/1301/1301 1299/1299/1299
f 1304/1304/1304 1303/1303/1303 1305/1305/1305 1306/1306/1306
g Warm_Room
o object_29
v 37.70281982421875 0 -7.8992199897766113
v 37.70281982421875 0 -14.699079513549805
v 41.171371459960938 0 -7.8992199897766113
v 41.171371459960938 0 -14.699079513549805
v 37.70281982421875 0 -7.8992199897766113
v 41.171371459960938 0 -7.8992199897766113
v 37.70281982421875 5 -7.8992199897766113
v 41.171371459960938 5 -7.8992199897766113
v 41.171371459960938 0 -7.8992199897766113
v 41.171371459960938 0 -14.699079513549805
v 41.171371459960938 5 -7.8992199897766113
v 41.171371459960938 5 -14.699079513549805
v 41.171371459960938 0 -14.699079513549805
v 37.70281982421875 0 -14.699079513549805
v 41.171371459960938 5 -14.699079513549805
v 37.70281982421875 5 -14.699079513549805
v 37.70281982421875 0 -14.699079513549805
v 37.70281982421875 0 -7.8992199897766113
v 37.70281982421875 5 -14.699079513549805
v 37.70281982421875 5 -7.8992199897766113
v 37.70281982421875 5 -7.8992199897766113
v 37.70281982421875 5 -14.699079513549805
v 41.171371459960938 5 -7.8992199897766113
v 41.171371459960938 5 -14.699079513549805
vt 0.3333333432674408 0
vt 0.3333333432674408 0.45185914635658264
vt 0.56457012891769409 0
vt 0.56457012891769409 0.45185914635658264
vt 0.66666668653488159 0.45332399010658264
vt 0.66666668653488159 0.68456077575683594
vt 0.99853515625 0.45332399010658264
vt 0.99853515625 0.68456077575683594
vt 0.3333333432674408 0.45332399010658264
vt 0.3333333432674408 0.90518313646316528
vt 0.66520184278488159 0.45332399010658264
vt 0.66520184278488159 0.90518313646316528
vt 0.66666668653488159 0
vt 0.66666668653488159 0.23123681545257568
vt 0.99853515625 0
vt 0.99853515625 0.23123681545257568
vt 0 0.45332399010658264
vt 0 0.90518313646316528
vt 0.3318684995174408 0.45332399010658264
vt 0.3318684995174408 0.90518313646316528
vt 0 0
vt 0 0.45185914635658264
vt 0.23123681545257568 0
vt 0.23123681545257568 0.45185914635658264
vn 0 -1 0
vn 0 -1 0
vn 0 -1 0
vn 0 -1 0
vn 0 0 1
vn 0 0 1
vn 0 0 1
vn 0 0 1
vn 1 0 0
vn 1 0 0
vn 1 0 0
vn 1 0 0
vn 0 0 -1
vn 0 0 -1
vn 0 0 -1
vn 0 0 -1
vn -1 0 0
vn -1 0 0
vn -1 0 0
vn -1 0 0
vn 0 1 0
vn 0 1 0
vn 0 1 0
vn 0 1 0
f 1308/1308/1308 1310/1310/1310 1309/1309/1309 1307/1307/1307
f 1312/1312/1312 1314/1314/1314 1313/1313/1313 1311/1311/1311
f 1316/1316/1316 1318/1318/1318 1317/1317/1317 1315/1315/1315
f 1320/1320/1320 1322/1322/1322 1321/1321/1321 1319/1319/1319
f 1324/1324/1324 1326/1326/1326 1325/1325/1325 1323/1323/1323
f 1328/1328/1328 1327/1327/1327 1329/1329/1329 1330/1330/1330
o object_30
v 27.589242935180664 0 -8.5337905883789062
v 27.589242935180664 0 -11.151299476623535
v 33.056705474853516 0 -8.5337905883789062
v 33.056705474853516 0 -11.151299476623535
v 27.589242935180664 0 -8.5337905883789062
v 33.056705474853516 0 -8.5337905883789062
v 27.589242935180664 5 -8.5337905883789062
v 33.056705474853516 5 -8.5337905883789062
v 33.056705474853516 0 -8.5337905883789062
v 33.056705474853516 0 -11.151299476623535
v 33.056705474853516 5 -8.5337905883789062
v 33.056705474853516 5 -11.151299476623535
v 33.056705474853516 0 -11.151299476623535
v 27.589242935180664 0 -11.151299476623535
v 33.056705474853516 5 -11.151299476623535
v 27.589242935180664 5 -11.151299476623535
v 27.589242935180664 0 -11.151299476623535
v 27.589242935180664 0 -8.5337905883789062
v 27.589242935180664 5 -11.151299476623535
v 27.589242935180664 5 -8.5337905883789062
v 27.589242935180664 5 -8.5337905883789062
v 27.589242935180664 5 -11.151299476623535
v 33.056705474853516 5 -8.5337905883789062
v 33.056705474853516 5 -11.151299476623535
vt 0.5 0.69662213325500488
vt 0.5 0.93452882766723633
vt 0.99853515625 0.69662213325500488
vt 0.99853515625 0.93452882766723633
vt 0.49853515625 0.46799683570861816
vt 0 0.46799683570861816
vt 0.49853515625 0.9252474308013916
vt 0 0.9252474308013916
vt 0.98937153816223145 0
vt 0.75 0
vt 0.98937153816223145 0.45578575134277344
vt 0.75 0.45578575134277344
vt 0.49853515625 0
vt 0 0
vt 0.49853515625 0.45725059509277344
vt 0 0.45725059509277344
vt 0.73937153816223145 0
vt 0.5 0
vt 0.73937153816223145 0.45578575134277344
vt 0.5 0.45578575134277344
vt 0.5 0.45725059509277344
vt 0.5 0.69515728950500488
vt 0.99853515625 0.45725059509277344
vt 0.99853515625 0.69515728950500488
vn 0 -1 0
vn 0 -1 0
vn 0 -1 0
vn 0 -1 0
vn 0 0 1
vn 0 0 1
vn 0 0 1
vn 0 0 1
vn 1 0 0
vn 1 0 0
vn 1 0 0
vn 1 0 0
vn 0 0 -1
vn 0 0 -1
vn 0 0 -1
vn 0 0 -1
vn -1 0 0
vn -1 0 0
vn -1 0 0
vn -1 0 0
vn 0 1 0
vn 0 1 0
vn 0 1 0
vn 0 1 0
f 1332/1332/1332 1334/1334/1334 1333/1333/1333 1331/1331/1331
f 1336/1336/1336 1338/1338/1338 1337/1337/1337 1335/1335/1335
f 1340/1340/1340 1342/1342/1342 1341/1341/1341 1339/1339/1339
f 1344/1344/1344 1346/1346/1346 1345/1345/1345 1343/1343/1343
f 1348/1348/1348 1350/1350/1350 1349/1349/1349 1347/1347/1347
f 1352/1352/1352 1351/1351/1351 1353/1353/1353 1354/1354/1354
g Hot_Room
o object_31
v 20.797868728637695 0 -7.9880547523498535
v 20.797868728637695 0 -15.628352165222168
v 24.203662872314453 0 -7.9880547523498535
v 24.203662872314453 0 -15.628352165222168
v 20.797868728637695 0 -7.9880547523498535
v 24.203662872314453 0 -7.9880547523498535
v 20.797868728637695 5 -7.9880547523498535
v 24.203662872314453 5 -7.9880547523498535
v 24.203662872314453 0 -7.9880547523498535
v 24.203662872314453 0 -15.628352165222168
v 24.203662872314453 5 -7.9880547523498535
v 24.203662872314453 5 -15.628352165222168
v 24.203662872314453 0 -15.628352165222168
v 20.797868728637695 0 -15.628352165222168
v 24.203662872314453 5 -15.628352165222168
v 20.797868728637695 5 -15.628352165222168
v 20.797868728637695 0 -15.628352165222168
v 20.797868728637695 0 -7.9880547523498535
v 20.797868728637695 5 -15.628352165222168
v 20.797868728637695 5 -7.9880547523498535
v 20.797868728637695 5 -7.9880547523498535
v 20.797868728637695 5 -15.628352165222168
v 24.203662872314453 5 -7.9880547523498535
v 24.203662872314453 5 -15.628352165222168
vt 0.5093531608581543 0.22705292701721191
vt 0 0.22705292701721191
vt 0.5093531608581543 0.45264101028442383
vt 0 0.45264101028442383
vt 0 0.70878243446350098
vt 0 0.93583536148071289
vt 0.3318684995174408 0.70878243446350098
vt 0.3318684995174408 0.93583536148071289
vt 0.66666668653488159 0
vt 0.66666668653488159 0.5093531608581543
vt 0.99853515625 0
vt 0.99853515625 0.5093531608581543
vt 0 0.45410585403442383
vt 0 0.68115878105163574
vt 0.3318684995174408 0.45410585403442383
vt 0.3318684995174408 0.68115878105163574
vt 0.3333333432674408 0.45410585403442383
vt 0.3333333432674408 0.96199417114257812
vt 0.66520184278488159 0.45410585403442383
vt 0.66520184278488159 0.96199417114257812
vt 0.5093531608581543 0
vt 0 0
vt 0.5093531608581543 0.22558808326721191
vt 0 0.22558808326721191
vn 0 -1 0
vn 0 -1 0
vn 0 -1 0
vn 0 -1 0
vn 0 0 1
vn 0 0 1
vn 0 0 1
vn 0 0 1
vn 1 0 0
vn 1 0 0
vn 1 0 0
vn 1 0 0
vn 0 0 -1
vn 0 0 -1
vn 0 0 -1
vn 0 0 -1
vn -1 0 0
vn -1 0 0
vn -1 0 0
vn -1 0 0
vn 0 1 0
vn 0 1 0
vn 0 1 0
vn 0 1 0
f 1356/1356/1356 1358/1358/1358 1357/1357/1357 1355/1355/1355
f 1360/1360/1360 1362/1362/1362 1361/1361/1361 1359/1359/1359
f 1364/1364/1364 1366/1366/1366 1365/1365/1365 1363/1363/1363
f 1368/1368/1368 1370/1370/1370 1369/1369/1369 1367/1367/1367
f 1372/1372/1372 1374/1374/1374 1373/1373/1373 1371/1371/1371
f 1376/1376/1376 1375/1375/1375 1377/1377/1377 1378/1378/1378
g Cold_Room
o object_32
v 33.091537475585938 0 -1.9837274551391602
v 37.679756164550781 0 -1.9837274551391602
v 33.091537475585938 0 -5.9024887084960938
v 37.679756164550781 0 -5.9024887084960938
v 33.091537475585938 0 -1.9837274551391602
v 33.091537475585938 0 -5.9024887084960938
v 33.091537475585938 5 -1.9837274551391602
v 33.091537475585938 5 -5.9024887084960938
v 33.091537475585938 0 -5.9024887084960938
v 37.679756164550781 0 -5.9024887084960938
v 33.091537475585938 5 -5.9024887084960938
v 37.679756164550781 5 -5.9024887084960938
v 37.679756164550781 0 -5.9024887084960938
v 37.679756164550781 0 -1.9837274551391602
v 37.679756164550781 5 -5.9024887084960938
v 37.679756164550781 5 -1.9837274551391602
v 37.679756164550781 0 -1.9837274551391602
v 33.091537475585938 0 -1.9837274551391602
v 37.679756164550781 5 -1.9837274551391602
v 33.091537475585938 5 -1.9837274551391602
v 33.091537475585938 5 -1.9837274551391602
v 37.679756164550781 5 -1.9837274551391602
v 33.091537475585938 5 -5.9024887084960938
v 37.679756164550781 5 -5.9024887084960938
vt 0.99853515625 0.438253253698349
vt 0.67634892463684082 0.438253253698349
vt 0.99853515625 0.71468096971511841
vt 0.67634892463684082 0.71468096971511841
vt 0.32365110516548157 0.60007882118225098
vt 0.32365110516548157 0.875041663646698
vt 0.67488408088684082 0.60007882118225098
vt 0.67488408088684082 0.875041663646698
vt 0.32218626141548157 0.32365110516548157
vt 0 0.32365110516548157
vt 0.32218626141548157 0.67634892463684082
vt 0 0.67634892463684082
vt 0.32365110516548157 0.32365110516548157
vt 0.32365110516548157 0.59861397743225098
vt 0.67488408088684082 0.32365110516548157
vt 0.67488408088684082 0.59861397743225098
vt 0 0
vt 0 0.32218626141548157
vt 0.35269781947135925 0
vt 0.35269781947135925 0.32218626141548157
vt 0.99853515625 0
vt 0.67634892463684082 0
vt 0.99853515625 0.27642768621444702
vt 0.67634892463684082 0.27642768621444702
vn 0 -1 0
vn 0 -1 0
vn 0 -1 0
vn 0 -1 0
vn -1 0 0
vn -1 0 0
vn -1 0 0
vn -1 0 0
vn 0 0 -1
vn 0 0 -1
vn 0 0 -1
vn 0 0 -1
vn 1 0 0
vn 1 0 0
vn 1 0 0
vn 1 0 0
vn 0 0 1
vn 0 0 1
vn 0 0 1
vn 0 0 1
vn 0 1 0
vn 0 1 0
vn 0 1 0
vn 0 1 0
f 1380/1380/1380 1379/1379/1379 1381/1381/1381 1382/1382/1382
f 1384/1384/1384 1383/1383/1383 1385/1385/1385 1386/1386/1386
f 1388/1388/1388 1387/1387/1387 1389/1389/1389 1390/1390/1390
f 1392/1392/1392 1391/1391/1391 1393/1393/1393 1394/1394/1394
f 1396/1396/1396 1395/1395/1395 1397/1397/1397 1398/1398/1398
f 1400/1400/1400 1402/1402/1402 1401/1401/1401 1399/1399/1399
o object_33
v 20.804651260375977 0 -1.9837274551391602
v 20.804651260375977 0 -5.169804573059082
v 27.515176773071289 0 -1.9837274551391602
v 27.515176773071289 0 -5.169804573059082
v 20.804651260375977 0 -1.9837274551391602
v 27.515176773071289 0 -1.9837274551391602
v 20.804651260375977 5 -1.9837274551391602
v 27.515176773071289 5 -1.9837274551391602
v 27.515176773071289 0 -1.9837274551391602
v 27.515176773071289 0 -5.169804573059082
v 27.515176773071289 5 -1.9837274551391602
v 27.515176773071289 5 -5.169804573059082
v 27.515176773071289 0 -5.169804573059082
v 20.804651260375977 0 -5.169804573059082
v 27.515176773071289 5 -5.169804573059082
v 20.804651260375977 5 -5.169804573059082
v 20.804651260375977 0 -5.169804573059082
v 20.804651260375977 0 -1.9837274551391602
v 20.804651260375977 5 -5.169804573059082
v 20.804651260375977 5 -1.9837274551391602
v 20.804651260375977 5 -1.9837274551391602
v 20.804651260375977 5 -5.169804573059082
v 27.515176773071289 5 -1.9837274551391602
v 27.515176773071289 5 -5.169804573059082
vt 0 0.21240513026714325
vt 0 0.4233454167842865
vt 0.44736838340759277 0.21240513026714325
vt 0.44736838340759277 0.4233454167842865
vt 0.66666668653488159 0
vt 0.66666668653488159 0.44736838340759277
vt 0.99853515625 0
vt 0.99853515625 0.44736838340759277
vt 0 0.6484944224357605
vt 0 0.86089956760406494
vt 0.3318684995174408 0.6484944224357605
vt 0.3318684995174408 0.86089956760406494
vt 0.3333333432674408 0.4248102605342865
vt 0.3333333432674408 0.87071377038955688
vt 0.66520184278488159 0.4248102605342865
vt 0.66520184278488159 0.87071377038955688
vt 0 0.4248102605342865
vt 0 0.63721537590026855
vt 0.3318684995174408 0.4248102605342865
vt 0.3318684995174408 0.63721537590026855
vt 0 0
vt 0 0.21094028651714325
vt 0.44736838340759277 0
vt 0.44736838340759277 0.21094028651714325
vn 0 -1 0
vn 0 -1 0
vn 0 -1 0
vn 0 -1 0
vn 0 0 1
vn 0 0 1
vn 0 0 1
vn 0 0 1
vn 1 0 0
vn 1 0 0
vn 1 0 0
vn 1 0 0
vn 0 0 -1
vn 0 0 -1
vn 0 0 -1
vn 0 0 -1
vn -1 0 0
vn -1 0 0
vn -1 0 0
vn -1 0 0
vn 0 1 0
vn 0 1 0
vn 0 1 0
vn 0 1 0
f 1404/1404/1404 1406/1406/1406 1405/1405/1405 1403/1403/1403
f 1408/1408/1408 1410/1410/1410 1409/1409/1409 1407/1407/1407
f 1412/1412/1412 1414/1414/1414 1413/1413/1413 1411/1411/1411
f 1416/1416/1416 1418/1418/1418 1417/1417/1417 1415/1415/1415
f 1420/1420/1420 1422/1422/1422 1421/1421/1421 1419/1419/1419
f 1424/1424/1424 1423/1423/1423 1425/1425/1425 1426/1426/1426
o object_34
v 10.548093795776367 0 -1.9837274551391602
v 10.548093795776367 0 -5.2193055152893066
v 15.217164039611816 0 -1.9837274551391602
v 15.217164039611816 0 -5.2193055152893066
v 10.548093795776367 0 -1.9837274551391602
v 15.217164039611816 0 -1.9837274551391602
v 10.548093795776367 5 -1.9837274551391602
v 15.217164039611816 5 -1.9837274551391602
v 15.217164039611816 0 -1.9837274551391602
v 15.217164039611816 0 -5.2193055152893066
v 15.217164039611816 5 -1.9837274551391602
v 15.217164039611816 5 -5.2193055152893066
v 15.217164039611816 0 -5.2193055152893066
v 10.548093795776367 0 -5.2193055152893066
v 15.217164039611816 5 -5.2193055152893066
v 10.548093795776367 5 -5.2193055152893066
v 10.548093795776367 0 -5.2193055152893066
v 10.548093795776367 0 -1.9837274551391602
v 10.548093795776367 5 -5.2193055152893066
v 10.548093795776367 5 -1.9837274551391602
v 10.548093795776367 5 -1.9837274551391602
v 10.548093795776367 5 -5.2193055152893066
v 15.217164039611816 5 -1.9837274551391602
v 15.217164039611816 5 -5.2193055152893066
vt 0.99853515625 0
vt 0.71793794631958008 0
vt 0.99853515625 0.40556219220161438
vt 0.71793794631958008 0.40556219220161438
vt 0 0.42145144939422607
vt 0 0.82847851514816284
vt 0.43441101908683777 0.42145144939422607
vt 0.43441101908683777 0.82847851514816284
vt 0.99853515625 0.40702703595161438
vt 0.71793794631958008 0.40702703595161438
vt 0.99853515625 0.84143805503845215
vt 0.71793794631958008 0.84143805503845215
vt 0 0
vt 0 0.40702703595161438
vt 0.43441101908683777 0
vt 0.43441101908683777 0.40702703595161438
vt 0.71647310256958008 0.40702703595161438
vt 0.43587586283683777 0.40702703595161438
vt 0.71647310256958008 0.84143805503845215
vt 0.43587586283683777 0.84143805503845215
vt 0.71647310256958008 0
vt 0.43587586283683777 0
vt 0.71647310256958008 0.40556219220161438
vt 0.43587586283683777 0.40556219220161438
vn 0 -1 0
vn 0 -1 0
vn 0 -1 0
vn 0 -1 0
vn 0 0 1
vn 0 0 1
vn 0 0 1
vn 0 0 1
vn 1 0 0
vn 1 0 0
vn 1 0 0
vn 1 0 0
vn 0 0 -1
vn 0 0 -1
vn 0 0 -1
vn 0 0 -1
vn -1 0 0
vn -1 0 0
vn -1 0 0
vn -1 0 0
vn 0 1 0
vn 0 1 0
vn 0 1 0
vn 0 1 0
f 1428/1428/1428 1430/1430/1430 1429/1429/1429 1427/1427/1427
f 1432/1432/1432 1434/1434/1434 1433/1433/1433 1431/1431/1431
f 1436/1436/1436 1438/1438/1438 1437/1437/1437 1435/1435/1435
f 1440/1440/1440 1442/1442/1442 1441/1441/1441 1439/1439/1439
f 1444/1444/1444 1446/1446/1446 1445/1445/1445 1443/1443/1443
f 1448/1448/1448 1447/1447/1447 1449/1449/1449 1450/1450/1450
o object_35
v 0.32825788855552673 0 -1.9837274551391602
v 0.32825788855552673 0 -6.056002140045166
v 5.5306053161621094 0 -1.9837274551391602
v 5.5306053161621094 0 -6.056002140045166
v 0.32825788855552673 0 -1.9837274551391602
v 5.5306053161621094 0 -1.9837274551391602
v 0.32825788855552673 5 -1.9837274551391602
v 5.5306053161621094 5 -1.9837274551391602
v 5.5306053161621094 0 -1.9837274551391602
v 5.5306053161621094 0 -6.056002140045166
v 5.5306053161621094 5 -1.9837274551391602
v 5.5306053161621094 5 -6.056002140045166
v 5.5306053161621094 0 -6.056002140045166
v 0.32825788855552673 0 -6.056002140045166
v 5.5306053161621094 5 -6.056002140045166
v 0.32825788855552673 5 -6.056002140045166
v 0.32825788855552673 0 -6.056002140045166
v 0.32825788855552673 0 -1.9837274551391602
v 0.32825788855552673 5 -6.056002140045166
v 0.32825788855552673 5 -1.9837274551391602
v 0.32825788855552673 5 -1.9837274551391602
v 0.32825788855552673 5 -6.056002140045166
v 5.5306053161621094 5 -1.9837274551391602
v 5.5306053161621094 5 -6.056002140045166
vt 0.32889658212661743 0.59676802158355713
vt 0.32889658212661743 0.86317461729049683
vt 0.66963857412338257 0.59676802158355713
vt 0.66963857412338257 0.86317461729049683
vt 0 0.32889658212661743
vt 0 0.67110341787338257
vt 0.32743173837661743 0.32889658212661743
vt 0.32743173837661743 0.67110341787338257
vt 0.67110341787338257 0.43231973052024841
vt 0.67110341787338257 0.7001911997795105
vt 0.99853515625 0.43231973052024841
vt 0.99853515625 0.7001911997795105
vt 0.34220683574676514 0
vt 0 0
vt 0.34220683574676514 0.32743173837661743
vt 0 0.32743173837661743
vt 0.67110341787338257 0
vt 0.67110341787338257 0.2678714394569397
vt 0.99853515625 0
vt 0.99853515625 0.2678714394569397
vt 0.32889658212661743 0.32889658212661743
vt 0.32889658212661743 0.59530317783355713
vt 0.66963857412338257 0.32889658212661743
vt 0.66963857412338257 0.59530317783355713
vn 0 -1 0
vn 0 -1 0
vn 0 -1 0
vn 0 -1 0
vn 0 0 1
vn 0 0 1
vn 0 0 1
vn 0 0 1
vn 1 0 0
vn 1 0 0
vn 1 0 0
vn 1 0 0
vn 0 0 -1
vn 0 0 -1
vn 0 0 -1
vn 0 0 -1
vn -1 0 0
vn -1 0 0
vn -1 0 0
vn -1 0 0
vn 0 1 0
vn 0 1 0
vn 0 1 0
vn 0 1 0
f 1452/1452/1452 1454/1454/1454 1453/1453/1453 1451/1451/1451
f 1456/1456/1456 1458/1458/1458 1457/1457/1457 1455/1455/1455
f 1460/1460/1460 1462/1462/1462 1461/1461/1461 1459/1459/1459
f 1464/1464/1464 1466/1466/1466 1465/1465/1465 1463/1463/1463
f 1468/1468/1468 1470/1470/1470 1469/1469/1469 1467/1467/1467
f 1472/1472/1472 1471/1471/1471 1473/1473/1473 1474/1474/1474
