# Rhino

g Hot_Room
v 105.59901428222656 0 -6.2716150283813477
v 105.59901428222656 5 -6.2716150283813477
v 85.252922058105469 0 -6.2716150283813477
v 85.252922058105469 5 -6.2716150283813477
v 105.59901428222656 0 -16.715614318847656
v 105.59901428222656 5 -16.715614318847656
v 105.59901428222656 0 -6.2716150283813477
v 105.59901428222656 5 -6.2716150283813477
v 85.252922058105469 0 -16.715614318847656
v 85.252922058105469 5 -16.715614318847656
v 105.59901428222656 0 -16.715614318847656
v 105.59901428222656 5 -16.715614318847656
v 85.252922058105469 0 -6.2716150283813477
v 85.252922058105469 5 -6.2716150283813477
v 85.252922058105469 0 -16.715614318847656
v 85.252922058105469 5 -16.715614318847656
v 85.252922058105469 0 -6.2716150283813477
v 85.252922058105469 0 -16.715614318847656
v 105.59901428222656 0 -6.2716150283813477
v 105.59901428222656 0 -16.715614318847656
v 85.252922058105469 5 -6.2716150283813477
v 85.252922058105469 5 -16.715614318847656
v 105.59901428222656 5 -6.2716150283813477
v 105.59901428222656 5 -16.715614318847656
vt 0.98729467391967773 0
vt 0.82636964321136475 0
vt 0.98729467391967773 0.66080003976821899
vt 0.82636964321136475 0.66080003976821899
vt 0.32331493496894836 0.33919999003410339
vt 0.16238988935947418 0.33919999003410339
vt 0.32331493496894836 0.67839998006820679
vt 0.16238988935947418 0.67839998006820679
vt 0.82490479946136475 0
vt 0.66397976875305176 0
vt 0.82490479946136475 0.66080003976821899
vt 0.66397976875305176 0.66080003976821899
vt 0.16092504560947418 0.33919999003410339
vt 0 0.33919999003410339
vt 0.16092504560947418 0.67839998006820679
vt 0 0.67839998006820679
vt 0.66251492500305176 0.33919999003410339
vt 0.32477977871894836 0.33919999003410339
vt 0.66251492500305176 0.99853515625
vt 0.32477977871894836 0.99853515625
vt 0 0
vt 0 0.33773514628410339
vt 0.66080003976821899 0
vt 0.66080003976821899 0.33773514628410339
vn 0 0 1
vn 0 0 1
vn 0 0 1
vn 0 0 1
vn 1 0 0
vn 1 0 0
vn 1 0 0
vn 1 0 0
vn 0 0 -1
vn 0 0 -1
vn 0 0 -1
vn 0 0 -1
vn -1 0 0
vn -1 0 0
vn -1 0 0
vn -1 0 0
vn 0 -1 0
vn 0 -1 0
vn 0 -1 0
vn 0 -1 0
vn 0 1 0
vn 0 1 0
vn 0 1 0
vn 0 1 0
f 2/2/2 4/4/4 3/3/3 1/1/1
f 6/6/6 8/8/8 7/7/7 5/5/5
f 10/10/10 12/12/12 11/11/11 9/9/9
f 14/14/14 16/16/16 15/15/15 13/13/13
f 18/18/18 20/20/20 19/19/19 17/17/17
f 22/22/22 21/21/21 23/23/23 24/24/24
v 105.59901428222656 0 -6.2716150283813477
v 105.59901428222656 0 -13.911911964416504
v 109.00480651855469 0 -6.2716150283813477
v 109.00480651855469 0 -13.911911964416504
v 105.59901428222656 0 -6.2716150283813477
v 109.00480651855469 0 -6.2716150283813477
v 105.59901428222656 5 -6.2716150283813477
v 109.00480651855469 5 -6.2716150283813477
v 109.00480651855469 0 -6.2716150283813477
v 109.00480651855469 0 -13.911911964416504
v 109.00480651855469 5 -6.2716150283813477
v 109.00480651855469 5 -13.911911964416504
v 109.00480651855469 0 -13.911911964416504
v 105.59901428222656 0 -13.911911964416504
v 109.00480651855469 5 -13.911911964416504
v 105.59901428222656 5 -13.911911964416504
v 105.59901428222656 0 -13.911911964416504
v 105.59901428222656 0 -6.2716150283813477
v 105.59901428222656 5 -13.911911964416504
v 105.59901428222656 5 -6.2716150283813477
v 105.59901428222656 5 -6.2716150283813477
v 105.59901428222656 5 -13.911911964416504
v 109.00480651855469 5 -6.2716150283813477
v 109.00480651855469 5 -13.911911964416504
vt 0.5093531608581543 0.22705292701721191
vt 0 0.22705292701721191
vt 0.5093531608581543 0.45264101028442383
vt 0 0.45264101028442383
vt 0 0.70878243446350098
vt 0 0.93583536148071289
vt 0.3318684995174408 0.70878243446350098
vt 0.3318684995174408 0.93583536148071289
vt 0.66666668653488159 0
vt 0.66666668653488159 0.5093531608581543
vt 0.99853515625 0
vt 0.99853515625 0.5093531608581543
vt 0 0.45410585403442383
vt 0 0.68115878105163574
vt 0.3318684995174408 0.45410585403442383
vt 0.3318684995174408 0.68115878105163574
vt 0.3333333432674408 0.45410585403442383
vt 0.3333333432674408 0.96199417114257812
vt 0.66520184278488159 0.45410585403442383
vt 0.66520184278488159 0.96199417114257812
vt 0.5093531608581543 0
vt 0 0
vt 0.5093531608581543 0.22558808326721191
vt 0 0.22558808326721191
vn 0 -1 0
vn 0 -1 0
vn 0 -1 0
vn 0 -1 0
vn 0 0 1
vn 0 0 1
vn 0 0 1
vn 0 0 1
vn 1 0 0
vn 1 0 0
vn 1 0 0
vn 1 0 0
vn 0 0 -1
vn 0 0 -1
vn 0 0 -1
vn 0 0 -1
vn -1 0 0
vn -1 0 0
vn -1 0 0
vn -1 0 0
vn 0 1 0
vn 0 1 0
vn 0 1 0
vn 0 1 0
f 26/26/26 28/28/28 27/27/27 25/25/25
f 30/30/30 32/32/32 31/31/31 29/29/29
f 34/34/34 36/36/36 35/35/35 33/33/33
f 38/38/38 40/40/40 39/39/39 37/37/37
f 42/42/42 44/44/44 43/43/43 41/41/41
f 46/46/46 45/45/45 47/47/47 48/48/48
v 96.80706787109375 0 -16.715614318847656
v 96.80706787109375 0 -23.247869491577148
v 100.12857055664062 0 -16.715614318847656
v 100.12857055664062 0 -23.247869491577148
v 96.80706787109375 0 -16.715614318847656
v 100.12857055664062 0 -16.715614318847656
v 96.80706787109375 5 -16.715614318847656
v 100.12857055664062 5 -16.715614318847656
v 100.12857055664062 0 -16.715614318847656
v 100.12857055664062 0 -23.247869491577148
v 100.12857055664062 5 -16.715614318847656
v 100.12857055664062 5 -23.247869491577148
v 100.12857055664062 0 -23.247869491577148
v 96.80706787109375 0 -23.247869491577148
v 100.12857055664062 5 -23.247869491577148
v 96.80706787109375 5 -23.247869491577148
v 96.80706787109375 0 -23.247869491577148
v 96.80706787109375 0 -16.715614318847656
v 96.80706787109375 5 -23.247869491577148
v 96.80706787109375 5 -16.715614318847656
v 96.80706787109375 5 -16.715614318847656
v 96.80706787109375 5 -23.247869491577148
v 100.12857055664062 5 -16.715614318847656
v 100.12857055664062 5 -23.247869491577148
vt 0.74789834022521973 0.37949898838996887
vt 0.74789834022521973 0.87383085489273071
vt 0.99853515625 0.37949898838996887
vt 0.99853515625 0.87383085489273071
vt 0.99853515625 0
vt 0.74789834022521973 0
vt 0.99853515625 0.37803414463996887
vt 0.74789834022521973 0.37803414463996887
vt 0.49433186650276184 0.43764784932136536
vt 0 0.43764784932136536
vt 0.49433186650276184 0.81714683771133423
vt 0 0.81714683771133423
vt 0.74643349647521973 0
vt 0.49579671025276184 0
vt 0.74643349647521973 0.37803414463996887
vt 0.49579671025276184 0.37803414463996887
vt 0.49433186650276184 0
vt 0 0
vt 0.49433186650276184 0.37949898838996887
vt 0 0.37949898838996887
vt 0.49579671025276184 0.37949898838996887
vt 0.49579671025276184 0.87383085489273071
vt 0.74643349647521973 0.37949898838996887
vt 0.74643349647521973 0.87383085489273071
vn 0 -1 0
vn 0 -1 0
vn 0 -1 0
vn 0 -1 0
vn 0 0 1
vn 0 0 1
vn 0 0 1
vn 0 0 1
vn 1 0 0
vn 1 0 0
vn 1 0 0
vn 1 0 0
vn 0 0 -1
vn 0 0 -1
vn 0 0 -1
vn 0 0 -1
vn -1 0 0
vn -1 0 0
vn -1 0 0
vn -1 0 0
vn 0 1 0
vn 0 1 0
vn 0 1 0
vn 0 1 0
f 50/50/50 52/52/52 51/51/51 49/49/49
f 54/54/54 56/56/56 55/55/55 53/53/53
f 58/58/58 60/60/60 59/59/59 57/57/57
f 62/62/62 64/64/64 63/63/63 61/61/61
f 66/66/66 68/68/68 67/67/67 65/65/65
f 70/70/70 69/69/69 71/71/71 72/72/72
v 109.00480651855469 0 -13.911911964416504
v 109.00480651855469 5 -13.911911964416504
v 105.59901428222656 0 -13.911911964416504
v 105.59901428222656 5 -13.911911964416504
v 109.00480651855469 0 -16.715614318847656
v 109.00480651855469 5 -16.715614318847656
v 109.00480651855469 0 -13.911911964416504
v 109.00480651855469 5 -13.911911964416504
v 105.59901428222656 0 -16.715614318847656
v 105.59901428222656 5 -16.715614318847656
v 109.00480651855469 0 -16.715614318847656
v 109.00480651855469 5 -16.715614318847656
v 105.59901428222656 0 -13.911911964416504
v 105.59901428222656 5 -13.911911964416504
v 105.59901428222656 0 -16.715614318847656
v 105.59901428222656 5 -16.715614318847656
v 105.59901428222656 0 -13.911911964416504
v 105.59901428222656 0 -16.715614318847656
v 109.00480651855469 0 -13.911911964416504
v 109.00480651855469 0 -16.715614318847656
v 105.59901428222656 5 -13.911911964416504
v 105.59901428222656 5 -16.715614318847656
v 109.00480651855469 5 -13.911911964416504
v 109.00480651855469 5 -16.715614318847656
vt 0.3333333432674408 0.48936215043067932
vt 0.3333333432674408 0.97725945711135864
vt 0.66520184278488159 0.48936215043067932
vt 0.66520184278488159 0.97725945711135864
vt 0.3333333432674408 0
vt 0.3333333432674408 0.48789730668067932
vt 0.60773849487304688 0
vt 0.60773849487304688 0.48789730668067932
vt 0 0.48936215043067932
vt 0 0.97725945711135864
vt 0.3318684995174408 0.48936215043067932
vt 0.3318684995174408 0.97725945711135864
vt 0 0
vt 0 0.48789730668067932
vt 0.27440518140792847 0
vt 0.27440518140792847 0.48789730668067932
vt 0.66666668653488159 0.48936215043067932
vt 0.66666668653488159 0.76376736164093018
vt 0.99853515625 0.48936215043067932
vt 0.99853515625 0.76376736164093018
vt 0.66666668653488159 0
vt 0.66666668653488159 0.27440518140792847
vt 0.99853515625 0
vt 0.99853515625 0.27440518140792847
vn 0 0 1
vn 0 0 1
vn 0 0 1
vn 0 0 1
vn 1 0 0
vn 1 0 0
vn 1 0 0
vn 1 0 0
vn 0 0 -1
vn 0 0 -1
vn 0 0 -1
vn 0 0 -1
vn -1 0 0
vn -1 0 0
vn -1 0 0
vn -1 0 0
vn 0 -1 0
vn 0 -1 0
vn 0 -1 0
vn 0 -1 0
vn 0 1 0
vn 0 1 0
vn 0 1 0
vn 0 1 0
f 74/74/74 76/76/76 75/75/75 73/73/73
f 78/78/78 80/80/80 79/79/79 77/77/77
f 82/82/82 84/84/84 83/83/83 81/81/81
f 86/86/86 88/88/88 87/87/87 85/85/85
f 90/90/90 92/92/92 91/91/91 89/89/89
f 94/94/94 93/93/93 95/95/95 96/96/96
v 85.252922058105469 0 -16.715614318847656
v 85.252922058105469 0 -23.247869491577148
v 88.600822448730469 0 -16.715614318847656
v 88.600822448730469 0 -23.247869491577148
v 85.252922058105469 0 -16.715614318847656
v 88.600822448730469 0 -16.715614318847656
v 85.252922058105469 5 -16.715614318847656
v 88.600822448730469 5 -16.715614318847656
v 88.600822448730469 0 -16.715614318847656
v 88.600822448730469 0 -23.247869491577148
v 88.600822448730469 5 -16.715614318847656
v 88.600822448730469 5 -23.247869491577148
v 88.600822448730469 0 -23.247869491577148
v 85.252922058105469 0 -23.247869491577148
v 88.600822448730469 5 -23.247869491577148
v 85.252922058105469 5 -23.247869491577148
v 85.252922058105469 0 -23.247869491577148
v 85.252922058105469 0 -16.715614318847656
v 85.252922058105469 5 -23.247869491577148
v 85.252922058105469 5 -16.715614318847656
v 85.252922058105469 5 -16.715614318847656
v 85.252922058105469 5 -23.247869491577148
v 88.600822448730469 5 -16.715614318847656
v 88.600822448730469 5 -23.247869491577148
vt 0.74690902233123779 0.37798446416854858
vt 0.74690902233123779 0.87033772468566895
vt 0.99853515625 0.37798446416854858
vt 0.99853515625 0.87033772468566895
vt 0.99853515625 0
vt 0.74690902233123779 0
vt 0.99853515625 0.37651962041854858
vt 0.74690902233123779 0.37651962041854858
vt 0.49235323071479797 0.43590128421783447
vt 0 0.43590128421783447
vt 0.49235323071479797 0.81388574838638306
vt 0 0.81388574838638306
vt 0.74544417858123779 0
vt 0.49381807446479797 0
vt 0.74544417858123779 0.37651962041854858
vt 0.49381807446479797 0.37651962041854858
vt 0.49235323071479797 0
vt 0 0
vt 0.49235323071479797 0.37798446416854858
vt 0 0.37798446416854858
vt 0.49381807446479797 0.37798446416854858
vt 0.49381807446479797 0.87033772468566895
vt 0.74544417858123779 0.37798446416854858
vt 0.74544417858123779 0.87033772468566895
vn 0 -1 0
vn 0 -1 0
vn 0 -1 0
vn 0 -1 0
vn 0 0 1
vn 0 0 1
vn 0 0 1
vn 0 0 1
vn 1 0 0
vn 1 0 0
vn 1 0 0
vn 1 0 0
vn 0 0 -1
vn 0 0 -1
vn 0 0 -1
vn 0 0 -1
vn -1 0 0
vn -1 0 0
vn -1 0 0
vn -1 0 0
vn 0 1 0
vn 0 1 0
vn 0 1 0
vn 0 1 0
f 98/98/98 100/100/100 99/99/99 97/97/97
f 102/102/102 104/104/104 103/103/103 101/101/101
f 106/106/106 108/108/108 107/107/107 105/105/105
f 110/110/110 112/112/112 111/111/111 109/109/109
f 114/114/114 116/116/116 115/115/115 113/113/113
f 118/118/118 117/117/117 119/119/119 120/120/120
v 100.12857055664062 0 -16.715614318847656
v 100.12857055664062 0 -20.121408462524414
v 109.00480651855469 0 -16.715614318847656
v 109.00480651855469 0 -20.121408462524414
v 100.12857055664062 0 -16.715614318847656
v 109.00480651855469 0 -16.715614318847656
v 100.12857055664062 5 -16.715614318847656
v 109.00480651855469 5 -16.715614318847656
v 109.00480651855469 0 -16.715614318847656
v 109.00480651855469 0 -20.121408462524414
v 109.00480651855469 5 -16.715614318847656
v 109.00480651855469 5 -20.121408462524414
v 109.00480651855469 0 -20.121408462524414
v 100.12857055664062 0 -20.121408462524414
v 109.00480651855469 5 -20.121408462524414
v 100.12857055664062 5 -20.121408462524414
v 100.12857055664062 0 -20.121408462524414
v 100.12857055664062 0 -16.715614318847656
v 100.12857055664062 5 -20.121408462524414
v 100.12857055664062 5 -16.715614318847656
v 100.12857055664062 5 -16.715614318847656
v 100.12857055664062 5 -20.121408462524414
v 109.00480651855469 5 -16.715614318847656
v 109.00480651855469 5 -20.121408462524414
vt 0 0.2170979231595993
vt 0 0.43273100256919861
vt 0.56580418348312378 0.2170979231595993
vt 0.56580418348312378 0.43273100256919861
vt 0.63743704557418823 0
vt 0.63743704557418823 0.56580418348312378
vt 0.95469069480895996 0
vt 0.95469069480895996 0.56580418348312378
vt 0 0.7170979380607605
vt 0 0.93419581651687622
vt 0.31725367903709412 0.7170979380607605
vt 0.31725367903709412 0.93419581651687622
vt 0.31871852278709412 0.43419584631919861
vt 0.31871852278709412 0.99853515625
vt 0.63597220182418823 0.43419584631919861
vt 0.63597220182418823 0.99853515625
vt 0 0.43419584631919861
vt 0 0.65129375457763672
vt 0.31725367903709412 0.43419584631919861
vt 0.31725367903709412 0.65129375457763672
vt 0 0
vt 0 0.2156330794095993
vt 0.56580418348312378 0
vt 0.56580418348312378 0.2156330794095993
vn 0 -1 0
vn 0 -1 0
vn 0 -1 0
vn 0 -1 0
vn 0 0 1
vn 0 0 1
vn 0 0 1
vn 0 0 1
vn 1 0 0
vn 1 0 0
vn 1 0 0
vn 1 0 0
vn 0 0 -1
vn 0 0 -1
vn 0 0 -1
vn 0 0 -1
vn -1 0 0
vn -1 0 0
vn -1 0 0
vn -1 0 0
vn 0 1 0
vn 0 1 0
vn 0 1 0
vn 0 1 0
f 122/122/122 124/124/124 123/123/123 121/121/121
f 126/126/126 128/128/128 127/127/127 125/125/125
f 130/130/130 132/132/132 131/131/131 129/129/129
f 134/134/134 136/136/136 135/135/135 133/133/133
f 138/138/138 140/140/140 139/139/139 137/137/137
f 142/142/142 141/141/141 143/143/143 144/144/144
g Warm_Room
v 116.57218933105469 0 -8.8891239166259766
v 116.57218933105469 5 -8.8891239166259766
v 113.98948669433594 0 -8.8891239166259766
v 113.98948669433594 5 -8.8891239166259766
v 116.57218933105469 0 -14.918580055236816
v 116.57218933105469 5 -14.918580055236816
v 116.57218933105469 0 -8.8891239166259766
v 116.57218933105469 5 -8.8891239166259766
v 113.98948669433594 0 -14.918580055236816
v 113.98948669433594 5 -14.918580055236816
v 116.57218933105469 0 -14.918580055236816
v 116.57218933105469 5 -14.918580055236816
v 113.98948669433594 0 -8.8891239166259766
v 113.98948669433594 5 -8.8891239166259766
v 113.98948669433594 0 -14.918580055236816
v 113.98948669433594 5 -14.918580055236816
v 113.98948669433594 0 -8.8891239166259766
v 113.98948669433594 0 -14.918580055236816
v 116.57218933105469 0 -8.8891239166259766
v 116.57218933105469 0 -14.918580055236816
v 113.98948669433594 5 -8.8891239166259766
v 113.98948669433594 5 -14.918580055236816
v 116.57218933105469 5 -8.8891239166259766
v 116.57218933105469 5 -14.918580055236816
vt 0.75 0
vt 0.75 0.41316625475883484
vt 0.96417343616485596 0
vt 0.96417343616485596 0.41316625475883484
vt 0 0.42148900032043457
vt 0 0.83612006902694702
vt 0.49853515625 0.42148900032043457
vt 0.49853515625 0.83612006902694702
vt 0.5 0
vt 0.5 0.41316625475883484
vt 0.71417343616485596 0
vt 0.71417343616485596 0.41316625475883484
vt 0 0
vt 0 0.41463109850883484
vt 0.49853515625 0
vt 0.49853515625 0.41463109850883484
vt 0.99853515625 0.62880456447601318
vt 0.5 0.62880456447601318
vt 0.99853515625 0.84151315689086914
vt 0.5 0.84151315689086914
vt 0.99853515625 0.41463109850883484
vt 0.5 0.41463109850883484
vt 0.99853515625 0.62733972072601318
vt 0.5 0.62733972072601318
vn 0 0 1
vn 0 0 1
vn 0 0 1
vn 0 0 1
vn 1 0 0
vn 1 0 0
vn 1 0 0
vn 1 0 0
vn 0 0 -1
vn 0 0 -1
vn 0 0 -1
vn 0 0 -1
vn -1 0 0
vn -1 0 0
vn -1 0 0
vn -1 0 0
vn 0 -1 0
vn 0 -1 0
vn 0 -1 0
vn 0 -1 0
vn 0 1 0
vn 0 1 0
vn 0 1 0
vn 0 1 0
f 146/146/146 148/148/148 147/147/147 145/145/145
f 150/150/150 152/152/152 151/151/151 149/149/149
f 154/154/154 156/156/156 155/155/155 153/153/153
f 158/158/158 160/160/160 159/159/159 157/157/157
f 162/162/162 164/164/164 163/163/163 161/161/161
f 166/166/166 165/165/165 167/167/167 168/168/168
v 113.98948669433594 0 -14.918580055236816
v 113.98948669433594 0 -20.121408462524414
v 116.57218933105469 0 -14.918580055236816
v 116.57218933105469 0 -20.121408462524414
v 113.98948669433594 0 -14.918580055236816
v 116.57218933105469 0 -14.918580055236816
v 113.98948669433594 5 -14.918580055236816
v 116.57218933105469 5 -14.918580055236816
v 116.57218933105469 0 -14.918580055236816
v 116.57218933105469 0 -20.121408462524414
v 116.57218933105469 5 -14.918580055236816
v 116.57218933105469 5 -20.121408462524414
v 116.57218933105469 0 -20.121408462524414
v 113.98948669433594 0 -20.121408462524414
v 116.57218933105469 5 -20.121408462524414
v 113.98948669433594 5 -20.121408462524414
v 113.98948669433594 0 -20.121408462524414
v 113.98948669433594 0 -14.918580055236816
v 113.98948669433594 5 -20.121408462524414
v 113.98948669433594 5 -14.918580055236816
v 113.98948669433594 5 -14.918580055236816
v 113.98948669433594 5 -20.121408462524414
v 116.57218933105469 5 -14.918580055236816
v 116.57218933105469 5 -20.121408462524414
vt 0.99853515625 0.72870928049087524
vt 0.5 0.72870928049087524
vt 0.99853515625 0.97544592618942261
vt 0.5 0.97544592618942261
vt 0.99820142984390259 0
vt 0.75 0
vt 0.99820142984390259 0.47904303669929504
vt 0.75 0.47904303669929504
vt 0.49853515625 0.4884553849697113
vt 0 0.4884553849697113
vt 0.49853515625 0.96896326541900635
vt 0 0.96896326541900635
vt 0.74820142984390259 0
vt 0.5 0
vt 0.74820142984390259 0.47904303669929504
vt 0.5 0.47904303669929504
vt 0.49853515625 0
vt 0 0
vt 0.49853515625 0.48050788044929504
vt 0 0.48050788044929504
vt 0.99853515625 0.48050788044929504
vt 0.5 0.48050788044929504
vt 0.99853515625 0.72724443674087524
vt 0.5 0.72724443674087524
vn 0 -1 0
vn 0 -1 0
vn 0 -1 0
vn 0 -1 0
vn 0 0 1
vn 0 0 1
vn 0 0 1
vn 0 0 1
vn 1 0 0
vn 1 0 0
vn 1 0 0
vn 1 0 0
vn 0 0 -1
vn 0 0 -1
vn 0 0 -1
vn 0 0 -1
vn -1 0 0
vn -1 0 0
vn -1 0 0
vn -1 0 0
vn 0 1 0
vn 0 1 0
vn 0 1 0
vn 0 1 0
f 170/170/170 172/172/172 171/171/171 169/169/169
f 174/174/174 176/176/176 175/175/175 173/173/173
f 178/178/178 180/180/180 179/179/179 177/177/177
f 182/182/182 184/184/184 183/183/183 181/181/181
f 186/186/186 188/188/188 187/187/187 185/185/185
f 190/190/190 189/189/189 191/191/191 192/192/192
v 119.48457336425781 0 -17.551187515258789
v 119.48457336425781 0 -20.121408462524414
v 125.97251892089844 0 -17.551187515258789
v 125.97251892089844 0 -20.121408462524414
v 119.48457336425781 0 -17.551187515258789
v 125.97251892089844 0 -17.551187515258789
v 119.48457336425781 5 -17.551187515258789
v 125.97251892089844 5 -17.551187515258789
v 125.97251892089844 0 -17.551187515258789
v 125.97251892089844 0 -20.121408462524414
v 125.97251892089844 5 -17.551187515258789
v 125.97251892089844 5 -20.121408462524414
v 125.97251892089844 0 -20.121408462524414
v 119.48457336425781 0 -20.121408462524414
v 125.97251892089844 5 -20.121408462524414
v 119.48457336425781 5 -20.121408462524414
v 119.48457336425781 0 -20.121408462524414
v 119.48457336425781 0 -17.551187515258789
v 119.48457336425781 5 -20.121408462524414
v 119.48457336425781 5 -17.551187515258789
v 119.48457336425781 5 -17.551187515258789
v 119.48457336425781 5 -20.121408462524414
v 125.97251892089844 5 -17.551187515258789
v 125.97251892089844 5 -20.121408462524414
vt 0.5 0.58340728282928467
vt 0.5 0.78001934289932251
vt 0.99853515625 0.58340728282928467
vt 0.99853515625 0.78001934289932251
vt 0.49853515625 0.39074209332466125
vt 0 0.39074209332466125
vt 0.49853515625 0.77607244253158569
vt 0 0.77607244253158569
vt 0.94807690382003784 0
vt 0.75 0
vt 0.94807690382003784 0.38386550545692444
vt 0.75 0.38386550545692444
vt 0.49853515625 0
vt 0 0
vt 0.49853515625 0.38533034920692444
vt 0 0.38533034920692444
vt 0.69807690382003784 0
vt 0.5 0
vt 0.69807690382003784 0.38386550545692444
vt 0.5 0.38386550545692444
vt 0.5 0.38533034920692444
vt 0.5 0.58194243907928467
vt 0.99853515625 0.38533034920692444
vt 0.99853515625 0.58194243907928467
vn 0 -1 0
vn 0 -1 0
vn 0 -1 0
vn 0 -1 0
vn 0 0 1
vn 0 0 1
vn 0 0 1
vn 0 0 1
vn 1 0 0
vn 1 0 0
vn 1 0 0
vn 1 0 0
vn 0 0 -1
vn 0 0 -1
vn 0 0 -1
vn 0 0 -1
vn -1 0 0
vn -1 0 0
vn -1 0 0
vn -1 0 0
vn 0 1 0
vn 0 1 0
vn 0 1 0
vn 0 1 0
f 194/194/194 196/196/196 195/195/195 193/193/193
f 198/198/198 200/200/200 199/199/199 197/197/197
f 202/202/202 204/204/204 203/203/203 201/201/201
f 206/206/206 208/208/208 207/207/207 205/205/205
f 210/210/210 212/212/212 211/211/211 209/209/209
f 214/214/214 213/213/213 215/215/215 216/216/216
v 119.48457336425781 0 -17.551187515258789
v 119.48457336425781 5 -17.551187515258789
v 116.57218933105469 0 -17.551187515258789
v 116.57218933105469 5 -17.551187515258789
v 119.48457336425781 0 -20.121408462524414
v 119.48457336425781 5 -20.121408462524414
v 119.48457336425781 0 -17.551187515258789
v 119.48457336425781 5 -17.551187515258789
v 116.57218933105469 0 -20.121408462524414
v 116.57218933105469 5 -20.121408462524414
v 119.48457336425781 0 -20.121408462524414
v 119.48457336425781 5 -20.121408462524414
v 116.57218933105469 0 -17.551187515258789
v 116.57218933105469 5 -17.551187515258789
v 116.57218933105469 0 -20.121408462524414
v 116.57218933105469 5 -20.121408462524414
v 116.57218933105469 0 -17.551187515258789
v 116.57218933105469 0 -20.121408462524414
v 119.48457336425781 0 -17.551187515258789
v 119.48457336425781 0 -20.121408462524414
v 116.57218933105469 5 -17.551187515258789
v 116.57218933105469 5 -20.121408462524414
v 119.48457336425781 5 -17.551187515258789
v 119.48457336425781 5 -20.121408462524414
vt 0.29123878479003906 0.5
vt 0.29123878479003906 0.99853515625
vt 0.58101272583007812 0.5
vt 0.58101272583007812 0.99853515625
vt 0.29123878479003906 0
vt 0.29123878479003906 0.49853515625
vt 0.54826098680496216 0
vt 0.54826098680496216 0.49853515625
vt 0 0.5
vt 0 0.99853515625
vt 0.28977394104003906 0.5
vt 0.28977394104003906 0.99853515625
vt 0 0
vt 0 0.49853515625
vt 0.25702223181724548 0
vt 0.25702223181724548 0.49853515625
vt 0.58247756958007812 0.5
vt 0.58247756958007812 0.7570222020149231
vt 0.87225151062011719 0.5
vt 0.87225151062011719 0.7570222020149231
vt 0.58247756958007812 0
vt 0.58247756958007812 0.25702223181724548
vt 0.87225151062011719 0
vt 0.87225151062011719 0.25702223181724548
vn 0 0 1
vn 0 0 1
vn 0 0 1
vn 0 0 1
vn 1 0 0
vn 1 0 0
vn 1 0 0
vn 1 0 0
vn 0 0 -1
vn 0 0 -1
vn 0 0 -1
vn 0 0 -1
vn -1 0 0
vn -1 0 0
vn -1 0 0
vn -1 0 0
vn 0 -1 0
vn 0 -1 0
vn 0 -1 0
vn 0 -1 0
vn 0 1 0
vn 0 1 0
vn 0 1 0
vn 0 1 0
f 218/218/218 220/220/220 219/219/219 217/217/217
f 222/222/222 224/224/224 223/223/223 221/221/221
f 226/226/226 228/228/228 227/227/227 225/225/225
f 230/230/230 232/232/232 231/231/231 229/229/229
f 234/234/234 236/236/236 235/235/235 233/233/233
f 238/238/238 237/237/237 239/239/239 240/240/240
v 113.98948669433594 0 -6.2716150283813477
v 113.98948669433594 0 -8.8891239166259766
v 119.45695495605469 0 -6.2716150283813477
v 119.45695495605469 0 -8.8891239166259766
v 113.98948669433594 0 -6.2716150283813477
v 119.45695495605469 0 -6.2716150283813477
v 113.98948669433594 5 -6.2716150283813477
v 119.45695495605469 5 -6.2716150283813477
v 119.45695495605469 0 -6.2716150283813477
v 119.45695495605469 0 -8.8891239166259766
v 119.45695495605469 5 -6.2716150283813477
v 119.45695495605469 5 -8.8891239166259766
v 119.45695495605469 0 -8.8891239166259766
v 113.98948669433594 0 -8.8891239166259766
v 119.45695495605469 5 -8.8891239166259766
v 113.98948669433594 5 -8.8891239166259766
v 113.98948669433594 0 -8.8891239166259766
v 113.98948669433594 0 -6.2716150283813477
v 113.98948669433594 5 -8.8891239166259766
v 113.98948669433594 5 -6.2716150283813477
v 113.98948669433594 5 -6.2716150283813477
v 113.98948669433594 5 -8.8891239166259766
v 119.45695495605469 5 -6.2716150283813477
v 119.45695495605469 5 -8.8891239166259766
vt 0.5 0.69662213325500488
vt 0.5 0.93452882766723633
vt 0.99853515625 0.69662213325500488
vt 0.99853515625 0.93452882766723633
vt 0.49853515625 0.46799683570861816
vt 0 0.46799683570861816
vt 0.49853515625 0.9252474308013916
vt 0 0.9252474308013916
vt 0.98937153816223145 0
vt 0.75 0
vt 0.98937153816223145 0.45578575134277344
vt 0.75 0.45578575134277344
vt 0.49853515625 0
vt 0 0
vt 0.49853515625 0.45725059509277344
vt 0 0.45725059509277344
vt 0.73937153816223145 0
vt 0.5 0
vt 0.73937153816223145 0.45578575134277344
vt 0.5 0.45578575134277344
vt 0.5 0.45725059509277344
vt 0.5 0.69515728950500488
vt 0.99853515625 0.45725059509277344
vt 0.99853515625 0.69515728950500488
vn 0 -1 0
vn 0 -1 0
vn 0 -1 0
vn 0 -1 0
vn 0 0 1
vn 0 0 1
vn 0 0 1
vn 0 0 1
vn 1 0 0
vn 1 0 0
vn 1 0 0
vn 1 0 0
vn 0 0 -1
vn 0 0 -1
vn 0 0 -1
vn 0 0 -1
vn -1 0 0
vn -1 0 0
vn -1 0 0
vn -1 0 0
vn 0 1 0
vn 0 1 0
vn 0 1 0
vn 0 1 0
f 242/242/242 244/244/244 243/243/243 241/241/241
f 246/246/246 248/248/248 247/247/247 245/245/245
f 250/250/250 252/252/252 251/251/251 249/249/249
f 254/254/254 256/256/256 255/255/255 253/253/253
f 258/258/258 260/260/260 259/259/259 257/257/257
f 262/262/262 261/261/261 263/263/263 264/264/264
v 122.50396728515625 0 -6.2716150283813477
v 122.50396728515625 0 -13.071475028991699
v 125.97251892089844 0 -6.2716150283813477
v 125.97251892089844 0 -13.071475028991699
v 122.50396728515625 0 -6.2716150283813477
v 125.97251892089844 0 -6.2716150283813477
v 122.50396728515625 5 -6.2716150283813477
v 125.97251892089844 5 -6.2716150283813477
v 125.97251892089844 0 -6.2716150283813477
v 125.97251892089844 0 -13.071475028991699
v 125.97251892089844 5 -6.2716150283813477
v 125.97251892089844 5 -13.071475028991699
v 125.97251892089844 0 -13.071475028991699
v 122.50396728515625 0 -13.071475028991699
v 125.97251892089844 5 -13.071475028991699
v 122.50396728515625 5 -13.071475028991699
v 122.50396728515625 0 -13.071475028991699
v 122.50396728515625 0 -6.2716150283813477
v 122.50396728515625 5 -13.071475028991699
v 122.50396728515625 5 -6.2716150283813477
v 122.50396728515625 5 -6.2716150283813477
v 122.50396728515625 5 -13.071475028991699
v 125.97251892089844 5 -6.2716150283813477
v 125.97251892089844 5 -13.071475028991699
vt 0.3333333432674408 0
vt 0.3333333432674408 0.45185914635658264
vt 0.56457012891769409 0
vt 0.56457012891769409 0.45185914635658264
vt 0.66666668653488159 0.45332399010658264
vt 0.66666668653488159 0.68456077575683594
vt 0.99853515625 0.45332399010658264
vt 0.99853515625 0.68456077575683594
vt 0.3333333432674408 0.45332399010658264
vt 0.3333333432674408 0.90518313646316528
vt 0.66520184278488159 0.45332399010658264
vt 0.66520184278488159 0.90518313646316528
vt 0.66666668653488159 0
vt 0.66666668653488159 0.23123681545257568
vt 0.99853515625 0
vt 0.99853515625 0.23123681545257568
vt 0 0.45332399010658264
vt 0 0.90518313646316528
vt 0.3318684995174408 0.45332399010658264
vt 0.3318684995174408 0.90518313646316528
vt 0 0
vt 0 0.45185914635658264
vt 0.23123681545257568 0
vt 0.23123681545257568 0.45185914635658264
vn 0 -1 0
vn 0 -1 0
vn 0 -1 0
vn 0 -1 0
vn 0 0 1
vn 0 0 1
vn 0 0 1
vn 0 0 1
vn 1 0 0
vn 1 0 0
vn 1 0 0
vn 1 0 0
vn 0 0 -1
vn 0 0 -1
vn 0 0 -1
vn 0 0 -1
vn -1 0 0
vn -1 0 0
vn -1 0 0
vn -1 0 0
vn 0 1 0
vn 0 1 0
vn 0 1 0
vn 0 1 0
f 266/266/266 268/268/268 267/267/267 265/265/265
f 270/270/270 272/272/272 271/271/271 269/269/269
f 274/274/274 276/276/276 275/275/275 273/273/273
f 278/278/278 280/280/280 279/279/279 277/277/277
f 282/282/282 284/284/284 283/283/283 281/281/281
f 286/286/286 285/285/285 287/287/287 288/288/288
v 125.97251892089844 0 -13.071475028991699
v 125.97251892089844 5 -13.071475028991699
v 122.50396728515625 0 -13.071475028991699
v 122.50396728515625 5 -13.071475028991699
v 125.97251892089844 0 -17.551187515258789
v 125.97251892089844 5 -17.551187515258789
v 125.97251892089844 0 -13.071475028991699
v 125.97251892089844 5 -13.071475028991699
v 122.50396728515625 0 -17.551187515258789
v 122.50396728515625 5 -17.551187515258789
v 125.97251892089844 0 -17.551187515258789
v 125.97251892089844 5 -17.551187515258789
v 122.50396728515625 0 -13.071475028991699
v 122.50396728515625 5 -13.071475028991699
v 122.50396728515625 0 -17.551187515258789
v 122.50396728515625 5 -17.551187515258789
v 122.50396728515625 0 -13.071475028991699
v 122.50396728515625 0 -17.551187515258789
v 125.97251892089844 0 -13.071475028991699
v 125.97251892089844 0 -17.551187515258789
v 122.50396728515625 5 -13.071475028991699
v 122.50396728515625 5 -17.551187515258789
v 125.97251892089844 5 -13.071475028991699
v 125.97251892089844 5 -17.551187515258789
vt 0.67762565612792969 0.56938338279724121
vt 0.3209095299243927 0.56938338279724121
vt 0.67762565612792969 0.81639242172241211
vt 0.3209095299243927 0.81639242172241211
vt 0 0.3209095299243927
vt 0 0.67909049987792969
vt 0.3194446861743927 0.3209095299243927
vt 0.3194446861743927 0.67909049987792969
vt 0.67762565612792969 0.3209095299243927
vt 0.3209095299243927 0.3209095299243927
vt 0.67762565612792969 0.56791853904724121
vt 0.3209095299243927 0.56791853904724121
vt 0.35818096995353699 0
vt 0 0
vt 0.35818096995353699 0.3194446861743927
vt 0 0.3194446861743927
vt 0.99853515625 0.40892863273620605
vt 0.67909049987792969 0.40892863273620605
vt 0.99853515625 0.65740251541137695
vt 0.67909049987792969 0.65740251541137695
vt 0.99853515625 0
vt 0.67909049987792969 0
vt 0.99853515625 0.2484738826751709
vt 0.67909049987792969 0.2484738826751709
vn 0 0 1
vn 0 0 1
vn 0 0 1
vn 0 0 1
vn 1 0 0
vn 1 0 0
vn 1 0 0
vn 1 0 0
vn 0 0 -1
vn 0 0 -1
vn 0 0 -1
vn 0 0 -1
vn -1 0 0
vn -1 0 0
vn -1 0 0
vn -1 0 0
vn 0 -1 0
vn 0 -1 0
vn 0 -1 0
vn 0 -1 0
vn 0 1 0
vn 0 1 0
vn 0 1 0
vn 0 1 0
f 290/290/290 292/292/292 291/291/291 289/289/289
f 294/294/294 296/296/296 295/295/295 293/293/293
f 298/298/298 300/300/300 299/299/299 297/297/297
f 302/302/302 304/304/304 303/303/303 301/301/301
f 306/306/306 308/308/308 307/307/307 305/305/305
f 310/310/310 309/309/309 311/311/311 312/312/312
v 122.50396728515625 0 -8.8891239166259766
v 122.50396728515625 5 -8.8891239166259766
v 116.57218933105469 0 -8.8891239166259766
v 116.57218933105469 5 -8.8891239166259766
v 122.50396728515625 0 -17.551187515258789
v 122.50396728515625 5 -17.551187515258789
v 122.50396728515625 0 -8.8891239166259766
v 122.50396728515625 5 -8.8891239166259766
v 116.57218933105469 0 -17.551187515258789
v 116.57218933105469 5 -17.551187515258789
v 122.50396728515625 0 -17.551187515258789
v 122.50396728515625 5 -17.551187515258789
v 116.57218933105469 0 -8.8891239166259766
v 116.57218933105469 5 -8.8891239166259766
v 116.57218933105469 0 -17.551187515258789
v 116.57218933105469 5 -17.551187515258789
v 116.57218933105469 0 -8.8891239166259766
v 116.57218933105469 0 -17.551187515258789
v 122.50396728515625 0 -8.8891239166259766
v 122.50396728515625 0 -17.551187515258789
v 116.57218933105469 5 -8.8891239166259766
v 116.57218933105469 5 -17.551187515258789
v 122.50396728515625 5 -8.8891239166259766
v 122.50396728515625 5 -17.551187515258789
vt 0.66666668653488159 0.48676055669784546
vt 0.66666668653488159 0.76773321628570557
vt 0.99853515625 0.48676055669784546
vt 0.99853515625 0.76773321628570557
vt 0.61430597305297852 0
vt 0.3333333432674408 0
vt 0.61430597305297852 0.48529571294784546
vt 0.3333333432674408 0.48529571294784546
vt 0.66666668653488159 0
vt 0.66666668653488159 0.28097265958786011
vt 0.99853515625 0
vt 0.99853515625 0.28097265958786011
vt 0.28097265958786011 0
vt 0 0
vt 0.28097265958786011 0.48529571294784546
vt 0 0.48529571294784546
vt 0.3333333432674408 0.48676055669784546
vt 0.3333333432674408 0.97205626964569092
vt 0.66520184278488159 0.48676055669784546
vt 0.66520184278488159 0.97205626964569092
vt 0 0.48676055669784546
vt 0 0.97205626964569092
vt 0.3318684995174408 0.48676055669784546
vt 0.3318684995174408 0.97205626964569092
vn 0 0 1
vn 0 0 1
vn 0 0 1
vn 0 0 1
vn 1 0 0
vn 1 0 0
vn 1 0 0
vn 1 0 0
vn 0 0 -1
vn 0 0 -1
vn 0 0 -1
vn 0 0 -1
vn -1 0 0
vn -1 0 0
vn -1 0 0
vn -1 0 0
vn 0 -1 0
vn 0 -1 0
vn 0 -1 0
vn 0 -1 0
vn 0 1 0
vn 0 1 0
vn 0 1 0
vn 0 1 0
f 314/314/314 316/316/316 315/315/315 313/313/313
f 318/318/318 320/320/320 319/319/319 317/317/317
f 322/322/322 324/324/324 323/323/323 321/321/321
f 326/326/326 328/328/328 327/327/327 325/325/325
f 330/330/330 332/332/332 331/331/331 329/329/329
f 334/334/334 333/333/333 335/335/335 336/336/336
v 122.50396728515625 0 -6.2716150283813477
v 122.50396728515625 5 -6.2716150283813477
v 119.45695495605469 0 -6.2716150283813477
v 119.45695495605469 5 -6.2716150283813477
v 122.50396728515625 0 -8.8891239166259766
v 122.50396728515625 5 -8.8891239166259766
v 122.50396728515625 0 -6.2716150283813477
v 122.50396728515625 5 -6.2716150283813477
v 119.45695495605469 0 -8.8891239166259766
v 119.45695495605469 5 -8.8891239166259766
v 122.50396728515625 0 -8.8891239166259766
v 122.50396728515625 5 -8.8891239166259766
v 119.45695495605469 0 -6.2716150283813477
v 119.45695495605469 5 -6.2716150283813477
v 119.45695495605469 0 -8.8891239166259766
v 119.45695495605469 5 -8.8891239166259766
v 119.45695495605469 0 -6.2716150283813477
v 119.45695495605469 0 -8.8891239166259766
v 122.50396728515625 0 -6.2716150283813477
v 122.50396728515625 0 -8.8891239166259766
v 119.45695495605469 5 -6.2716150283813477
v 119.45695495605469 5 -8.8891239166259766
v 122.50396728515625 5 -6.2716150283813477
v 122.50396728515625 5 -8.8891239166259766
vt 0.30470126867294312 0.5
vt 0.30470126867294312 0.99853515625
vt 0.60793769359588623 0.5
vt 0.60793769359588623 0.99853515625
vt 0.30470126867294312 0
vt 0.30470126867294312 0.49853515625
vt 0.56645220518112183 0
vt 0.56645220518112183 0.49853515625
vt 0 0.5
vt 0 0.99853515625
vt 0.30323642492294312 0.5
vt 0.30323642492294312 0.99853515625
vt 0 0
vt 0 0.49853515625
vt 0.26175093650817871 0
vt 0.26175093650817871 0.49853515625
vt 0.60940253734588623 0.5
vt 0.60940253734588623 0.76175093650817871
vt 0.91263896226882935 0.5
vt 0.91263896226882935 0.76175093650817871
vt 0.60940253734588623 0
vt 0.60940253734588623 0.26175093650817871
vt 0.91263896226882935 0
vt 0.91263896226882935 0.26175093650817871
vn 0 0 1
vn 0 0 1
vn 0 0 1
vn 0 0 1
vn 1 0 0
vn 1 0 0
vn 1 0 0
vn 1 0 0
vn 0 0 -1
vn 0 0 -1
vn 0 0 -1
vn 0 0 -1
vn -1 0 0
vn -1 0 0
vn -1 0 0
vn -1 0 0
vn 0 -1 0
vn 0 -1 0
vn 0 -1 0
vn 0 -1 0
vn 0 1 0
vn 0 1 0
vn 0 1 0
vn 0 1 0
f 338/338/338 340/340/340 339/339/339 337/337/337
f 342/342/342 344/344/344 343/343/343 341/341/341
f 346/346/346 348/348/348 347/347/347 345/345/345
f 350/350/350 352/352/352 351/351/351 349/349/349
f 354/354/354 356/356/356 355/355/355 353/353/353
f 358/358/358 357/357/357 359/359/359 360/360/360
g Cold_Room
v 117.89268493652344 0 1.4154528379440308
v 122.48090362548828 0 1.4154528379440308
v 117.89268493652344 0 -2.5033082962036133
v 122.48090362548828 0 -2.5033082962036133
v 117.89268493652344 0 1.4154528379440308
v 117.89268493652344 0 -2.5033082962036133
v 117.89268493652344 5 1.4154528379440308
v 117.89268493652344 5 -2.5033082962036133
v 117.89268493652344 0 -2.5033082962036133
v 122.48090362548828 0 -2.5033082962036133
v 117.89268493652344 5 -2.5033082962036133
v 122.48090362548828 5 -2.5033082962036133
v 122.48090362548828 0 -2.5033082962036133
v 122.48090362548828 0 1.4154528379440308
v 122.48090362548828 5 -2.5033082962036133
v 122.48090362548828 5 1.4154528379440308
v 122.48090362548828 0 1.4154528379440308
v 117.89268493652344 0 1.4154528379440308
v 122.48090362548828 5 1.4154528379440308
v 117.89268493652344 5 1.4154528379440308
v 117.89268493652344 5 1.4154528379440308
v 122.48090362548828 5 1.4154528379440308
v 117.89268493652344 5 -2.5033082962036133
v 122.48090362548828 5 -2.5033082962036133
vt 0.99853515625 0.438253253698349
vt 0.67634892463684082 0.438253253698349
vt 0.99853515625 0.71468096971511841
vt 0.67634892463684082 0.71468096971511841
vt 0.32365110516548157 0.60007882118225098
vt 0.32365110516548157 0.875041663646698
vt 0.67488408088684082 0.60007882118225098
vt 0.67488408088684082 0.875041663646698
vt 0.32218626141548157 0.32365110516548157
vt 0 0.32365110516548157
vt 0.32218626141548157 0.67634892463684082
vt 0 0.67634892463684082
vt 0.32365110516548157 0.32365110516548157
vt 0.32365110516548157 0.59861397743225098
vt 0.67488408088684082 0.32365110516548157
vt 0.67488408088684082 0.59861397743225098
vt 0 0
vt 0 0.32218626141548157
vt 0.35269781947135925 0
vt 0.35269781947135925 0.32218626141548157
vt 0.99853515625 0
vt 0.67634892463684082 0
vt 0.99853515625 0.27642768621444702
vt 0.67634892463684082 0.27642768621444702
vn 0 -1 0
vn 0 -1 0
vn 0 -1 0
vn 0 -1 0
vn -1 0 0
vn -1 0 0
vn -1 0 0
vn -1 0 0
vn 0 0 -1
vn 0 0 -1
vn 0 0 -1
vn 0 0 -1
vn 1 0 0
vn 1 0 0
vn 1 0 0
vn 1 0 0
vn 0 0 1
vn 0 0 1
vn 0 0 1
vn 0 0 1
vn 0 1 0
vn 0 1 0
vn 0 1 0
vn 0 1 0
f 362/362/362 361/361/361 363/363/363 364/364/364
f 366/366/366 365/365/365 367/367/367 368/368/368
f 370/370/370 369/369/369 371/371/371 372/372/372
f 374/374/374 373/373/373 375/375/375 376/376/376
f 378/378/378 377/377/377 379/379/379 380/380/380
f 382/382/382 384/384/384 383/383/383 381/381/381
v 131.51776123046875 0 -25.217739105224609
v 131.51776123046875 5 -25.217739105224609
v 127.96580505371094 0 -25.217739105224609
v 127.96580505371094 5 -25.217739105224609
v 131.51776123046875 0 -29.720056533813477
v 131.51776123046875 5 -29.720056533813477
v 131.51776123046875 0 -25.217739105224609
v 131.51776123046875 5 -25.217739105224609
v 127.96580505371094 0 -29.720056533813477
v 127.96580505371094 5 -29.720056533813477
v 131.51776123046875 0 -29.720056533813477
v 131.51776123046875 5 -29.720056533813477
v 127.96580505371094 0 -25.217739105224609
v 127.96580505371094 5 -25.217739105224609
v 127.96580505371094 0 -29.720056533813477
v 127.96580505371094 5 -29.720056533813477
v 127.96580505371094 0 -25.217739105224609
v 127.96580505371094 0 -29.720056533813477
v 131.51776123046875 0 -25.217739105224609
v 131.51776123046875 0 -29.720056533813477
v 127.96580505371094 5 -25.217739105224609
v 127.96580505371094 5 -29.720056533813477
v 131.51776123046875 5 -25.217739105224609
v 131.51776123046875 5 -29.720056533813477
vt 0.6770474910736084 0.57511484622955322
vt 0.32148769497871399 0.57511484622955322
vt 0.6770474910736084 0.82727718353271484
vt 0.32148769497871399 0.82727718353271484
vt 0 0.32148769497871399
vt 0 0.6785123348236084
vt 0.32002285122871399 0.32148769497871399
vt 0.32002285122871399 0.6785123348236084
vt 0.6770474910736084 0.32148769497871399
vt 0.32148769497871399 0.32148769497871399
vt 0.6770474910736084 0.57365000247955322
vt 0.32148769497871399 0.57365000247955322
vt 0.35702461004257202 0
vt 0 0
vt 0.35702461004257202 0.32002285122871399
vt 0 0.32002285122871399
vt 0.99853515625 0.41437101364135742
vt 0.6785123348236084 0.41437101364135742
vt 0.99853515625 0.66799819469451904
vt 0.6785123348236084 0.66799819469451904
vt 0.99853515625 0
vt 0.6785123348236084 0
vt 0.99853515625 0.25362715125083923
vt 0.6785123348236084 0.25362715125083923
vn 0 0 1
vn 0 0 1
vn 0 0 1
vn 0 0 1
vn 1 0 0
vn 1 0 0
vn 1 0 0
vn 1 0 0
vn 0 0 -1
vn 0 0 -1
vn 0 0 -1
vn 0 0 -1
vn -1 0 0
vn -1 0 0
vn -1 0 0
vn -1 0 0
vn 0 -1 0
vn 0 -1 0
vn 0 -1 0
vn 0 -1 0
vn 0 1 0
vn 0 1 0
vn 0 1 0
vn 0 1 0
f 386/386/386 388/388/388 387/387/387 385/385/385
f 390/390/390 392/392/392 391/391/391 389/389/389
f 394/394/394 396/396/396 395/395/395 393/393/393
f 398/398/398 400/400/400 399/399/399 397/397/397
f 402/402/402 404/404/404 403/403/403 401/401/401
f 406/406/406 405/405/405 407/407/407 408/408/408
v 127.73728942871094 0 0.63714843988418579
v 135.48538208007812 0 0.63714843988418579
v 127.73728942871094 0 -2.5033082962036133
v 135.48538208007812 0 -2.5033082962036133
v 127.73728942871094 0 0.63714843988418579
v 127.73728942871094 0 -2.5033082962036133
v 127.73728942871094 5 0.63714843988418579
v 127.73728942871094 5 -2.5033082962036133
v 127.73728942871094 0 -2.5033082962036133
v 135.48538208007812 0 -2.5033082962036133
v 127.73728942871094 5 -2.5033082962036133
v 135.48538208007812 5 -2.5033082962036133
v 135.48538208007812 0 -2.5033082962036133
v 135.48538208007812 0 0.63714843988418579
v 135.48538208007812 5 -2.5033082962036133
v 135.48538208007812 5 0.63714843988418579
v 135.48538208007812 0 0.63714843988418579
v 127.73728942871094 0 0.63714843988418579
v 135.48538208007812 5 0.63714843988418579
v 127.73728942871094 5 0.63714843988418579
v 127.73728942871094 5 0.63714843988418579
v 135.48538208007812 5 0.63714843988418579
v 127.73728942871094 5 -2.5033082962036133
v 135.48538208007812 5 -2.5033082962036133
vt 0.5165398120880127 0.20936378836631775
vt 0 0.20936378836631775
vt 0.5165398120880127 0.4172627329826355
vt 0 0.4172627329826355
vt 0 0.67699748277664185
vt 0 0.88636124134063721
vt 0.3318684995174408 0.67699748277664185
vt 0.3318684995174408 0.88636124134063721
vt 0.66666668653488159 0
vt 0.66666668653488159 0.5165398120880127
vt 0.99853515625 0
vt 0.99853515625 0.5165398120880127
vt 0 0.4187275767326355
vt 0 0.62809133529663086
vt 0.3318684995174408 0.4187275767326355
vt 0.3318684995174408 0.62809133529663086
vt 0.3333333432674408 0.4187275767326355
vt 0.3333333432674408 0.93380254507064819
vt 0.66520184278488159 0.4187275767326355
vt 0.66520184278488159 0.93380254507064819
vt 0.5165398120880127 0
vt 0 0
vt 0.5165398120880127 0.20789894461631775
vt 0 0.20789894461631775
vn 0 -1 0
vn 0 -1 0
vn 0 -1 0
vn 0 -1 0
vn -1 0 0
vn -1 0 0
vn -1 0 0
vn -1 0 0
vn 0 0 -1
vn 0 0 -1
vn 0 0 -1
vn 0 0 -1
vn 1 0 0
vn 1 0 0
vn 1 0 0
vn 1 0 0
vn 0 0 1
vn 0 0 1
vn 0 0 1
vn 0 0 1
vn 0 1 0
vn 0 1 0
vn 0 1 0
vn 0 1 0
f 410/410/410 409/409/409 411/411/411 412/412/412
f 414/414/414 413/413/413 415/415/415 416/416/416
f 418/418/418 417/417/417 419/419/419 420/420/420
f 422/422/422 421/421/421 423/423/423 424/424/424
f 426/426/426 425/425/425 427/427/427 428/428/428
f 430/430/430 432/432/432 431/431/431 429/429/429
v 105.60579681396484 0 0.68276858329772949
v 105.60579681396484 0 -2.5033082962036133
v 112.31632232666016 0 0.68276858329772949
v 112.31632232666016 0 -2.5033082962036133
v 105.60579681396484 0 0.68276858329772949
v 112.31632232666016 0 0.68276858329772949
v 105.60579681396484 5 0.68276858329772949
v 112.31632232666016 5 0.68276858329772949
v 112.31632232666016 0 0.68276858329772949
v 112.31632232666016 0 -2.5033082962036133
v 112.31632232666016 5 0.68276858329772949
v 112.31632232666016 5 -2.5033082962036133
v 112.31632232666016 0 -2.5033082962036133
v 105.60579681396484 0 -2.5033082962036133
v 112.31632232666016 5 -2.5033082962036133
v 105.60579681396484 5 -2.5033082962036133
v 105.60579681396484 0 -2.5033082962036133
v 105.60579681396484 0 0.68276858329772949
v 105.60579681396484 5 -2.5033082962036133
v 105.60579681396484 5 0.68276858329772949
v 105.60579681396484 5 0.68276858329772949
v 105.60579681396484 5 -2.5033082962036133
v 112.31632232666016 5 0.68276858329772949
v 112.31632232666016 5 -2.5033082962036133
vt 0 0.21240513026714325
vt 0 0.4233454167842865
vt 0.44736838340759277 0.21240513026714325
vt 0.44736838340759277 0.4233454167842865
vt 0.66666668653488159 0
vt 0.66666668653488159 0.44736838340759277
vt 0.99853515625 0
vt 0.99853515625 0.44736838340759277
vt 0 0.6484944224357605
vt 0 0.86089956760406494
vt 0.3318684995174408 0.6484944224357605
vt 0.3318684995174408 0.86089956760406494
vt 0.3333333432674408 0.4248102605342865
vt 0.3333333432674408 0.87071377038955688
vt 0.66520184278488159 0.4248102605342865
vt 0.66520184278488159 0.87071377038955688
vt 0 0.4248102605342865
vt 0 0.63721537590026855
vt 0.3318684995174408 0.4248102605342865
vt 0.3318684995174408 0.63721537590026855
vt 0 0
vt 0 0.21094028651714325
vt 0.44736838340759277 0
vt 0.44736838340759277 0.21094028651714325
vn 0 -1 0
vn 0 -1 0
vn 0 -1 0
vn 0 -1 0
vn 0 0 1
vn 0 0 1
vn 0 0 1
vn 0 0 1
vn 1 0 0
vn 1 0 0
vn 1 0 0
vn 1 0 0
vn 0 0 -1
vn 0 0 -1
vn 0 0 -1
vn 0 0 -1
vn -1 0 0
vn -1 0 0
vn -1 0 0
vn -1 0 0
vn 0 1 0
vn 0 1 0
vn 0 1 0
vn 0 1 0
f 434/434/434 436/436/436 435/435/435 433/433/433
f 438/438/438 440/440/440 439/439/439 437/437/437
f 442/442/442 444/444/444 443/443/443 441/441/441
f 446/446/446 448/448/448 447/447/447 445/445/445
f 450/450/450 452/452/452 451/451/451 449/449/449
f 454/454/454 453/453/453 455/455/455 456/456/456
v 131.51776123046875 0 -20.96314811706543
v 131.51776123046875 0 -25.217739105224609
v 134.636962890625 0 -20.96314811706543
v 134.636962890625 0 -25.217739105224609
v 131.51776123046875 0 -20.96314811706543
v 134.636962890625 0 -20.96314811706543
v 131.51776123046875 5 -20.96314811706543
v 134.636962890625 5 -20.96314811706543
v 134.636962890625 0 -20.96314811706543
v 134.636962890625 0 -25.217739105224609
v 134.636962890625 5 -20.96314811706543
v 134.636962890625 5 -25.217739105224609
v 134.636962890625 0 -25.217739105224609
v 131.51776123046875 0 -25.217739105224609
v 134.636962890625 5 -25.217739105224609
v 131.51776123046875 5 -25.217739105224609
v 131.51776123046875 0 -25.217739105224609
v 131.51776123046875 0 -20.96314811706543
v 131.51776123046875 5 -25.217739105224609
v 131.51776123046875 5 -20.96314811706543
v 131.51776123046875 5 -20.96314811706543
v 131.51776123046875 5 -25.217739105224609
v 134.636962890625 5 -20.96314811706543
v 134.636962890625 5 -25.217739105224609
vt 0.72245150804519653 0
vt 0.72245150804519653 0.3771112859249115
vt 0.99853515625 0
vt 0.99853515625 0.3771112859249115
vt 0.99853515625 0.3785761296749115
vt 0.72245150804519653 0.3785761296749115
vt 0.99853515625 0.82201433181762695
vt 0.72245150804519653 0.82201433181762695
vt 0 0.41173958778381348
vt 0 0.79031568765640259
vt 0.44343820214271545 0.41173958778381348
vt 0.44343820214271545 0.79031568765640259
vt 0.72098666429519653 0.3785761296749115
vt 0.44490304589271545 0.3785761296749115
vt 0.72098666429519653 0.82201433181762695
vt 0.44490304589271545 0.82201433181762695
vt 0 0
vt 0 0.3785761296749115
vt 0.44343820214271545 0
vt 0.44343820214271545 0.3785761296749115
vt 0.44490304589271545 0
vt 0.44490304589271545 0.3771112859249115
vt 0.72098666429519653 0
vt 0.72098666429519653 0.3771112859249115
vn 0 -1 0
vn 0 -1 0
vn 0 -1 0
vn 0 -1 0
vn 0 0 1
vn 0 0 1
vn 0 0 1
vn 0 0 1
vn 1 0 0
vn 1 0 0
vn 1 0 0
vn 1 0 0
vn 0 0 -1
vn 0 0 -1
vn 0 0 -1
vn 0 0 -1
vn -1 0 0
vn -1 0 0
vn -1 0 0
vn -1 0 0
vn 0 1 0
vn 0 1 0
vn 0 1 0
vn 0 1 0
f 458/458/458 460/460/460 459/459/459 457/457/457
f 462/462/462 464/464/464 463/463/463 461/461/461
f 466/466/466 468/468/468 467/467/467 465/465/465
f 470/470/470 472/472/472 471/471/471 469/469/469
f 474/474/474 476/476/476 475/475/475 473/473/473
f 478/478/478 477/477/477 479/479/479 480/480/480
v 131.51776123046875 0 -16.671125411987305
v 131.51776123046875 0 -19.465930938720703
v 134.636962890625 0 -16.671125411987305
v 134.636962890625 0 -19.465930938720703
v 131.51776123046875 0 -16.671125411987305
v 134.636962890625 0 -16.671125411987305
v 131.51776123046875 5 -16.671125411987305
v 134.636962890625 5 -16.671125411987305
v 134.636962890625 0 -16.671125411987305
v 134.636962890625 0 -19.465930938720703
v 134.636962890625 5 -16.671125411987305
v 134.636962890625 5 -19.465930938720703
v 134.636962890625 0 -19.465930938720703
v 131.51776123046875 0 -19.465930938720703
v 134.636962890625 5 -19.465930938720703
v 131.51776123046875 5 -19.465930938720703
v 131.51776123046875 0 -19.465930938720703
v 131.51776123046875 0 -16.671125411987305
v 131.51776123046875 5 -19.465930938720703
v 131.51776123046875 5 -16.671125411987305
v 131.51776123046875 5 -16.671125411987305
v 131.51776123046875 5 -19.465930938720703
v 134.636962890625 5 -16.671125411987305
v 134.636962890625 5 -19.465930938720703
vt 0.62384033203125 0.5
vt 0.62384033203125 0.7794804573059082
vt 0.934295654296875 0.5
vt 0.934295654296875 0.7794804573059082
vt 0.62237548828125 0.5
vt 0.311920166015625 0.5
vt 0.62237548828125 0.99853515625
vt 0.311920166015625 0.99853515625
vt 0.5914006233215332 0
vt 0.311920166015625 0
vt 0.5914006233215332 0.49853515625
vt 0.311920166015625 0.49853515625
vt 0.310455322265625 0.5
vt 0 0.5
vt 0.310455322265625 0.99853515625
vt 0 0.99853515625
vt 0.27948048710823059 0
vt 0 0
vt 0.27948048710823059 0.49853515625
vt 0 0.49853515625
vt 0.62384033203125 0
vt 0.62384033203125 0.27948048710823059
vt 0.934295654296875 0
vt 0.934295654296875 0.27948048710823059
vn 0 -1 0
vn 0 -1 0
vn 0 -1 0
vn 0 -1 0
vn 0 0 1
vn 0 0 1
vn 0 0 1
vn 0 0 1
vn 1 0 0
vn 1 0 0
vn 1 0 0
vn 1 0 0
vn 0 0 -1
vn 0 0 -1
vn 0 0 -1
vn 0 0 -1
vn -1 0 0
vn -1 0 0
vn -1 0 0
vn -1 0 0
vn 0 1 0
vn 0 1 0
vn 0 1 0
vn 0 1 0
f 482/482/482 484/484/484 483/483/483 481/481/481
f 486/486/486 488/488/488 487/487/487 485/485/485
f 490/490/490 492/492/492 491/491/491 489/489/489
f 494/494/494 496/496/496 495/495/495 493/493/493
f 498/498/498 500/500/500 499/499/499 497/497/497
f 502/502/502 501/501/501 503/503/503 504/504/504
v 131.51776123046875 0 -14.699790000915527
v 131.51776123046875 0 -16.671125411987305
v 134.636962890625 0 -14.699790000915527
v 134.636962890625 0 -16.671125411987305
v 131.51776123046875 0 -14.699790000915527
v 134.636962890625 0 -14.699790000915527
v 131.51776123046875 5 -14.699790000915527
v 134.636962890625 5 -14.699790000915527
v 134.636962890625 0 -14.699790000915527
v 134.636962890625 0 -16.671125411987305
v 134.636962890625 5 -14.699790000915527
v 134.636962890625 5 -16.671125411987305
v 134.636962890625 0 -16.671125411987305
v 131.51776123046875 0 -16.671125411987305
v 134.636962890625 5 -16.671125411987305
v 131.51776123046875 5 -16.671125411987305
v 131.51776123046875 0 -16.671125411987305
v 131.51776123046875 0 -14.699790000915527
v 131.51776123046875 5 -16.671125411987305
v 131.51776123046875 5 -14.699790000915527
v 131.51776123046875 5 -14.699790000915527
v 131.51776123046875 5 -16.671125411987305
v 134.636962890625 5 -14.699790000915527
v 134.636962890625 5 -16.671125411987305
vt 0 0.6884956955909729
vt 0 0.89916235208511353
vt 0.3318684995174408 0.6884956955909729
vt 0.3318684995174408 0.89916235208511353
vt 0.99853515625 0
vt 0.66666668653488159 0
vt 0.99853515625 0.5343247652053833
vt 0.66666668653488159 0.5343247652053833
vt 0 0.21066667139530182
vt 0 0.41986849904060364
vt 0.5343247652053833 0.21066667139530182
vt 0.5343247652053833 0.41986849904060364
vt 0.66520184278488159 0.42133334279060364
vt 0.3333333432674408 0.42133334279060364
vt 0.66520184278488159 0.95419323444366455
vt 0.3333333432674408 0.95419323444366455
vt 0 0
vt 0 0.20920182764530182
vt 0.5343247652053833 0
vt 0.5343247652053833 0.20920182764530182
vt 0 0.42133334279060364
vt 0 0.63200002908706665
vt 0.3318684995174408 0.42133334279060364
vt 0.3318684995174408 0.63200002908706665
vn 0 -1 0
vn 0 -1 0
vn 0 -1 0
vn 0 -1 0
vn 0 0 1
vn 0 0 1
vn 0 0 1
vn 0 0 1
vn 1 0 0
vn 1 0 0
vn 1 0 0
vn 1 0 0
vn 0 0 -1
vn 0 0 -1
vn 0 0 -1
vn 0 0 -1
vn -1 0 0
vn -1 0 0
vn -1 0 0
vn -1 0 0
vn 0 1 0
vn 0 1 0
vn 0 1 0
vn 0 1 0
f 506/506/506 508/508/508 507/507/507 505/505/505
f 510/510/510 512/512/512 511/511/511 509/509/509
f 514/514/514 516/516/516 515/515/515 513/513/513
f 518/518/518 520/520/520 519/519/519 517/517/517
f 522/522/522 524/524/524 523/523/523 521/521/521
f 526/526/526 525/525/525 527/527/527 528/528/528
v 85.129402160644531 0 1.568966269493103
v 85.129402160644531 0 -2.5033082962036133
v 90.331748962402344 0 1.568966269493103
v 90.331748962402344 0 -2.5033082962036133
v 85.129402160644531 0 1.568966269493103
v 90.331748962402344 0 1.568966269493103
v 85.129402160644531 5 1.568966269493103
v 90.331748962402344 5 1.568966269493103
v 90.331748962402344 0 1.568966269493103
v 90.331748962402344 0 -2.5033082962036133
v 90.331748962402344 5 1.568966269493103
v 90.331748962402344 5 -2.5033082962036133
v 90.331748962402344 0 -2.5033082962036133
v 85.129402160644531 0 -2.5033082962036133
v 90.331748962402344 5 -2.5033082962036133
v 85.129402160644531 5 -2.5033082962036133
v 85.129402160644531 0 -2.5033082962036133
v 85.129402160644531 0 1.568966269493103
v 85.129402160644531 5 -2.5033082962036133
v 85.129402160644531 5 1.568966269493103
v 85.129402160644531 5 1.568966269493103
v 85.129402160644531 5 -2.5033082962036133
v 90.331748962402344 5 1.568966269493103
v 90.331748962402344 5 -2.5033082962036133
vt 0.32889658212661743 0.59676802158355713
vt 0.32889658212661743 0.86317461729049683
vt 0.66963857412338257 0.59676802158355713
vt 0.66963857412338257 0.86317461729049683
vt 0 0.32889658212661743
vt 0 0.67110341787338257
vt 0.32743173837661743 0.32889658212661743
vt 0.32743173837661743 0.67110341787338257
vt 0.67110341787338257 0.43231973052024841
vt 0.67110341787338257 0.7001911997795105
vt 0.99853515625 0.43231973052024841
vt 0.99853515625 0.7001911997795105
vt 0.34220683574676514 0
vt 0 0
vt 0.34220683574676514 0.32743173837661743
vt 0 0.32743173837661743
vt 0.67110341787338257 0
vt 0.67110341787338257 0.2678714394569397
vt 0.99853515625 0
vt 0.99853515625 0.2678714394569397
vt 0.32889658212661743 0.32889658212661743
vt 0.32889658212661743 0.59530317783355713
vt 0.66963857412338257 0.32889658212661743
vt 0.66963857412338257 0.59530317783355713
vn 0 -1 0
vn 0 -1 0
vn 0 -1 0
vn 0 -1 0
vn 0 0 1
vn 0 0 1
vn 0 0 1
vn 0 0 1
vn 1 0 0
vn 1 0 0
vn 1 0 0
vn 1 0 0
vn 0 0 -1
vn 0 0 -1
vn 0 0 -1
vn 0 0 -1
vn -1 0 0
vn -1 0 0
vn -1 0 0
vn -1 0 0
vn 0 1 0
vn 0 1 0
vn 0 1 0
vn 0 1 0
f 530/530/530 532/532/532 531/531/531 529/529/529
f 534/534/534 536/536/536 535/535/535 533/533/533
f 538/538/538 540/540/540 539/539/539 537/537/537
f 542/542/542 544/544/544 543/543/543 541/541/541
f 546/546/546 548/548/548 547/547/547 545/545/545
f 550/550/550 549/549/549 551/551/551 552/552/552
v 131.51776123046875 0 -19.465930938720703
v 131.51776123046875 0 -20.96314811706543
v 134.636962890625 0 -19.465930938720703
v 134.636962890625 0 -20.96314811706543
v 131.51776123046875 0 -19.465930938720703
v 134.636962890625 0 -19.465930938720703
v 131.51776123046875 5 -19.465930938720703
v 134.636962890625 5 -19.465930938720703
v 134.636962890625 0 -19.465930938720703
v 134.636962890625 0 -20.96314811706543
v 134.636962890625 5 -19.465930938720703
v 134.636962890625 5 -20.96314811706543
v 134.636962890625 0 -20.96314811706543
v 131.51776123046875 0 -20.96314811706543
v 134.636962890625 5 -20.96314811706543
v 131.51776123046875 5 -20.96314811706543
v 131.51776123046875 0 -20.96314811706543
v 131.51776123046875 0 -19.465930938720703
v 131.51776123046875 5 -20.96314811706543
v 131.51776123046875 5 -19.465930938720703
v 131.51776123046875 5 -19.465930938720703
v 131.51776123046875 5 -20.96314811706543
v 134.636962890625 5 -19.465930938720703
v 134.636962890625 5 -20.96314811706543
vt 0.32730227708816528 0.34246575832366943
vt 0.16438356041908264 0.34246575832366943
vt 0.32730227708816528 0.68493151664733887
vt 0.16438356041908264 0.68493151664733887
vt 0.66976803541183472 0.34246575832366943
vt 0.32876712083816528 0.34246575832366943
vt 0.66976803541183472 0.88996469974517822
vt 0.32876712083816528 0.88996469974517822
vt 0.99853515625 0
vt 0.83561640977859497 0
vt 0.99853515625 0.54896378517150879
vt 0.83561640977859497 0.54896378517150879
vt 0 0
vt 0 0.34100091457366943
vt 0.54896378517150879 0
vt 0.54896378517150879 0.34100091457366943
vt 0.83415156602859497 0
vt 0.67123287916183472 0
vt 0.83415156602859497 0.54896378517150879
vt 0.67123287916183472 0.54896378517150879
vt 0.16291871666908264 0.34246575832366943
vt 0 0.34246575832366943
vt 0.16291871666908264 0.68493151664733887
vt 0 0.68493151664733887
vn 0 -1 0
vn 0 -1 0
vn 0 -1 0
vn 0 -1 0
vn 0 0 1
vn 0 0 1
vn 0 0 1
vn 0 0 1
vn 1 0 0
vn 1 0 0
vn 1 0 0
vn 1 0 0
vn 0 0 -1
vn 0 0 -1
vn 0 0 -1
vn 0 0 -1
vn -1 0 0
vn -1 0 0
vn -1 0 0
vn -1 0 0
vn 0 1 0
vn 0 1 0
vn 0 1 0
vn 0 1 0
f 554/554/554 556/556/556 555/555/555 553/553/553
f 558/558/558 560/560/560 559/559/559 557/557/557
f 562/562/562 564/564/564 563/563/563 561/561/561
f 566/566/566 568/568/568 567/567/567 565/565/565
f 570/570/570 572/572/572 571/571/571 569/569/569
f 574/574/574 573/573/573 575/575/575 576/576/576
v 95.3492431640625 0 0.7322695255279541
v 95.3492431640625 0 -2.5033082962036133
v 100.018310546875 0 0.7322695255279541
v 100.018310546875 0 -2.5033082962036133
v 95.3492431640625 0 0.7322695255279541
v 100.018310546875 0 0.7322695255279541
v 95.3492431640625 5 0.7322695255279541
v 100.018310546875 5 0.7322695255279541
v 100.018310546875 0 0.7322695255279541
v 100.018310546875 0 -2.5033082962036133
v 100.018310546875 5 0.7322695255279541
v 100.018310546875 5 -2.5033082962036133
v 100.018310546875 0 -2.5033082962036133
v 95.3492431640625 0 -2.5033082962036133
v 100.018310546875 5 -2.5033082962036133
v 95.3492431640625 5 -2.5033082962036133
v 95.3492431640625 0 -2.5033082962036133
v 95.3492431640625 0 0.7322695255279541
v 95.3492431640625 5 -2.5033082962036133
v 95.3492431640625 5 0.7322695255279541
v 95.3492431640625 5 0.7322695255279541
v 95.3492431640625 5 -2.5033082962036133
v 100.018310546875 5 0.7322695255279541
v 100.018310546875 5 -2.5033082962036133
vt 0.99853515625 0
vt 0.71793794631958008 0
vt 0.99853515625 0.40556219220161438
vt 0.71793794631958008 0.40556219220161438
vt 0 0.42145144939422607
vt 0 0.82847851514816284
vt 0.43441101908683777 0.42145144939422607
vt 0.43441101908683777 0.82847851514816284
vt 0.99853515625 0.40702703595161438
vt 0.71793794631958008 0.40702703595161438
vt 0.99853515625 0.84143805503845215
vt 0.71793794631958008 0.84143805503845215
vt 0 0
vt 0 0.40702703595161438
vt 0.43441101908683777 0
vt 0.43441101908683777 0.40702703595161438
vt 0.71647310256958008 0.40702703595161438
vt 0.43587586283683777 0.40702703595161438
vt 0.71647310256958008 0.84143805503845215
vt 0.43587586283683777 0.84143805503845215
vt 0.71647310256958008 0
vt 0.43587586283683777 0
vt 0.71647310256958008 0.40556219220161438
vt 0.43587586283683777 0.40556219220161438
vn 0 -1 0
vn 0 -1 0
vn 0 -1 0
vn 0 -1 0
vn 0 0 1
vn 0 0 1
vn 0 0 1
vn 0 0 1
vn 1 0 0
vn 1 0 0
vn 1 0 0
vn 1 0 0
vn 0 0 -1
vn 0 0 -1
vn 0 0 -1
vn 0 0 -1
vn -1 0 0
vn -1 0 0
vn -1 0 0
vn -1 0 0
vn 0 1 0
vn 0 1 0
vn 0 1 0
vn 0 1 0
f 578/578/578 580/580/580 579/579/579 577/577/577
f 582/582/582 584/584/584 583/583/583 581/581/581
f 586/586/586 588/588/588 587/587/587 585/585/585
f 590/590/590 592/592/592 591/591/591 589/589/589
f 594/594/594 596/596/596 595/595/595 593/593/593
f 598/598/598 597/597/597 599/599/599 600/600/600
g Neutral_Room
v 88.600822448730469 0 -20.125049591064453
v 88.600822448730469 0 -23.247869491577148
v 96.80706787109375 0 -20.125049591064453
v 96.80706787109375 0 -23.247869491577148
v 88.600822448730469 0 -20.125049591064453
v 96.80706787109375 0 -20.125049591064453
v 88.600822448730469 5 -20.125049591064453
v 96.80706787109375 5 -20.125049591064453
v 96.80706787109375 0 -20.125049591064453
v 96.80706787109375 0 -23.247869491577148
v 96.80706787109375 5 -20.125049591064453
v 96.80706787109375 5 -23.247869491577148
v 96.80706787109375 0 -23.247869491577148
v 88.600822448730469 0 -23.247869491577148
v 96.80706787109375 5 -23.247869491577148
v 88.600822448730469 5 -23.247869491577148
v 88.600822448730469 0 -23.247869491577148
v 88.600822448730469 0 -20.125049591064453
v 88.600822448730469 5 -23.247869491577148
v 88.600822448730469 5 -20.125049591064453
v 88.600822448730469 5 -20.125049591064453
v 88.600822448730469 5 -23.247869491577148
v 96.80706787109375 5 -20.125049591064453
v 96.80706787109375 5 -23.247869491577148
vt 0 0.20818799734115601
vt 0 0.41491115093231201
vt 0.54708302021026611 0.20818799734115601
vt 0.54708302021026611 0.41491115093231201
vt 0.66666668653488159 0
vt 0.66666668653488159 0.54708302021026611
vt 0.99853515625 0
vt 0.99853515625 0.54708302021026611
vt 0 0.68991750478744507
vt 0 0.89810550212860107
vt 0.3318684995174408 0.68991750478744507
vt 0.3318684995174408 0.89810550212860107
vt 0.3333333432674408 0.41637599468231201
vt 0.3333333432674408 0.96199417114257812
vt 0.66520184278488159 0.41637599468231201
vt 0.66520184278488159 0.96199417114257812
vt 0 0.41637599468231201
vt 0 0.62456399202346802
vt 0.3318684995174408 0.41637599468231201
vt 0.3318684995174408 0.62456399202346802
vt 0 0
vt 0 0.20672315359115601
vt 0.54708302021026611 0
vt 0.54708302021026611 0.20672315359115601
vn 0 -1 0
vn 0 -1 0
vn 0 -1 0
vn 0 -1 0
vn 0 0 1
vn 0 0 1
vn 0 0 1
vn 0 0 1
vn 1 0 0
vn 1 0 0
vn 1 0 0
vn 1 0 0
vn 0 0 -1
vn 0 0 -1
vn 0 0 -1
vn 0 0 -1
vn -1 0 0
vn -1 0 0
vn -1 0 0
vn -1 0 0
vn 0 1 0
vn 0 1 0
vn 0 1 0
vn 0 1 0
f 602/602/602 604/604/604 603/603/603 601/601/601
f 606/606/606 608/608/608 607/607/607 605/605/605
f 610/610/610 612/612/612 611/611/611 609/609/609
f 614/614/614 616/616/616 615/615/615 613/613/613
f 618/618/618 620/620/620 619/619/619 617/617/617
f 622/622/622 621/621/621 623/623/623 624/624/624
v 88.600822448730469 0 -16.715614318847656
v 88.600822448730469 0 -20.125049591064453
v 96.80706787109375 0 -16.715614318847656
v 96.80706787109375 0 -20.125049591064453
v 88.600822448730469 0 -16.715614318847656
v 96.80706787109375 0 -16.715614318847656
v 88.600822448730469 5 -16.715614318847656
v 96.80706787109375 5 -16.715614318847656
v 96.80706787109375 0 -16.715614318847656
v 96.80706787109375 0 -20.125049591064453
v 96.80706787109375 5 -16.715614318847656
v 96.80706787109375 5 -20.125049591064453
v 96.80706787109375 0 -20.125049591064453
v 88.600822448730469 0 -20.125049591064453
v 96.80706787109375 5 -20.125049591064453
v 88.600822448730469 5 -20.125049591064453
v 88.600822448730469 0 -20.125049591064453
v 88.600822448730469 0 -16.715614318847656
v 88.600822448730469 5 -20.125049591064453
v 88.600822448730469 5 -16.715614318847656
v 88.600822448730469 5 -16.715614318847656
v 88.600822448730469 5 -20.125049591064453
v 96.80706787109375 5 -16.715614318847656
v 96.80706787109375 5 -20.125049591064453
vt 0 0.22691568732261658
vt 0 0.45236653089523315
vt 0.54616862535476685 0.22691568732261658
vt 0.54616862535476685 0.45236653089523315
vt 0.66555237770080566 0
vt 0.66555237770080566 0.54616862535476685
vt 0.99686378240585327 0
vt 0.99686378240585327 0.54616862535476685
vt 0 0.72691565752029419
vt 0 0.95383137464523315
vt 0.33131134510040283 0.72691565752029419
vt 0.33131134510040283 0.95383137464523315
vt 0.33277618885040283 0.45383137464523315
vt 0.33277618885040283 0.99853515625
vt 0.66408753395080566 0.45383137464523315
vt 0.66408753395080566 0.99853515625
vt 0 0.45383137464523315
vt 0 0.68074703216552734
vt 0.33131134510040283 0.45383137464523315
vt 0.33131134510040283 0.68074703216552734
vt 0 0
vt 0 0.22545084357261658
vt 0.54616862535476685 0
vt 0.54616862535476685 0.22545084357261658
vn 0 -1 0
vn 0 -1 0
vn 0 -1 0
vn 0 -1 0
vn 0 0 1
vn 0 0 1
vn 0 0 1
vn 0 0 1
vn 1 0 0
vn 1 0 0
vn 1 0 0
vn 1 0 0
vn 0 0 -1
vn 0 0 -1
vn 0 0 -1
vn 0 0 -1
vn -1 0 0
vn -1 0 0
vn -1 0 0
vn -1 0 0
vn 0 1 0
vn 0 1 0
vn 0 1 0
vn 0 1 0
f 626/626/626 628/628/628 627/627/627 625/625/625
f 630/630/630 632/632/632 631/631/631 629/629/629
f 634/634/634 636/636/636 635/635/635 633/633/633
f 638/638/638 640/640/640 639/639/639 637/637/637
f 642/642/642 644/644/644 643/643/643 641/641/641
f 646/646/646 645/645/645 647/647/647 648/648/648
v 131.51776123046875 0 -27.012590408325195
v 131.51776123046875 0 -29.720056533813477
v 134.636962890625 0 -27.012590408325195
v 134.636962890625 0 -29.720056533813477
v 131.51776123046875 0 -27.012590408325195
v 134.636962890625 0 -27.012590408325195
v 131.51776123046875 5 -27.012590408325195
v 134.636962890625 5 -27.012590408325195
v 134.636962890625 0 -27.012590408325195
v 134.636962890625 0 -29.720056533813477
v 134.636962890625 5 -27.012590408325195
v 134.636962890625 5 -29.720056533813477
v 134.636962890625 0 -29.720056533813477
v 131.51776123046875 0 -29.720056533813477
v 134.636962890625 5 -29.720056533813477
v 131.51776123046875 5 -29.720056533813477
v 131.51776123046875 0 -29.720056533813477
v 131.51776123046875 0 -27.012590408325195
v 131.51776123046875 5 -29.720056533813477
v 131.51776123046875 5 -27.012590408325195
v 131.51776123046875 5 -27.012590408325195
v 131.51776123046875 5 -29.720056533813477
v 134.636962890625 5 -27.012590408325195
v 134.636962890625 5 -29.720056533813477
vt 0.62384033203125 0.5
vt 0.62384033203125 0.77074670791625977
vt 0.934295654296875 0.5
vt 0.934295654296875 0.77074670791625977
vt 0.62237548828125 0.5
vt 0.311920166015625 0.5
vt 0.62237548828125 0.99853515625
vt 0.311920166015625 0.99853515625
vt 0.58266687393188477 0
vt 0.311920166015625 0
vt 0.58266687393188477 0.49853515625
vt 0.311920166015625 0.49853515625
vt 0.310455322265625 0.5
vt 0 0.5
vt 0.310455322265625 0.99853515625
vt 0 0.99853515625
vt 0.27074670791625977 0
vt 0 0
vt 0.27074670791625977 0.49853515625
vt 0 0.49853515625
vt 0.62384033203125 0
vt 0.62384033203125 0.27074670791625977
vt 0.934295654296875 0
vt 0.934295654296875 0.27074670791625977
vn 0 -1 0
vn 0 -1 0
vn 0 -1 0
vn 0 -1 0
vn 0 0 1
vn 0 0 1
vn 0 0 1
vn 0 0 1
vn 1 0 0
vn 1 0 0
vn 1 0 0
vn 1 0 0
vn 0 0 -1
vn 0 0 -1
vn 0 0 -1
vn 0 0 -1
vn -1 0 0
vn -1 0 0
vn -1 0 0
vn -1 0 0
vn 0 1 0
vn 0 1 0
vn 0 1 0
vn 0 1 0
f 650/650/650 652/652/652 651/651/651 649/649/649
f 654/654/654 656/656/656 655/655/655 653/653/653
f 658/658/658 660/660/660 659/659/659 657/657/657
f 662/662/662 664/664/664 663/663/663 661/661/661
f 666/666/666 668/668/668 667/667/667 665/665/665
f 670/670/670 669/669/669 671/671/671 672/672/672
v 124.93394470214844 0 -25.217739105224609
v 124.93394470214844 0 -29.720056533813477
v 127.96580505371094 0 -25.217739105224609
v 127.96580505371094 0 -29.720056533813477
v 124.93394470214844 0 -25.217739105224609
v 127.96580505371094 0 -25.217739105224609
v 124.93394470214844 5 -25.217739105224609
v 127.96580505371094 5 -25.217739105224609
v 127.96580505371094 0 -25.217739105224609
v 127.96580505371094 0 -29.720056533813477
v 127.96580505371094 5 -25.217739105224609
v 127.96580505371094 5 -29.720056533813477
v 127.96580505371094 0 -29.720056533813477
v 124.93394470214844 0 -29.720056533813477
v 127.96580505371094 5 -29.720056533813477
v 124.93394470214844 5 -29.720056533813477
v 124.93394470214844 0 -29.720056533813477
v 124.93394470214844 0 -25.217739105224609
v 124.93394470214844 5 -29.720056533813477
v 124.93394470214844 5 -25.217739105224609
v 124.93394470214844 5 -25.217739105224609
v 124.93394470214844 5 -29.720056533813477
v 127.96580505371094 5 -25.217739105224609
v 127.96580505371094 5 -29.720056533813477
vt 0.72596359252929688 0
vt 0.72596359252929688 0.40547919273376465
vt 0.99853515625 0
vt 0.99853515625 0.40547919273376465
vt 0.99853515625 0.40694403648376465
vt 0.72596359252929688 0.40694403648376465
vt 0.99853515625 0.85740643739700317
vt 0.72596359252929688 0.85740643739700317
vt 0 0.42943564057350159
vt 0 0.83637964725494385
vt 0.45046237111091614 0.42943564057350159
vt 0.45046237111091614 0.83637964725494385
vt 0.72449874877929688 0.40694403648376465
vt 0.45192721486091614 0.40694403648376465
vt 0.72449874877929688 0.85740643739700317
vt 0.45192721486091614 0.85740643739700317
vt 0 0
vt 0 0.40694403648376465
vt 0.45046237111091614 0
vt 0.45046237111091614 0.40694403648376465
vt 0.45192721486091614 0
vt 0.45192721486091614 0.40547919273376465
vt 0.72449874877929688 0
vt 0.72449874877929688 0.40547919273376465
vn 0 -1 0
vn 0 -1 0
vn 0 -1 0
vn 0 -1 0
vn 0 0 1
vn 0 0 1
vn 0 0 1
vn 0 0 1
vn 1 0 0
vn 1 0 0
vn 1 0 0
vn 1 0 0
vn 0 0 -1
vn 0 0 -1
vn 0 0 -1
vn 0 0 -1
vn -1 0 0
vn -1 0 0
vn -1 0 0
vn -1 0 0
vn 0 1 0
vn 0 1 0
vn 0 1 0
vn 0 1 0
f 674/674/674 676/676/676 675/675/675 673/673/673
f 678/678/678 680/680/680 679/679/679 677/677/677
f 682/682/682 684/684/684 683/683/683 681/681/681
f 686/686/686 688/688/688 687/687/687 685/685/685
f 690/690/690 692/692/692 691/691/691 689/689/689
f 694/694/694 693/693/693 695/695/695 696/696/696
v 121.55272674560547 0 -25.217739105224609
v 121.55272674560547 0 -29.720056533813477
v 124.93394470214844 0 -25.217739105224609
v 124.93394470214844 0 -29.720056533813477
v 121.55272674560547 0 -25.217739105224609
v 124.93394470214844 0 -25.217739105224609
v 121.55272674560547 5 -25.217739105224609
v 124.93394470214844 5 -25.217739105224609
v 124.93394470214844 0 -25.217739105224609
v 124.93394470214844 0 -29.720056533813477
v 124.93394470214844 5 -25.217739105224609
v 124.93394470214844 5 -29.720056533813477
v 124.93394470214844 0 -29.720056533813477
v 121.55272674560547 0 -29.720056533813477
v 124.93394470214844 5 -29.720056533813477
v 121.55272674560547 5 -29.720056533813477
v 121.55272674560547 0 -29.720056533813477
v 121.55272674560547 0 -25.217739105224609
v 121.55272674560547 5 -29.720056533813477
v 121.55272674560547 5 -25.217739105224609
v 121.55272674560547 5 -25.217739105224609
v 121.55272674560547 5 -29.720056533813477
v 124.93394470214844 5 -25.217739105224609
v 124.93394470214844 5 -29.720056533813477
vt 0.71254110336303711 0
vt 0.71254110336303711 0.38130626082420349
vt 0.99853515625 0
vt 0.99853515625 0.38130626082420349
vt 0.99853515625 0.38277110457420349
vt 0.71254110336303711 0.38277110457420349
vt 0.99853515625 0.8063884973526001
vt 0.71254110336303711 0.8063884973526001
vt 0 0.40392667055130005
vt 0 0.78669780492782593
vt 0.42361742258071899 0.40392667055130005
vt 0.42361742258071899 0.78669780492782593
vt 0.71107625961303711 0.38277110457420349
vt 0.42508226633071899 0.38277110457420349
vt 0.71107625961303711 0.8063884973526001
vt 0.42508226633071899 0.8063884973526001
vt 0 0
vt 0 0.38277110457420349
vt 0.42361742258071899 0
vt 0.42361742258071899 0.38277110457420349
vt 0.42508226633071899 0
vt 0.42508226633071899 0.38130626082420349
vt 0.71107625961303711 0
vt 0.71107625961303711 0.38130626082420349
vn 0 -1 0
vn 0 -1 0
vn 0 -1 0
vn 0 -1 0
vn 0 0 1
vn 0 0 1
vn 0 0 1
vn 0 0 1
vn 1 0 0
vn 1 0 0
vn 1 0 0
vn 1 0 0
vn 0 0 -1
vn 0 0 -1
vn 0 0 -1
vn 0 0 -1
vn -1 0 0
vn -1 0 0
vn -1 0 0
vn -1 0 0
vn 0 1 0
vn 0 1 0
vn 0 1 0
vn 0 1 0
f 698/698/698 700/700/700 699/699/699 697/697/697
f 702/702/702 704/704/704 703/703/703 701/701/701
f 706/706/706 708/708/708 707/707/707 705/705/705
f 710/710/710 712/712/712 711/711/711 709/709/709
f 714/714/714 716/716/716 715/715/715 713/713/713
f 718/718/718 717/717/717 719/719/719 720/720/720
v 118.24637603759766 0 -25.217739105224609
v 118.24637603759766 0 -29.720056533813477
v 121.55272674560547 0 -25.217739105224609
v 121.55272674560547 0 -29.720056533813477
v 118.24637603759766 0 -25.217739105224609
v 121.55272674560547 0 -25.217739105224609
v 118.24637603759766 5 -25.217739105224609
v 121.55272674560547 5 -25.217739105224609
v 121.55272674560547 0 -25.217739105224609
v 121.55272674560547 0 -29.720056533813477
v 121.55272674560547 5 -25.217739105224609
v 121.55272674560547 5 -29.720056533813477
v 121.55272674560547 0 -29.720056533813477
v 118.24637603759766 0 -29.720056533813477
v 121.55272674560547 5 -29.720056533813477
v 118.24637603759766 5 -29.720056533813477
v 118.24637603759766 0 -29.720056533813477
v 118.24637603759766 0 -25.217739105224609
v 118.24637603759766 5 -29.720056533813477
v 118.24637603759766 5 -25.217739105224609
v 118.24637603759766 5 -25.217739105224609
v 118.24637603759766 5 -29.720056533813477
v 121.55272674560547 5 -25.217739105224609
v 121.55272674560547 5 -29.720056533813477
vt 0.71528142690658569 0
vt 0.71528142690658569 0.38624131679534912
vt 0.99853515625 0
vt 0.99853515625 0.38624131679534912
vt 0.99853515625 0.38770616054534912
vt 0.71528142690658569 0.38770616054534912
vt 0.99853515625 0.81680411100387573
vt 0.71528142690658569 0.81680411100387573
vt 0 0.40913447737693787
vt 0 0.7968406081199646
vt 0.42909795045852661 0.40913447737693787
vt 0.42909795045852661 0.7968406081199646
vt 0.71381658315658569 0.38770616054534912
vt 0.43056279420852661 0.38770616054534912
vt 0.71381658315658569 0.81680411100387573
vt 0.43056279420852661 0.81680411100387573
vt 0 0
vt 0 0.38770616054534912
vt 0.42909795045852661 0
vt 0.42909795045852661 0.38770616054534912
vt 0.43056279420852661 0
vt 0.43056279420852661 0.38624131679534912
vt 0.71381658315658569 0
vt 0.71381658315658569 0.38624131679534912
vn 0 -1 0
vn 0 -1 0
vn 0 -1 0
vn 0 -1 0
vn 0 0 1
vn 0 0 1
vn 0 0 1
vn 0 0 1
vn 1 0 0
vn 1 0 0
vn 1 0 0
vn 1 0 0
vn 0 0 -1
vn 0 0 -1
vn 0 0 -1
vn 0 0 -1
vn -1 0 0
vn -1 0 0
vn -1 0 0
vn -1 0 0
vn 0 1 0
vn 0 1 0
vn 0 1 0
vn 0 1 0
f 722/722/722 724/724/724 723/723/723 721/721/721
f 726/726/726 728/728/728 727/727/727 725/725/725
f 730/730/730 732/732/732 731/731/731 729/729/729
f 734/734/734 736/736/736 735/735/735 733/733/733
f 738/738/738 740/740/740 739/739/739 737/737/737
f 742/742/742 741/741/741 743/743/743 744/744/744
v 100.12857055664062 0 -25.217739105224609
v 100.12857055664062 0 -28.903354644775391
v 103.47666168212891 0 -25.217739105224609
v 103.47666168212891 0 -28.903354644775391
v 100.12857055664062 0 -25.217739105224609
v 103.47666168212891 0 -25.217739105224609
v 100.12857055664062 5 -25.217739105224609
v 103.47666168212891 5 -25.217739105224609
v 103.47666168212891 0 -25.217739105224609
v 103.47666168212891 0 -28.903354644775391
v 103.47666168212891 5 -25.217739105224609
v 103.47666168212891 5 -28.903354644775391
v 103.47666168212891 0 -28.903354644775391
v 100.12857055664062 0 -28.903354644775391
v 103.47666168212891 5 -28.903354644775391
v 100.12857055664062 5 -28.903354644775391
v 100.12857055664062 0 -28.903354644775391
v 100.12857055664062 0 -25.217739105224609
v 100.12857055664062 5 -28.903354644775391
v 100.12857055664062 5 -25.217739105224609
v 100.12857055664062 5 -25.217739105224609
v 100.12857055664062 5 -28.903354644775391
v 103.47666168212891 5 -25.217739105224609
v 103.47666168212891 5 -28.903354644775391
vt 0.99853515625 0.45220845937728882
vt 0.66666668653488159 0.45220845937728882
vt 0.99853515625 0.75501519441604614
vt 0.66666668653488159 0.75501519441604614
vt 0.63614004850387573 0
vt 0.3333333432674408 0
vt 0.63614004850387573 0.45074361562728882
vt 0.3333333432674408 0.45074361562728882
vt 0.66520184278488159 0.45220845937728882
vt 0.3333333432674408 0.45220845937728882
vt 0.66520184278488159 0.90295207500457764
vt 0.3333333432674408 0.90295207500457764
vt 0.30280670523643494 0
vt 0 0
vt 0.30280670523643494 0.45074361562728882
vt 0 0.45074361562728882
vt 0.3318684995174408 0.45220845937728882
vt 0 0.45220845937728882
vt 0.3318684995174408 0.90295207500457764
vt 0 0.90295207500457764
vt 0.99853515625 0
vt 0.66666668653488159 0
vt 0.99853515625 0.30280670523643494
vt 0.66666668653488159 0.30280670523643494
vn 0 -1 0
vn 0 -1 0
vn 0 -1 0
vn 0 -1 0
vn 0 0 1
vn 0 0 1
vn 0 0 1
vn 0 0 1
vn 1 0 0
vn 1 0 0
vn 1 0 0
vn 1 0 0
vn 0 0 -1
vn 0 0 -1
vn 0 0 -1
vn 0 0 -1
vn -1 0 0
vn -1 0 0
vn -1 0 0
vn -1 0 0
vn 0 1 0
vn 0 1 0
vn 0 1 0
vn 0 1 0
f 746/746/746 748/748/748 747/747/747 745/745/745
f 750/750/750 752/752/752 751/751/751 749/749/749
f 754/754/754 756/756/756 755/755/755 753/753/753
f 758/758/758 760/760/760 759/759/759 757/757/757
f 762/762/762 764/764/764 763/763/763 761/761/761
f 766/766/766 765/765/765 767/767/767 768/768/768
v 114.74459838867188 0 -25.217739105224609
v 114.74459838867188 0 -29.720056533813477
v 118.24637603759766 0 -25.217739105224609
v 118.24637603759766 0 -29.720056533813477
v 114.74459838867188 0 -25.217739105224609
v 118.24637603759766 0 -25.217739105224609
v 114.74459838867188 5 -25.217739105224609
v 118.24637603759766 5 -25.217739105224609
v 118.24637603759766 0 -25.217739105224609
v 118.24637603759766 0 -29.720056533813477
v 118.24637603759766 5 -25.217739105224609
v 118.24637603759766 5 -29.720056533813477
v 118.24637603759766 0 -29.720056533813477
v 114.74459838867188 0 -29.720056533813477
v 118.24637603759766 5 -29.720056533813477
v 114.74459838867188 5 -29.720056533813477
v 114.74459838867188 0 -29.720056533813477
v 114.74459838867188 0 -25.217739105224609
v 114.74459838867188 5 -29.720056533813477
v 114.74459838867188 5 -25.217739105224609
v 114.74459838867188 5 -25.217739105224609
v 114.74459838867188 5 -29.720056533813477
v 118.24637603759766 5 -25.217739105224609
v 118.24637603759766 5 -29.720056533813477
vt 0.99853515625 0.41078785061836243
vt 0.6785123348236084 0.41078785061836243
vt 0.99853515625 0.66083186864852905
vt 0.6785123348236084 0.66083186864852905
vt 0.32148769497871399 0.57153171300888062
vt 0.32148769497871399 0.82011085748672485
vt 0.6770474910736084 0.57153171300888062
vt 0.6770474910736084 0.82011085748672485
vt 0.32002285122871399 0.32148769497871399
vt 0 0.32148769497871399
vt 0.32002285122871399 0.6785123348236084
vt 0 0.6785123348236084
vt 0.32148769497871399 0.32148769497871399
vt 0.32148769497871399 0.57006686925888062
vt 0.6770474910736084 0.32148769497871399
vt 0.6770474910736084 0.57006686925888062
vt 0 0
vt 0 0.32002285122871399
vt 0.35702461004257202 0
vt 0.35702461004257202 0.32002285122871399
vt 0.99853515625 0
vt 0.6785123348236084 0
vt 0.99853515625 0.25004401803016663
vt 0.6785123348236084 0.25004401803016663
vn 0 -1 0
vn 0 -1 0
vn 0 -1 0
vn 0 -1 0
vn 0 0 1
vn 0 0 1
vn 0 0 1
vn 0 0 1
vn 1 0 0
vn 1 0 0
vn 1 0 0
vn 1 0 0
vn 0 0 -1
vn 0 0 -1
vn 0 0 -1
vn 0 0 -1
vn -1 0 0
vn -1 0 0
vn -1 0 0
vn -1 0 0
vn 0 1 0
vn 0 1 0
vn 0 1 0
vn 0 1 0
f 770/770/770 772/772/772 771/771/771 769/769/769
f 774/774/774 776/776/776 775/775/775 773/773/773
f 778/778/778 780/780/780 779/779/779 777/777/777
f 782/782/782 784/784/784 783/783/783 781/781/781
f 786/786/786 788/788/788 787/787/787 785/785/785
f 790/790/790 789/789/789 791/791/791 792/792/792
v 103.47666168212891 0 -25.217739105224609
v 103.47666168212891 0 -28.903354644775391
v 107.07032775878906 0 -25.217739105224609
v 107.07032775878906 0 -28.903354644775391
v 103.47666168212891 0 -25.217739105224609
v 107.07032775878906 0 -25.217739105224609
v 103.47666168212891 5 -25.217739105224609
v 107.07032775878906 5 -25.217739105224609
v 107.07032775878906 0 -25.217739105224609
v 107.07032775878906 0 -28.903354644775391
v 107.07032775878906 5 -25.217739105224609
v 107.07032775878906 5 -28.903354644775391
v 107.07032775878906 0 -28.903354644775391
v 103.47666168212891 0 -28.903354644775391
v 107.07032775878906 5 -28.903354644775391
v 103.47666168212891 5 -28.903354644775391
v 103.47666168212891 0 -28.903354644775391
v 103.47666168212891 0 -25.217739105224609
v 103.47666168212891 5 -28.903354644775391
v 103.47666168212891 5 -25.217739105224609
v 103.47666168212891 5 -25.217739105224609
v 103.47666168212891 5 -28.903354644775391
v 107.07032775878906 5 -25.217739105224609
v 107.07032775878906 5 -28.903354644775391
vt 0.99853515625 0.45220845937728882
vt 0.66666668653488159 0.45220845937728882
vt 0.99853515625 0.77722591161727905
vt 0.66666668653488159 0.77722591161727905
vt 0.65835076570510864 0
vt 0.3333333432674408 0
vt 0.65835076570510864 0.45074361562728882
vt 0.3333333432674408 0.45074361562728882
vt 0.66520184278488159 0.45220845937728882
vt 0.3333333432674408 0.45220845937728882
vt 0.66520184278488159 0.90295207500457764
vt 0.3333333432674408 0.90295207500457764
vt 0.32501745223999023 0
vt 0 0
vt 0.32501745223999023 0.45074361562728882
vt 0 0.45074361562728882
vt 0.3318684995174408 0.45220845937728882
vt 0 0.45220845937728882
vt 0.3318684995174408 0.90295207500457764
vt 0 0.90295207500457764
vt 0.99853515625 0
vt 0.66666668653488159 0
vt 0.99853515625 0.32501745223999023
vt 0.66666668653488159 0.32501745223999023
vn 0 -1 0
vn 0 -1 0
vn 0 -1 0
vn 0 -1 0
vn 0 0 1
vn 0 0 1
vn 0 0 1
vn 0 0 1
vn 1 0 0
vn 1 0 0
vn 1 0 0
vn 1 0 0
vn 0 0 -1
vn 0 0 -1
vn 0 0 -1
vn 0 0 -1
vn -1 0 0
vn -1 0 0
vn -1 0 0
vn -1 0 0
vn 0 1 0
vn 0 1 0
vn 0 1 0
vn 0 1 0
f 794/794/794 796/796/796 795/795/795 793/793/793
f 798/798/798 800/800/800 799/799/799 797/797/797
f 802/802/802 804/804/804 803/803/803 801/801/801
f 806/806/806 808/808/808 807/807/807 805/805/805
f 810/810/810 812/812/812 811/811/811 809/809/809
f 814/814/814 813/813/813 815/815/815 816/816/816
v 131.51776123046875 0 -6.2716150283813477
v 131.51776123046875 0 -12.023423194885254
v 135.48538208007812 0 -6.2716150283813477
v 135.48538208007812 0 -12.023423194885254
v 131.51776123046875 0 -6.2716150283813477
v 135.48538208007812 0 -6.2716150283813477
v 131.51776123046875 5 -6.2716150283813477
v 135.48538208007812 5 -6.2716150283813477
v 135.48538208007812 0 -6.2716150283813477
v 135.48538208007812 0 -12.023423194885254
v 135.48538208007812 5 -6.2716150283813477
v 135.48538208007812 5 -12.023423194885254
v 135.48538208007812 0 -12.023423194885254
v 131.51776123046875 0 -12.023423194885254
v 135.48538208007812 5 -12.023423194885254
v 131.51776123046875 5 -12.023423194885254
v 131.51776123046875 0 -12.023423194885254
v 131.51776123046875 0 -6.2716150283813477
v 131.51776123046875 5 -12.023423194885254
v 131.51776123046875 5 -6.2716150283813477
v 131.51776123046875 5 -6.2716150283813477
v 131.51776123046875 5 -12.023423194885254
v 135.48538208007812 5 -6.2716150283813477
v 135.48538208007812 5 -12.023423194885254
vt 0.68111127614974976 0.56930762529373169
vt 0.31742388010025024 0.56930762529373169
vt 0.68111127614974976 0.81972652673721313
vt 0.31742388010025024 0.81972652673721313
vt 0.68257611989974976 0.41059568524360657
vt 0.68257611989974976 0.6624794602394104
vt 0.99853515625 0.41059568524360657
vt 0.99853515625 0.6624794602394104
vt 0 0.31742388010025024
vt 0 0.68257611989974976
vt 0.31595903635025024 0.31742388010025024
vt 0.31595903635025024 0.68257611989974976
vt 0.68257611989974976 0
vt 0.68257611989974976 0.25188374519348145
vt 0.99853515625 0
vt 0.99853515625 0.25188374519348145
vt 0.36515223979949951 0
vt 0 0
vt 0.36515223979949951 0.31595903635025024
vt 0 0.31595903635025024
vt 0.68111127614974976 0.31742388010025024
vt 0.31742388010025024 0.31742388010025024
vt 0.68111127614974976 0.56784278154373169
vt 0.31742388010025024 0.56784278154373169
vn 0 -1 0
vn 0 -1 0
vn 0 -1 0
vn 0 -1 0
vn 0 0 1
vn 0 0 1
vn 0 0 1
vn 0 0 1
vn 1 0 0
vn 1 0 0
vn 1 0 0
vn 1 0 0
vn 0 0 -1
vn 0 0 -1
vn 0 0 -1
vn 0 0 -1
vn -1 0 0
vn -1 0 0
vn -1 0 0
vn -1 0 0
vn 0 1 0
vn 0 1 0
vn 0 1 0
vn 0 1 0
f 818/818/818 820/820/820 819/819/819 817/817/817
f 822/822/822 824/824/824 823/823/823 821/821/821
f 826/826/826 828/828/828 827/827/827 825/825/825
f 830/830/830 832/832/832 831/831/831 829/829/829
f 834/834/834 836/836/836 835/835/835 833/833/833
f 838/838/838 837/837/837 839/839/839 840/840/840
v 110.84804534912109 0 -25.217739105224609
v 110.84804534912109 0 -29.720056533813477
v 114.74459838867188 0 -25.217739105224609
v 114.74459838867188 0 -29.720056533813477
v 110.84804534912109 0 -25.217739105224609
v 114.74459838867188 0 -25.217739105224609
v 110.84804534912109 5 -25.217739105224609
v 114.74459838867188 5 -25.217739105224609
v 114.74459838867188 0 -25.217739105224609
v 114.74459838867188 0 -29.720056533813477
v 114.74459838867188 5 -25.217739105224609
v 114.74459838867188 5 -29.720056533813477
v 114.74459838867188 0 -29.720056533813477
v 110.84804534912109 0 -29.720056533813477
v 114.74459838867188 5 -29.720056533813477
v 110.84804534912109 5 -29.720056533813477
v 110.84804534912109 0 -29.720056533813477
v 110.84804534912109 0 -25.217739105224609
v 110.84804534912109 5 -29.720056533813477
v 110.84804534912109 5 -25.217739105224609
v 110.84804534912109 5 -25.217739105224609
v 110.84804534912109 5 -29.720056533813477
v 114.74459838867188 5 -25.217739105224609
v 114.74459838867188 5 -29.720056533813477
vt 0.99853515625 0.43897682428359985
vt 0.6785123348236084 0.43897682428359985
vt 0.99853515625 0.71720981597900391
vt 0.6785123348236084 0.71720981597900391
vt 0.32148769497871399 0.59972065687179565
vt 0.32148769497871399 0.87648880481719971
vt 0.6770474910736084 0.59972065687179565
vt 0.6770474910736084 0.87648880481719971
vt 0.32002285122871399 0.32148769497871399
vt 0 0.32148769497871399
vt 0.32002285122871399 0.6785123348236084
vt 0 0.6785123348236084
vt 0.32148769497871399 0.32148769497871399
vt 0.32148769497871399 0.59825581312179565
vt 0.6770474910736084 0.32148769497871399
vt 0.6770474910736084 0.59825581312179565
vt 0 0
vt 0 0.32002285122871399
vt 0.35702461004257202 0
vt 0.35702461004257202 0.32002285122871399
vt 0.99853515625 0
vt 0.6785123348236084 0
vt 0.99853515625 0.27823299169540405
vt 0.6785123348236084 0.27823299169540405
vn 0 -1 0
vn 0 -1 0
vn 0 -1 0
vn 0 -1 0
vn 0 0 1
vn 0 0 1
vn 0 0 1
vn 0 0 1
vn 1 0 0
vn 1 0 0
vn 1 0 0
vn 1 0 0
vn 0 0 -1
vn 0 0 -1
vn 0 0 -1
vn 0 0 -1
vn -1 0 0
vn -1 0 0
vn -1 0 0
vn -1 0 0
vn 0 1 0
vn 0 1 0
vn 0 1 0
vn 0 1 0
f 842/842/842 844/844/844 843/843/843 841/841/841
f 846/846/846 848/848/848 847/847/847 845/845/845
f 850/850/850 852/852/852 851/851/851 849/849/849
f 854/854/854 856/856/856 855/855/855 853/853/853
f 858/858/858 860/860/860 859/859/859 857/857/857
f 862/862/862 861/861/861 863/863/863 864/864/864
g Corridor
v 135.48538208007812 0 -2.5033082962036133
v 135.48538208007812 5 -2.5033082962036133
v 85.129402160644531 0 -2.5033082962036133
v 85.129402160644531 5 -2.5033082962036133
v 135.48538208007812 0 -6.2716150283813477
v 135.48538208007812 5 -6.2716150283813477
v 135.48538208007812 0 -2.5033082962036133
v 135.48538208007812 5 -2.5033082962036133
v 85.129402160644531 0 -6.2716150283813477
v 85.129402160644531 5 -6.2716150283813477
v 135.48538208007812 0 -6.2716150283813477
v 135.48538208007812 5 -6.2716150283813477
v 85.129402160644531 0 -2.5033082962036133
v 85.129402160644531 5 -2.5033082962036133
v 85.129402160644531 0 -6.2716150283813477
v 85.129402160644531 5 -6.2716150283813477
v 85.129402160644531 0 -2.5033082962036133
v 85.129402160644531 0 -6.2716150283813477
v 135.48538208007812 0 -2.5033082962036133
v 135.48538208007812 0 -6.2716150283813477
v 85.129402160644531 5 -2.5033082962036133
v 85.129402160644531 5 -6.2716150283813477
v 135.48538208007812 5 -2.5033082962036133
v 135.48538208007812 5 -6.2716150283813477
vt 0.090324468910694122 0.65031087398529053
vt 0.090324468910694122 0.74063533544540405
vt 0.99853515625 0.65031087398529053
vt 0.99853515625 0.74063533544540405
vt 0.54516226053237915 0
vt 0.54516226053237915 0.090324468910694122
vt 0.61323630809783936 0
vt 0.61323630809783936 0.090324468910694122
vt 0.088859625160694122 0
vt 0 0
vt 0.088859625160694122 0.90821069478988647
vt 0 0.90821069478988647
vt 0.090324468910694122 0
vt 0.090324468910694122 0.090324468910694122
vt 0.15839852392673492 0
vt 0.15839852392673492 0.090324468910694122
vt 0.090324468910694122 0.45483776926994324
vt 0.090324468910694122 0.52291184663772583
vt 0.99853515625 0.45483776926994324
vt 0.99853515625 0.52291184663772583
vt 0.090324468910694122 0.25936466455459595
vt 0.090324468910694122 0.32743871212005615
vt 0.99853515625 0.25936466455459595
vt 0.99853515625 0.32743871212005615
vn 0 0 1
vn 0 0 1
vn 0 0 1
vn 0 0 1
vn 1 0 0
vn 1 0 0
vn 1 0 0
vn 1 0 0
vn 0 0 -1
vn 0 0 -1
vn 0 0 -1
vn 0 0 -1
vn -1 0 0
vn -1 0 0
vn -1 0 0
vn -1 0 0
vn 0 -1 0
vn 0 -1 0
vn 0 -1 0
vn 0 -1 0
vn 0 1 0
vn 0 1 0
vn 0 1 0
vn 0 1 0
f 866/866/866 868/868/868 867/867/867 865/865/865
f 870/870/870 872/872/872 871/871/871 869/869/869
f 874/874/874 876/876/876 875/875/875 873/873/873
f 878/878/878 880/880/880 879/879/879 877/877/877
f 882/882/882 884/884/884 883/883/883 881/881/881
f 886/886/886 885/885/885 887/887/887 888/888/888
v 113.98948669433594 0 -6.2716150283813477
v 113.98948669433594 5 -6.2716150283813477
v 109.00480651855469 0 -6.2716150283813477
v 109.00480651855469 5 -6.2716150283813477
v 113.98948669433594 0 -20.121408462524414
v 113.98948669433594 5 -20.121408462524414
v 113.98948669433594 0 -6.2716150283813477
v 113.98948669433594 5 -6.2716150283813477
v 109.00480651855469 0 -20.121408462524414
v 109.00480651855469 5 -20.121408462524414
v 113.98948669433594 0 -20.121408462524414
v 113.98948669433594 5 -20.121408462524414
v 109.00480651855469 0 -6.2716150283813477
v 109.00480651855469 5 -6.2716150283813477
v 109.00480651855469 0 -20.121408462524414
v 109.00480651855469 5 -20.121408462524414
v 109.00480651855469 0 -6.2716150283813477
v 109.00480651855469 0 -20.121408462524414
v 113.98948669433594 0 -6.2716150283813477
v 113.98948669433594 0 -20.121408462524414
v 109.00480651855469 5 -6.2716150283813477
v 109.00480651855469 5 -20.121408462524414
v 113.98948669433594 5 -6.2716150283813477
v 113.98948669433594 5 -20.121408462524414
vt 0.37480822205543518 0
vt 0.37480822205543518 0.24891868233680725
vt 0.62442469596862793 0
vt 0.62442469596862793 0.24891868233680725
vt 0.99853515625 0
vt 0.74961644411087036 0
vt 0.99853515625 0.69355207681655884
vt 0.74961644411087036 0.69355207681655884
vt 0 0
vt 0 0.24891868233680725
vt 0.24961647391319275 0
vt 0.24961647391319275 0.24891868233680725
vt 0.74815160036087036 0.25038352608680725
vt 0.4992329478263855 0.25038352608680725
vt 0.74815160036087036 0.94247078895568848
vt 0.4992329478263855 0.94247078895568848
vt 0.24961647391319275 0.25038352608680725
vt 0.24961647391319275 0.94247078895568848
vt 0.4977681040763855 0.25038352608680725
vt 0.4977681040763855 0.94247078895568848
vt 0 0.25038352608680725
vt 0 0.94247078895568848
vt 0.24815163016319275 0.25038352608680725
vt 0.24815163016319275 0.94247078895568848
vn 0 0 1
vn 0 0 1
vn 0 0 1
vn 0 0 1
vn 1 0 0
vn 1 0 0
vn 1 0 0
vn 1 0 0
vn 0 0 -1
vn 0 0 -1
vn 0 0 -1
vn 0 0 -1
vn -1 0 0
vn -1 0 0
vn -1 0 0
vn -1 0 0
vn 0 -1 0
vn 0 -1 0
vn 0 -1 0
vn 0 -1 0
vn 0 1 0
vn 0 1 0
vn 0 1 0
vn 0 1 0
f 890/890/890 892/892/892 891/891/891 889/889/889
f 894/894/894 896/896/896 895/895/895 893/893/893
f 898/898/898 900/900/900 899/899/899 897/897/897
f 902/902/902 904/904/904 903/903/903 901/901/901
f 906/906/906 908/908/908 907/907/907 905/905/905
f 910/910/910 909/909/909 911/911/911 912/912/912
v 131.51776123046875 0 -6.2716150283813477
v 131.51776123046875 5 -6.2716150283813477
v 125.97251892089844 0 -6.2716150283813477
v 125.97251892089844 5 -6.2716150283813477
v 131.51776123046875 0 -20.121408462524414
v 131.51776123046875 5 -20.121408462524414
v 131.51776123046875 0 -6.2716150283813477
v 131.51776123046875 5 -6.2716150283813477
v 125.97251892089844 0 -20.121408462524414
v 125.97251892089844 5 -20.121408462524414
v 131.51776123046875 0 -20.121408462524414
v 131.51776123046875 5 -20.121408462524414
v 125.97251892089844 0 -6.2716150283813477
v 125.97251892089844 5 -6.2716150283813477
v 125.97251892089844 0 -20.121408462524414
v 125.97251892089844 5 -20.121408462524414
v 125.97251892089844 0 -6.2716150283813477
v 125.97251892089844 0 -20.121408462524414
v 131.51776123046875 0 -6.2716150283813477
v 131.51776123046875 0 -20.121408462524414
v 125.97251892089844 5 -6.2716150283813477
v 125.97251892089844 5 -20.121408462524414
v 131.51776123046875 5 -6.2716150283813477
v 131.51776123046875 5 -20.121408462524414
vt 0.82834208011627197 0
vt 0.59126847982406616 0
vt 0.82834208011627197 0.2614615261554718
vt 0.59126847982406616 0.2614615261554718
vt 0.2629263699054718 0.76292639970779419
vt 0.2629263699054718 0.99853515625
vt 0.91814571619033813 0.76292639970779419
vt 0.91814571619033813 0.99853515625
vt 0.5 0
vt 0.2629263699054718 0
vt 0.5 0.2614615261554718
vt 0.2629263699054718 0.2614615261554718
vt 0.2629263699054718 0.5258527398109436
vt 0.2629263699054718 0.76146155595779419
vt 0.91814571619033813 0.5258527398109436
vt 0.91814571619033813 0.76146155595779419
vt 0.91814571619033813 0.2629263699054718
vt 0.2629263699054718 0.2629263699054718
vt 0.91814571619033813 0.5243878960609436
vt 0.2629263699054718 0.5243878960609436
vt 0 0
vt 0 0.65668416023254395
vt 0.2614615261554718 0
vt 0.2614615261554718 0.65668416023254395
vn 0 0 1
vn 0 0 1
vn 0 0 1
vn 0 0 1
vn 1 0 0
vn 1 0 0
vn 1 0 0
vn 1 0 0
vn 0 0 -1
vn 0 0 -1
vn 0 0 -1
vn 0 0 -1
vn -1 0 0
vn -1 0 0
vn -1 0 0
vn -1 0 0
vn 0 -1 0
vn 0 -1 0
vn 0 -1 0
vn 0 -1 0
vn 0 1 0
vn 0 1 0
vn 0 1 0
vn 0 1 0
f 914/914/914 916/916/916 915/915/915 913/913/913
f 918/918/918 920/920/920 919/919/919 917/917/917
f 922/922/922 924/924/924 923/923/923 921/921/921
f 926/926/926 928/928/928 927/927/927 925/925/925
f 930/930/930 932/932/932 931/931/931 929/929/929
f 934/934/934 933/933/933 935/935/935 936/936/936
v 131.51776123046875 0 -20.121408462524414
v 131.51776123046875 5 -20.121408462524414
v 100.12857055664062 0 -20.121408462524414
v 100.12857055664062 5 -20.121408462524414
v 131.51776123046875 0 -25.217739105224609
v 131.51776123046875 5 -25.217739105224609
v 131.51776123046875 0 -20.121408462524414
v 131.51776123046875 5 -20.121408462524414
v 100.12857055664062 0 -25.217739105224609
v 100.12857055664062 5 -25.217739105224609
v 131.51776123046875 0 -25.217739105224609
v 131.51776123046875 5 -25.217739105224609
v 100.12857055664062 0 -20.121408462524414
v 100.12857055664062 5 -20.121408462524414
v 100.12857055664062 0 -25.217739105224609
v 100.12857055664062 5 -25.217739105224609
v 100.12857055664062 0 -20.121408462524414
v 100.12857055664062 0 -25.217739105224609
v 131.51776123046875 0 -20.121408462524414
v 131.51776123046875 0 -25.217739105224609
v 100.12857055664062 5 -20.121408462524414
v 100.12857055664062 5 -25.217739105224609
v 131.51776123046875 5 -20.121408462524414
v 131.51776123046875 5 -25.217739105224609
vt 0.13968087732791901 0.43015956878662109
vt 0.13968087732791901 0.56720024347305298
vt 0.99853515625 0.43015956878662109
vt 0.99853515625 0.56720024347305298
vt 0.70688110589981079 0
vt 0.56984043121337891 0
vt 0.70688110589981079 0.13968087732791901
vt 0.56984043121337891 0.13968087732791901
vt 0.13968087732791901 0.21713186800479889
vt 0.13968087732791901 0.35417252779006958
vt 0.99853515625 0.21713186800479889
vt 0.99853515625 0.35417252779006958
vt 0.2767215371131897 0
vt 0.13968087732791901 0
vt 0.2767215371131897 0.13968087732791901
vt 0.13968087732791901 0.13968087732791901
vt 0.13968087732791901 0.64318728446960449
vt 0.13968087732791901 0.7828681468963623
vt 0.99853515625 0.64318728446960449
vt 0.99853515625 0.7828681468963623
vt 0.13821603357791901 0
vt 0 0
vt 0.13821603357791901 0.85885429382324219
vt 0 0.85885429382324219
vn 0 0 1
vn 0 0 1
vn 0 0 1
vn 0 0 1
vn 1 0 0
vn 1 0 0
vn 1 0 0
vn 1 0 0
vn 0 0 -1
vn 0 0 -1
vn 0 0 -1
vn 0 0 -1
vn -1 0 0
vn -1 0 0
vn -1 0 0
vn -1 0 0
vn 0 -1 0
vn 0 -1 0
vn 0 -1 0
vn 0 -1 0
vn 0 1 0
vn 0 1 0
vn 0 1 0
vn 0 1 0
f 938/938/938 940/940/940 939/939/939 937/937/937
f 942/942/942 944/944/944 943/943/943 941/941/941
f 946/946/946 948/948/948 947/947/947 945/945/945
f 950/950/950 952/952/952 951/951/951 949/949/949
f 954/954/954 956/956/956 955/955/955 953/953/953
f 958/958/958 957/957/957 959/959/959 960/960/960
v 134.636962890625 0 -29.720056533813477
v 134.636962890625 5 -29.720056533813477
v 107.07032775878906 0 -29.720056533813477
v 107.07032775878906 5 -29.720056533813477
v 134.636962890625 0 -32.864482879638672
v 134.636962890625 5 -32.864482879638672
v 134.636962890625 0 -29.720056533813477
v 134.636962890625 5 -29.720056533813477
v 107.07032775878906 0 -32.864482879638672
v 107.07032775878906 5 -32.864482879638672
v 134.636962890625 0 -32.864482879638672
v 134.636962890625 5 -32.864482879638672
v 107.07032775878906 0 -29.720056533813477
v 107.07032775878906 5 -29.720056533813477
v 107.07032775878906 0 -32.864482879638672
v 107.07032775878906 5 -32.864482879638672
v 107.07032775878906 0 -29.720056533813477
v 107.07032775878906 0 -32.864482879638672
v 134.636962890625 0 -29.720056533813477
v 134.636962890625 0 -32.864482879638672
v 107.07032775878906 5 -29.720056533813477
v 107.07032775878906 5 -32.864482879638672
v 134.636962890625 5 -29.720056533813477
v 134.636962890625 5 -32.864482879638672
vt 0.15353135764598846 0.58663791418075562
vt 0.15353135764598846 0.74016928672790527
vt 0.99853515625 0.58663791418075562
vt 0.99853515625 0.74016928672790527
vt 0.57676565647125244 0
vt 0.57676565647125244 0.15353135764598846
vt 0.67331922054290771 0
vt 0.67331922054290771 0.15353135764598846
vt 0.15206651389598846 0
vt 0 0
vt 0.15206651389598846 0.84500378370285034
vt 0 0.84500378370285034
vt 0.15353135764598846 0
vt 0.15353135764598846 0.15353135764598846
vt 0.25008490681648254 0
vt 0.25008490681648254 0.15353135764598846
vt 0.15353135764598846 0.42323431372642517
vt 0.15353135764598846 0.51978784799575806
vt 0.99853515625 0.42323431372642517
vt 0.99853515625 0.51978784799575806
vt 0.15353135764598846 0.25983071327209473
vt 0.15353135764598846 0.35638424754142761
vt 0.99853515625 0.25983071327209473
vt 0.99853515625 0.35638424754142761
vn 0 0 1
vn 0 0 1
vn 0 0 1
vn 0 0 1
vn 1 0 0
vn 1 0 0
vn 1 0 0
vn 1 0 0
vn 0 0 -1
vn 0 0 -1
vn 0 0 -1
vn 0 0 -1
vn -1 0 0
vn -1 0 0
vn -1 0 0
vn -1 0 0
vn 0 -1 0
vn 0 -1 0
vn 0 -1 0
vn 0 -1 0
vn 0 1 0
vn 0 1 0
vn 0 1 0
vn 0 1 0
f 962/962/962 964/964/964 963/963/963 961/961/961
f 966/966/966 968/968/968 967/967/967 965/965/965
f 970/970/970 972/972/972 971/971/971 969/969/969
f 974/974/974 976/976/976 975/975/975 973/973/973
f 978/978/978 980/980/980 979/979/979 977/977/977
f 982/982/982 981/981/981 983/983/983 984/984/984
v 100.12857055664062 0 -23.247869491577148
v 100.12857055664062 5 -23.247869491577148
v 85.252922058105469 0 -23.247869491577148
v 85.252922058105469 5 -23.247869491577148
v 100.12857055664062 0 -25.217739105224609
v 100.12857055664062 5 -25.217739105224609
v 100.12857055664062 0 -23.247869491577148
v 100.12857055664062 5 -23.247869491577148
v 85.252922058105469 0 -25.217739105224609
v 85.252922058105469 5 -25.217739105224609
v 100.12857055664062 0 -25.217739105224609
v 100.12857055664062 5 -25.217739105224609
v 85.252922058105469 0 -23.247869491577148
v 85.252922058105469 5 -23.247869491577148
v 85.252922058105469 0 -25.217739105224609
v 85.252922058105469 5 -25.217739105224609
v 85.252922058105469 0 -23.247869491577148
v 85.252922058105469 0 -25.217739105224609
v 100.12857055664062 0 -23.247869491577148
v 100.12857055664062 0 -25.217739105224609
v 85.252922058105469 5 -23.247869491577148
v 85.252922058105469 5 -25.217739105224609
v 100.12857055664062 5 -23.247869491577148
v 100.12857055664062 5 -25.217739105224609
vt 0.99853515625 0
vt 0.72034978866577148 0
vt 0.99853515625 0.83053106069564819
vt 0.72034978866577148 0.83053106069564819
vt 0.11017489433288574 0
vt 0.11017489433288574 0.27965021133422852
vt 0.21888494491577148 0
vt 0.21888494491577148 0.27965021133422852
vt 0.71888494491577148 0
vt 0.44069957733154297 0
vt 0.71888494491577148 0.83053106069564819
vt 0.44069957733154297 0.83053106069564819
vt 0 0
vt 0 0.27965021133422852
vt 0.10871005058288574 0
vt 0.10871005058288574 0.27965021133422852
vt 0.43923473358154297 0
vt 0.33052468299865723 0
vt 0.43923473358154297 0.83053106069564819
vt 0.33052468299865723 0.83053106069564819
vt 0.32905983924865723 0
vt 0.22034978866577148 0
vt 0.32905983924865723 0.83053106069564819
vt 0.22034978866577148 0.83053106069564819
vn 0 0 1
vn 0 0 1
vn 0 0 1
vn 0 0 1
vn 1 0 0
vn 1 0 0
vn 1 0 0
vn 1 0 0
vn 0 0 -1
vn 0 0 -1
vn 0 0 -1
vn 0 0 -1
vn -1 0 0
vn -1 0 0
vn -1 0 0
vn -1 0 0
vn 0 -1 0
vn 0 -1 0
vn 0 -1 0
vn 0 -1 0
vn 0 1 0
vn 0 1 0
vn 0 1 0
vn 0 1 0
f 986/986/986 988/988/988 987/987/987 985/985/985
f 990/990/990 992/992/992 991/991/991 989/989/989
f 994/994/994 996/996/996 995/995/995 993/993/993
f 998/998/998 1000/1000/1000 999/999/999 997/997/997
f 1002/1002/1002 1004/1004/1004 1003/1003/1003 1001/1001/1001
f 1006/1006/1006 1005/1005/1005 1007/1007/1007 1008/1008/1008
v 127.73728942871094 0 1.4154528379440308
v 127.73728942871094 5 1.4154528379440308
v 122.48090362548828 0 1.4154528379440308
v 122.48090362548828 5 1.4154528379440308
v 127.73728942871094 0 -2.5033082962036133
v 127.73728942871094 5 -2.5033082962036133
v 127.73728942871094 0 1.4154528379440308
v 127.73728942871094 5 1.4154528379440308
v 122.48090362548828 0 -2.5033082962036133
v 122.48090362548828 5 -2.5033082962036133
v 127.73728942871094 0 -2.5033082962036133
v 127.73728942871094 5 -2.5033082962036133
v 122.48090362548828 0 1.4154528379440308
v 122.48090362548828 5 1.4154528379440308
v 122.48090362548828 0 -2.5033082962036133
v 122.48090362548828 5 -2.5033082962036133
v 122.48090362548828 0 1.4154528379440308
v 122.48090362548828 0 -2.5033082962036133
v 127.73728942871094 0 1.4154528379440308
v 127.73728942871094 0 -2.5033082962036133
v 122.48090362548828 5 1.4154528379440308
v 122.48090362548828 5 -2.5033082962036133
v 127.73728942871094 5 1.4154528379440308
v 127.73728942871094 5 -2.5033082962036133
vt 0.32626670598983765 0.32773154973983765
vt 0 0.32773154973983765
vt 0.32626670598983765 0.67226845026016235
vt 0 0.67226845026016235
vt 0.99853515625 0.42072612047195435
vt 0.67226845026016235 0.42072612047195435
vt 0.99853515625 0.67758643627166748
vt 0.67226845026016235 0.67758643627166748
vt 0 0
vt 0 0.32626670598983765
vt 0.34453690052032471 0
vt 0.34453690052032471 0.32626670598983765
vt 0.99853515625 0
vt 0.67226845026016235 0
vt 0.99853515625 0.25686034560203552
vt 0.67226845026016235 0.25686034560203552
vt 0.32773154973983765 0.58459186553955078
vt 0.32773154973983765 0.83998739719390869
vt 0.67080360651016235 0.58459186553955078
vt 0.67080360651016235 0.83998739719390869
vt 0.32773154973983765 0.32773154973983765
vt 0.32773154973983765 0.58312702178955078
vt 0.67080360651016235 0.32773154973983765
vt 0.67080360651016235 0.58312702178955078
vn 0 0 1
vn 0 0 1
vn 0 0 1
vn 0 0 1
vn 1 0 0
vn 1 0 0
vn 1 0 0
vn 1 0 0
vn 0 0 -1
vn 0 0 -1
vn 0 0 -1
vn 0 0 -1
vn -1 0 0
vn -1 0 0
vn -1 0 0
vn -1 0 0
vn 0 -1 0
vn 0 -1 0
vn 0 -1 0
vn 0 -1 0
vn 0 1 0
vn 0 1 0
vn 0 1 0
vn 0 1 0
f 1010/1010/1010 1012/1012/1012 1011/1011/1011 1009/1009/1009
f 1014/1014/1014 1016/1016/1016 1015/1015/1015 1013/1013/1013
f 1018/1018/1018 1020/1020/1020 1019/1019/1019 1017/1017/1017
f 1022/1022/1022 1024/1024/1024 1023/1023/1023 1021/1021/1021
f 1026/1026/1026 1028/1028/1028 1027/1027/1027 1025/1025/1025
f 1030/1030/1030 1029/1029/1029 1031/1031/1031 1032/1032/1032
v 117.89268493652344 0 1.4154528379440308
v 117.89268493652344 5 1.4154528379440308
v 112.31632232666016 0 1.4154528379440308
v 112.31632232666016 5 1.4154528379440308
v 117.89268493652344 0 -2.5033082962036133
v 117.89268493652344 5 -2.5033082962036133
v 117.89268493652344 0 1.4154528379440308
v 117.89268493652344 5 1.4154528379440308
v 112.31632232666016 0 -2.5033082962036133
v 112.31632232666016 5 -2.5033082962036133
v 117.89268493652344 0 -2.5033082962036133
v 117.89268493652344 5 -2.5033082962036133
v 112.31632232666016 0 1.4154528379440308
v 112.31632232666016 5 1.4154528379440308
v 112.31632232666016 0 -2.5033082962036133
v 112.31632232666016 5 -2.5033082962036133
v 112.31632232666016 0 1.4154528379440308
v 112.31632232666016 0 -2.5033082962036133
v 117.89268493652344 0 1.4154528379440308
v 117.89268493652344 0 -2.5033082962036133
v 112.31632232666016 5 1.4154528379440308
v 112.31632232666016 5 -2.5033082962036133
v 117.89268493652344 5 1.4154528379440308
v 117.89268493652344 5 -2.5033082962036133
vt 0.31953445076942444 0.32099929451942444
vt 0 0.32099929451942444
vt 0.31953445076942444 0.67900073528289795
vt 0 0.67900073528289795
vt 0.99853515625 0.41208356618881226
vt 0.67900073528289795 0.41208356618881226
vt 0.99853515625 0.66366744041442871
vt 0.67900073528289795 0.66366744041442871
vt 0 0
vt 0 0.31953445076942444
vt 0.35800141096115112 0
vt 0.35800141096115112 0.31953445076942444
vt 0.99853515625 0
vt 0.67900073528289795 0
vt 0.99853515625 0.25158390402793884
vt 0.67900073528289795 0.25158390402793884
vt 0.32099929451942444 0.57258319854736328
vt 0.32099929451942444 0.82270228862762451
vt 0.67753589153289795 0.57258319854736328
vt 0.67753589153289795 0.82270228862762451
vt 0.32099929451942444 0.32099929451942444
vt 0.32099929451942444 0.57111835479736328
vt 0.67753589153289795 0.32099929451942444
vt 0.67753589153289795 0.57111835479736328
vn 0 0 1
vn 0 0 1
vn 0 0 1
vn 0 0 1
vn 1 0 0
vn 1 0 0
vn 1 0 0
vn 1 0 0
vn 0 0 -1
vn 0 0 -1
vn 0 0 -1
vn 0 0 -1
vn -1 0 0
vn -1 0 0
vn -1 0 0
vn -1 0 0
vn 0 -1 0
vn 0 -1 0
vn 0 -1 0
vn 0 -1 0
vn 0 1 0
vn 0 1 0
vn 0 1 0
vn 0 1 0
f 1034/1034/1034 1036/1036/1036 1035/1035/1035 1033/1033/1033
f 1038/1038/1038 1040/1040/1040 1039/1039/1039 1037/1037/1037
f 1042/1042/1042 1044/1044/1044 1043/1043/1043 1041/1041/1041
f 1046/1046/1046 1048/1048/1048 1047/1047/1047 1045/1045/1045
f 1050/1050/1050 1052/1052/1052 1051/1051/1051 1049/1049/1049
f 1054/1054/1054 1053/1053/1053 1055/1055/1055 1056/1056/1056
v 105.60579681396484 0 0.7322695255279541
v 105.60579681396484 5 0.7322695255279541
v 100.018310546875 0 0.7322695255279541
v 100.018310546875 5 0.7322695255279541
v 105.60579681396484 0 -2.5033082962036133
v 105.60579681396484 5 -2.5033082962036133
v 105.60579681396484 0 0.7322695255279541
v 105.60579681396484 5 0.7322695255279541
v 100.018310546875 0 -2.5033082962036133
v 100.018310546875 5 -2.5033082962036133
v 105.60579681396484 0 -2.5033082962036133
v 105.60579681396484 5 -2.5033082962036133
v 100.018310546875 0 0.7322695255279541
v 100.018310546875 5 0.7322695255279541
v 100.018310546875 0 -2.5033082962036133
v 100.018310546875 5 -2.5033082962036133
v 100.018310546875 0 0.7322695255279541
v 100.018310546875 0 -2.5033082962036133
v 105.60579681396484 0 0.7322695255279541
v 105.60579681396484 0 -2.5033082962036133
v 100.018310546875 5 0.7322695255279541
v 100.018310546875 5 -2.5033082962036133
v 105.60579681396484 5 0.7322695255279541
v 105.60579681396484 5 -2.5033082962036133
vt 0 0.43899995088577271
vt 0 0.85364031791687012
vt 0.46189472079277039 0.43899995088577271
vt 0.46189472079277039 0.85364031791687012
vt 0.73167979717254639 0
vt 0.73167979717254639 0.41317549347877502
vt 0.99853515625 0
vt 0.99853515625 0.41317549347877502
vt 0 0
vt 0 0.41464033722877502
vt 0.46189472079277039 0
vt 0.46189472079277039 0.41464033722877502
vt 0.46335956454277039 0
vt 0.46335956454277039 0.41317549347877502
vt 0.73021495342254639 0
vt 0.73021495342254639 0.41317549347877502
vt 0.99853515625 0.41464033722877502
vt 0.73167979717254639 0.41464033722877502
vt 0.99853515625 0.87653505802154541
vt 0.73167979717254639 0.87653505802154541
vt 0.73021495342254639 0.41464033722877502
vt 0.46335956454277039 0.41464033722877502
vt 0.73021495342254639 0.87653505802154541
vt 0.46335956454277039 0.87653505802154541
vn 0 0 1
vn 0 0 1
vn 0 0 1
vn 0 0 1
vn 1 0 0
vn 1 0 0
vn 1 0 0
vn 1 0 0
vn 0 0 -1
vn 0 0 -1
vn 0 0 -1
vn 0 0 -1
vn -1 0 0
vn -1 0 0
vn -1 0 0
vn -1 0 0
vn 0 -1 0
vn 0 -1 0
vn 0 -1 0
vn 0 -1 0
vn 0 1 0
vn 0 1 0
vn 0 1 0
vn 0 1 0
f 1058/1058/1058 1060/1060/1060 1059/1059/1059 1057/1057/1057
f 1062/1062/1062 1064/1064/1064 1063/1063/1063 1061/1061/1061
f 1066/1066/1066 1068/1068/1068 1067/1067/1067 1065/1065/1065
f 1070/1070/1070 1072/1072/1072 1071/1071/1071 1069/1069/1069
f 1074/1074/1074 1076/1076/1076 1075/1075/1075 1073/1073/1073
f 1078/1078/1078 1077/1077/1077 1079/1079/1079 1080/1080/1080
v 95.3492431640625 0 1.568966269493103
v 95.3492431640625 5 1.568966269493103
v 90.331748962402344 0 1.568966269493103
v 90.331748962402344 5 1.568966269493103
v 95.3492431640625 0 -2.5033082962036133
v 95.3492431640625 5 -2.5033082962036133
v 95.3492431640625 0 1.568966269493103
v 95.3492431640625 5 1.568966269493103
v 90.331748962402344 0 -2.5033082962036133
v 90.331748962402344 5 -2.5033082962036133
v 95.3492431640625 0 -2.5033082962036133
v 95.3492431640625 5 -2.5033082962036133
v 90.331748962402344 0 1.568966269493103
v 90.331748962402344 5 1.568966269493103
v 90.331748962402344 0 -2.5033082962036133
v 90.331748962402344 5 -2.5033082962036133
v 90.331748962402344 0 1.568966269493103
v 90.331748962402344 0 -2.5033082962036133
v 95.3492431640625 0 1.568966269493103
v 95.3492431640625 0 -2.5033082962036133
v 90.331748962402344 5 1.568966269493103
v 90.331748962402344 5 -2.5033082962036133
v 95.3492431640625 5 1.568966269493103
v 95.3492431640625 5 -2.5033082962036133
vt 0.33148032426834106 0.33294516801834106
vt 0 0.33294516801834106
vt 0.33148032426834106 0.66705483198165894
vt 0 0.66705483198165894
vt 0.99853515625 0.43764141201972961
vt 0.66705483198165894 0.43764141201972961
vt 0.99853515625 0.70881021022796631
vt 0.66705483198165894 0.70881021022796631
vt 0 0
vt 0 0.33148032426834106
vt 0.33410969376564026 0
vt 0.33410969376564026 0.33148032426834106
vt 0.99853515625 0
vt 0.66705483198165894 0
vt 0.99853515625 0.27116882801055908
vt 0.66705483198165894 0.27116882801055908
vt 0.33294516801834106 0.60411399602890015
vt 0.33294516801834106 0.87381798028945923
vt 0.66558998823165894 0.60411399602890015
vt 0.66558998823165894 0.87381798028945923
vt 0.33294516801834106 0.33294516801834106
vt 0.33294516801834106 0.60264915227890015
vt 0.66558998823165894 0.33294516801834106
vt 0.66558998823165894 0.60264915227890015
vn 0 0 1
vn 0 0 1
vn 0 0 1
vn 0 0 1
vn 1 0 0
vn 1 0 0
vn 1 0 0
vn 1 0 0
vn 0 0 -1
vn 0 0 -1
vn 0 0 -1
vn 0 0 -1
vn -1 0 0
vn -1 0 0
vn -1 0 0
vn -1 0 0
vn 0 -1 0
vn 0 -1 0
vn 0 -1 0
vn 0 -1 0
vn 0 1 0
vn 0 1 0
vn 0 1 0
vn 0 1 0
f 1082/1082/1082 1084/1084/1084 1083/1083/1083 1081/1081/1081
f 1086/1086/1086 1088/1088/1088 1087/1087/1087 1085/1085/1085
f 1090/1090/1090 1092/1092/1092 1091/1091/1091 1089/1089/1089
f 1094/1094/1094 1096/1096/1096 1095/1095/1095 1093/1093/1093
f 1098/1098/1098 1100/1100/1100 1099/1099/1099 1097/1097/1097
f 1102/1102/1102 1101/1101/1101 1103/1103/1103 1104/1104/1104
v 110.84804534912109 0 -25.217739105224609
v 110.84804534912109 5 -25.217739105224609
v 107.07032775878906 0 -25.217739105224609
v 107.07032775878906 5 -25.217739105224609
v 110.84804534912109 0 -29.720056533813477
v 110.84804534912109 5 -29.720056533813477
v 110.84804534912109 0 -25.217739105224609
v 110.84804534912109 5 -25.217739105224609
v 107.07032775878906 0 -29.720056533813477
v 107.07032775878906 5 -29.720056533813477
v 110.84804534912109 0 -29.720056533813477
v 110.84804534912109 5 -29.720056533813477
v 107.07032775878906 0 -25.217739105224609
v 107.07032775878906 5 -25.217739105224609
v 107.07032775878906 0 -29.720056533813477
v 107.07032775878906 5 -29.720056533813477
v 107.07032775878906 0 -25.217739105224609
v 107.07032775878906 0 -29.720056533813477
v 110.84804534912109 0 -25.217739105224609
v 110.84804534912109 0 -29.720056533813477
v 107.07032775878906 5 -25.217739105224609
v 107.07032775878906 5 -29.720056533813477
v 110.84804534912109 5 -25.217739105224609
v 110.84804534912109 5 -29.720056533813477
vt 0.6770474910736084 0.59123551845550537
vt 0.32148769497871399 0.59123551845550537
vt 0.6770474910736084 0.85951852798461914
vt 0.32148769497871399 0.85951852798461914
vt 0 0.32148769497871399
vt 0 0.6785123348236084
vt 0.32002285122871399 0.32148769497871399
vt 0.32002285122871399 0.6785123348236084
vt 0.6770474910736084 0.32148769497871399
vt 0.32148769497871399 0.32148769497871399
vt 0.6770474910736084 0.58977067470550537
vt 0.32148769497871399 0.58977067470550537
vt 0.35702461004257202 0
vt 0 0
vt 0.35702461004257202 0.32002285122871399
vt 0 0.32002285122871399
vt 0.99853515625 0.43049168586730957
vt 0.6785123348236084 0.43049168586730957
vt 0.99853515625 0.70023953914642334
vt 0.6785123348236084 0.70023953914642334
vt 0.99853515625 0
vt 0.6785123348236084 0
vt 0.99853515625 0.26974785327911377
vt 0.6785123348236084 0.26974785327911377
vn 0 0 1
vn 0 0 1
vn 0 0 1
vn 0 0 1
vn 1 0 0
vn 1 0 0
vn 1 0 0
vn 1 0 0
vn 0 0 -1
vn 0 0 -1
vn 0 0 -1
vn 0 0 -1
vn -1 0 0
vn -1 0 0
vn -1 0 0
vn -1 0 0
vn 0 -1 0
vn 0 -1 0
vn 0 -1 0
vn 0 -1 0
vn 0 1 0
vn 0 1 0
vn 0 1 0
vn 0 1 0
f 1106/1106/1106 1108/1108/1108 1107/1107/1107 1105/1105/1105
f 1110/1110/1110 1112/1112/1112 1111/1111/1111 1109/1109/1109
f 1114/1114/1114 1116/1116/1116 1115/1115/1115 1113/1113/1113
f 1118/1118/1118 1120/1120/1120 1119/1119/1119 1117/1117/1117
f 1122/1122/1122 1124/1124/1124 1123/1123/1123 1121/1121/1121
f 1126/1126/1126 1125/1125/1125 1127/1127/1127 1128/1128/1128
