
CASCADE Topology V3, (c) Open Cascade
Locations 0
Curve2ds 0
Curves 1326
1 13.820271 13.660833 0 0 -1 0 
1 13.820271 11.005240000000001 0 1 0 0 
1 16.817388999999999 11.005240000000001 0 0 1 0 
1 16.817388999999999 12.856457000000001 0 -0.96582096336304013 0.25921008222769631 0 
1 16.817388999999999 12.856457000000001 0 1 0 0 
1 18.326836 12.856457000000001 0 0 1 0 
1 18.326836 13.660833 0 -0.88251369753526476 -0.47028669305290283 0 
1 18.326836 14.498225 0 0 -1 0 
1 18.326836 13.660833 0 0.99997947748648897 0.0064066064221625953 0 
1 23.123816999999999 13.691566 0 -0.98615411847622048 0.16583140418023534 0 
1 18.326836 12.856457000000001 0 0.9851822219034676 0.17151090240957434 0 
1 23.123816999999999 13.691566 0 -0.99997947748648897 -0.0064066064221625953 0 
1 18.326836 13.660833 0 0 -1 0 
1 13.820271 13.660833 0 0.96582096336304013 -0.25921008222769631 0 
1 16.817388999999999 12.856457000000001 0 0.88251369753526476 0.47028669305290283 0 
1 18.326836 13.660833 0 -1 0 0 
1 13.350405 14.498225 0 1 0 0 
1 18.326836 14.498225 0 -0.37575501213860724 0.92671903555107527 0 
1 13.409496000000001 26.625788 0 -0.0048723967526103692 -0.99998812980449181 0 
1 18.957443000000001 27.045794000000001 0 0 1 0 
1 18.957443000000001 28.006205000000001 0 -0.99928943069010867 0.037691294897344213 0 
1 16.642638999999999 28.093515 0 0 -1 0 
1 16.642638999999999 27.045794000000001 0 1 0 0 
1 32.932803999999997 23.695688000000001 0 -0.8462037706422183 -0.53285943601562669 0 
1 18.326836 14.498225 0 0.99264175786284881 0.12108815196770233 0 
1 32.932803999999997 16.279945000000001 0 0 1 0 
1 18.326836 12.856457000000001 0 0 -1 0 
1 18.326836 10.499552 0 1 0 0 
1 23.123816999999999 10.499552 0 0 1 0 
1 23.123816999999999 13.691566 0 -0.9851822219034676 -0.17151090240957434 0 
1 24.816994000000001 11.783874000000001 0 -0.62583618117271023 0.77995453350510013 0 
1 23.593031 13.30925 0 0 -1 0 
1 23.593031 10.835732999999999 0 0.79054960969199173 0.61239800343880912 0 
1 27.183354999999999 12.614770999999999 0 -0.98180139449113835 0.18991056256895272 0 
1 23.593031 13.30925 0 0.62583618117271023 -0.77995453350510013 0 
1 24.816994000000001 11.783874000000001 0 0.94352585411041401 0.33129890223967517 0 
1 27.183354999999999 12.614770999999999 0 -0.94352585411041401 -0.33129890223967517 0 
1 24.816994000000001 11.783874000000001 0 1 0 0 
1 25.847176000000001 11.783874000000001 0 0.84920004287419626 0.52807128986763063 0 
1 23.593031 10.835732999999999 0 1 0 0 
1 24.816994000000001 10.835732999999999 0 0 1 0 
1 24.816994000000001 11.783874000000001 0 -0.79054960969199173 -0.61239800343880912 0 
1 18.975467999999999 28.770277 0 -0.023584147098900887 -0.99972185532057745 0 
1 18.957443000000001 28.006205000000001 0 1 0 0 
1 19.429137999999998 28.006205000000001 0 -0.51054062622794538 0.85985363229492573 0 
1 21.735209000000001 27.045794000000001 0 0 1 0 
1 21.735209000000001 28.041129999999999 0 -0.99988533713630678 -0.015143070356239303 0 
1 19.429137999999998 28.006205000000001 0 0 -1 0 
1 19.429137999999998 27.045794000000001 0 1 0 0 
1 22.145759999999999 27.045794000000001 0 1 0 0 
1 24.514171999999999 27.045794000000001 0 -0.9218982908684209 0.3874319827968315 0 
1 22.145759999999999 28.041129999999999 0 0 -1 0 
1 23.123816999999999 13.691566 0 0.96690287969499311 0.25514470646582044 0 
1 32.932803999999997 16.279945000000001 0 -0.99264175786284881 -0.12108815196770233 0 
1 18.326836 14.498225 0 0.98615411847622048 -0.16583140418023534 0 
1 24.514171999999999 27.045794000000001 0 0 1 0 
1 24.514171999999999 29.729434999999999 0 -0.9268766965049875 -0.3753659407511572 0 
1 22.145759999999999 28.770277 0 0 -1 0 
1 22.145759999999999 28.041129999999999 0 0.9218982908684209 -0.3874319827968315 0 
1 18.326836 14.498225 0 0.8462037706422183 0.53285943601562669 0 
1 32.932803999999997 23.695688000000001 0 -0.98892443210293335 0.14841990294394808 0 
1 13.409496000000001 26.625788 0 0.37575501213860724 -0.92671903555107527 0 
1 22.145759999999999 28.041129999999999 0 0 1 0 
1 22.145759999999999 28.770277 0 -1 0 0 
1 21.735209000000001 28.770277 0 0 -1 0 
1 21.735209000000001 28.041129999999999 0 1 0 0 
1 24.94219 30.843312999999998 0 0 -1 0 
1 24.94219 28.014465000000001 0 1 0 0 
1 27.335609000000002 28.014465000000001 0 -0.64590738779584289 0.76341577557105189 0 
1 19.429137999999998 28.770277 0 0 -1 0 
1 19.429137999999998 28.006205000000001 0 0.99988533713630678 0.015143070356239303 0 
1 21.735209000000001 28.041129999999999 0 0 1 0 
1 21.735209000000001 28.770277 0 -1 0 0 
1 16.626080000000002 28.770277 0 -1 0 0 
1 16.184946 28.770277 0 0.5602114620576264 -0.82834963498468239 0 
1 16.642638999999999 28.093515 0 -0.024460660373955348 0.99970079328470585 0 
1 13.941692 28.093515 0 1 0 0 
1 16.642638999999999 28.093515 0 -0.5602114620576264 0.82834963498468239 0 
1 16.184946 28.770277 0 -0.95738044704448155 -0.28882984544002482 0 
1 16.642638999999999 28.093515 0 0.99928943069010867 -0.037691294897344213 0 
1 18.957443000000001 28.006205000000001 0 0.023584147098900887 0.99972185532057745 0 
1 18.975467999999999 28.770277 0 -0.96040252849422814 -0.27861619346673538 0 
1 18.975467999999999 28.770277 0 0.51054062622794538 -0.85985363229492573 0 
1 19.429137999999998 28.006205000000001 0 0 1 0 
1 19.429137999999998 28.770277 0 -1 0 0 
1 18.975467999999999 28.770277 0 0 1 0 
1 18.975467999999999 29.729434999999999 0 -1 0 0 
1 16.626080000000002 29.729434999999999 0 0 -1 0 
1 16.626080000000002 28.770277 0 1 0 0 
1 19.429137999999998 29.729434999999999 0 0 -1 0 
1 19.429137999999998 28.770277 0 1 0 0 
1 21.735209000000001 28.770277 0 0 1 0 
1 21.735209000000001 29.729434999999999 0 -1 0 0 
1 16.642638999999999 28.093515 0 0.96040252849422814 0.27861619346673538 0 
1 18.975467999999999 28.770277 0 -1 0 0 
1 16.626080000000002 28.770277 0 0.024460660373955348 -0.99970079328470585 0 
1 18.975467999999999 31.608132999999999 0 0 -1 0 
1 18.975467999999999 30.847518999999998 0 1 0 0 
1 19.429137999999998 30.847518999999998 0 0 1 0 
1 19.429137999999998 31.608132999999999 0 -1 0 0 
1 19.429137999999998 30.847518999999998 0 0 -1 0 
1 19.429137999999998 29.888361 0 1 0 0 
1 21.735209000000001 29.888361 0 0 1 0 
1 21.735209000000001 30.847518999999998 0 -1 0 0 
1 16.626080000000002 29.888361 0 1 0 0 
1 18.975467999999999 29.888361 0 0 1 0 
1 18.975467999999999 30.847518999999998 0 -0.92581673987918367 -0.37797270292903418 0 
1 16.626080000000002 32.549477000000003 0 0 -1 0 
1 16.626080000000002 29.888361 0 0.92581673987918367 0.37797270292903418 0 
1 18.975467999999999 30.847518999999998 0 0 1 0 
1 18.975467999999999 31.608132999999999 0 -0.9282600689406596 0.3719317738648879 0 
1 13.941692 28.093515 0 0.95738044704448155 0.28882984544002482 0 
1 16.184946 28.770277 0 -0.53661575993101318 0.84382671573828538 0 
1 14.397943 31.580334000000001 0 -0.12974419893384811 -0.99154749903522732 0 
1 24.514171999999999 29.729434999999999 0 -1 0 0 
1 22.145759999999999 29.729434999999999 0 0 -1 0 
1 22.145759999999999 28.770277 0 0.9268766965049875 0.3753659407511572 0 
1 22.145759999999999 29.888361 0 0.92744864825386941 0.37395053797537259 0 
1 24.514171999999999 30.843312999999998 0 -0.99999842314046661 0.0017758706541466333 0 
1 22.145759999999999 30.847518999999998 0 0 -1 0 
1 21.735209000000001 30.847518999999998 0 1 0 0 
1 22.145759999999999 30.847518999999998 0 0 1 0 
1 22.145759999999999 31.608132999999999 0 -1 0 0 
1 21.735209000000001 31.608132999999999 0 0 -1 0 
1 24.514171999999999 30.843312999999998 0 0 1 0 
1 24.514171999999999 31.489407 0 -0.99874590740164348 0.050066080817934691 0 
1 22.145759999999999 31.608132999999999 0 0 -1 0 
1 22.145759999999999 30.847518999999998 0 0.99999842314046661 -0.0017758706541466333 0 
1 24.514171999999999 30.843312999999998 0 -0.92744864825386941 -0.37395053797537259 0 
1 22.145759999999999 29.888361 0 1 0 0 
1 24.514171999999999 29.888361 0 0 1 0 
1 25.269863000000001 31.489407 0 -1 0 0 
1 24.514171999999999 31.489407 0 0 -1 0 
1 24.514171999999999 30.843312999999998 0 1 0 0 
1 24.94219 30.843312999999998 0 0.45231482916526078 0.89185833814412541 0 
1 24.94219 30.843312999999998 0 0.85881896641539524 0.51227920407253713 0 
1 26.025345000000002 31.489407 0 -1 0 0 
1 25.269863000000001 31.489407 0 -0.45231482916526078 -0.89185833814412541 0 
1 24.94219 30.843312999999998 0 0.94168921941045458 0.33648389864320194 0 
1 26.750359 31.489407 0 -1 0 0 
1 26.025345000000002 31.489407 0 -0.85881896641539524 -0.51227920407253713 0 
1 19.429137999999998 31.608132999999999 0 0 -1 0 
1 19.429137999999998 30.847518999999998 0 1 0 0 
1 21.735209000000001 30.847518999999998 0 -0.94967636396678101 0.313232826700578 0 
1 27.183354999999999 10.810245999999999 0 -0.80820017725394655 0.58890786502362935 0 
1 25.847176000000001 11.783874000000001 0 0 -1 0 
1 25.847176000000001 10.810245999999999 0 1 0 0 
1 25.847176000000001 11.783874000000001 0 0.80820017725394655 -0.58890786502362935 0 
1 27.183354999999999 10.810245999999999 0 0 1 0 
1 27.183354999999999 12.614770999999999 0 -0.84920004287419626 -0.52807128986763063 0 
1 32.932803999999997 10.499552 0 -0.92816349813461951 0.3721727028282788 0 
1 27.657647999999998 12.614770999999999 0 0 -1 0 
1 27.657647999999998 10.499552 0 1 0 0 
1 27.621964999999999 13.30925 0 -0.53398575417046601 -0.8454934738618618 0 
1 27.183354999999999 12.614770999999999 0 1 0 0 
1 27.657647999999998 12.614770999999999 0 -0.051313274319567677 0.99868260617605864 0 
1 32.932803999999997 13.691566 0 -0.9797955953614188 -0.20000147827044354 0 
1 27.657647999999998 12.614770999999999 0 0.92816349813461951 -0.3721727028282788 0 
1 32.932803999999997 10.499552 0 0 1 0 
1 27.621964999999999 13.691566 0 0 -1 0 
1 27.621964999999999 13.30925 0 0.99741890072971939 0.071802064504569427 0 
1 32.932803999999997 13.691566 0 -1 0 0 
1 27.657647999999998 12.614770999999999 0 0.9797955953614188 0.20000147827044354 0 
1 32.932803999999997 13.691566 0 -0.99741890072971939 -0.071802064504569427 0 
1 27.621964999999999 13.30925 0 0.051313274319567677 -0.99868260617605864 0 
1 32.932803999999997 16.279945000000001 0 -0.89892006992197115 -0.43811266575103558 0 
1 27.621964999999999 13.691566 0 1 0 0 
1 32.932803999999997 13.691566 0 0 1 0 
1 35.144843999999999 16.608286 0 0.69580151813273527 0.71823411737690446 0 
1 35.817611999999997 17.302744000000001 0 0 1 0 
1 35.817611999999997 18.005887999999999 0 -0.43373633571082032 -0.90103983878858018 0 
1 35.144843999999999 16.608286 0 1 0 0 
1 35.817611999999997 16.608286 0 0 1 0 
1 35.817611999999997 17.302744000000001 0 -0.69580151813273527 -0.71823411737690446 0 
1 35.144843999999999 16.608286 0 0.43373633571082032 0.90103983878858018 0 
1 35.817611999999997 18.005887999999999 0 -0.22731944482562613 0.97382024522196553 0 
1 35.144843999999999 20.887978 0 0 -1 0 
1 32.932803999999997 16.279945000000001 0 0 -1 0 
1 32.932803999999997 13.691566 0 0.78275009897582715 0.62233614916163504 0 
1 36.188366000000002 16.279945000000001 0 -1 0 0 
1 33.489398999999999 13.131577 0 0 -1 0 
1 33.489398999999999 10.956332 0 1 0 0 
1 38.474196999999997 10.956332 0 0 1 0 
1 38.474196999999997 12.483108 0 -0.99164428984938546 0.12900233489789192 0 
1 32.932803999999997 16.279945000000001 0 -0.96690287969499311 -0.25514470646582044 0 
1 23.123816999999999 13.691566 0 1 0 0 
1 27.621964999999999 13.691566 0 0.89892006992197115 0.43811266575103558 0 
1 38.474196999999997 12.483108 0 0.83453185479890746 0.55095969301383141 0 
1 39.456425000000003 13.131577 0 -1 0 0 
1 33.489398999999999 13.131577 0 0.99164428984938546 -0.12900233489789192 0 
1 36.188366000000002 16.279945000000001 0 -0.78275009897582715 -0.62233614916163504 0 
1 32.932803999999997 13.691566 0 1 0 0 
1 39.456425000000003 13.691566 0 -0.78390973628341343 0.62087480651099813 0 
1 44.720806000000003 10.499552 0 0 1 0 
1 44.720806000000003 14.324603 0 -0.94391639305657049 -0.33018455887438791 0 
1 39.456425000000003 12.483108 0 0 -1 0 
1 39.456425000000003 10.499552 0 1 0 0 
1 44.720806000000003 14.324603 0 -0.76677892017011506 0.64191127703347928 0 
1 41.727573 16.830397000000001 0 -0.58620523129575364 -0.81016259281794289 0 
1 39.456425000000003 13.691566 0 0.99284755338121833 0.11938901015139028 0 
1 39.456425000000003 12.483108 0 0.94391639305657049 0.33018455887438791 0 
1 44.720806000000003 14.324603 0 -0.97526976211139016 -0.22101785247167768 0 
1 39.456425000000003 13.131577 0 0 -1 0 
1 38.474196999999997 12.483108 0 1 0 0 
1 39.456425000000003 12.483108 0 0 1 0 
1 39.456425000000003 13.131577 0 -0.83453185479890746 -0.55095969301383141 0 
1 39.475712000000001 16.830397000000001 0 -0.98626904310471142 -0.165146524678289 0 
1 36.188366000000002 16.279945000000001 0 0.78390973628341343 -0.62087480651099813 0 
1 39.456425000000003 13.691566 0 0.0061445282985992207 0.99998112220780833 0 
1 36.188366000000002 18.005887999999999 0 0 -1 0 
1 36.188366000000002 17.302744000000001 0 0.98983424732318537 -0.14222574600311738 0 
1 39.475712000000001 16.830397000000001 0 -0.94161129883364592 0.33670188878118062 0 
1 36.188366000000002 16.279945000000001 0 0.98626904310471142 0.165146524678289 0 
1 39.475712000000001 16.830397000000001 0 -0.98983424732318537 0.14222574600311738 0 
1 36.188366000000002 17.302744000000001 0 0 -1 0 
1 36.188366000000002 17.302744000000001 0 0 1 0 
1 36.188366000000002 18.005887999999999 0 -1 0 0 
1 35.817611999999997 18.005887999999999 0 0 -1 0 
1 35.817611999999997 17.302744000000001 0 1 0 0 
1 39.790740999999997 17.296885 0 1 0 0 
1 41.727573 17.296885 0 -0.2668753086661167 0.96373106706402545 0 
1 41.546722000000003 17.949967999999998 0 -0.93727509761097305 -0.34859057847041852 0 
1 42.614314999999998 17.949967999999998 0 -1 0 0 
1 41.546722000000003 17.949967999999998 0 0.2668753086661167 -0.96373106706402545 0 
1 41.727573 17.296885 0 1 0 0 
1 42.485970000000002 17.296885 0 0.19283331599064996 0.98123152835813932 0 
1 41.727573 16.830397000000001 0 -1 0 0 
1 39.475712000000001 16.830397000000001 0 -0.0061445282985992207 -0.99998112220780833 0 
1 39.456425000000003 13.691566 0 0.58620523129575364 0.81016259281794289 0 
1 39.790740999999997 18.632206 0 0 -1 0 
1 39.790740999999997 17.296885 0 0.93727509761097305 0.34859057847041852 0 
1 41.546722000000003 17.949967999999998 0 0 1 0 
1 41.546722000000003 18.632206 0 -1 0 0 
1 32.932803999999997 23.695688000000001 0 -0.80928793329286108 0.58741215600851315 0 
1 30.712257000000001 25.307445999999999 0 -0.99710992265860887 0.075972377452222614 0 
1 13.409496000000001 26.625788 0 0.98892443210293335 -0.14841990294394808 0 
1 37.717751 25.307445999999999 0 -1 0 0 
1 30.712257000000001 25.307445999999999 0 0.80928793329286108 -0.58741215600851315 0 
1 32.932803999999997 23.695688000000001 0 1 0 0 
1 36.188366000000002 23.695688000000001 0 0.68832705011874618 0.72540049081512536 0 
1 35.817611999999997 23.11927 0 -1 0 0 
1 33.604388999999998 23.11927 0 0 -1 0 
1 33.604388999999998 20.887978 0 1 0 0 
1 35.144843999999999 20.887978 0 0.2886783398374701 0.95742614133346182 0 
1 35.817611999999997 23.11927 0 -0.2886783398374701 -0.95742614133346182 0 
1 35.144843999999999 20.887978 0 0.22731944482562613 -0.97382024522196553 0 
1 35.817611999999997 18.005887999999999 0 0 1 0 
1 27.711220000000001 32.933639999999997 0 0.0010341074128277104 -0.99999946531078643 0 
1 27.717742999999999 26.625788 0 0.84451790190854414 0.53552732269790926 0 
1 30.712257000000001 28.524674999999998 0 -0.56268700939984573 0.82667002452771809 0 
1 27.717742999999999 26.625788 0 0.91522985354604824 -0.40293214711422443 0 
1 30.712257000000001 25.307445999999999 0 0 1 0 
1 30.712257000000001 28.524674999999998 0 -0.84451790190854414 -0.53552732269790926 0 
1 30.502281 32.92107 0 0.047706568665711178 -0.9988613934406233 0 
1 30.712257000000001 28.524674999999998 0 0.11744280258022484 0.99307964842811192 0 
1 31.23218 32.92107 0 -1 0 0 
1 31.422274000000002 27.985316999999998 0 0 -1 0 
1 31.422274000000002 25.979278999999998 0 0.98384539842344076 0.17902019998039662 0 
1 35.218494 26.670038000000002 0 0 1 0 
1 35.218494 27.985316999999998 0 -1 0 0 
1 13.409496000000001 26.625788 0 0.99710992265860887 -0.075972377452222614 0 
1 30.712257000000001 25.307445999999999 0 -0.91522985354604824 0.40293214711422443 0 
1 27.717742999999999 26.625788 0 -1 0 0 
1 39.475712000000001 19.343599000000001 0 1 0 0 
1 44.749496000000001 19.343599000000001 0 -0.33295905070671172 0.94294128690628731 0 
1 43.520896999999998 22.822996 0 -1 0 0 
1 41.040844 22.822996 0 -0.41023462149613282 -0.91198001914840476 0 
1 39.475712000000001 19.343599000000001 0 -0.60272815199774554 0.79794659895846565 0 
1 36.188366000000002 23.695688000000001 0 0 -1 0 
1 36.188366000000002 18.005887999999999 0 0.92624764754363942 0.37691550169749449 0 
1 42.617195000000002 23.324057 0 -0.42384804537752052 0.90573331308374383 0 
1 41.935229999999997 24.781368000000001 0 -0.34795081033149899 -0.93751279116055442 0 
1 41.394359999999999 23.324057 0 1 0 0 
1 41.394359999999999 23.324057 0 0.34795081033149899 0.93751279116055442 0 
1 41.935229999999997 24.781368000000001 0 -1 0 0 
1 41.394359999999999 24.781368000000001 0 0 -1 0 
1 37.717751 25.307445999999999 0 -0.68832705011874618 -0.72540049081512536 0 
1 36.188366000000002 23.695688000000001 0 0.98420997791647402 -0.17700485690978601 0 
1 41.040844 22.822996 0 -0.80090950183053833 0.59878541221171966 0 
1 31.422274000000002 25.979278999999998 0 1 0 0 
1 37.717751 25.979278999999998 0 -0.96386310988074153 0.26639802065898566 0 
1 35.218494 26.670038000000002 0 -0.98384539842344076 -0.17902019998039662 0 
1 41.040844 22.822996 0 0 1 0 
1 41.040844 26.749911999999998 0 -0.91730780556555025 -0.39817884153796373 0 
1 37.717751 25.307445999999999 0 0.80090950183053833 -0.59878541221171966 0 
1 37.717751 28.524674999999998 0 0 -1 0 
1 37.717751 26.670038000000002 0 0.97435730429010103 0.22500631897021814 0 
1 41.040844 27.437432999999999 0 0 1 0 
1 41.040844 27.799553 0 -0.97701064658619519 0.21319051680885065 0 
1 37.717751 26.670038000000002 0 0 -1 0 
1 37.717751 25.979278999999998 0 0.97414878731979282 0.22590737075929385 0 
1 41.040844 26.749911999999998 0 -0.99971125946839701 -0.024029100942638503 0 
1 35.218494 26.670038000000002 0 0.96386310988074153 -0.26639802065898566 0 
1 37.717751 25.979278999999998 0 0 1 0 
1 37.717751 26.670038000000002 0 -1 0 0 
1 41.040844 27.437432999999999 0 0 -1 0 
1 41.040844 26.749911999999998 0 1 0 0 
1 41.935229999999997 26.749911999999998 0 -0.79282453336161385 0.60944996455815725 0 
1 37.717751 25.307445999999999 0 0.91730780556555025 0.39817884153796373 0 
1 41.040844 26.749911999999998 0 -0.97414878731979282 -0.22590737075929385 0 
1 37.717751 25.979278999999998 0 0 -1 0 
1 42.228268 32.046740999999997 0 -0.26925380862843801 -0.96306925324146875 0 
1 41.040844 27.799553 0 1 0 0 
1 43.520896999999998 27.799553 0 -0.29116296922297097 0.95667346851120683 0 
1 37.717751 26.670038000000002 0 0.99971125946839701 0.024029100942638503 0 
1 41.040844 26.749911999999998 0 0 1 0 
1 41.040844 27.437432999999999 0 -0.97435730429010103 -0.22500631897021814 0 
1 37.717751 28.524674999999998 0 0.026483964262781736 0.99964923830157926 0 
1 37.811062 32.046740999999997 0 -0.89580277780411921 -0.44445177834993954 0 
1 30.712257000000001 28.524674999999998 0 1 0 0 
1 41.040844 27.437432999999999 0 0.79282453336161385 -0.60944996455815725 0 
1 41.935229999999997 26.749911999999998 0 0.70423225586969052 0.70996966822019014 0 
1 42.617195000000002 27.437432999999999 0 -1 0 0 
1 41.040844 22.822996 0 -0.98420997791647402 0.17700485690978601 0 
1 36.188366000000002 23.695688000000001 0 0.60272815199774554 -0.79794659895846565 0 
1 39.475712000000001 19.343599000000001 0 0.41023462149613282 0.91198001914840476 0 
1 39.475712000000001 16.830397000000001 0 0 1 0 
1 39.475712000000001 19.343599000000001 0 -0.92624764754363942 -0.37691550169749449 0 
1 36.188366000000002 18.005887999999999 0 0.94161129883364592 -0.33670188878118062 0 
1 26.750359 31.489407 0 -0.94168921941045458 -0.33648389864320194 0 
1 24.94219 30.843312999999998 0 0.64590738779584289 -0.76341577557105189 0 
1 27.335609000000002 28.014465000000001 0 -0.16608107623729912 0.98611210119126946 0 
1 23.593031 13.30925 0 0.98180139449113835 -0.18991056256895272 0 
1 27.183354999999999 12.614770999999999 0 0.53398575417046601 0.8454934738618618 0 
1 27.621964999999999 13.30925 0 -1 0 0 
1 41.040844 27.799553 0 0.13494119559117951 0.99085360862865257 0 
1 41.619255000000003 32.046740999999997 0 -0.7422798806358839 -0.670089978139636 0 
1 37.717751 28.524674999999998 0 0.97701064658619519 -0.21319051680885065 0 
1 14.397943 31.580334000000001 0 0.53661575993101318 -0.84382671573828538 0 
1 16.184946 28.770277 0 -0.33291625172568778 0.94295639842832524 0 
1 15.192838999999999 31.580334000000001 0 -1 0 0 
1 13.941692 32.549477000000003 0 0.42593743801745038 -0.90475261751217428 0 
1 14.397943 31.580334000000001 0 0 1 0 
1 14.397943 31.824801999999998 0 -0.53279165104049309 0.84624645144399013 0 
1 15.85956 31.550922 0 0.11622512939842386 -0.99322289507256101 0 
1 16.184946 28.770277 0 0 1 0 
1 16.184946 31.550922 0 -1 0 0 
1 16.184946 28.770277 0 -0.11622512939842386 0.99322289507256101 0 
1 15.85956 31.550922 0 -0.99902837756203433 0.044071542130599127 0 
1 15.192838999999999 31.580334000000001 0 0.33291625172568778 -0.94295639842832524 0 
1 14.860904 31.824801999999998 0 0 1 0 
1 14.860904 32.549477000000003 0 -0.53836796660129649 -0.84270987447494961 0 
1 14.397943 31.824801999999998 0 1 0 0 
1 14.860904 32.549477000000003 0 -1 0 0 
1 13.941692 32.549477000000003 0 0.53279165104049309 -0.84624645144399013 0 
1 14.397943 31.824801999999998 0 0.53836796660129649 0.84270987447494961 0 
1 15.192838999999999 32.933639999999997 0 0 -1 0 
1 15.192838999999999 31.580334000000001 0 0.99902837756203433 -0.044071542130599127 0 
1 15.85956 31.550922 0 0 1 0 
1 15.85956 32.933639999999997 0 -1 0 0 
1 16.626080000000002 32.549477000000003 0 0.9282600689406596 -0.3719317738648879 0 
1 18.975467999999999 31.608132999999999 0 0 1 0 
1 18.975467999999999 32.549477000000003 0 -1 0 0 
1 13.941692 33.983910000000002 0 0 -1 0 
1 13.941692 32.933639999999997 0 1 0 0 
1 15.192838999999999 32.933639999999997 0 -0.76591390200580389 0.6429431504528561 0 
1 13.941692 28.093515 0 0.12974419893384811 0.99154749903522732 0 
1 14.397943 31.580334000000001 0 -0.42593743801745038 0.90475261751217428 0 
1 13.941692 32.549477000000003 0 0 -1 0 
1 21.735209000000001 32.549477000000003 0 -1 0 0 
1 19.429137999999998 32.549477000000003 0 0.92583492662078681 -0.37792815276065694 0 
1 21.735209000000001 31.608132999999999 0 0 1 0 
1 19.429137999999998 31.608132999999999 0 1 0 0 
1 21.735209000000001 31.608132999999999 0 -0.92583492662078681 0.37792815276065694 0 
1 19.429137999999998 32.549477000000003 0 0 -1 0 
1 24.514171999999999 31.489407 0 0 1 0 
1 24.514171999999999 32.549477000000003 0 -1 0 0 
1 22.145759999999999 32.549477000000003 0 0 -1 0 
1 22.145759999999999 31.608132999999999 0 0.99874590740164348 -0.050066080817934691 0 
1 27.335609000000002 28.014465000000001 0 0 1 0 
1 27.335609000000002 32.558205000000001 0 -0.48028675408728322 -0.87711152873981857 0 
1 26.750359 31.489407 0 0.16608107623729912 -0.98611210119126946 0 
1 21.735209000000001 31.608132999999999 0 -1 0 0 
1 19.429137999999998 31.608132999999999 0 0.94967636396678101 -0.313232826700578 0 
1 21.735209000000001 30.847518999999998 0 0 1 0 
1 26.750359 31.786263000000002 0 -0.42925207376142799 0.90318473036888391 0 
1 26.383482000000001 32.558205000000001 0 0 -1 0 
1 26.383482000000001 31.786263000000002 0 1 0 0 
1 25.269863000000001 32.933639999999997 0 0 -1 0 
1 25.269863000000001 31.489407 0 1 0 0 
1 26.025345000000002 31.489407 0 0 1 0 
1 26.025345000000002 32.933639999999997 0 -1 0 0 
1 26.383482000000001 32.558205000000001 0 0.42925207376142799 -0.90318473036888391 0 
1 26.750359 31.786263000000002 0 0.6041498093974611 0.79687075978794164 0 
1 27.335609000000002 32.558205000000001 0 -1 0 0 
1 27.335609000000002 32.558205000000001 0 -0.6041498093974611 -0.79687075978794164 0 
1 26.750359 31.786263000000002 0 0 -1 0 
1 26.750359 31.489407 0 0.48028675408728322 0.87711152873981857 0 
1 30.502281 32.92107 0 1 0 0 
1 31.23218 32.92107 0 0 1 0 
1 31.23218 33.487335000000002 0 -1 0 0 
1 30.502281 33.487335000000002 0 0 -1 0 
1 30.712257000000001 28.524674999999998 0 -0.047706568665711178 0.9988613934406233 0 
1 30.502281 32.92107 0 -1 0 0 
1 29.125171999999999 32.92107 0 0.33954943526535614 -0.94058821011693405 0 
1 29.125171999999999 32.92107 0 -0.99996048650134062 0.0088896251890576948 0 
1 27.711220000000001 32.933639999999997 0 0.56268700939984573 -0.82667002452771809 0 
1 30.712257000000001 28.524674999999998 0 -0.33954943526535614 0.94058821011693405 0 
1 30.712257000000001 28.524674999999998 0 0.35404136806160325 0.93522976305348005 0 
1 32.376559999999998 32.92107 0 -1 0 0 
1 31.23218 32.92107 0 -0.11744280258022484 -0.99307964842811192 0 
1 15.192838999999999 32.933639999999997 0 1 0 0 
1 15.85956 32.933639999999997 0 -0.87709454303354728 0.48031777250146912 0 
1 13.941692 33.983910000000002 0 0.76591390200580389 -0.6429431504528561 0 
1 29.125171999999999 33.983910000000002 0 -1 0 0 
1 13.941692 33.983910000000002 0 0.87709454303354728 -0.48031777250146912 0 
1 15.85956 32.933639999999997 0 1 0 0 
1 25.269863000000001 32.933639999999997 0 0.96483861258301573 0.26284301715830533 0 
1 27.711220000000001 32.933639999999997 0 0.80276948759436739 0.59628948488756417 0 
1 29.125171999999999 33.983910000000002 0 -0.94711406513359742 -0.3208970981889856 0 
1 26.025345000000002 32.933639999999997 0 1 0 0 
1 27.711220000000001 32.933639999999997 0 0.99996048650134062 -0.0088896251890576948 0 
1 29.125171999999999 32.92107 0 0 1 0 
1 29.125171999999999 33.983910000000002 0 -0.80276948759436739 -0.59628948488756417 0 
1 29.125171999999999 33.983910000000002 0 -0.96483861258301573 -0.26284301715830533 0 
1 25.269863000000001 32.933639999999997 0 1 0 0 
1 26.025345000000002 32.933639999999997 0 0.94711406513359742 0.3208970981889856 0 
1 30.502281 33.487335000000002 0 0.80369011754768593 0.59504806104732988 0 
1 31.453468000000001 34.191589 0 -0.94304236770818206 -0.33267265097591947 0 
1 29.457087000000001 33.487335000000002 0 1 0 0 
1 29.457087000000001 36.405697000000004 0 0.9655715921801058 0.26013746438138308 0 
1 32.109546999999999 37.120303999999997 0 -0.96603877775510416 0.25839713596211633 0 
1 30.727927999999999 37.489860999999998 0 -0.76077146993529798 -0.64901985372751569 0 
1 30.727927999999999 37.489860999999998 0 0.96603877775510416 -0.25839713596211633 0 
1 32.109546999999999 37.120303999999997 0 -0.94839331018956541 0.31709640361833014 0 
1 31.004251 37.489860999999998 0 -1 0 0 
1 30.727927999999999 37.489860999999998 0 0 1 0 
1 30.727927999999999 38.178310000000003 0 -1 0 0 
1 29.457087000000001 38.178310000000003 0 0.87926971489600991 -0.47632422620174314 0 
1 29.457087000000001 36.405697000000004 0 0.76077146993529798 0.64901985372751569 0 
1 30.727927999999999 37.489860999999998 0 -0.87926971489600991 0.47632422620174314 0 
1 29.457087000000001 38.178310000000003 0 0 -1 0 
1 29.457087000000001 33.487335000000002 0 0.94304236770818206 0.33267265097591947 0 
1 31.453468000000001 34.191589 0 0 1 0 
1 31.453468000000001 34.400139000000003 0 -0.90944472769047102 -0.41582482763298895 0 
1 29.457087000000001 33.487335000000002 0 0.90944472769047102 0.41582482763298895 0 
1 31.453468000000001 34.400139000000003 0 0 1 0 
1 31.453468000000001 35.202724000000003 0 -0.75846660414967448 -0.65171190750949226 0 
1 31.23218 33.487335000000002 0 1 0 0 
1 32.073078000000002 33.487335000000002 0 0 1 0 
1 32.073078000000002 34.191589 0 -1 0 0 
1 31.453468000000001 34.191589 0 -0.2997662209331623 -0.95401269005577216 0 
1 31.453468000000001 35.202724000000003 0 -0.90664664946538864 0.4218908069787542 0 
1 29.457087000000001 36.131701999999997 0 0 -1 0 
1 29.457087000000001 33.487335000000002 0 0.75846660414967448 0.65171190750949226 0 
1 32.073078000000002 35.202724000000003 0 -1 0 0 
1 31.453468000000001 35.202724000000003 0 0 -1 0 
1 31.453468000000001 34.400139000000003 0 1 0 0 
1 32.073078000000002 34.400139000000003 0 0 1 0 
1 29.457087000000001 36.131701999999997 0 0.90664664946538864 -0.4218908069787542 0 
1 31.453468000000001 35.202724000000003 0 0 1 0 
1 31.453468000000001 35.38599 0 -0.93678054873153782 0.34991742385631319 0 
1 32.073078000000002 35.38599 0 0 1 0 
1 32.073078000000002 36.131701999999997 0 -0.63907791931108548 -0.76914199797502525 0 
1 31.453468000000001 35.38599 0 1 0 0 
1 32.073078000000002 36.131701999999997 0 -1 0 0 
1 29.457087000000001 36.131701999999997 0 0.93678054873153782 -0.34991742385631319 0 
1 31.453468000000001 35.38599 0 0.63907791931108548 0.76914199797502525 0 
1 29.457087000000001 36.405697000000004 0 1 0 0 
1 32.376559999999998 36.405697000000004 0 -0.35001460948032798 0.93674424105533383 0 
1 32.109546999999999 37.120303999999997 0 -0.9655715921801058 -0.26013746438138308 0 
1 32.109546999999999 38.178310000000003 0 -1 0 0 
1 31.004251 38.178310000000003 0 0 -1 0 
1 31.004251 37.489860999999998 0 0.84881219165785937 0.52869448956177068 0 
1 32.376559999999998 36.405697000000004 0 1 0 0 
1 33.277203 36.405697000000004 0 0.46324099358468235 0.88623235207403495 0 
1 33.650734 37.120303999999997 0 -1 0 0 
1 32.109546999999999 37.120303999999997 0 0.35001460948032798 -0.93674424105533383 0 
1 32.109546999999999 38.178310000000003 0 -0.84881219165785937 -0.52869448956177068 0 
1 31.004251 37.489860999999998 0 0.94839331018956541 -0.31709640361833014 0 
1 32.109546999999999 37.120303999999997 0 0 1 0 
1 31.23218 33.487335000000002 0 0.2997662209331623 0.95401269005577216 0 
1 31.453468000000001 34.191589 0 -0.80369011754768593 -0.59504806104732988 0 
1 30.502281 33.487335000000002 0 1 0 0 
1 33.277203 32.903717 0 0 1 0 
1 33.277203 36.405697000000004 0 -1 0 0 
1 32.376559999999998 36.405697000000004 0 0 -1 0 
1 32.376559999999998 32.92107 0 0.99981443635912992 -0.019263770344231719 0 
1 37.811062 32.046740999999997 0 -0.96455725417183269 0.2638736504929865 0 
1 34.678493000000003 32.903717 0 -1 0 0 
1 33.277203 32.903717 0 0.9826011524215561 -0.18572822957167801 0 
1 37.811062 32.046740999999997 0 -0.94101663243739486 0.33836030718183369 0 
1 35.427719000000003 32.903717 0 -1 0 0 
1 34.678493000000003 32.903717 0 0.96455725417183269 -0.2638736504929865 0 
1 35.427719000000003 32.903717 0 0 1 0 
1 35.427719000000003 33.420704000000001 0 -1 0 0 
1 34.678493000000003 33.420704000000001 0 0 -1 0 
1 34.678493000000003 32.903717 0 1 0 0 
1 39.041885000000001 33.511192000000001 0 -0.42603503266378628 -0.90470666568958502 0 
1 38.352260999999999 32.046740999999997 0 1 0 0 
1 39.041885000000001 32.046740999999997 0 0 1 0 
1 37.811062 32.046740999999997 0 -0.9826011524215561 0.18572822957167801 0 
1 33.277203 32.903717 0 -0.50541463485738247 -0.86287661161488138 0 
1 30.712257000000001 28.524674999999998 0 0.89580277780411921 0.44445177834993954 0 
1 38.352260999999999 36.210213000000003 0 0 -1 0 
1 38.352260999999999 32.046740999999997 0 0.42603503266378628 0.90470666568958502 0 
1 39.041885000000001 33.511192000000001 0 -0.24755587327196821 0.9688736190074293 0 
1 37.811062 32.046740999999997 0 -0.026483964262781736 -0.99964923830157926 0 
1 37.717751 28.524674999999998 0 0.17729864221264618 0.9841570969461898 0 
1 38.352260999999999 32.046740999999997 0 -1 0 0 
1 35.427719000000003 32.903717 0 0.94101663243739486 -0.33836030718183369 0 
1 37.811062 32.046740999999997 0 -0.77066125589851731 0.63724503031166901 0 
1 36.774666000000003 32.903717 0 -1 0 0 
1 32.376559999999998 32.92107 0 -0.35404136806160325 -0.93522976305348005 0 
1 30.712257000000001 28.524674999999998 0 0.50541463485738247 0.86287661161488138 0 
1 33.277203 32.903717 0 -0.99981443635912992 0.019263770344231719 0 
1 35.591602000000002 34.205120000000001 0 -0.92982011554389199 -0.36801433766898711 0 
1 33.609707 33.420704000000001 0 1 0 0 
1 34.678493000000003 33.420704000000001 0 0.75853734220506119 0.65162957305549107 0 
1 35.591602000000002 34.205120000000001 0 -0.75853734220506119 -0.65162957305549107 0 
1 34.678493000000003 33.420704000000001 0 1 0 0 
1 35.427719000000003 33.420704000000001 0 0.20450796074482366 0.97886490078661703 0 
1 36.491421000000003 34.205120000000001 0 -1 0 0 
1 35.591602000000002 34.205120000000001 0 -0.20450796074482366 -0.97886490078661703 0 
1 35.427719000000003 33.420704000000001 0 1 0 0 
1 36.491421000000003 33.420704000000001 0 0 1 0 
1 33.609707 36.104118 0 0 -1 0 
1 33.609707 33.420704000000001 0 0.89905069238927626 0.43784455291160473 0 
1 35.591602000000002 34.385902000000002 0 0 1 0 
1 35.591602000000002 35.178936 0 -0.90613098010617055 0.42299721853911837 0 
1 35.591602000000002 34.205120000000001 0 0 1 0 
1 35.591602000000002 34.385902000000002 0 -0.89905069238927626 -0.43784455291160473 0 
1 33.609707 33.420704000000001 0 0.92982011554389199 0.36801433766898711 0 
1 40.184570000000001 33.335785000000001 0 -0.66207629032037685 -0.74943644546793153 0 
1 39.246364999999997 32.273784999999997 0 1 0 0 
1 40.184570000000001 32.273784999999997 0 0 1 0 
1 41.619255000000003 32.046740999999997 0 -1 0 0 
1 39.041885000000001 32.046740999999997 0 -0.35190601685948419 -0.93603533870153233 0 
1 37.717751 28.524674999999998 0 0.7422798806358839 0.670089978139636 0 
1 41.619255000000003 32.046740999999997 0 1 0 0 
1 42.228268 32.046740999999997 0 0 1 0 
1 42.228268 33.511192000000001 0 -0.38398409101766207 -0.92333970879917204 0 
1 40.288815 33.335785000000001 0 0 -1 0 
1 40.288815 32.273784999999997 0 1 0 0 
1 41.235039 32.273784999999997 0 -0.66523682727869293 0.74663241533714475 0 
1 39.470889999999997 33.511192000000001 0 0.97109947797737417 -0.23867510107271644 0 
1 40.184570000000001 33.335785000000001 0 1 0 0 
1 40.288815 33.335785000000001 0 -0.97776876043918726 0.2096860775283258 0 
1 40.184570000000001 33.335785000000001 0 -0.97109947797737417 0.23867510107271644 0 
1 39.470889999999997 33.511192000000001 0 0 -1 0 
1 39.470889999999997 33.443989000000002 0 0.98870099936593792 -0.14990108022558013 0 
1 39.470889999999997 33.511192000000001 0 0.97776876043918726 -0.2096860775283258 0 
1 40.288815 33.335785000000001 0 0.98589950741859755 0.16733846321681894 0 
1 40.926315000000002 33.443989000000002 0 -0.99893567591810428 0.046124997322928601 0 
1 39.246364999999997 32.273784999999997 0 0.66207629032037685 0.74943644546793153 0 
1 40.184570000000001 33.335785000000001 0 -0.98870099936593792 0.14990108022558013 0 
1 39.470889999999997 33.443989000000002 0 -0.18843120277938138 -0.98208639223803296 0 
1 41.235039 32.273784999999997 0 -0.25509259054039796 0.96691663045548504 0 
1 40.926315000000002 33.443989000000002 0 -0.98589950741859755 -0.16733846321681894 0 
1 40.288815 33.335785000000001 0 0.66523682727869293 -0.74663241533714475 0 
1 42.657276000000003 33.511192000000001 0 -0.35895979933913075 0.9333530213474488 0 
1 41.619255000000003 36.210213000000003 0 0.22010840607024623 -0.9754754172080482 0 
1 42.228268 33.511192000000001 0 1 0 0 
1 40.926315000000002 33.443989000000002 0 0.25509259054039796 -0.96691663045548504 0 
1 41.235039 32.273784999999997 0 0 1 0 
1 41.235039 33.443989000000002 0 -1 0 0 
1 40.156619999999997 36.210213000000003 0 -0.24624302012383742 -0.96920811750639568 0 
1 39.470889999999997 33.511192000000001 0 0.99893567591810428 -0.046124997322928601 0 
1 40.926315000000002 33.443989000000002 0 -0.26806398130815173 0.96340111164832221 0 
1 41.619255000000003 36.210213000000003 0 0 -1 0 
1 41.619255000000003 32.046740999999997 0 0.38398409101766207 0.92333970879917204 0 
1 42.228268 33.511192000000001 0 -0.22010840607024623 0.9754754172080482 0 
1 40.156619999999997 36.210213000000003 0 -0.38173732996077547 -0.92427085365406714 0 
1 39.041885000000001 33.511192000000001 0 1 0 0 
1 39.470889999999997 33.511192000000001 0 0.24624302012383742 0.96920811750639568 0 
1 42.432746999999999 33.443989000000002 0 0 -1 0 
1 42.432746999999999 32.273784999999997 0 0.18843444055748684 0.98208577100566263 0 
1 42.657276000000003 33.443989000000002 0 -1 0 0 
1 39.246364999999997 32.273784999999997 0 0.18843120277938138 0.98208639223803296 0 
1 39.470889999999997 33.443989000000002 0 -1 0 0 
1 39.246364999999997 33.443989000000002 0 0 -1 0 
1 38.352260999999999 32.046740999999997 0 -0.17729864221264618 -0.9841570969461898 0 
1 37.717751 28.524674999999998 0 0.35190601685948419 0.93603533870153233 0 
1 39.041885000000001 32.046740999999997 0 -1 0 0 
1 33.304355999999999 37.715485000000001 0 -0.94588785099094341 -0.32449371850273862 0 
1 32.385868000000002 37.400390999999999 0 1 0 0 
1 33.304355999999999 37.400390999999999 0 0 1 0 
1 35.591602000000002 35.359718000000001 0 -0.9361443469749513 0.35161592914263978 0 
1 33.609707 36.104118 0 0.90613098010617055 -0.42299721853911837 0 
1 35.591602000000002 35.178936 0 0 1 0 
1 35.591602000000002 35.178936 0 0 -1 0 
1 35.591602000000002 34.385902000000002 0 1 0 0 
1 36.491421000000003 34.385902000000002 0 0 1 0 
1 36.491421000000003 35.178936 0 -1 0 0 
1 34.915596000000001 37.489860999999998 0 -0.95986956655672295 -0.28044681349269956 0 
1 33.650734 37.120303999999997 0 0.96978518175009332 -0.24396045019211277 0 
1 36.491421000000003 36.405697000000004 0 -0.82385045119028388 0.56680722831802843 0 
1 36.491421000000003 36.405697000000004 0 -0.96978518175009332 0.24396045019211277 0 
1 33.650734 37.120303999999997 0 -0.46324099358468235 -0.88623235207403495 0 
1 33.277203 36.405697000000004 0 1 0 0 
1 33.650734 37.715485000000001 0 -0.9391062860206556 0.34362680855324818 0 
1 32.385868000000002 38.178310000000003 0 0.89303015590050872 -0.44999682293579946 0 
1 33.304355999999999 37.715485000000001 0 1 0 0 
1 32.385868000000002 37.400390999999999 0 0.94588785099094341 0.32449371850273862 0 
1 33.304355999999999 37.715485000000001 0 -0.89303015590050872 0.44999682293579946 0 
1 32.385868000000002 38.178310000000003 0 0 -1 0 
1 34.915596000000001 38.178310000000003 0 -1 0 0 
1 32.385868000000002 38.178310000000003 0 0.9391062860206556 -0.34362680855324818 0 
1 33.650734 37.715485000000001 0 0.9391059353445993 0.34362776692308411 0 
1 34.915596000000001 37.489860999999998 0 0.82385045119028388 -0.56680722831802843 0 
1 36.491421000000003 36.405697000000004 0 -0.76785965068365336 0.64061810531078323 0 
1 35.191916999999997 37.489860999999998 0 -1 0 0 
1 36.491421000000003 38.178310000000003 0 -1 0 0 
1 35.191916999999997 38.178310000000003 0 0 -1 0 
1 35.191916999999997 37.489860999999998 0 0.88365395271364222 0.46814067528207409 0 
1 33.650734 37.715485000000001 0 0.98446045144332506 -0.17560643366347628 0 
1 34.915596000000001 37.489860999999998 0 0 1 0 
1 34.915596000000001 38.178310000000003 0 -0.9391059353445993 -0.34362776692308411 0 
1 33.650734 37.715485000000001 0 0 -1 0 
1 33.650734 37.120303999999997 0 0.95986956655672295 0.28044681349269956 0 
1 34.915596000000001 37.489860999999998 0 -0.98446045144332506 0.17560643366347628 0 
1 36.774666000000003 38.178310000000003 0 0 -1 0 
1 36.774666000000003 32.903717 0 0.77066125589851731 -0.63724503031166901 0 
1 37.811062 32.046740999999997 0 0 1 0 
1 37.811062 36.405811 0 -0.50475677293959254 0.86326160587136547 0 
1 35.591602000000002 35.359718000000001 0 1 0 0 
1 36.491421000000003 35.359718000000001 0 0 1 0 
1 36.491421000000003 36.104118 0 -0.77051114632354623 -0.63742652391563903 0 
1 36.491421000000003 38.178310000000003 0 -0.88365395271364222 -0.46814067528207409 0 
1 35.191916999999997 37.489860999999998 0 0.76785965068365336 -0.64061810531078323 0 
1 36.491421000000003 36.405697000000004 0 0 1 0 
1 36.774666000000003 38.178310000000003 0 0.50475677293959254 -0.86326160587136547 0 
1 37.811062 36.405811 0 1 0 0 
1 40.156619999999997 36.405811 0 -0.88572394027117585 0.46421234540940681 0 
1 40.156619999999997 36.210213000000003 0 0.26806398130815173 -0.96340111164832221 0 
1 40.926315000000002 33.443989000000002 0 0 1 0 
1 40.926315000000002 36.405811 0 -0.96919473728336292 -0.24629567844814729 0 
1 38.352260999999999 36.210213000000003 0 0.24755587327196821 -0.9688736190074293 0 
1 39.041885000000001 33.511192000000001 0 0.38173732996077547 0.92427085365406714 0 
1 40.156619999999997 36.210213000000003 0 -1 0 0 
1 36.774666000000003 38.178310000000003 0 0.88572394027117585 -0.46421234540940681 0 
1 40.156619999999997 36.405811 0 1 0 0 
1 40.926315000000002 36.405811 0 -0.91968788769806242 0.39265021230285396 0 
1 40.156619999999997 36.210213000000003 0 0.96919473728336292 0.24629567844814729 0 
1 40.926315000000002 36.405811 0 -1 0 0 
1 40.156619999999997 36.405811 0 0 -1 0 
1 36.774666000000003 38.178310000000003 0 0.91968788769806242 -0.39265021230285396 0 
1 40.926315000000002 36.405811 0 1 0 0 
1 43.271872999999999 36.405811 0 -0.96474371114368429 0.26319113170605057 0 
1 36.491421000000003 36.104118 0 -1 0 0 
1 33.609707 36.104118 0 0.9361443469749513 -0.35161592914263978 0 
1 35.591602000000002 35.359718000000001 0 0.77051114632354623 0.63742652391563903 0 
1 41.619255000000003 32.046740999999997 0 -0.13494119559117951 -0.99085360862865257 0 
1 41.040844 27.799553 0 0.26925380862843801 0.96306925324146875 0 
1 42.228268 32.046740999999997 0 -1 0 0 
1 41.727573 17.296885 0 0 -1 0 
1 41.727573 16.830397000000001 0 1 0 0 
1 42.485970000000002 16.830397000000001 0 0 1 0 
1 42.485970000000002 17.296885 0 -1 0 0 
1 47.970340999999998 11.817111000000001 0 -0.94836234846806788 -0.3171889909945344 0 
1 45.187362999999998 10.886317 0 1 0 0 
1 48.780673999999998 10.886317 0 -0.65661552066110562 0.75422546895934572 0 
1 47.970340999999998 11.817111000000001 0 -0.82940868645574328 0.5586423102771203 0 
1 45.187362999999998 13.691566 0 0 -1 0 
1 45.187362999999998 10.886317 0 0.94836234846806788 0.3171889909945344 0 
1 48.780673999999998 10.886317 0 0 1 0 
1 48.780673999999998 11.817111000000001 0 -1 0 0 
1 47.970340999999998 11.817111000000001 0 0.65661552066110562 -0.75422546895934572 0 
1 47.970340999999998 12.872011000000001 0 -0.95926914611089142 0.28249372615985863 0 
1 45.187362999999998 13.691566 0 0.82940868645574328 -0.5586423102771203 0 
1 47.970340999999998 11.817111000000001 0 0 1 0 
1 42.614314999999998 17.949967999999998 0 -0.19283331599064996 -0.98123152835813932 0 
1 42.485970000000002 17.296885 0 1 0 0 
1 44.387797999999997 17.296885 0 -0.93839553851571922 0.34556303808971423 0 
1 44.720806000000003 14.324603 0 -0.6656046699754854 0.74630451111247165 0 
1 42.485970000000002 16.830397000000001 0 -1 0 0 
1 41.727573 16.830397000000001 0 0.76677892017011506 -0.64191127703347928 0 
1 49.189937999999998 16.216443999999999 0 -0.81759843033256685 0.57578885602078378 0 
1 44.749496000000001 19.343599000000001 0 0 -1 0 
1 44.749496000000001 16.830397000000001 0 0.99057644048394189 -0.1369610001356712 0 
1 44.749496000000001 16.830397000000001 0 -0.011448714337784971 -0.99993446132234687 0 
1 44.720806000000003 14.324603 0 0.92088926919083525 0.38982426026245376 0 
1 49.189937999999998 16.216443999999999 0 -0.99057644048394189 0.1369610001356712 0 
1 44.720806000000003 14.324603 0 0.011448714337784971 0.99993446132234687 0 
1 44.749496000000001 16.830397000000001 0 -1 0 0 
1 42.485970000000002 16.830397000000001 0 0.6656046699754854 -0.74630451111247165 0 
1 44.720806000000003 14.324603 0 -0.99284755338121833 -0.11938901015139028 0 
1 39.456425000000003 13.691566 0 0 -1 0 
1 39.456425000000003 13.131577 0 0.97526976211139016 0.22101785247167768 0 
1 44.387797999999997 17.296885 0 0 1 0 
1 44.387797999999997 18.632206 0 -1 0 0 
1 42.614314999999998 18.632206 0 0 -1 0 
1 42.614314999999998 17.949967999999998 0 0.93839553851571922 -0.34556303808971423 0 
1 45.187362999999998 13.691566 0 0.95926914611089142 -0.28249372615985863 0 
1 47.970340999999998 12.872011000000001 0 0.83000603847185095 0.55775440482372218 0 
1 49.189937999999998 13.691566 0 -1 0 0 
1 47.970340999999998 12.872011000000001 0 1 0 0 
1 49.189937999999998 12.872011000000001 0 0 1 0 
1 49.189937999999998 13.691566 0 -0.83000603847185095 -0.55775440482372218 0 
1 49.189937999999998 13.691566 0 1 0 0 
1 54.332642 13.691566 0 -0.99250893261281359 0.12217208635270808 0 
1 49.189937999999998 14.324603 0 0 -1 0 
1 54.332642 13.691566 0 -0.57281209126936117 0.81968671338238797 0 
1 52.568210999999998 16.216443999999999 0 -0.87250512191400409 -0.48860496542076703 0 
1 49.189937999999998 14.324603 0 0.99250893261281359 -0.12217208635270808 0 
1 49.189937999999998 14.324603 0 0.87250512191400409 0.48860496542076703 0 
1 52.568210999999998 16.216443999999999 0 -1 0 0 
1 49.189937999999998 16.216443999999999 0 0 -1 0 
1 50.288409999999999 16.575167 0 1 0 0 
1 52.568210999999998 16.575167 0 -0.81060315121713833 0.58559587706612581 0 
1 51.646286000000003 17.241184000000001 0 -1 0 0 
1 50.955627 17.241184000000001 0 -0.70774293802611254 -0.70647005150548758 0 
1 52.568210999999998 16.216443999999999 0 0.98654899100604998 -0.16346586293457299 0 
1 57.850380000000001 15.341217 0 -0.97378227370256676 0.2274820507702956 0 
1 52.568210999999998 16.575167 0 0 -1 0 
1 50.288409999999999 16.575167 0 0.70774293802611254 0.70647005150548758 0 
1 50.955627 17.241184000000001 0 0 1 0 
1 50.955627 19.215128 0 -0.2450326980053068 -0.9695148152082258 0 
1 49.189937999999998 12.872011000000001 0 0.98753863088364258 0.1573767851764058 0 
1 54.332642 13.691566 0 -1 0 0 
1 49.189937999999998 13.691566 0 0 -1 0 
1 44.720806000000003 14.324603 0 1 0 0 
1 49.189937999999998 14.324603 0 0 1 0 
1 49.189937999999998 16.216443999999999 0 -0.92088926919083525 -0.38982426026245376 0 
1 51.646286000000003 17.650713 0 0 -1 0 
1 51.646286000000003 17.241184000000001 0 0.76209100782789274 0.64746991882856353 0 
1 52.114539999999998 17.639011 0 -0.99968787839327999 0.024982910029509527 0 
1 52.568210999999998 16.575167 0 0 1 0 
1 52.568210999999998 17.241184000000001 0 -1 0 0 
1 52.114539999999998 17.241184000000001 0 0.56297123775344793 -0.82647648814854424 0 
1 52.249172000000002 18.791542 0 -0.46723244417881021 -0.88413451640951968 0 
1 51.646286000000003 17.650713 0 0.99968787839327999 -0.024982910029509527 0 
1 52.114539999999998 17.639011 0 0.11602527879077974 0.99324626084447043 0 
1 51.646286000000003 17.241184000000001 0 1 0 0 
1 52.114539999999998 17.241184000000001 0 0 1 0 
1 52.114539999999998 17.639011 0 -0.76209100782789274 -0.64746991882856353 0 
1 52.114539999999998 17.241184000000001 0 -1 0 0 
1 51.646286000000003 17.241184000000001 0 0.81060315121713833 -0.58559587706612581 0 
1 52.568210999999998 16.575167 0 -0.56297123775344793 0.82647648814854424 0 
1 51.646286000000003 17.650713 0 -0.22495824867765798 0.97436840381443035 0 
1 51.382896000000002 18.791542 0 0 -1 0 
1 51.382896000000002 17.650713 0 1 0 0 
1 52.568210999999998 16.575167 0 0.97378227370256676 -0.2274820507702956 0 
1 57.850380000000001 15.341217 0 -0.94097900074698693 0.3384649467126572 0 
1 52.568210999999998 17.241184000000001 0 0 -1 0 
1 54.775131000000002 13.691566 0 0 -1 0 
1 54.775131000000002 10.880933000000001 0 0.68404553106228583 0.72943931305744358 0 
1 55.471642000000003 11.623665000000001 0 0 1 0 
1 55.471642000000003 13.691566 0 -1 0 0 
1 52.114539999999998 17.639011 0 1 0 0 
1 52.249172000000002 17.639011 0 0 1 0 
1 52.249172000000002 18.791542 0 -0.11602527879077974 -0.99324626084447043 0 
1 43.520896999999998 27.799553 0 0 -1 0 
1 43.520896999999998 22.822996 0 0.67928289031820266 0.73387652566419426 0 
1 45.509349999999998 24.971260000000001 0 0 1 0 
1 45.509349999999998 27.483184999999999 0 -0.98757851805679975 0.15712628892943123 0 
1 45.509349999999998 24.971260000000001 0 0.85722943826281028 -0.51493464650926979 0 
1 49.189937999999998 22.760344 0 0.75657377916890489 0.65390833965784623 0 
1 51.747973999999999 24.971260000000001 0 -1 0 0 
1 44.749496000000001 19.343599000000001 0 0.79253596765815781 0.60982517164196115 0 
1 49.189937999999998 22.760344 0 -0.99993893661065114 0.011050929823321166 0 
1 43.520896999999998 22.822996 0 0.33295905070671172 -0.94294128690628731 0 
1 45.509349999999998 24.971260000000001 0 -0.67928289031820266 -0.73387652566419426 0 
1 43.520896999999998 22.822996 0 0.99993893661065114 -0.011050929823321166 0 
1 49.189937999999998 22.760344 0 -0.85722943826281028 0.51493464650926979 0 
1 47.169060000000002 26.206633 0 -0.85277061964479228 -0.52228562135160961 0 
1 45.968418 25.471291000000001 0 1 0 0 
1 47.169060000000002 25.471291000000001 0 0 1 0 
1 45.968418 27.118455999999998 0 0 -1 0 
1 45.968418 25.471291000000001 0 0.85277061964479228 0.52228562135160961 0 
1 47.169060000000002 26.206633 0 -0.79637461129749076 0.6048036693678126 0 
1 42.617195000000002 23.324057 0 0 1 0 
1 42.617195000000002 27.437432999999999 0 -0.70423225586969052 -0.70996966822019014 0 
1 41.935229999999997 26.749911999999998 0 0 -1 0 
1 41.935229999999997 24.781368000000001 0 0.42384804537752052 -0.90573331308374383 0 
1 47.169060000000002 26.206633 0 1 0 0 
1 48.146053000000002 26.206633 0 -0.17168837524019398 0.9851513090928633 0 
1 47.987144000000001 27.118455999999998 0 -1 0 0 
1 47.304428000000001 27.118455999999998 0 -0.14684918145875972 -0.98915889416457881 0 
1 45.968418 27.118455999999998 0 0.79637461129749076 -0.6048036693678126 0 
1 47.169060000000002 26.206633 0 0.14684918145875972 0.98915889416457881 0 
1 47.304428000000001 27.118455999999998 0 -1 0 0 
1 47.987144000000001 27.118455999999998 0 0 1 0 
1 47.987144000000001 27.483184999999999 0 -1 0 0 
1 47.304428000000001 27.483184999999999 0 0 -1 0 
1 47.304428000000001 27.118455999999998 0 1 0 0 
1 44.749496000000001 19.343599000000001 0 0.81759843033256685 -0.57578885602078378 0 
1 49.189937999999998 16.216443999999999 0 0 1 0 
1 49.189937999999998 22.760344 0 -0.79253596765815781 -0.60982517164196115 0 
1 52.249172000000002 22.233937999999998 0 -1 0 0 
1 50.288409999999999 22.233937999999998 0 0.21581154639116462 -0.97643503442075152 0 
1 50.955627 19.215128 0 1 0 0 
1 52.249172000000002 19.215128 0 0 1 0 
1 52.568210999999998 22.760344 0 0 -1 0 
1 52.568210999999998 17.241184000000001 0 0.94097900074698693 -0.3384649467126572 0 
1 57.850380000000001 15.341217 0 0 1 0 
1 57.850380000000001 20.791708 0 -0.93703747210916033 0.3492288302292274 0 
1 50.288409999999999 16.575167 0 0.2450326980053068 0.9695148152082258 0 
1 50.955627 19.215128 0 -0.21581154639116462 0.97643503442075152 0 
1 50.288409999999999 22.233937999999998 0 0 -1 0 
1 52.568210999999998 22.760344 0 -0.34782862334037778 0.93755813088316686 0 
1 51.747973999999999 24.971260000000001 0 -0.75657377916890489 -0.65390833965784623 0 
1 49.189937999999998 22.760344 0 1 0 0 
1 51.412497999999999 27.118455999999998 0 -1 0 0 
1 47.987144000000001 27.118455999999998 0 0.81637190234578449 -0.57752655095703165 0 
1 49.276066 26.206633 0 1 0 0 
1 50.217747000000003 26.206633 0 0.79493862151847572 0.60668986147644299 0 
1 49.276066 25.471291000000001 0 0 1 0 
1 49.276066 26.206633 0 -1 0 0 
1 48.146053000000002 26.206633 0 0 -1 0 
1 48.146053000000002 25.471291000000001 0 1 0 0 
1 50.217747000000003 25.471291000000001 0 1 0 0 
1 51.412497999999999 25.471291000000001 0 -0.85162312124114914 0.52415461399045515 0 
1 50.217747000000003 26.206633 0 0 -1 0 
1 51.412497999999999 25.471291000000001 0 0 1 0 
1 51.412497999999999 27.118455999999998 0 -0.79493862151847572 -0.60668986147644299 0 
1 50.217747000000003 26.206633 0 0.85162312124114914 -0.52415461399045515 0 
1 48.146053000000002 26.206633 0 1 0 0 
1 49.276066 26.206633 0 -0.81637190234578449 0.57752655095703165 0 
1 47.987144000000001 27.118455999999998 0 0.17168837524019398 -0.9851513090928633 0 
1 51.382896000000002 18.791542 0 0.22495824867765798 -0.97436840381443035 0 
1 51.646286000000003 17.650713 0 0.46723244417881021 0.88413451640951968 0 
1 52.249172000000002 18.791542 0 -1 0 0 
1 61.232196999999999 10.880933000000001 0 -0.98855702856521066 0.15084760944185116 0 
1 56.364815 11.623665000000001 0 -0.9059909713705786 -0.42329701132301356 0 
1 54.775131000000002 10.880933000000001 0 1 0 0 
1 54.332642 10.499552 0 0 1 0 
1 54.332642 13.691566 0 -0.98753863088364258 -0.1573767851764058 0 
1 49.189937999999998 12.872011000000001 0 0 -1 0 
1 49.189937999999998 10.499552 0 1 0 0 
1 52.568210999999998 16.216443999999999 0 0.57281209126936117 -0.81968671338238797 0 
1 54.332642 13.691566 0 1 0 0 
1 54.775131000000002 13.691566 0 -0.65810791307259364 0.75292361813880915 0 
1 54.775131000000002 10.880933000000001 0 0.9059909713705786 0.42329701132301356 0 
1 56.364815 11.623665000000001 0 -1 0 0 
1 55.471642000000003 11.623665000000001 0 -0.68404553106228583 -0.72943931305744358 0 
1 55.471642000000003 13.691566 0 0.91145513147489143 0.41139949356809918 0 
1 59.126441999999997 15.341217 0 -1 0 0 
1 57.850380000000001 15.341217 0 -0.82173401284675485 -0.56987122416452052 0 
1 52.568210999999998 16.216443999999999 0 0.65810791307259364 -0.75292361813880915 0 
1 54.775131000000002 13.691566 0 0.88121787813726016 0.47271032488328912 0 
1 57.850380000000001 15.341217 0 -0.98654899100604998 0.16346586293457299 0 
1 55.471642000000003 13.691566 0 0.82173401284675485 0.56987122416452052 0 
1 57.850380000000001 15.341217 0 -0.88121787813726016 -0.47271032488328912 0 
1 54.775131000000002 13.691566 0 1 0 0 
1 59.126441999999997 16.046976000000001 0 -0.21078976157897028 0.97753141965538937 0 
1 58.182155999999999 20.426075000000001 0 0 -1 0 
1 58.182155999999999 16.046976000000001 0 1 0 0 
1 57.850380000000001 20.791708 0 -0.51232282157906683 0.85879294739143253 0 
1 56.693095999999997 22.731632000000001 0 -1 0 0 
1 55.807758 22.731632000000001 0 0.72509991411927699 -0.68864367748801503 0 
1 55.807758 22.731632000000001 0 -1 0 0 
1 55.312725 22.731632000000001 0 0.79445385574723404 -0.60732451876105997 0 
1 57.850380000000001 20.791708 0 -0.72509991411927699 0.68864367748801503 0 
1 56.693095999999997 22.731632000000001 0 0 1 0 
1 56.693095999999997 23.009523000000002 0 -1 0 0 
1 55.807758 23.009523000000002 0 0 -1 0 
1 55.807758 22.731632000000001 0 1 0 0 
1 56.364815 13.145485000000001 0 0 -1 0 
1 56.364815 11.623665000000001 0 0.98855702856521066 -0.15084760944185116 0 
1 61.232196999999999 10.880933000000001 0 0 1 0 
1 61.232196999999999 13.145485000000001 0 -1 0 0 
1 61.805793999999999 13.691566 0 -0.75159961875338033 0.65961959726024921 0 
1 59.926108999999997 15.341217 0 -1 0 0 
1 59.126441999999997 15.341217 0 0.85154211409143177 -0.52428620802830095 0 
1 59.126441999999997 15.341217 0 1 0 0 
1 59.926108999999997 15.341217 0 -0.74975855626277199 0.66171149854809364 0 
1 59.126441999999997 16.046976000000001 0 0 -1 0 
1 61.805793999999999 13.691566 0 0 1 0 
1 61.805793999999999 15.341217 0 -1 0 0 
1 59.926108999999997 15.341217 0 0.75159961875338033 -0.65961959726024921 0 
1 61.805793999999999 13.691566 0 -0.85154211409143177 0.52428620802830095 0 
1 59.126441999999997 15.341217 0 -0.91145513147489143 -0.41139949356809918 0 
1 55.471642000000003 13.691566 0 1 0 0 
1 52.568210999999998 22.760344 0 0.93703747210916033 -0.3492288302292274 0 
1 57.850380000000001 20.791708 0 -0.79445385574723404 0.60732451876105997 0 
1 55.312725 22.731632000000001 0 -0.99994528198334742 0.010461024770252432 0 
1 56.693095999999997 22.731632000000001 0 0.51232282157906683 -0.85879294739143253 0 
1 57.850380000000001 20.791708 0 0.26178437088452655 0.96512638714346266 0 
1 58.376572000000003 22.731632000000001 0 -1 0 0 
1 57.850380000000001 20.791708 0 1 0 0 
1 60.172817000000002 20.791708 0 -0.67941191585274541 0.73375707737459139 0 
1 58.376572000000003 22.731632000000001 0 -0.26178437088452655 -0.96512638714346266 0 
1 59.926108999999997 15.341217 0 0 1 0 
1 59.926108999999997 20.426075000000001 0 -0.17963933862981182 -0.98373253886239009 0 
1 59.126441999999997 16.046976000000001 0 0.74975855626277199 -0.66171149854809364 0 
1 60.172817000000002 18.002689 0 1 0 0 
1 61.176654999999997 18.002689 0 -0.3386570961203576 0.94090986350836336 0 
1 60.172817000000002 20.791708 0 0 -1 0 
1 60.172817000000002 20.791708 0 0.3386570961203576 -0.94090986350836336 0 
1 61.176654999999997 18.002689 0 0 1 0 
1 61.176654999999997 25.978189 0 -0.19002244806231364 -0.98177974578436145 0 
1 59.926108999999997 20.426075000000001 0 -1 0 0 
1 58.182155999999999 20.426075000000001 0 0.21078976157897028 -0.97753141965538937 0 
1 59.126441999999997 16.046976000000001 0 0.17963933862981182 0.98373253886239009 0 
1 61.176654999999997 25.978189 0 -0.65311716278589838 -0.75725687297937316 0 
1 58.376572000000003 22.731632000000001 0 0.67941191585274541 -0.73375707737459139 0 
1 60.172817000000002 20.791708 0 0.19002244806231364 0.98177974578436145 0 
1 55.73798 23.009523000000002 0 1 0 0 
1 55.807758 23.009523000000002 0 -0.042635530875643812 0.99909069233325964 0 
1 55.73798 24.644651 0 0 -1 0 
1 55.807758 23.009523000000002 0 1 0 0 
1 56.693095999999997 23.009523000000002 0 0.084070854896532543 0.99645977909646022 0 
1 56.831051000000002 24.644651 0 -1 0 0 
1 55.73798 24.644651 0 0.042635530875643812 -0.99909069233325964 0 
1 56.693095999999997 23.009523000000002 0 0.91230849403504966 0.40950361623739029 0 
1 58.078251000000002 23.631271000000002 0 -0.77610486353261809 0.63060386995404361 0 
1 56.831051000000002 24.644651 0 -0.084070854896532543 -0.99645977909646022 0 
1 56.831051000000002 24.644651 0 0.77610486353261809 -0.63060386995404361 0 
1 58.078251000000002 23.631271000000002 0 -0.42226125143680188 0.90647417808508257 0 
1 57.606189999999998 24.644651 0 -1 0 0 
1 57.606189999999998 24.644651 0 0 1 0 
1 57.606189999999998 24.847549000000001 0 -1 0 0 
1 56.831051000000002 24.847549000000001 0 0 -1 0 
1 56.831051000000002 24.644651 0 1 0 0 
1 55.73798 24.847549000000001 0 1 0 0 
1 56.831051000000002 24.847549000000001 0 0 1 0 
1 56.831051000000002 27.306286 0 -1 0 0 
1 55.73798 27.306286 0 0 -1 0 
1 57.606189999999998 27.306286 0 0 -1 0 
1 57.606189999999998 24.847549000000001 0 1 0 0 
1 58.096164999999999 24.847549000000001 0 0 1 0 
1 58.096164999999999 27.306286 0 -1 0 0 
1 56.831051000000002 27.306286 0 1 0 0 
1 57.606189999999998 27.306286 0 0 1 0 
1 57.606189999999998 27.446154 0 -1 0 0 
1 56.831051000000002 27.446154 0 0 -1 0 
1 56.831051000000002 27.446154 0 0 1 0 
1 56.831051000000002 28.81148 0 -1 0 0 
1 55.73798 28.81148 0 0 -1 0 
1 55.73798 27.446154 0 1 0 0 
1 56.693095999999997 23.009523000000002 0 1 0 0 
1 58.078251000000002 23.009523000000002 0 0 1 0 
1 58.078251000000002 23.631271000000002 0 -0.91230849403504966 -0.40950361623739029 0 
1 51.747973999999999 24.971260000000001 0 0.84675132497240113 -0.53198890369770224 0 
1 55.312725 22.731632000000001 0 -0.60011702878283479 0.79991221503666388 0 
1 51.747973999999999 27.483184999999999 0 0 -1 0 
1 57.606189999999998 24.644651 0 0.42226125143680188 -0.90647417808508257 0 
1 58.078251000000002 23.631271000000002 0 0 1 0 
1 58.078251000000002 24.572628000000002 0 -0.98856032327534238 0.1508260164751111 0 
1 58.078251000000002 24.572628000000002 0 0 -1 0 
1 58.078251000000002 23.631271000000002 0 1 0 0 
1 58.376572000000003 23.631271000000002 0 0 1 0 
1 58.376572000000003 24.572628000000002 0 -1 0 0 
1 57.606189999999998 24.644651 0 0.98856032327534238 -0.1508260164751111 0 
1 58.078251000000002 24.572628000000002 0 0 1 0 
1 58.078251000000002 24.644651 0 -1 0 0 
1 61.176654999999997 25.978189 0 -1 0 0 
1 60.904139999999998 25.978189 0 -0.87395807479770016 -0.48600132046723632 0 
1 58.376572000000003 24.572628000000002 0 0.89372140219420282 0.44862239718947172 0 
1 60.904139999999998 25.978189 0 -0.99839126720866522 0.056699890312729685 0 
1 60.153866000000001 26.020797999999999 0 -0.77523402036539812 -0.63167413566498176 0 
1 58.376572000000003 24.572628000000002 0 0.87395807479770016 0.48600132046723632 0 
1 60.153866000000001 26.020797999999999 0 -1 0 0 
1 59.386536 26.020797999999999 0 -0.57203409363727442 -0.82022984322480119 0 
1 58.376572000000003 24.572628000000002 0 0.77523402036539812 0.63167413566498176 0 
1 61.176654999999997 25.978189 0 -0.89372140219420282 -0.44862239718947172 0 
1 58.376572000000003 24.572628000000002 0 0 -1 0 
1 58.376572000000003 23.631271000000002 0 0.76639886419602554 0.64236499045250128 0 
1 58.376572000000003 24.572628000000002 0 0.57203409363727442 0.82022984322480119 0 
1 59.386536 26.020797999999999 0 0 1 0 
1 59.386536 29.942561999999999 0 -0.18483682244171634 -0.98276922472656292 0 
1 57.606189999999998 27.306286 0 -1 0 0 
1 56.831051000000002 27.306286 0 0 -1 0 
1 56.831051000000002 24.847549000000001 0 1 0 0 
1 57.606189999999998 24.847549000000001 0 0 1 0 
1 60.153866000000001 26.872986000000001 0 0 -1 0 
1 60.153866000000001 26.020797999999999 0 0.99839126720866522 -0.056699890312729685 0 
1 60.904139999999998 25.978189 0 0 1 0 
1 60.904139999999998 26.872986000000001 0 -1 0 0 
1 59.642315000000004 26.872986000000001 0 1 0 0 
1 60.153866000000001 26.872986000000001 0 -0.22661399534745724 0.97398464932085183 0 
1 59.642315000000004 29.071626999999999 0 0 -1 0 
1 60.153866000000001 26.872986000000001 0 1 0 0 
1 60.904139999999998 26.872986000000001 0 -0.49776135758561002 0.86731403245567895 0 
1 59.642315000000004 29.071626999999999 0 0.22661399534745724 -0.97398464932085183 0 
1 61.500950000000003 26.872986000000001 0 0 1 0 
1 61.500950000000003 29.071626999999999 0 -0.26196535512007135 -0.9650772781061705 0 
1 60.904139999999998 26.872986000000001 0 1 0 0 
1 58.376572000000003 23.631271000000002 0 0 -1 0 
1 58.376572000000003 22.731632000000001 0 0.65311716278589838 0.75725687297937316 0 
1 61.176654999999997 25.978189 0 -0.76639886419602554 -0.64236499045250128 0 
1 52.568210999999998 22.760344 0 0.99994528198334742 -0.010461024770252432 0 
1 55.312725 22.731632000000001 0 -0.84675132497240113 0.53198890369770224 0 
1 51.747973999999999 24.971260000000001 0 0.34782862334037778 -0.93755813088316686 0 
1 43.370953 33.335785000000001 0 -0.66207668667105479 -0.74943609531879207 0 
1 42.432746999999999 32.273784999999997 0 1 0 0 
1 43.370953 32.273784999999997 0 0 1 0 
1 44.805636999999997 32.046740999999997 0 -0.28953536733510382 -0.95716731612718908 0 
1 43.520896999999998 27.799553 0 0.42154199233056944 0.90680888212565169 0 
1 45.495258 32.046740999999997 0 -1 0 0 
1 45.495258 33.511192000000001 0 -0.4260335157171809 -0.90470738003271467 0 
1 44.805636999999997 32.046740999999997 0 1 0 0 
1 45.495258 32.046740999999997 0 0 1 0 
1 45.495258 32.046740999999997 0 -0.42154199233056944 -0.90680888212565169 0 
1 43.520896999999998 27.799553 0 0.98757851805679975 -0.15712628892943123 0 
1 45.509349999999998 27.483184999999999 0 -0.003087928101268908 0.9999952323386555 0 
1 43.475200999999998 33.335785000000001 0 0 -1 0 
1 43.475200999999998 32.273784999999997 0 1 0 0 
1 44.421424999999999 32.273784999999997 0 -0.66523682727869293 0.74663241533714475 0 
1 43.370953 33.335785000000001 0 -0.97109924543705584 0.23867604720956151 0 
1 42.657276000000003 33.511192000000001 0 0 -1 0 
1 42.657276000000003 33.443989000000002 0 0.98870090597711435 -0.14990169618797966 0 
1 42.657276000000003 33.443989000000002 0 -0.18843444055748684 -0.98208577100566263 0 
1 42.432746999999999 32.273784999999997 0 0.66207668667105479 0.74943609531879207 0 
1 43.370953 33.335785000000001 0 -0.98870090597711435 0.14990169618797966 0 
1 43.370953 33.335785000000001 0 1 0 0 
1 43.475200999999998 33.335785000000001 0 -0.97776876043918692 0.20968607752832755 0 
1 42.657276000000003 33.511192000000001 0 0.97109924543705584 -0.23867604720956151 0 
1 46.637946999999997 33.335785000000001 0 -0.66207787571975574 -0.74943504487207924 0 
1 45.699738000000004 32.273784999999997 0 1 0 0 
1 46.637946999999997 32.273784999999997 0 0 1 0 
1 43.475200999999998 33.335785000000001 0 0.66523682727869293 -0.74663241533714475 0 
1 44.421424999999999 32.273784999999997 0 -0.25509490807567831 0.96691601903881041 0 
1 44.112698000000002 33.443989000000002 0 -0.98589937750092038 -0.16733922864438525 0 
1 46.637946999999997 33.335785000000001 0 -0.98870099936593758 0.14990108022558157 0 
1 45.924267 33.443989000000002 0 -0.1884344405574811 -0.98208577100566374 0 
1 45.699738000000004 32.273784999999997 0 0.66207787571975574 0.74943504487207924 0 
1 45.509349999999998 27.483184999999999 0 1 0 0 
1 47.304428000000001 27.483184999999999 0 0.16599819026980736 0.98612605727013869 0 
1 48.072628000000002 32.046740999999997 0 -1 0 0 
1 45.495258 32.046740999999997 0 0.003087928101268908 -0.9999952323386555 0 
1 42.228268 32.046740999999997 0 0.29116296922297097 -0.95667346851120683 0 
1 43.520896999999998 27.799553 0 0.28953536733510382 0.95716731612718908 0 
1 44.805636999999997 32.046740999999997 0 -1 0 0 
1 48.072628000000002 32.046740999999997 0 -0.16599819026980736 -0.98612605727013869 0 
1 47.304428000000001 27.483184999999999 0 1 0 0 
1 47.987144000000001 27.483184999999999 0 0.018728598155596569 0.99982460442375909 0 
1 48.762248999999997 32.046740999999997 0 -1 0 0 
1 48.072628000000002 32.046740999999997 0 -0.018728598155596569 -0.99982460442375909 0 
1 47.987144000000001 27.483184999999999 0 0.16744861703478464 0.98588080448558191 0 
1 51.339618999999999 32.046740999999997 0 -1 0 0 
1 48.762248999999997 32.046740999999997 0 -0.16744861703478464 -0.98588080448558191 0 
1 47.987144000000001 27.483184999999999 0 1 0 0 
1 51.747973999999999 27.483184999999999 0 -0.089125652564378682 0.99602039038112755 0 
1 52.083480999999999 32.046740999999997 0 0 1 0 
1 52.083480999999999 33.511192000000001 0 -0.45287217067765956 -0.89157545784173808 0 
1 51.339618999999999 32.046740999999997 0 1 0 0 
1 52.083480999999999 32.046740999999997 0 -1 0 0 
1 51.339618999999999 32.046740999999997 0 0.089125652564378682 -0.99602039038112755 0 
1 51.747973999999999 27.483184999999999 0 0.073320881777671418 0.99730840179722979 0 
1 47.688415999999997 32.273784999999997 0 -0.25509568058645965 0.96691581523219017 0 
1 47.379688000000002 33.443989000000002 0 -0.98589937750092038 -0.16733922864438525 0 
1 46.742190999999998 33.335785000000001 0 0.66523721919713552 -0.74663206614427047 0 
1 48.072628000000002 32.046740999999997 0 1 0 0 
1 48.762248999999997 32.046740999999997 0 0 1 0 
1 48.762248999999997 33.511192000000001 0 -0.42603351571717724 -0.90470738003271622 0 
1 49.904938000000001 32.273784999999997 0 0 1 0 
1 49.904938000000001 33.335785000000001 0 -0.66207668667105479 -0.74943609531879207 0 
1 48.966732 32.273784999999997 0 1 0 0 
1 47.688415999999997 32.273784999999997 0 -0.66523721919713552 0.74663206614427047 0 
1 46.742190999999998 33.335785000000001 0 0 -1 0 
1 46.742190999999998 32.273784999999997 0 1 0 0 
1 50.009182000000003 33.335785000000001 0 0 -1 0 
1 50.009182000000003 32.273784999999997 0 1 0 0 
1 50.955406000000004 32.273784999999997 0 -0.66523682727869293 0.74663241533714475 0 
1 49.191257 33.443989000000002 0 -0.18843120277938138 -0.98208639223803296 0 
1 48.966732 32.273784999999997 0 0.66207668667105479 0.74943609531879207 0 
1 49.904938000000001 33.335785000000001 0 -0.98870103049528968 0.14990087490589321 0 
1 50.646678999999999 33.443989000000002 0 -0.98589937750092005 -0.16733922864438705 0 
1 50.009182000000003 33.335785000000001 0 0.66523682727869293 -0.74663241533714475 0 
1 50.955406000000004 32.273784999999997 0 -0.2550949080756838 0.96691601903880897 0 
1 46.742190999999998 33.335785000000001 0 -0.97776870787830705 0.20968632262020739 0 
1 45.924267 33.511192000000001 0 0.97109947797737362 -0.23867510107271869 0 
1 46.637946999999997 33.335785000000001 0 1 0 0 
1 50.009182000000003 33.335785000000001 0 -0.97776876043918726 0.2096860775283258 0 
1 49.191257 33.511192000000001 0 0.97109955549019855 -0.23867478569538614 0 
1 49.904938000000001 33.335785000000001 0 1 0 0 
1 42.657276000000003 33.511192000000001 0 0.99893567153740959 -0.046125092196165673 0 
1 44.112698000000002 33.443989000000002 0 -0.29082311615363515 0.95677683662946666 0 
1 43.271872999999999 36.210213000000003 0 -0.22202750776344585 -0.97504040213539511 0 
1 43.475200999999998 33.335785000000001 0 0.98589937750092038 0.16733922864438525 0 
1 44.112698000000002 33.443989000000002 0 -0.99893567153740959 0.046125092196165673 0 
1 42.657276000000003 33.511192000000001 0 0.97776876043918692 -0.20968607752832755 0 
1 44.421424999999999 32.273784999999997 0 0 1 0 
1 44.421424999999999 33.443989000000002 0 -1 0 0 
1 44.112698000000002 33.443989000000002 0 0.25509490807567831 -0.96691601903881041 0 
1 45.699738000000004 32.273784999999997 0 0.1884344405574811 0.98208577100566374 0 
1 45.924267 33.443989000000002 0 -1 0 0 
1 45.699738000000004 33.443989000000002 0 0 -1 0 
1 45.924267 33.511192000000001 0 0 -1 0 
1 45.924267 33.443989000000002 0 0.98870099936593758 -0.14990108022558157 0 
1 46.637946999999997 33.335785000000001 0 -0.97109947797737362 0.23867510107271869 0 
1 45.924267 33.511192000000001 0 0.97776870787830705 -0.20968632262020739 0 
1 46.742190999999998 33.335785000000001 0 0.98589937750092038 0.16733922864438525 0 
1 47.379688000000002 33.443989000000002 0 -0.99893567007717188 0.046125123820664513 0 
1 44.805636999999997 36.210213000000003 0 0 -1 0 
1 44.805636999999997 32.046740999999997 0 0.4260335157171809 0.90470738003271467 0 
1 45.495258 33.511192000000001 0 -0.24755486235250682 0.96887387730582941 0 
1 43.271872999999999 36.405811 0 0 -1 0 
1 43.271872999999999 36.210213000000003 0 0.97399338034488414 0.22657646621912411 0 
1 44.112698000000002 36.405811 0 -1 0 0 
1 44.112698000000002 36.405811 0 -0.97399338034488414 -0.22657646621912411 0 
1 43.271872999999999 36.210213000000003 0 0.29082311615363515 -0.95677683662946666 0 
1 44.112698000000002 33.443989000000002 0 0 1 0 
1 44.112698000000002 36.405811 0 1 0 0 
1 46.458255999999999 36.405811 0 -0.98365743229805525 0.18005014824986135 0 
1 36.774666000000003 38.178310000000003 0 0.9720444312326606 -0.23479698402997742 0 
1 46.458255999999999 36.210213000000003 0 -1 0 0 
1 44.805636999999997 36.210213000000003 0 0.24755486235250682 -0.96887387730582941 0 
1 45.495258 33.511192000000001 0 1 0 0 
1 45.924267 33.511192000000001 0 0.19408341573408475 0.98098502931338893 0 
1 46.458255999999999 36.210213000000003 0 0.97820335745771636 0.20764920288421793 0 
1 47.379688000000002 36.405811 0 -1 0 0 
1 46.458255999999999 36.405811 0 0 -1 0 
1 46.458255999999999 36.210213000000003 0 -0.19408341573408475 -0.98098502931338893 0 
1 45.924267 33.511192000000001 0 0.99893567007717188 -0.046125123820664513 0 
1 47.379688000000002 33.443989000000002 0 -0.31602938158386906 0.94874940314907041 0 
1 46.458255999999999 36.405811 0 1 0 0 
1 47.379688000000002 36.405811 0 -0.98631848129975819 0.1648510037777709 0 
1 36.774666000000003 38.178310000000003 0 0.98365743229805525 -0.18005014824986135 0 
1 42.657276000000003 33.511192000000001 0 0.22202750776344585 0.97504040213539511 0 
1 43.271872999999999 36.210213000000003 0 -1 0 0 
1 41.619255000000003 36.210213000000003 0 0.35895979933913075 -0.9333530213474488 0 
1 48.072628000000002 32.046740999999997 0 0.42603351571717724 0.90470738003271622 0 
1 48.762248999999997 33.511192000000001 0 -0.24755486235250443 0.96887387730583008 0 
1 48.072628000000002 36.210213000000003 0 0 -1 0 
1 50.646678999999999 33.443989000000002 0 -0.99893567153740959 0.046125092196165673 0 
1 49.191257 33.511192000000001 0 0.97776876043918726 -0.2096860775283258 0 
1 50.009182000000003 33.335785000000001 0 0.98589937750092005 0.16733922864438705 0 
1 51.339618999999999 32.046740999999997 0 0.45287217067765956 0.89157545784173808 0 
1 52.083480999999999 33.511192000000001 0 -0.26569812903893281 0.96405627648245229 0 
1 51.339618999999999 36.210213000000003 0 0 -1 0 
1 50.955406000000004 33.443989000000002 0 -1 0 0 
1 50.646678999999999 33.443989000000002 0 0.2550949080756838 -0.96691601903880897 0 
1 50.955406000000004 32.273784999999997 0 0 1 0 
1 49.191257 33.511192000000001 0 0 -1 0 
1 49.191257 33.443989000000002 0 0.98870103049528968 -0.14990087490589321 0 
1 49.904938000000001 33.335785000000001 0 -0.97109955549019855 0.23867478569538614 0 
1 49.191257 33.443989000000002 0 -1 0 0 
1 48.966732 33.443989000000002 0 0 -1 0 
1 48.966732 32.273784999999997 0 0.18843120277938138 0.98208639223803296 0 
1 49.725245999999999 36.210213000000003 0 -1 0 0 
1 48.072628000000002 36.210213000000003 0 0.24755486235250443 -0.96887387730583008 0 
1 48.762248999999997 33.511192000000001 0 1 0 0 
1 49.191257 33.511192000000001 0 0.19408341573408475 0.98098502931338893 0 
1 47.379688000000002 36.405811 0 -0.97820335745771636 -0.20764920288421793 0 
1 46.458255999999999 36.210213000000003 0 0.31602938158386906 -0.94874940314907041 0 
1 47.379688000000002 33.443989000000002 0 0 1 0 
1 49.191257 33.511192000000001 0 0.99893567153740959 -0.046125092196165673 0 
1 50.646678999999999 33.443989000000002 0 -0.31602969030555011 0.94874930031351168 0 
1 49.725245999999999 36.210213000000003 0 -0.19408341573408475 -0.98098502931338893 0 
1 52.083480999999999 33.511192000000001 0 1 0 0 
1 52.512489000000002 33.511192000000001 0 0.17500576870612283 0.98456740801205622 0 
1 52.992237000000003 36.210213000000003 0 -0.31909653579936365 -0.94772221712949478 0 
1 50.646678999999999 36.405811 0 -0.9782034032324386 -0.20764898724644693 0 
1 49.725245999999999 36.210213000000003 0 0.31602969030555011 -0.94874930031351168 0 
1 50.646678999999999 33.443989000000002 0 0 1 0 
1 54.846187999999998 37.021675000000002 0 -0.99284582027304935 -0.11940342192054573 0 
1 49.725245999999999 36.405811 0 1 0 0 
1 50.646678999999999 36.405811 0 0.9894170786791705 0.14509942941988474 0 
1 50.646678999999999 36.405811 0 -1 0 0 
1 49.725245999999999 36.405811 0 0 -1 0 
1 49.725245999999999 36.210213000000003 0 0.9782034032324386 0.20764898724644693 0 
1 54.846187999999998 37.021675000000002 0 -0.99661548592094462 -0.08220445987024963 0 
1 47.379688000000002 36.405811 0 1 0 0 
1 49.725245999999999 36.405811 0 0.99284582027304935 0.11940342192054573 0 
1 47.688415999999997 33.443989000000002 0 -1 0 0 
1 47.379688000000002 33.443989000000002 0 0.25509568058645965 -0.96691581523219017 0 
1 47.688415999999997 32.273784999999997 0 0 1 0 
1 36.774666000000003 38.178310000000003 0 0.98631848129975819 -0.1648510037777709 0 
1 47.379688000000002 36.405811 0 0.99661548592094462 0.08220445987024963 0 
1 54.846187999999998 37.021675000000002 0 -0.99795806733848547 0.063872496694857853 0 
1 51.747973999999999 27.483184999999999 0 0.60011702878283479 -0.79991221503666388 0 
1 55.312725 22.731632000000001 0 -0.10930747947032184 0.99400798534611634 0 
1 54.288376 32.046740999999997 0 -0.48638790288301753 -0.87374298734185019 0 
1 53.033070000000002 33.335785000000001 0 -0.57434457764632219 -0.8186136488773369 0 
1 52.287964000000002 32.273784999999997 0 1 0 0 
1 53.033070000000002 32.273784999999997 0 0 1 0 
1 54.288376 32.046740999999997 0 0.75395105553131825 0.65693059440340518 0 
1 55.312725 32.939273999999997 0 -0.30393750786544854 0.95269197084500523 0 
1 54.846187999999998 34.401634000000001 0 -0.23049540951372577 -0.97307341254044133 0 
1 54.288376 32.046740999999997 0 0.10930747947032184 -0.99400798534611634 0 
1 55.312725 22.731632000000001 0 0 1 0 
1 55.312725 32.939273999999997 0 -0.75395105553131825 -0.65693059440340518 0 
1 53.137314000000003 33.335785000000001 0 0 -1 0 
1 53.137314000000003 32.273784999999997 0 1 0 0 
1 54.103973000000003 32.273784999999997 0 -0.67313187343261582 0.73952246819761802 0 
1 52.512489000000002 33.511192000000001 0 0 -1 0 
1 52.512489000000002 33.443989000000002 0 0.97907433676329481 -0.20350293140766984 0 
1 53.033070000000002 33.335785000000001 0 -0.9476516076506849 0.31930617049639454 0 
1 53.033070000000002 33.335785000000001 0 -0.97907433676329481 0.20350293140766984 0 
1 52.512489000000002 33.443989000000002 0 -1 0 0 
1 52.287964000000002 33.443989000000002 0 0.98961953065387875 -0.1437121586658448 0 
1 53.137314000000003 33.335785000000001 0 -0.96278136255856051 0.27028142353828505 0 
1 52.512489000000002 33.511192000000001 0 0.9476516076506849 -0.31930617049639454 0 
1 53.033070000000002 33.335785000000001 0 1 0 0 
1 54.103973000000003 32.273784999999997 0 0 1 0 
1 54.103973000000003 33.443989000000002 0 -1 0 0 
1 53.733494 33.443989000000002 0 0.30182832175324431 -0.95336229429719943 0 
1 54.103973000000003 32.273784999999997 0 -0.30182832175324431 0.95336229429719943 0 
1 53.733494 33.443989000000002 0 -0.9839257374941871 -0.17857811483079308 0 
1 53.137314000000003 33.335785000000001 0 0.67313187343261582 -0.73952246819761802 0 
1 54.288376 32.046740999999997 0 0.23049540951372577 0.97307341254044133 0 
1 54.846187999999998 34.401634000000001 0 -0.26813299790950168 0.96338190528578183 0 
1 54.288376 36.405811 0 0 -1 0 
1 52.512489000000002 33.511192000000001 0 0.96278136255856051 -0.27028142353828505 0 
1 53.137314000000003 33.335785000000001 0 0.9839257374941871 0.17857811483079308 0 
1 53.733494 33.443989000000002 0 -0.99848878205530034 0.054955910598614821 0 
1 51.747973999999999 27.483184999999999 0 0.48638790288301753 0.87374298734185019 0 
1 54.288376 32.046740999999997 0 -1 0 0 
1 52.083480999999999 32.046740999999997 0 -0.073320881777671418 -0.99730840179722979 0 
1 53.733494 33.443989000000002 0 -0.25883517610419782 0.96592150385583042 0 
1 52.992237000000003 36.210213000000003 0 -0.17500576870612283 -0.98456740801205622 0 
1 52.512489000000002 33.511192000000001 0 0.99848878205530034 -0.054955910598614821 0 
1 57.606189999999998 27.446154 0 0 1 0 
1 57.606189999999998 28.81148 0 -1 0 0 
1 56.831051000000002 28.81148 0 0 -1 0 
1 56.831051000000002 27.446154 0 1 0 0 
1 57.606189999999998 28.81148 0 0 -1 0 
1 57.606189999999998 27.446154 0 1 0 0 
1 58.096164999999999 27.446154 0 0 1 0 
1 58.096164999999999 28.81148 0 -1 0 0 
1 57.606189999999998 28.81148 0 0 1 0 
1 57.606189999999998 29.229213999999999 0 -1 0 0 
1 56.831051000000002 29.229213999999999 0 0 -1 0 
1 56.831051000000002 28.81148 0 1 0 0 
1 59.386536 29.942561999999999 0 -0.31937370775039414 0.94762884865213226 0 
1 58.376572000000003 32.939273999999997 0 0 -1 0 
1 58.376572000000003 24.572628000000002 0 0.18483682244171634 0.98276922472656292 0 
1 59.642315000000004 29.071626999999999 0 0.49776135758561002 -0.86731403245567895 0 
1 60.904139999999998 26.872986000000001 0 0.26196535512007135 0.9650772781061705 0 
1 61.500950000000003 29.071626999999999 0 -1 0 0 
1 58.000767000000003 31.399322999999999 0 -1 0 0 
1 55.790202999999998 31.399322999999999 0 0.43245944116012175 -0.90165338781123383 0 
1 56.831051000000002 29.229213999999999 0 1 0 0 
1 57.606189999999998 29.229213999999999 0 0.17889058488860121 0.98386897432443432 0 
1 57.606189999999998 29.229213999999999 0 1 0 0 
1 58.000767000000003 29.229213999999999 0 0 1 0 
1 58.000767000000003 31.399322999999999 0 -0.17889058488860121 -0.98386897432443432 0 
1 56.831051000000002 29.229213999999999 0 -0.43245944116012175 0.90165338781123383 0 
1 55.790202999999998 31.399322999999999 0 0 -1 0 
1 55.790202999999998 29.229213999999999 0 1 0 0 
1 59.386536 29.942561999999999 0 1 0 0 
1 61.168464999999998 29.942561999999999 0 -0.68166055097333034 0.73166856789583046 0 
1 58.376572000000003 32.939273999999997 0 0.31937370775039414 -0.94762884865213226 0 
1 58.376572000000003 32.939273999999997 0 0.68166055097333034 -0.73166856789583046 0 
1 61.168464999999998 29.942561999999999 0 -0.22112019171494149 0.97524656411388999 0 
1 60.157448000000002 34.401634000000001 0 -0.77283318537296919 -0.63460922431545985 0 
1 58.376572000000003 32.939273999999997 0 -0.92387702820286144 0.382689478244502 0 
1 54.846187999999998 34.401634000000001 0 0.30393750786544854 -0.95269197084500523 0 
1 55.312725 32.939273999999997 0 1 0 0 
1 52.992237000000003 36.405811 0 0 -1 0 
1 52.992237000000003 36.210213000000003 0 0.96690405458954776 0.25514025401393031 0 
1 53.733494 36.405811 0 -1 0 0 
1 53.733494 36.405811 0 -0.96690405458954776 -0.25514025401393031 0 
1 52.992237000000003 36.210213000000003 0 0.25883517610419782 -0.96592150385583042 0 
1 53.733494 33.443989000000002 0 0 1 0 
1 54.846187999999998 37.021675000000002 0 -0.94900830265161018 -0.31525107691855647 0 
1 52.992237000000003 36.405811 0 1 0 0 
1 53.733494 36.405811 0 0.87492372791039297 0.48426074623014875 0 
1 55.154536999999998 34.680762999999999 0 1 0 0 
1 59.307845999999998 34.680762999999999 0 -0.7112929667295762 0.70289566471919429 0 
1 57.387585000000001 36.578353999999997 0 -1 0 0 
1 55.154536999999998 36.578353999999997 0 0 -1 0 
1 58.376572000000003 32.939273999999997 0 0.77283318537296919 0.63460922431545985 0 
1 60.157448000000002 34.401634000000001 0 -1 0 0 
1 54.846187999999998 34.401634000000001 0 0.92387702820286144 -0.382689478244502 0 
1 52.992237000000003 36.210213000000003 0 -1 0 0 
1 51.339618999999999 36.210213000000003 0 0.26569812903893281 -0.96405627648245229 0 
1 52.083480999999999 33.511192000000001 0 0.31909653579936365 0.94772221712949478 0 
1 54.846187999999998 37.021675000000002 0 -0.87492372791039297 -0.48426074623014875 0 
1 53.733494 36.405811 0 1 0 0 
1 54.288376 36.405811 0 0.67131141758498947 0.74117540475924593 0 
1 54.846187999999998 34.401634000000001 0 0 1 0 
1 54.846187999999998 37.021675000000002 0 -0.67131141758498947 -0.74117540475924593 0 
1 54.288376 36.405811 0 0.26813299790950168 -0.96338190528578183 0 
1 59.307845999999998 34.680762999999999 0 0 1 0 
1 59.307845999999998 36.578353999999997 0 -1 0 0 
1 58.376572000000003 36.578353999999997 0 0.4405700035626734 -0.89771825867628752 0 
1 63.955337999999998 38.178310000000003 0 -0.98484458159502697 -0.17343918272096501 0 
1 57.387585000000001 37.021675000000002 0 1 0 0 
1 58.376572000000003 37.021675000000002 0 0.97917649627389391 0.20301081041358571 0 
1 58.376572000000003 36.578353999999997 0 0 1 0 
1 58.376572000000003 37.021675000000002 0 -1 0 0 
1 57.387585000000001 37.021675000000002 0 0 -1 0 
1 57.387585000000001 36.578353999999997 0 1 0 0 
1 58.376572000000003 36.578353999999997 0 -1 0 0 
1 57.387585000000001 36.578353999999997 0 0.7112929667295762 -0.70289566471919429 0 
1 59.307845999999998 34.680762999999999 0 -0.4405700035626734 0.89771825867628752 0 
1 63.955337999999998 38.178310000000003 0 -0.99203485144845027 -0.12596369918214978 0 
1 54.846187999999998 37.021675000000002 0 1 0 0 
1 57.387585000000001 37.021675000000002 0 0.98484458159502697 0.17343918272096501 0 
1 50.646678999999999 36.405811 0 1 0 0 
1 52.992237000000003 36.405811 0 0.94900830265161018 0.31525107691855647 0 
1 54.846187999999998 37.021675000000002 0 -0.9894170786791705 -0.14509942941988474 0 
1 61.168464999999998 35.005839999999999 0 1 0 0 
1 72.615966999999998 35.005839999999999 0 0 1 0 
1 72.615966999999998 36.118656000000001 0 -1 0 0 
1 63.955337999999998 36.118656000000001 0 -0.92869866973645587 -0.3708352475557537 0 
1 61.168464999999998 29.942561999999999 0 0 1 0 
1 61.168464999999998 35.005839999999999 0 -0.85839216708906196 -0.5129940423437136 0 
1 60.157448000000002 34.401634000000001 0 0.22112019171494149 -0.97524656411388999 0 
1 63.955337999999998 36.118656000000001 0 -0.97287777007597798 0.23131978837097469 0 
1 60.157448000000002 37.021675000000002 0 0.44831278051432666 -0.8938767537124529 0 
1 61.168464999999998 35.005839999999999 0 0.92869866973645587 0.3708352475557537 0 
1 64.176674000000006 37.015433999999999 0 0 -1 0 
1 64.176674000000006 36.357922000000002 0 1 0 0 
1 67.286368999999993 36.357922000000002 0 -0.97836932549191491 0.20686580900790577 0 
1 63.955337999999998 37.716419000000002 0 -0.98367703882617408 -0.17994300010328165 0 
1 60.157448000000002 37.021675000000002 0 0.99999864981671838 -0.001643278655650631 0 
1 63.955337999999998 37.015433999999999 0 0 1 0 
1 63.955337999999998 36.118656000000001 0 0 1 0 
1 63.955337999999998 37.015433999999999 0 -0.99999864981671838 0.001643278655650631 0 
1 60.157448000000002 37.021675000000002 0 0.97287777007597798 -0.23131978837097469 0 
1 60.157448000000002 37.021675000000002 0 0.98367703882617408 0.17994300010328165 0 
1 63.955337999999998 37.716419000000002 0 0 1 0 
1 63.955337999999998 38.178310000000003 0 -0.95662086255084244 -0.29133576047660581 0 
1 64.176674000000006 37.716419000000002 0 -1 0 0 
1 63.955337999999998 37.716419000000002 0 0 -1 0 
1 63.955337999999998 37.015433999999999 0 1 0 0 
1 64.176674000000006 37.015433999999999 0 0 1 0 
1 58.376572000000003 37.021675000000002 0 1 0 0 
1 60.157448000000002 37.021675000000002 0 0.95662086255084244 0.29133576047660581 0 
1 63.955337999999998 38.178310000000003 0 -0.97917649627389391 -0.20301081041358571 0 
1 67.286368999999993 38.178310000000003 0 -0.98914826840494907 -0.14692073751343251 0 
1 64.176674000000006 37.716419000000002 0 0 -1 0 
1 64.176674000000006 37.015433999999999 0 0.93665156910872638 0.35026252737933705 0 
1 64.176674000000006 37.716419000000002 0 0.98914826840494907 0.14692073751343251 0 
1 67.286368999999993 38.178310000000003 0 -1 0 0 
1 64.176674000000006 38.178310000000003 0 0 -1 0 
1 67.286368999999993 38.178310000000003 0 -0.93665156910872638 -0.35026252737933705 0 
1 64.176674000000006 37.015433999999999 0 0.97836932549191491 -0.20686580900790577 0 
1 67.286368999999993 36.357922000000002 0 0 1 0 
1 61.168464999999998 35.005839999999999 0 -0.44831278051432666 0.8938767537124529 0 
1 60.157448000000002 37.021675000000002 0 0 -1 0 
1 60.157448000000002 34.401634000000001 0 0.85839216708906196 0.5129940423437136 0 
1 54.846187999999998 37.021675000000002 0 0.99203485144845027 0.12596369918214978 0 
1 63.955337999999998 38.178310000000003 0 -1 0 0 
1 36.774666000000003 38.178310000000003 0 0.99795806733848547 -0.063872496694857853 0 
1 52.287964000000002 33.443989000000002 0 0 -1 0 
1 52.287964000000002 32.273784999999997 0 0.57434457764632219 0.8186136488773369 0 
1 53.033070000000002 33.335785000000001 0 -0.98961953065387875 0.1437121586658448 0 
1 44.112698000000002 36.405811 0 -0.9720444312326606 0.23479698402997742 0 
1 36.774666000000003 38.178310000000003 0 0.96474371114368429 -0.26319113170605057 0 
1 43.271872999999999 36.405811 0 1 0 0 
Polygon3D 0
PolygonOnTriangulations 0
Surfaces 417
1 15.205188779997837 12.158458440793673 0 0 0 1 1 0 -0 -0 1 0 
1 17.72296950444634 13.107787995553659 0 0 0 1 1 0 -0 -0 1 0 
1 20.534021198060248 13.902360628984752 0 0 0 1 1 0 -0 -0 1 0 
1 20.541068601973638 13.457092687479683 0 0 0 1 1 0 -0 -0 1 0 
1 16.097274554759984 13.453114828220867 0 0 0 1 1 0 -0 -0 1 0 
1 14.863771170020476 19.562493615715059 0 0 0 1 1 0 -0 -0 1 0 
1 17.784820802131367 27.548238499569166 0 0 0 1 1 0 -0 -0 1 0 
1 27.004693818085972 17.879606052375436 0 0 0 1 1 0 -0 -0 1 0 
1 20.856972701883787 11.904819174552268 0 0 0 1 1 0 -0 -0 1 0 
1 23.951771078226827 12.030053032252663 0 0 0 1 1 0 -0 -0 1 0 
1 25.29224851927647 12.626404268740218 0 0 0 1 1 0 -0 -0 1 0 
1 26.024084516747987 12.115594403351203 0 0 0 1 1 0 -0 -0 1 0 
1 24.360977718173523 11.153838281826479 0 0 0 1 1 0 -0 -0 1 0 
1 19.115459867186424 28.30342239656197 0 0 0 1 1 0 -0 -0 1 0 
1 20.588304563340365 27.534796862756867 0 0 0 1 1 0 -0 -0 1 0 
1 23.131293993725333 27.344789993725332 0 0 0 1 1 0 -0 -0 1 0 
1 25.64580070301372 15.039627270211394 0 0 0 1 1 0 -0 -0 1 0 
1 23.601079264669199 28.393209290155106 0 0 0 1 1 0 -0 -0 1 0 
1 22.11038313567429 21.869683553505517 0 0 0 1 1 0 -0 -0 1 0 
1 21.9404845 28.405703500000001 0 0 0 1 1 0 -0 -0 1 0 
1 25.759711301020893 29.04970080102089 0 0 0 1 1 0 -0 -0 1 0 
1 20.575577981627561 28.396906137243143 0 0 0 1 1 0 -0 -0 1 0 
1 16.489067032991262 28.509034878247952 0 0 0 1 1 0 -0 -0 1 0 
1 15.357026709790262 28.275960295056461 0 0 0 1 1 0 -0 -0 1 0 
1 17.965813439641156 28.265221876628921 0 0 0 1 1 0 -0 -0 1 0 
1 19.284586737391077 28.470524737391081 0 0 0 1 1 0 -0 -0 1 0 
1 17.800774000000004 29.249856000000001 0 0 0 1 1 0 -0 -0 1 0 
1 20.5821735 29.249856000000001 0 0 0 1 1 0 -0 -0 1 0 
1 17.659718292531885 28.577621971865746 0 0 0 1 1 0 -0 -0 1 0 
1 19.202302999999997 31.227826000000007 0 0 0 1 1 0 -0 -0 1 0 
1 20.5821735 30.367940000000001 0 0 0 1 1 0 -0 -0 1 0 
1 17.993500929833182 30.175213070166823 0 0 0 1 1 0 -0 -0 1 0 
1 17.537826733964977 31.221702632479534 0 0 0 1 1 0 -0 -0 1 0 
1 14.804080626787087 29.601305394229275 0 0 0 1 1 0 -0 -0 1 0 
1 23.136888783880444 29.442933216119556 0 0 0 1 1 0 -0 -0 1 0 
1 23.136837173740844 30.559309103152504 0 0 0 1 1 0 -0 -0 1 0 
1 21.9404845 31.227826 0 0 0 1 1 0 -0 -0 1 0 
1 23.307902214477437 31.197835550723298 0 0 0 1 1 0 -0 -0 1 0 
1 23.522385669487772 30.173417330512226 0 0 0 1 1 0 -0 -0 1 0 
1 24.829684669535489 31.207802399465976 0 0 0 1 1 0 -0 -0 1 0 
1 25.429091724875438 31.255394811486703 0 0 0 1 1 0 -0 -0 1 0 
1 25.829750726134616 31.226316960996193 0 0 0 1 1 0 -0 -0 1 0 
1 20.422569848894312 31.068222348894313 0 0 0 1 1 0 -0 -0 1 0 
1 26.351133072862552 11.132927572862556 0 0 0 1 1 0 -0 -0 1 0 
1 26.754884320518503 11.728235955793627 0 0 0 1 1 0 -0 -0 1 0 
1 29.868490754617383 11.130426254617388 0 0 0 1 1 0 -0 -0 1 0 
1 27.489734788837815 12.879294834581369 0 0 0 1 1 0 -0 -0 1 0 
1 30.885657280924953 12.280290296742256 0 0 0 1 1 0 -0 -0 1 0 
1 30.185241318856406 13.592551181143588 0 0 0 1 1 0 -0 -0 1 0 
1 30.124971777814199 13.303640974704052 0 0 0 1 1 0 -0 -0 1 0 
1 30.775183652777912 14.487956347222083 0 0 0 1 1 0 -0 -0 1 0 
1 35.554657417219083 17.277351645859408 0 0 0 1 1 0 -0 -0 1 0 
1 35.581310393890888 16.855432606109115 0 0 0 1 1 0 -0 -0 1 0 
1 35.317455456976496 18.729127957733528 0 0 0 1 1 0 -0 -0 1 0 
1 34.139383074288197 15.406957425711806 0 0 0 1 1 0 -0 -0 1 0 
1 35.863941187029397 11.892337871965385 0 0 0 1 1 0 -0 -0 1 0 
1 28.093665602880066 14.702485633062834 0 0 0 1 1 0 -0 -0 1 0 
1 36.511099586995719 12.966306128306615 0 0 0 1 1 0 -0 -0 1 0 
1 36.193937570624492 14.417280850961136 0 0 0 1 1 0 -0 -0 1 0 
1 42.379733819223731 12.029900684859983 0 0 0 1 1 0 -0 -0 1 0 
1 41.984221925794785 14.847559964165011 0 0 0 1 1 0 -0 -0 1 0 
1 41.941767084073597 13.521148477639166 0 0 0 1 1 0 -0 -0 1 0 
1 39.078740041038898 12.6939134589611 0 0 0 1 1 0 -0 -0 1 0 
1 38.310271479998356 15.558538671177248 0 0 0 1 1 0 -0 -0 1 0 
1 37.678257154416471 17.284877654668161 0 0 0 1 1 0 -0 -0 1 0 
1 37.613054649946648 16.80786943236798 0 0 0 1 1 0 -0 -0 1 0 
1 36.002989000000007 17.654315999999998 0 0 0 1 1 0 -0 -0 1 0 
1 40.853980799745429 17.482504576512117 0 0 0 1 1 0 -0 -0 1 0 
1 42.090623444814149 17.655284540395925 0 0 0 1 1 0 -0 -0 1 0 
1 40.212891761176571 15.64242537479879 0 0 0 1 1 0 -0 -0 1 0 
1 40.567191384874448 18.098437539015695 0 0 0 1 1 0 -0 -0 1 0 
1 23.283388159921053 25.466362809158031 0 0 0 1 1 0 -0 -0 1 0 
1 34.257309243916858 24.700032676131034 0 0 0 1 1 0 -0 -0 1 0 
1 34.56761320977099 22.093885879337179 0 0 0 1 1 0 -0 -0 1 0 
1 35.646563309849085 20.568013500068943 0 0 0 1 1 0 -0 -0 1 0 
1 28.590624212022057 29.598445050242407 0 0 0 1 1 0 -0 -0 1 0 
1 29.69502530207787 26.839413142344789 0 0 0 1 1 0 -0 -0 1 0 
1 30.796150036229871 30.890732467974004 0 0 0 1 1 0 -0 -0 1 0 
1 33.200930121744818 27.139404401819679 0 0 0 1 1 0 -0 -0 1 0 
1 22.117677930956742 26.236607362078594 0 0 0 1 1 0 -0 -0 1 0 
1 42.165419341320181 20.76478035626533 0 0 0 1 1 0 -0 -0 1 0 
1 37.195534299425887 20.573446020904619 0 0 0 1 1 0 -0 -0 1 0 
1 41.984138948626573 23.849572527625984 0 0 0 1 1 0 -0 -0 1 0 
1 41.553860714495748 24.163646785504259 0 0 0 1 1 0 -0 -0 1 0 
1 38.568686163879782 23.799435722860444 0 0 0 1 1 0 -0 -0 1 0 
1 34.57785451551058 26.154082631099755 0 0 0 1 1 0 -0 -0 1 0 
1 39.937029579731096 24.915327352955543 0 0 0 1 1 0 -0 -0 1 0 
1 39.104627165175181 27.605609178248521 0 0 0 1 1 0 -0 -0 1 0 
1 39.224744010256273 26.515478774454515 0 0 0 1 1 0 -0 -0 1 0 
1 36.617386886309099 26.473922886309101 0 0 0 1 1 0 -0 -0 1 0 
1 41.374585453044546 26.98022095304454 0 0 0 1 1 0 -0 -0 1 0 
1 39.234434400105648 26.143792275648273 0 0 0 1 1 0 -0 -0 1 0 
1 42.261940040782484 29.458293468191258 0 0 0 1 1 0 -0 -0 1 0 
1 39.533208745587203 26.90347921819054 0 0 0 1 1 0 -0 -0 1 0 
1 34.912729026020394 29.617161071263695 0 0 0 1 1 0 -0 -0 1 0 
1 41.842194748615114 27.241211814794603 0 0 0 1 1 0 -0 -0 1 0 
1 38.75564785480784 22.006453494598112 0 0 0 1 1 0 -0 -0 1 0 
1 38.264433888530839 18.060920083783095 0 0 0 1 1 0 -0 -0 1 0 
1 26.425691028963914 29.917936636145573 0 0 0 1 1 0 -0 -0 1 0 
1 25.686555236603375 13.126460087102849 0 0 0 1 1 0 -0 -0 1 0 
1 40.142735920937149 29.607619794960922 0 0 0 1 1 0 -0 -0 1 0 
1 15.402647157414433 30.332496044069519 0 0 0 1 1 0 -0 -0 1 0 
1 14.195494279257066 32.072315330688134 0 0 0 1 1 0 -0 -0 1 0 
1 16.09885617324413 30.237202673244131 0 0 0 1 1 0 -0 -0 1 0 
1 15.816812621839663 30.312839607362182 0 0 0 1 1 0 -0 -0 1 0 
1 14.711348962382289 32.105214037617706 0 0 0 1 1 0 -0 -0 1 0 
1 14.400518944922947 32.313516537167338 0 0 0 1 1 0 -0 -0 1 0 
1 15.528608473799617 32.249471892221578 0 0 0 1 1 0 -0 -0 1 0 
1 17.990717297353644 32.268748297353646 0 0 0 1 1 0 -0 -0 1 0 
1 14.400294945844742 33.29180444584474 0 0 0 1 1 0 -0 -0 1 0 
1 14.057416433675382 30.339571617120054 0 0 0 1 1 0 -0 -0 1 0 
1 20.771326881475083 32.267958381475083 0 0 0 1 1 0 -0 -0 1 0 
1 20.393020118524912 31.889651618524912 0 0 0 1 1 0 -0 -0 1 0 
1 23.350822196609517 32.048380015611968 0 0 0 1 1 0 -0 -0 1 0 
1 27.186166038577074 30.311536390879493 0 0 0 1 1 0 -0 -0 1 0 
1 20.741777151105683 31.387429651105677 0 0 0 1 1 0 -0 -0 1 0 
1 26.495887985048945 32.101201485048939 0 0 0 1 1 0 -0 -0 1 0 
1 25.647603999999998 32.211523499999998 0 0 0 1 1 0 -0 -0 1 0 
1 26.833459185951579 32.304638644468277 0 0 0 1 1 0 -0 -0 1 0 
1 27.008014818779049 32.035563453369612 0 0 0 1 1 0 -0 -0 1 0 
1 30.867230500000005 33.204202500000001 0 0 0 1 1 0 -0 -0 1 0 
1 30.194820587698096 31.012480411197224 0 0 0 1 1 0 -0 -0 1 0 
1 29.402816237541863 30.998727273773156 0 0 0 1 1 0 -0 -0 1 0 
1 31.326773487482882 30.96776189906447 0 0 0 1 1 0 -0 -0 1 0 
1 14.872215780151198 33.38074321421194 0 0 0 1 1 0 -0 -0 1 0 
1 21.501369804571475 33.557282834260555 0 0 0 1 1 0 -0 -0 1 0 
1 27.618833283330016 33.32703481036593 0 0 0 1 1 0 -0 -0 1 0 
1 28.595489209930378 33.279898651854431 0 0 0 1 1 0 -0 -0 1 0 
1 27.205665806056537 33.409333352134553 0 0 0 1 1 0 -0 -0 1 0 
1 30.483217664699161 33.754770691432711 0 0 0 1 1 0 -0 -0 1 0 
1 30.741385903918687 36.948363621797732 0 0 0 1 1 0 -0 -0 1 0 
1 31.421630881838322 37.322860834138382 0 0 0 1 1 0 -0 -0 1 0 
1 30.220995764761874 37.962573764761871 0 0 0 1 1 0 -0 -0 1 0 
1 29.862094372304682 37.334650601157968 0 0 0 1 1 0 -0 -0 1 0 
1 30.50132653845985 33.911151207661526 0 0 0 1 1 0 -0 -0 1 0 
1 30.597577705117065 34.253624003523903 0 0 0 1 1 0 -0 -0 1 0 
1 31.699464019869904 33.812619957966625 0 0 0 1 1 0 -0 -0 1 0 
1 30.102318316944977 34.898574166955534 0 0 0 1 1 0 -0 -0 1 0 
1 31.763273000000002 34.8014315 0 0 0 1 1 0 -0 -0 1 0 
1 30.495782740085065 35.695321771961012 0 0 0 1 1 0 -0 -0 1 0 
1 31.862219128205428 35.659899871794572 0 0 0 1 1 0 -0 -0 1 0 
1 30.818882494135586 35.929468682648711 0 0 0 1 1 0 -0 -0 1 0 
1 31.017141841096446 36.600754794083478 0 0 0 1 1 0 -0 -0 1 0 
1 31.434004728208745 37.956979771791254 0 0 0 1 1 0 -0 -0 1 0 
1 32.864381067801062 36.820060237488704 0 0 0 1 1 0 -0 -0 1 0 
1 31.722743822152712 37.603765846255932 0 0 0 1 1 0 -0 -0 1 0 
1 31.049018587873935 33.742533853025108 0 0 0 1 1 0 -0 -0 1 0 
1 32.82777070977432 34.659003460596857 0 0 0 1 1 0 -0 -0 1 0 
1 35.552838956266598 32.540049158377819 0 0 0 1 1 0 -0 -0 1 0 
1 36.253348131940498 32.524394752583611 0 0 0 1 1 0 -0 -0 1 0 
1 35.053106 33.162210499999993 0 0 0 1 1 0 -0 -0 1 0 
1 38.830916108839624 32.645123391160375 0 0 0 1 1 0 -0 -0 1 0 
1 33.944460799202361 30.982743815203573 0 0 0 1 1 0 -0 -0 1 0 
1 38.529515696282459 34.111591537738711 0 0 0 1 1 0 -0 -0 1 0 
1 37.913571792986509 30.410402004092976 0 0 0 1 1 0 -0 -0 1 0 
1 36.659147718413472 32.585699169147645 0 0 0 1 1 0 -0 -0 1 0 
1 31.866665730900596 30.903483108297877 0 0 0 1 1 0 -0 -0 1 0 
1 34.635924441147154 33.717729842637482 0 0 0 1 1 0 -0 -0 1 0 
1 35.221748182741194 33.70622550783969 0 0 0 1 1 0 -0 -0 1 0 
1 35.996306582963463 33.794802397889789 0 0 0 1 1 0 -0 -0 1 0 
1 34.362570210991237 34.768108778171488 0 0 0 1 1 0 -0 -0 1 0 
1 34.640317455693754 33.876344646545299 0 0 0 1 1 0 -0 -0 1 0 
1 39.861252552238255 32.658999947761743 0 0 0 1 1 0 -0 -0 1 0 
1 39.397500522349851 30.67711403454917 0 0 0 1 1 0 -0 -0 1 0 
1 42.045618234221607 32.657109765778401 0 0 0 1 1 0 -0 -0 1 0 
1 40.615467669185747 32.658325669185743 0 0 0 1 1 0 -0 -0 1 0 
1 39.87919184007162 33.418032436782276 0 0 0 1 1 0 -0 -0 1 0 
1 39.811994192766008 33.409958633296142 0 0 0 1 1 0 -0 -0 1 0 
1 40.197854569985033 33.4429088193232 0 0 0 1 1 0 -0 -0 1 0 
1 39.612130944238288 32.950955312897911 0 0 0 1 1 0 -0 -0 1 0 
1 40.849127421192314 32.940125155687419 0 0 0 1 1 0 -0 -0 1 0 
1 42.062230924541424 34.765599719312277 0 0 0 1 1 0 -0 -0 1 0 
1 41.147848271613128 32.926058271613122 0 0 0 1 1 0 -0 -0 1 0 
1 40.186337795465427 34.563834179925394 0 0 0 1 1 0 -0 -0 1 0 
1 41.77489504417612 34.115044613405189 0 0 0 1 1 0 -0 -0 1 0 
1 39.672655470623916 34.766318292785797 0 0 0 1 1 0 -0 -0 1 0 
1 42.494215673519456 32.909682826480541 0 0 0 1 1 0 -0 -0 1 0 
1 39.307832485086635 32.909682014913358 0 0 0 1 1 0 -0 -0 1 0 
1 38.253408237921029 30.436925769723732 0 0 0 1 1 0 -0 -0 1 0 
1 32.91074933394529 37.492300666054717 0 0 0 1 1 0 -0 -0 1 0 
1 34.640597120336189 35.669191706685432 0 0 0 1 1 0 -0 -0 1 0 
1 36.041511500000006 34.782418999999997 0 0 0 1 1 0 -0 -0 1 0 
1 35.098906749601447 36.936347048695467 0 0 0 1 1 0 -0 -0 1 0 
1 34.798235322506827 36.597749823067822 0 0 0 1 1 0 -0 -0 1 0 
1 33.011300356958621 37.917447451216141 0 0 0 1 1 0 -0 -0 1 0 
1 32.716485567421749 37.766786399297288 0 0 0 1 1 0 -0 -0 1 0 
1 33.650732060893887 38.058970218270105 0 0 0 1 1 0 -0 -0 1 0 
1 35.717492661474765 36.98636990870979 0 0 0 1 1 0 -0 -0 1 0 
1 35.71233145648111 37.963423043518887 0 0 0 1 1 0 -0 -0 1 0 
1 34.414302375875977 37.790298072823902 0 0 0 1 1 0 -0 -0 1 0 
1 34.165453906737163 37.445648754693607 0 0 0 1 1 0 -0 -0 1 0 
1 37.25645885661487 35.060755823382081 0 0 0 1 1 0 -0 -0 1 0 
1 36.160611031605875 35.612818468394124 0 0 0 1 1 0 -0 -0 1 0 
1 36.075026998094025 37.335490012724073 0 0 0 1 1 0 -0 -0 1 0 
1 38.320512326782207 37.039082304282232 0 0 0 1 1 0 -0 -0 1 0 
1 40.713460793854729 35.048268625666296 0 0 0 1 1 0 -0 -0 1 0 
1 39.181770672654437 35.18492615811104 0 0 0 1 1 0 -0 -0 1 0 
1 38.832041716802173 37.217117831005837 0 0 0 1 1 0 -0 -0 1 0 
1 40.498684071356607 36.350795428643394 0 0 0 1 1 0 -0 -0 1 0 
1 39.991993050769047 37.139148266980371 0 0 0 1 1 0 -0 -0 1 0 
1 35.083767543843706 35.905850295673517 0 0 0 1 1 0 -0 -0 1 0 
1 41.513218145446388 30.062129518222996 0 0 0 1 1 0 -0 -0 1 0 
1 42.106771499999994 17.063641000000001 0 0 0 1 1 0 -0 -0 1 0 
1 47.052078901089921 11.136262812354307 0 0 0 1 1 0 -0 -0 1 0 
1 46.149669422060661 12.158242959406749 0 0 0 1 1 0 -0 -0 1 0 
1 48.502262808535399 11.478469308535395 0 0 0 1 1 0 -0 -0 1 0 
1 46.779617614768142 12.904505519080654 0 0 0 1 1 0 -0 -0 1 0 
1 43.331683264565669 17.484099104931254 0 0 0 1 1 0 -0 -0 1 0 
1 43.277278062566886 15.695983214850024 0 0 0 1 1 0 -0 -0 1 0 
1 46.520704445979369 17.388819640445199 0 0 0 1 1 0 -0 -0 1 0 
1 46.49095599637193 15.809771273966531 0 0 0 1 1 0 -0 -0 1 0 
1 43.956358398210313 15.926452210817962 0 0 0 1 1 0 -0 -0 1 0 
1 41.957711771588471 13.844195701684797 0 0 0 1 1 0 -0 -0 1 0 
1 43.602996423314373 18.098709529890446 0 0 0 1 1 0 -0 -0 1 0 
1 47.221555552574785 13.477673502512767 0 0 0 1 1 0 -0 -0 1 0 
1 48.722581678563124 13.139346321436864 0 0 0 1 1 0 -0 -0 1 0 
1 51.612734527203003 13.859529027203022 0 0 0 1 1 0 -0 -0 1 0 
1 51.908579322125284 14.651067068191793 0 0 0 1 1 0 -0 -0 1 0 
1 50.529526850527581 15.620071149472404 0 0 0 1 1 0 -0 -0 1 0 
1 51.413281733816838 16.803394881507831 0 0 0 1 1 0 -0 -0 1 0 
1 55.124228368899878 15.886060195339287 0 0 0 1 1 0 -0 -0 1 0 
1 50.738785316262877 17.846719524640605 0 0 0 1 1 0 -0 -0 1 0 
1 51.572624699593767 13.470453800406228 0 0 0 1 1 0 -0 -0 1 0 
1 47.332349945060862 14.893545554939141 0 0 0 1 1 0 -0 -0 1 0 
1 51.816164666133524 17.505971504911269 0 0 0 1 1 0 -0 -0 1 0 
1 52.41983472109748 16.986634721097481 0 0 0 1 1 0 -0 -0 1 0 
1 52.029994913134914 18.126333907332128 0 0 0 1 1 0 -0 -0 1 0 
1 51.943324955455701 17.377185544544314 0 0 0 1 1 0 -0 -0 1 0 
1 52.141441749042073 16.972839244878955 0 0 0 1 1 0 -0 -0 1 0 
1 51.456246121218619 18.162782621218607 0 0 0 1 1 0 -0 -0 1 0 
1 55.05900289006064 16.171970830339575 0 0 0 1 1 0 -0 -0 1 0 
1 55.084155499853125 12.391504460812122 0 0 0 1 1 0 -0 -0 1 0 
1 52.213554794602125 18.183577705397873 0 0 0 1 1 0 -0 -0 1 0 
1 44.317975094406698 25.540793643777562 0 0 0 1 1 0 -0 -0 1 0 
1 48.68117343545363 24.361481835751043 0 0 0 1 1 0 -0 -0 1 0 
1 46.037905144866471 21.71889519987209 0 0 0 1 1 0 -0 -0 1 0 
1 46.26866483372698 23.400491582148948 0 0 0 1 1 0 -0 -0 1 0 
1 46.700752306078122 25.706948693921873 0 0 0 1 1 0 -0 -0 1 0 
1 46.352020580022817 26.275679231645981 0 0 0 1 1 0 -0 -0 1 0 
1 42.360670990356056 25.413041538537328 0 0 0 1 1 0 -0 -0 1 0 
1 47.652608734945623 26.624289367258317 0 0 0 1 1 0 -0 -0 1 0 
1 46.756286952019536 26.824304849853938 0 0 0 1 1 0 -0 -0 1 0 
1 47.645786000000001 27.300820499999993 0 0 0 1 1 0 -0 -0 1 0 
1 47.796265192544602 19.458933423537317 0 0 0 1 1 0 -0 -0 1 0 
1 51.417381505297953 20.832074283733462 0 0 0 1 1 0 -0 -0 1 0 
1 55.201133539152913 19.039516349408245 0 0 0 1 1 0 -0 -0 1 0 
1 50.457480271545343 19.402013674017816 0 0 0 1 1 0 -0 -0 1 0 
1 51.057795451142361 23.456201546616633 0 0 0 1 1 0 -0 -0 1 0 
1 49.70439019629255 26.81455977859763 0 0 0 1 1 0 -0 -0 1 0 
1 48.711059499999998 25.838961999999999 0 0 0 1 1 0 -0 -0 1 0 
1 50.683326869471742 25.707166369471736 0 0 0 1 1 0 -0 -0 1 0 
1 51.03123738103745 26.275762501167971 0 0 0 1 1 0 -0 -0 1 0 
1 48.512420561814153 26.520792649859864 0 0 0 1 1 0 -0 -0 1 0 
1 51.761033677671932 18.369630539522198 0 0 0 1 1 0 -0 -0 1 0 
1 57.976511611580378 11.069744217123928 0 0 0 1 1 0 -0 -0 1 0 
1 51.893705595888626 11.906893699593772 0 0 0 1 1 0 -0 -0 1 0 
1 53.629332608528813 14.872766237746561 0 0 0 1 1 0 -0 -0 1 0 
1 55.53078285759868 11.342776690180976 0 0 0 1 1 0 -0 -0 1 0 
1 57.25879481085331 14.645051573155106 0 0 0 1 1 0 -0 -0 1 0 
1 55.102264773465684 15.190867110069172 0 0 0 1 1 0 -0 -0 1 0 
1 56.33813502459688 14.435259585933276 0 0 0 1 1 0 -0 -0 1 0 
1 58.443390920770959 18.025617420770963 0 0 0 1 1 0 -0 -0 1 0 
1 56.910872154934566 21.905724254824161 0 0 0 1 1 0 -0 -0 1 0 
1 56.611012806286517 21.835470099392776 0 0 0 1 1 0 -0 -0 1 0 
1 56.250426999999995 22.8705775 0 0 0 1 1 0 -0 -0 1 0 
1 58.931636775785933 12.18480649163306 0 0 0 1 1 0 -0 -0 1 0 
1 60.504645330945301 14.618699646203778 0 0 0 1 1 0 -0 -0 1 0 
1 59.416560505228688 15.584381505228697 0 0 0 1 1 0 -0 -0 1 0 
1 61.123057335595888 14.773497335595893 0 0 0 1 1 0 -0 -0 1 0 
1 58.666734633339175 14.129113036807441 0 0 0 1 1 0 -0 -0 1 0 
1 55.287109789172803 22.002042770474514 0 0 0 1 1 0 -0 -0 1 0 
1 57.630388157303422 22.035997958527521 0 0 0 1 1 0 -0 -0 1 0 
1 58.8525358845556 21.438765049893728 0 0 0 1 1 0 -0 -0 1 0 
1 59.718023919171586 17.811547951822263 0 0 0 1 1 0 -0 -0 1 0 
1 60.467564837166876 19.190027337166875 0 0 0 1 1 0 -0 -0 1 0 
1 60.921496866401725 21.970713850811478 0 0 0 1 1 0 -0 -0 1 0 
1 59.083227536279992 18.594220385349754 0 0 0 1 1 0 -0 -0 1 0 
1 60.056424224325724 23.37404427240654 0 0 0 1 1 0 -0 -0 1 0 
1 55.755796546911725 23.810014546911738 0 0 0 1 1 0 -0 -0 1 0 
1 56.268551523203683 23.859399830131974 0 0 0 1 1 0 -0 -0 1 0 
1 57.1942347629778 23.770494836438491 0 0 0 1 1 0 -0 -0 1 0 
1 57.526169883917603 24.250174386548867 0 0 0 1 1 0 -0 -0 1 0 
1 57.218620500000007 24.746099999999998 0 0 0 1 1 0 -0 -0 1 0 
1 56.284515500000005 26.0769175 0 0 0 1 1 0 -0 -0 1 0 
1 57.851177499999991 26.076917500000004 0 0 0 1 1 0 -0 -0 1 0 
1 57.2186205 27.37622 0 0 0 1 1 0 -0 -0 1 0 
1 56.284515500000005 28.128816999999998 0 0 0 1 1 0 -0 -0 1 0 
1 57.507825068389131 23.198245431610871 0 0 0 1 1 0 -0 -0 1 0 
1 53.176754705358142 24.911971796676845 0 0 0 1 1 0 -0 -0 1 0 
1 57.92980624207776 24.213197211436977 0 0 0 1 1 0 -0 -0 1 0 
1 58.227411500000002 24.101949500000007 0 0 0 1 1 0 -0 -0 1 0 
1 57.858860570762424 24.625279570762434 0 0 0 1 1 0 -0 -0 1 0 
1 59.768726571259684 25.305819474571219 0 0 0 1 1 0 -0 -0 1 0 
1 59.60797274336646 25.375301257499189 0 0 0 1 1 0 -0 -0 1 0 
1 59.205142553157025 25.411854168590533 0 0 0 1 1 0 -0 -0 1 0 
1 59.606072218847935 24.909944715179694 0 0 0 1 1 0 -0 -0 1 0 
1 59.059147634201672 27.201783579286047 0 0 0 1 1 0 -0 -0 1 0 
1 57.2186205 26.0769175 0 0 0 1 1 0 -0 -0 1 0 
1 60.533923123774571 26.435937516189981 0 0 0 1 1 0 -0 -0 1 0 
1 59.784884299825364 27.859100299825361 0 0 0 1 1 0 -0 -0 1 0 
1 60.155067179341621 27.823498094122769 0 0 0 1 1 0 -0 -0 1 0 
1 61.331857246149553 27.842994253850463 0 0 0 1 1 0 -0 -0 1 0 
1 59.634139881433434 24.421394880805771 0 0 0 1 1 0 -0 -0 1 0 
1 53.303738533691615 23.529279147959848 0 0 0 1 1 0 -0 -0 1 0 
1 43.047635136719137 32.658999863280862 0 0 0 1 1 0 -0 -0 1 0 
1 44.397276416274892 30.072422799324929 0 0 0 1 1 0 -0 -0 1 0 
1 45.284290178365325 32.645123821634677 0 0 0 1 1 0 -0 -0 1 0 
1 44.912263283509667 29.451048575244208 0 0 0 1 1 0 -0 -0 1 0 
1 43.801853669185746 32.658325669185743 0 0 0 1 1 0 -0 -0 1 0 
1 42.998378698204085 33.40995864649733 0 0 0 1 1 0 -0 -0 1 0 
1 42.798514185533385 32.9509548720902 0 0 0 1 1 0 -0 -0 1 0 
1 43.065577818396143 33.418032280048038 0 0 0 1 1 0 -0 -0 1 0 
1 46.314627890161169 32.65899960983883 0 0 0 1 1 0 -0 -0 1 0 
1 44.035512843736775 32.940124731068387 0 0 0 1 1 0 -0 -0 1 0 
1 46.065506402513954 32.950955175829826 0 0 0 1 1 0 -0 -0 1 0 
1 46.611461884395879 29.896564644012198 0 0 0 1 1 0 -0 -0 1 0 
1 43.518352108438705 30.400989829225324 0 0 0 1 1 0 -0 -0 1 0 
1 47.843355818193416 29.607207804252877 0 0 0 1 1 0 -0 -0 1 0 
1 48.218430238237836 29.924183836414333 0 0 0 1 1 0 -0 -0 1 0 
1 49.947465803399332 29.591292026478893 0 0 0 1 1 0 -0 -0 1 0 
1 51.852992507640899 32.637523992359107 0 0 0 1 1 0 -0 -0 1 0 
1 51.728282668863912 29.936383876409895 0 0 0 1 1 0 -0 -0 1 0 
1 47.302503245467562 32.940124697293435 0 0 0 1 1 0 -0 -0 1 0 
1 48.551281178365329 32.64512382163467 0 0 0 1 1 0 -0 -0 1 0 
1 49.581620136719131 32.658999863280869 0 0 0 1 1 0 -0 -0 1 0 
1 47.068844085495009 32.658325585495007 0 0 0 1 1 0 -0 -0 1 0 
1 50.335834669185743 32.658325669185743 0 0 0 1 1 0 -0 -0 1 0 
1 49.332498349898287 32.950955414144325 0 0 0 1 1 0 -0 -0 1 0 
1 50.569493843736772 32.940124731068387 0 0 0 1 1 0 -0 -0 1 0 
1 46.332568345629447 33.418032482681525 0 0 0 1 1 0 -0 -0 1 0 
1 49.599558847296741 33.418032489027013 0 0 0 1 1 0 -0 -0 1 0 
1 43.34630237969386 34.563875193619047 0 0 0 1 1 0 -0 -0 1 0 
1 43.384239083842218 33.442908837311734 0 0 0 1 1 0 -0 -0 1 0 
1 44.334233330292811 32.92605883029281 0 0 0 1 1 0 -0 -0 1 0 
1 45.761206673519467 32.909682826480541 0 0 0 1 1 0 -0 -0 1 0 
1 46.265371192766004 33.409958633296135 0 0 0 1 1 0 -0 -0 1 0 
1 46.651229579378629 33.442908831986706 0 0 0 1 1 0 -0 -0 1 0 
1 44.982890885670891 34.111591671597893 0 0 0 1 1 0 -0 -0 1 0 
1 43.648998721917003 36.351298778082999 0 0 0 1 1 0 -0 -0 1 0 
1 43.877683585849184 35.060577873224908 0 0 0 1 1 0 -0 -0 1 0 
1 41.603922355336664 37.186749247874261 0 0 0 1 1 0 -0 -0 1 0 
1 45.662256407739157 35.077442298336308 0 0 0 1 1 0 -0 -0 1 0 
1 46.875205411213678 36.351778588786317 0 0 0 1 1 0 -0 -0 1 0 
1 46.583318804846812 34.564080300640562 0 0 0 1 1 0 -0 -0 1 0 
1 42.073732362496436 37.254110068678919 0 0 0 1 1 0 -0 -0 1 0 
1 42.520511186625193 35.165691533089493 0 0 0 1 1 0 -0 -0 1 0 
1 48.249881885670895 34.1115916715979 0 0 0 1 1 0 -0 -0 1 0 
1 49.918220083842215 33.442908837311734 0 0 0 1 1 0 -0 -0 1 0 
1 51.531607583916013 34.10911147690868 0 0 0 1 1 0 -0 -0 1 0 
1 50.868214330292815 32.92605883029281 0 0 0 1 1 0 -0 -0 1 0 
1 49.532361690953316 33.409958628895765 0 0 0 1 1 0 -0 -0 1 0 
1 49.028199485086638 32.909682014913358 0 0 0 1 1 0 -0 -0 1 0 
1 48.929246907739156 35.077442355233153 0 0 0 1 1 0 -0 -0 1 0 
1 47.11907040469265 35.074134172686634 0 0 0 1 1 0 -0 -0 1 0 
1 49.850309136259924 34.564080159958884 0 0 0 1 1 0 -0 -0 1 0 
1 52.618466929994845 34.764503111337888 0 0 0 1 1 0 -0 -0 1 0 
1 50.386061083877031 35.074134338230088 0 0 0 1 1 0 -0 -0 1 0 
1 52.287721578017191 36.68625879996641 0 0 0 1 1 0 -0 -0 1 0 
1 50.142195905764524 36.351778594235469 0 0 0 1 1 0 -0 -0 1 0 
1 51.115823959124029 36.665576276757939 0 0 0 1 1 0 -0 -0 1 0 
1 47.601224016518991 32.926059016518984 0 0 0 1 1 0 -0 -0 1 0 
1 45.799018443845931 37.326267641763081 0 0 0 1 1 0 -0 -0 1 0 
1 53.979757465011346 27.33341152658776 0 0 0 1 1 0 -0 -0 1 0 
1 52.787964678505148 32.677337321494875 0 0 0 1 1 0 -0 -0 1 0 
1 54.774879223019049 33.166148078316091 0 0 0 1 1 0 -0 -0 1 0 
1 55.050249972507871 27.937941876584922 0 0 0 1 1 0 -0 -0 1 0 
1 53.472494211216592 32.656635711216587 0 0 0 1 1 0 -0 -0 1 0 
1 52.757545597487969 33.411095407628508 0 0 0 1 1 0 -0 -0 1 0 
1 52.661344662018237 33.397936047001302 0 0 0 1 1 0 -0 -0 1 0 
1 52.823750789877145 33.416469586406066 0 0 0 1 1 0 -0 -0 1 0 
1 53.997041893737347 32.937195393737348 0 0 0 1 1 0 -0 -0 1 0 
1 53.698225848699053 32.933532878969928 0 0 0 1 1 0 -0 -0 1 0 
1 54.430053807179526 34.229029696892638 0 0 0 1 1 0 -0 -0 1 0 
1 53.121313651070523 33.441972587518116 0 0 0 1 1 0 -0 -0 1 0 
1 52.628732110911734 30.184088302027941 0 0 0 1 1 0 -0 -0 1 0 
1 53.074799016433907 34.598902313462645 0 0 0 1 1 0 -0 -0 1 0 
1 57.2186205 28.128816999999998 0 0 0 1 1 0 -0 -0 1 0 
1 57.851177499999991 28.128817000000002 0 0 0 1 1 0 -0 -0 1 0 
1 57.218620500000007 29.020347000000001 0 0 0 1 1 0 -0 -0 1 0 
1 58.632922714560799 28.77381706978078 0 0 0 1 1 0 -0 -0 1 0 
1 60.673686774683503 28.278554326246507 0 0 0 1 1 0 -0 -0 1 0 
1 57.006772337533384 30.51925307551684 0 0 0 1 1 0 -0 -0 1 0 
1 57.893227743421043 30.224519256578951 0 0 0 1 1 0 -0 -0 1 0 
1 56.109590419045567 30.113231919045575 0 0 0 1 1 0 -0 -0 1 0 
1 59.560385402099598 31.14556731253251 0 0 0 1 1 0 -0 -0 1 0 
1 60.037406735062923 32.213841355811326 0 0 0 1 1 0 -0 -0 1 0 
1 56.416991685037161 33.404397160299766 0 0 0 1 1 0 -0 -0 1 0 
1 53.320309080549379 36.350568419450624 0 0 0 1 1 0 -0 -0 1 0 
1 53.529384112362372 35.043259172495489 0 0 0 1 1 0 -0 -0 1 0 
1 53.934075365443803 36.65619809407432 0 0 0 1 1 0 -0 -0 1 0 
1 56.951647657723811 35.463681109170324 0 0 0 1 1 0 -0 -0 1 0 
1 57.559964188340906 34.01001233009427 0 0 0 1 1 0 -0 -0 1 0 
1 52.136767545153717 35.166205625600462 0 0 0 1 1 0 -0 -0 1 0 
1 54.318353417805696 36.649449002768563 0 0 0 1 1 0 -0 -0 1 0 
1 54.699392315783548 35.746376038330688 0 0 0 1 1 0 -0 -0 1 0 
1 59.020976880575596 35.8083263805756 0 0 0 1 1 0 -0 -0 1 0 
1 60.675854292425925 37.557166645038457 0 0 0 1 1 0 -0 -0 1 0 
1 57.882078499999992 36.800014499999996 0 0 0 1 1 0 -0 -0 1 0 
1 58.448491461700591 35.791273855684217 0 0 0 1 1 0 -0 -0 1 0 
1 59.407745623533934 37.520083091588234 0 0 0 1 1 0 -0 -0 1 0 
1 52.760107809819381 36.629202945033363 0 0 0 1 1 0 -0 -0 1 0 
1 67.116929088832876 35.498229657877395 0 0 0 1 1 0 -0 -0 1 0 
1 60.899657828492757 32.589305557984666 0 0 0 1 1 0 -0 -0 1 0 
1 61.878934998559195 36.102971793484848 0 0 0 1 1 0 -0 -0 1 0 
1 65.584331487862002 36.539487987861996 0 0 0 1 1 0 -0 -0 1 0 
1 62.215623279737137 37.209554845199193 0 0 0 1 1 0 -0 -0 1 0 
1 62.254444238828505 36.767891552421418 0 0 0 1 1 0 -0 -0 1 0 
1 62.162158689665475 37.511819359085194 0 0 0 1 1 0 -0 -0 1 0 
1 64.066006000000002 37.3659265 0 0 0 1 1 0 -0 -0 1 0 
1 61.179349997719356 37.510031240357037 0 0 0 1 1 0 -0 -0 1 0 
1 65.579399528671246 37.728067800725007 0 0 0 1 1 0 -0 -0 1 0 
1 65.624577697722088 38.054308302277917 0 0 0 1 1 0 -0 -0 1 0 
1 66.071764029678789 37.17716640913509 0 0 0 1 1 0 -0 -0 1 0 
1 60.444147295998654 35.628086434073744 0 0 0 1 1 0 -0 -0 1 0 
1 50.374042489018898 37.888566712556461 0 0 0 1 1 0 -0 -0 1 0 
1 52.525143299516081 32.961237598611049 0 0 0 1 1 0 -0 -0 1 0 
1 40.437081987549163 37.24279085754587 0 0 0 1 1 0 -0 -0 1 0 
Triangulations 0

TShapes 3487
Ve
1e-07
13.820271 13.660833 0
0 0

0101101
*
Ve
1e-07
13.820271 11.00524 0
0 0

0101101
*
Ed
 1e-07 1 1 0
1  1 0 0 2.655593
0

0101000
+3487 0 -3486 0 *
Ve
1e-07
16.817389 11.00524 0
0 0

0101101
*
Ed
 1e-07 1 1 0
1  2 0 0 2.997118
0

0101000
+3486 0 -3484 0 *
Ve
1e-07
16.817389 12.856457 0
0 0

0101101
*
Ed
 1e-07 1 1 0
1  3 0 0 1.851217
0

0101000
+3484 0 -3482 0 *
Ed
 1e-07 1 1 0
1  4 0 0 3.10318176317469
0

0101000
+3482 0 -3487 0 *
Wi

0101100
+3485 0 +3483 0 +3481 0 +3480 0 *
Fa
0  1e-07 1 0

0111000
+3479 0 *
Ve
1e-07
16.817389 12.856457 0
0 0

0101101
*
Ve
1e-07
18.326836 12.856457 0
0 0

0101101
*
Ed
 1e-07 1 1 0
1  5 0 0 1.509447
0

0101000
+3477 0 -3476 0 *
Ve
1e-07
18.326836 13.660833 0
0 0

0101101
*
Ed
 1e-07 1 1 0
1  6 0 0 0.804376
0

0101000
+3476 0 -3474 0 *
Ed
 1e-07 1 1 0
1  7 0 0 1.71039498221464
0

0101000
+3474 0 -3477 0 *
Wi

0101100
+3475 0 +3473 0 +3472 0 *
Fa
0  1e-07 2 0

0111000
+3471 0 *
Ve
1e-07
18.326836 14.498225 0
0 0

0101101
*
Ve
1e-07
18.326836 13.660833 0
0 0

0101101
*
Ed
 1e-07 1 1 0
1  8 0 0 0.837391999999999
0

0101000
+3469 0 -3468 0 *
Ve
1e-07
23.123817 13.691566 0
0 0

0101101
*
Ed
 1e-07 1 1 0
1  9 0 0 4.79707944812779
0

0101000
+3468 0 -3466 0 *
Ed
 1e-07 1 1 0
1  10 0 0 4.8643319640668
0

0101000
+3466 0 -3469 0 *
Wi

0101100
+3467 0 +3465 0 +3464 0 *
Fa
0  1e-07 3 0

0111000
+3463 0 *
Ve
1e-07
18.326836 12.856457 0
0 0

0101101
*
Ve
1e-07
23.123817 13.691566 0
0 0

0101101
*
Ed
 1e-07 1 1 0
1  11 0 0 4.86913069820907
0

0101000
+3461 0 -3460 0 *
Ve
1e-07
18.326836 13.660833 0
0 0

0101101
*
Ed
 1e-07 1 1 0
1  12 0 0 4.79707944812779
0

0101000
+3460 0 -3458 0 *
Ed
 1e-07 1 1 0
1  13 0 0 0.804376
0

0101000
+3458 0 -3461 0 *
Wi

0101100
+3459 0 +3457 0 +3456 0 *
Fa
0  1e-07 4 0

0111000
+3455 0 *
Ve
1e-07
13.820271 13.660833 0
0 0

0101101
*
Ve
1e-07
16.817389 12.856457 0
0 0

0101101
*
Ed
 1e-07 1 1 0
1  14 0 0 3.10318176317469
0

0101000
+3453 0 -3452 0 *
Ve
1e-07
18.326836 13.660833 0
0 0

0101101
*
Ed
 1e-07 1 1 0
1  15 0 0 1.71039498221464
0

0101000
+3452 0 -3450 0 *
Ed
 1e-07 1 1 0
1  16 0 0 4.506565
0

0101000
+3450 0 -3453 0 *
Wi

0101100
+3451 0 +3449 0 +3448 0 *
Fa
0  1e-07 5 0

0111000
+3447 0 *
Ve
1e-07
13.350405 14.498225 0
0 0

0101101
*
Ve
1e-07
18.326836 14.498225 0
0 0

0101101
*
Ed
 1e-07 1 1 0
1  17 0 0 4.976431
0

0101000
+3445 0 -3444 0 *
Ve
1e-07
13.409496 26.625788 0
0 0

0101101
*
Ed
 1e-07 1 1 0
1  18 0 0 13.0865586383346
0

0101000
+3444 0 -3442 0 *
Ed
 1e-07 1 1 0
1  19 0 0 12.1277069582527
0

0101000
+3442 0 -3445 0 *
Wi

0101100
+3443 0 +3441 0 +3440 0 *
Fa
0  1e-07 6 0

0111000
+3439 0 *
Ve
1e-07
18.957443 27.045794 0
0 0

0101101
*
Ve
1e-07
18.957443 28.006205 0
0 0

0101101
*
Ed
 1e-07 1 1 0
1  20 0 0 0.960411000000001
0

0101000
+3437 0 -3436 0 *
Ve
1e-07
16.642639 28.093515 0
0 0

0101101
*
Ed
 1e-07 1 1 0
1  21 0 0 2.31644999827668
0

0101000
+3436 0 -3434 0 *
Ve
1e-07
16.642639 27.045794 0
0 0

0101101
*
Ed
 1e-07 1 1 0
1  22 0 0 1.047721
0

0101000
+3434 0 -3432 0 *
Ed
 1e-07 1 1 0
1  23 0 0 2.314804
0

0101000
+3432 0 -3437 0 *
Wi

0101100
+3435 0 +3433 0 +3431 0 +3430 0 *
Fa
0  1e-07 7 0

0111000
+3429 0 *
Ve
1e-07
32.932804 23.695688 0
0 0

0101101
*
Ve
1e-07
18.326836 14.498225 0
0 0

0101101
*
Ed
 1e-07 1 1 0
1  24 0 0 17.2605801424342
0

0101000
+3427 0 -3426 0 *
Ve
1e-07
32.932804 16.279945 0
0 0

0101101
*
Ed
 1e-07 1 1 0
1  25 0 0 14.7142389329324
0

0101000
+3426 0 -3424 0 *
Ed
 1e-07 1 1 0
1  26 0 0 7.415743
0

0101000
+3424 0 -3427 0 *
Wi

0101100
+3425 0 +3423 0 +3422 0 *
Fa
0  1e-07 8 0

0111000
+3421 0 *
Ve
1e-07
18.326836 12.856457 0
0 0

0101101
*
Ve
1e-07
18.326836 10.499552 0
0 0

0101101
*
Ed
 1e-07 1 1 0
1  27 0 0 2.356905
0

0101000
+3419 0 -3418 0 *
Ve
1e-07
23.123817 10.499552 0
0 0

0101101
*
Ed
 1e-07 1 1 0
1  28 0 0 4.796981
0

0101000
+3418 0 -3416 0 *
Ve
1e-07
23.123817 13.691566 0
0 0

0101101
*
Ed
 1e-07 1 1 0
1  29 0 0 3.192014
0

0101000
+3416 0 -3414 0 *
Ed
 1e-07 1 1 0
1  30 0 0 4.86913069820907
0

0101000
+3414 0 -3419 0 *
Wi

0101100
+3417 0 +3415 0 +3413 0 +3412 0 *
Fa
0  1e-07 9 0

0111000
+3411 0 *
Ve
1e-07
24.816994 11.783874 0
0 0

0101101
*
Ve
1e-07
23.593031 13.30925 0
0 0

0101101
*
Ed
 1e-07 1 1 0
1  31 0 0 1.95572425631657
0

0101000
+3409 0 -3408 0 *
Ve
1e-07
23.593031 10.835733 0
0 0

0101101
*
Ed
 1e-07 1 1 0
1  32 0 0 2.473517
0

0101000
+3408 0 -3406 0 *
Ed
 1e-07 1 1 0
1  33 0 0 1.54824312730592
0

0101000
+3406 0 -3409 0 *
Wi

0101100
+3407 0 +3405 0 +3404 0 *
Fa
0  1e-07 10 0

0111000
+3403 0 *
Ve
1e-07
27.183355 12.614771 0
0 0

0101101
*
Ve
1e-07
23.593031 13.30925 0
0 0

0101101
*
Ed
 1e-07 1 1 0
1  34 0 0 3.65687400745732
0

0101000
+3401 0 -3400 0 *
Ve
1e-07
24.816994 11.783874 0
0 0

0101101
*
Ed
 1e-07 1 1 0
1  35 0 0 1.95572425631657
0

0101000
+3400 0 -3398 0 *
Ed
 1e-07 1 1 0
1  36 0 0 2.50799804763281
0

0101000
+3398 0 -3401 0 *
Wi

0101100
+3399 0 +3397 0 +3396 0 *
Fa
0  1e-07 11 0

0111000
+3395 0 *
Ve
1e-07
27.183355 12.614771 0
0 0

0101101
*
Ve
1e-07
24.816994 11.783874 0
0 0

0101101
*
Ed
 1e-07 1 1 0
1  37 0 0 2.50799804763281
0

0101000
+3393 0 -3392 0 *
Ve
1e-07
25.847176 11.783874 0
0 0

0101101
*
Ed
 1e-07 1 1 0
1  38 0 0 1.030182
0

0101000
+3392 0 -3390 0 *
Ed
 1e-07 1 1 0
1  39 0 0 1.57345611462474
0

0101000
+3390 0 -3393 0 *
Wi

0101100
+3391 0 +3389 0 +3388 0 *
Fa
0  1e-07 12 0

0111000
+3387 0 *
Ve
1e-07
23.593031 10.835733 0
0 0

0101101
*
Ve
1e-07
24.816994 10.835733 0
0 0

0101101
*
Ed
 1e-07 1 1 0
1  40 0 0 1.223963
0

0101000
+3385 0 -3384 0 *
Ve
1e-07
24.816994 11.783874 0
0 0

0101101
*
Ed
 1e-07 1 1 0
1  41 0 0 0.948141000000001
0

0101000
+3384 0 -3382 0 *
Ed
 1e-07 1 1 0
1  42 0 0 1.54824312730592
0

0101000
+3382 0 -3385 0 *
Wi

0101100
+3383 0 +3381 0 +3380 0 *
Fa
0  1e-07 13 0

0111000
+3379 0 *
Ve
1e-07
18.975468 28.770277 0
0 0

0101101
*
Ve
1e-07
18.957443 28.006205 0
0 0

0101101
*
Ed
 1e-07 1 1 0
1  43 0 0 0.76428458168996
0

0101000
+3377 0 -3376 0 *
Ve
1e-07
19.429138 28.006205 0
0 0

0101101
*
Ed
 1e-07 1 1 0
1  44 0 0 0.471694999999997
0

0101000
+3376 0 -3374 0 *
Ed
 1e-07 1 1 0
1  45 0 0 0.888607050435679
0

0101000
+3374 0 -3377 0 *
Wi

0101100
+3375 0 +3373 0 +3372 0 *
Fa
0  1e-07 14 0

0111000
+3371 0 *
Ve
1e-07
21.735209 27.045794 0
0 0

0101101
*
Ve
1e-07
21.735209 28.04113 0
0 0

0101101
*
Ed
 1e-07 1 1 0
1  46 0 0 0.995335999999998
0

0101000
+3369 0 -3368 0 *
Ve
1e-07
19.429138 28.006205 0
0 0

0101101
*
Ed
 1e-07 1 1 0
1  47 0 0 2.30633545102745
0

0101000
+3368 0 -3366 0 *
Ve
1e-07
19.429138 27.045794 0
0 0

0101101
*
Ed
 1e-07 1 1 0
1  48 0 0 0.960411000000001
0

0101000
+3366 0 -3364 0 *
Ed
 1e-07 1 1 0
1  49 0 0 2.306071
0

0101000
+3364 0 -3369 0 *
Wi

0101100
+3367 0 +3365 0 +3363 0 +3362 0 *
Fa
0  1e-07 15 0

0111000
+3361 0 *
Ve
1e-07
22.14576 27.045794 0
0 0

0101101
*
Ve
1e-07
24.514172 27.045794 0
0 0

0101101
*
Ed
 1e-07 1 1 0
1  50 0 0 2.368412
0

0101000
+3359 0 -3358 0 *
Ve
1e-07
22.14576 28.04113 0
0 0

0101101
*
Ed
 1e-07 1 1 0
1  51 0 0 2.56905997490132
0

0101000
+3358 0 -3356 0 *
Ed
 1e-07 1 1 0
1  52 0 0 0.995335999999998
0

0101000
+3356 0 -3359 0 *
Wi

0101100
+3357 0 +3355 0 +3354 0 *
Fa
0  1e-07 16 0

0111000
+3353 0 *
Ve
1e-07
23.123817 13.691566 0
0 0

0101101
*
Ve
1e-07
32.932804 16.279945 0
0 0

0101101
*
Ed
 1e-07 1 1 0
1  53 0 0 10.144748977368
0

0101000
+3351 0 -3350 0 *
Ve
1e-07
18.326836 14.498225 0
0 0

0101101
*
Ed
 1e-07 1 1 0
1  54 0 0 14.7142389329324
0

0101000
+3350 0 -3348 0 *
Ed
 1e-07 1 1 0
1  55 0 0 4.8643319640668
0

0101000
+3348 0 -3351 0 *
Wi

0101100
+3349 0 +3347 0 +3346 0 *
Fa
0  1e-07 17 0

0111000
+3345 0 *
Ve
1e-07
24.514172 27.045794 0
0 0

0101101
*
Ve
1e-07
24.514172 29.729435 0
0 0

0101101
*
Ed
 1e-07 1 1 0
1  56 0 0 2.683641
0

0101000
+3343 0 -3342 0 *
Ve
1e-07
22.14576 28.770277 0
0 0

0101101
*
Ed
 1e-07 1 1 0
1  57 0 0 2.55526113552177
0

0101000
+3342 0 -3340 0 *
Ve
1e-07
22.14576 28.04113 0
0 0

0101101
*
Ed
 1e-07 1 1 0
1  58 0 0 0.729147000000001
0

0101000
+3340 0 -3338 0 *
Ed
 1e-07 1 1 0
1  59 0 0 2.56905997490132
0

0101000
+3338 0 -3343 0 *
Wi

0101100
+3341 0 +3339 0 +3337 0 +3336 0 *
Fa
0  1e-07 18 0

0111000
+3335 0 *
Ve
1e-07
18.326836 14.498225 0
0 0

0101101
*
Ve
1e-07
32.932804 23.695688 0
0 0

0101101
*
Ed
 1e-07 1 1 0
1  60 0 0 17.2605801424342
0

0101000
+3333 0 -3332 0 *
Ve
1e-07
13.409496 26.625788 0
0 0

0101101
*
Ed
 1e-07 1 1 0
1  61 0 0 19.7419614342867
0

0101000
+3332 0 -3330 0 *
Ed
 1e-07 1 1 0
1  62 0 0 13.0865586383346
0

0101000
+3330 0 -3333 0 *
Wi

0101100
+3331 0 +3329 0 +3328 0 *
Fa
0  1e-07 19 0

0111000
+3327 0 *
Ve
1e-07
22.14576 28.04113 0
0 0

0101101
*
Ve
1e-07
22.14576 28.770277 0
0 0

0101101
*
Ed
 1e-07 1 1 0
1  63 0 0 0.729147000000001
0

0101000
+3325 0 -3324 0 *
Ve
1e-07
21.735209 28.770277 0
0 0

0101101
*
Ed
 1e-07 1 1 0
1  64 0 0 0.410550999999998
0

0101000
+3324 0 -3322 0 *
Ve
1e-07
21.735209 28.04113 0
0 0

0101101
*
Ed
 1e-07 1 1 0
1  65 0 0 0.729147000000001
0

0101000
+3322 0 -3320 0 *
Ed
 1e-07 1 1 0
1  66 0 0 0.410550999999998
0

0101000
+3320 0 -3325 0 *
Wi

0101100
+3323 0 +3321 0 +3319 0 +3318 0 *
Fa
0  1e-07 20 0

0111000
+3317 0 *
Ve
1e-07
24.94219 30.843313 0
0 0

0101101
*
Ve
1e-07
24.94219 28.014465 0
0 0

0101101
*
Ed
 1e-07 1 1 0
1  67 0 0 2.828848
0

0101000
+3315 0 -3314 0 *
Ve
1e-07
27.335609 28.014465 0
0 0

0101101
*
Ed
 1e-07 1 1 0
1  68 0 0 2.393419
0

0101000
+3314 0 -3312 0 *
Ed
 1e-07 1 1 0
1  69 0 0 3.70551420408356
0

0101000
+3312 0 -3315 0 *
Wi

0101100
+3313 0 +3311 0 +3310 0 *
Fa
0  1e-07 21 0

0111000
+3309 0 *
Ve
1e-07
19.429138 28.770277 0
0 0

0101101
*
Ve
1e-07
19.429138 28.006205 0
0 0

0101101
*
Ed
 1e-07 1 1 0
1  70 0 0 0.764071999999999
0

0101000
+3307 0 -3306 0 *
Ve
1e-07
21.735209 28.04113 0
0 0

0101101
*
Ed
 1e-07 1 1 0
1  71 0 0 2.30633545102745
0

0101000
+3306 0 -3304 0 *
Ve
1e-07
21.735209 28.770277 0
0 0

0101101
*
Ed
 1e-07 1 1 0
1  72 0 0 0.729147000000001
0

0101000
+3304 0 -3302 0 *
Ed
 1e-07 1 1 0
1  73 0 0 2.306071
0

0101000
+3302 0 -3307 0 *
Wi

0101100
+3305 0 +3303 0 +3301 0 +3300 0 *
Fa
0  1e-07 22 0

0111000
+3299 0 *
Ve
1e-07
16.62608 28.770277 0
0 0

0101101
*
Ve
1e-07
16.184946 28.770277 0
0 0

0101101
*
Ed
 1e-07 1 1 0
1  74 0 0 0.441134000000002
0

0101000
+3297 0 -3296 0 *
Ve
1e-07
16.642639 28.093515 0
0 0

0101101
*
Ed
 1e-07 1 1 0
1  75 0 0 0.817000420375044
0

0101000
+3296 0 -3294 0 *
Ed
 1e-07 1 1 0
1  76 0 0 0.676964552340076
0

0101000
+3294 0 -3297 0 *
Wi

0101100
+3295 0 +3293 0 +3292 0 *
Fa
0  1e-07 23 0

0111000
+3291 0 *
Ve
1e-07
13.941692 28.093515 0
0 0

0101101
*
Ve
1e-07
16.642639 28.093515 0
0 0

0101101
*
Ed
 1e-07 1 1 0
1  77 0 0 2.700947
0

0101000
+3289 0 -3288 0 *
Ve
1e-07
16.184946 28.770277 0
0 0

0101101
*
Ed
 1e-07 1 1 0
1  78 0 0 0.817000420375044
0

0101000
+3288 0 -3286 0 *
Ed
 1e-07 1 1 0
1  79 0 0 2.343116581214
0

0101000
+3286 0 -3289 0 *
Wi

0101100
+3287 0 +3285 0 +3284 0 *
Fa
0  1e-07 24 0

0111000
+3283 0 *
Ve
1e-07
16.642639 28.093515 0
0 0

0101101
*
Ve
1e-07
18.957443 28.006205 0
0 0

0101101
*
Ed
 1e-07 1 1 0
1  80 0 0 2.31644999827668
0

0101000
+3281 0 -3280 0 *
Ve
1e-07
18.975468 28.770277 0
0 0

0101101
*
Ed
 1e-07 1 1 0
1  81 0 0 0.76428458168996
0

0101000
+3280 0 -3278 0 *
Ed
 1e-07 1 1 0
1  82 0 0 2.4290117224676
0

0101000
+3278 0 -3281 0 *
Wi

0101100
+3279 0 +3277 0 +3276 0 *
Fa
0  1e-07 25 0

0111000
+3275 0 *
Ve
1e-07
18.975468 28.770277 0
0 0

0101101
*
Ve
1e-07
19.429138 28.006205 0
0 0

0101101
*
Ed
 1e-07 1 1 0
1  83 0 0 0.888607050435679
0

0101000
+3273 0 -3272 0 *
Ve
1e-07
19.429138 28.770277 0
0 0

0101101
*
Ed
 1e-07 1 1 0
1  84 0 0 0.764071999999999
0

0101000
+3272 0 -3270 0 *
Ed
 1e-07 1 1 0
1  85 0 0 0.453669999999999
0

0101000
+3270 0 -3273 0 *
Wi

0101100
+3271 0 +3269 0 +3268 0 *
Fa
0  1e-07 26 0

0111000
+3267 0 *
Ve
1e-07
18.975468 28.770277 0
0 0

0101101
*
Ve
1e-07
18.975468 29.729435 0
0 0

0101101
*
Ed
 1e-07 1 1 0
1  86 0 0 0.959157999999999
0

0101000
+3265 0 -3264 0 *
Ve
1e-07
16.62608 29.729435 0
0 0

0101101
*
Ed
 1e-07 1 1 0
1  87 0 0 2.349388
0

0101000
+3264 0 -3262 0 *
Ve
1e-07
16.62608 28.770277 0
0 0

0101101
*
Ed
 1e-07 1 1 0
1  88 0 0 0.959157999999999
0

0101000
+3262 0 -3260 0 *
Ed
 1e-07 1 1 0
1  89 0 0 2.349388
0

0101000
+3260 0 -3265 0 *
Wi

0101100
+3263 0 +3261 0 +3259 0 +3258 0 *
Fa
0  1e-07 27 0

0111000
+3257 0 *
Ve
1e-07
19.429138 29.729435 0
0 0

0101101
*
Ve
1e-07
19.429138 28.770277 0
0 0

0101101
*
Ed
 1e-07 1 1 0
1  90 0 0 0.959157999999999
0

0101000
+3255 0 -3254 0 *
Ve
1e-07
21.735209 28.770277 0
0 0

0101101
*
Ed
 1e-07 1 1 0
1  91 0 0 2.306071
0

0101000
+3254 0 -3252 0 *
Ve
1e-07
21.735209 29.729435 0
0 0

0101101
*
Ed
 1e-07 1 1 0
1  92 0 0 0.959157999999999
0

0101000
+3252 0 -3250 0 *
Ed
 1e-07 1 1 0
1  93 0 0 2.306071
0

0101000
+3250 0 -3255 0 *
Wi

0101100
+3253 0 +3251 0 +3249 0 +3248 0 *
Fa
0  1e-07 28 0

0111000
+3247 0 *
Ve
1e-07
16.642639 28.093515 0
0 0

0101101
*
Ve
1e-07
18.975468 28.770277 0
0 0

0101101
*
Ed
 1e-07 1 1 0
1  94 0 0 2.4290117224676
0

0101000
+3245 0 -3244 0 *
Ve
1e-07
16.62608 28.770277 0
0 0

0101101
*
Ed
 1e-07 1 1 0
1  95 0 0 2.349388
0

0101000
+3244 0 -3242 0 *
Ed
 1e-07 1 1 0
1  96 0 0 0.676964552340076
0

0101000
+3242 0 -3245 0 *
Wi

0101100
+3243 0 +3241 0 +3240 0 *
Fa
0  1e-07 29 0

0111000
+3239 0 *
Ve
1e-07
18.975468 31.608133 0
0 0

0101101
*
Ve
1e-07
18.975468 30.847519 0
0 0

0101101
*
Ed
 1e-07 1 1 0
1  97 0 0 0.760614
0

0101000
+3237 0 -3236 0 *
Ve
1e-07
19.429138 30.847519 0
0 0

0101101
*
Ed
 1e-07 1 1 0
1  98 0 0 0.453669999999999
0

0101000
+3236 0 -3234 0 *
Ve
1e-07
19.429138 31.608133 0
0 0

0101101
*
Ed
 1e-07 1 1 0
1  99 0 0 0.760614
0

0101000
+3234 0 -3232 0 *
Ed
 1e-07 1 1 0
1  100 0 0 0.453669999999999
0

0101000
+3232 0 -3237 0 *
Wi

0101100
+3235 0 +3233 0 +3231 0 +3230 0 *
Fa
0  1e-07 30 0

0111000
+3229 0 *
Ve
1e-07
19.429138 30.847519 0
0 0

0101101
*
Ve
1e-07
19.429138 29.888361 0
0 0

0101101
*
Ed
 1e-07 1 1 0
1  101 0 0 0.959157999999999
0

0101000
+3227 0 -3226 0 *
Ve
1e-07
21.735209 29.888361 0
0 0

0101101
*
Ed
 1e-07 1 1 0
1  102 0 0 2.306071
0

0101000
+3226 0 -3224 0 *
Ve
1e-07
21.735209 30.847519 0
0 0

0101101
*
Ed
 1e-07 1 1 0
1  103 0 0 0.959157999999999
0

0101000
+3224 0 -3222 0 *
Ed
 1e-07 1 1 0
1  104 0 0 2.306071
0

0101000
+3222 0 -3227 0 *
Wi

0101100
+3225 0 +3223 0 +3221 0 +3220 0 *
Fa
0  1e-07 31 0

0111000
+3219 0 *
Ve
1e-07
16.62608 29.888361 0
0 0

0101101
*
Ve
1e-07
18.975468 29.888361 0
0 0

0101101
*
Ed
 1e-07 1 1 0
1  105 0 0 2.349388
0

0101000
+3217 0 -3216 0 *
Ve
1e-07
18.975468 30.847519 0
0 0

0101101
*
Ed
 1e-07 1 1 0
1  106 0 0 0.959157999999999
0

0101000
+3216 0 -3214 0 *
Ed
 1e-07 1 1 0
1  107 0 0 2.53763828066728
0

0101000
+3214 0 -3217 0 *
Wi

0101100
+3215 0 +3213 0 +3212 0 *
Fa
0  1e-07 32 0

0111000
+3211 0 *
Ve
1e-07
16.62608 32.549477 0
0 0

0101101
*
Ve
1e-07
16.62608 29.888361 0
0 0

0101101
*
Ed
 1e-07 1 1 0
1  108 0 0 2.661116
0

0101000
+3209 0 -3208 0 *
Ve
1e-07
18.975468 30.847519 0
0 0

0101101
*
Ed
 1e-07 1 1 0
1  109 0 0 2.53763828066728
0

0101000
+3208 0 -3206 0 *
Ve
1e-07
18.975468 31.608133 0
0 0

0101101
*
Ed
 1e-07 1 1 0
1  110 0 0 0.760614
0

0101000
+3206 0 -3204 0 *
Ed
 1e-07 1 1 0
1  111 0 0 2.53095881058543
0

0101000
+3204 0 -3209 0 *
Wi

0101100
+3207 0 +3205 0 +3203 0 +3202 0 *
Fa
0  1e-07 33 0

0111000
+3201 0 *
Ve
1e-07
13.941692 28.093515 0
0 0

0101101
*
Ve
1e-07
16.184946 28.770277 0
0 0

0101101
*
Ed
 1e-07 1 1 0
1  112 0 0 2.343116581214
0

0101000
+3199 0 -3198 0 *
Ve
1e-07
14.397943 31.580334 0
0 0

0101101
*
Ed
 1e-07 1 1 0
1  113 0 0 3.33013514219138
0

0101000
+3198 0 -3196 0 *
Ed
 1e-07 1 1 0
1  114 0 0 3.51654257954628
0

0101000
+3196 0 -3199 0 *
Wi

0101100
+3197 0 +3195 0 +3194 0 *
Fa
0  1e-07 34 0

0111000
+3193 0 *
Ve
1e-07
24.514172 29.729435 0
0 0

0101101
*
Ve
1e-07
22.14576 29.729435 0
0 0

0101101
*
Ed
 1e-07 1 1 0
1  115 0 0 2.368412
0

0101000
+3191 0 -3190 0 *
Ve
1e-07
22.14576 28.770277 0
0 0

0101101
*
Ed
 1e-07 1 1 0
1  116 0 0 0.959157999999999
0

0101000
+3190 0 -3188 0 *
Ed
 1e-07 1 1 0
1  117 0 0 2.55526113552177
0

0101000
+3188 0 -3191 0 *
Wi

0101100
+3189 0 +3187 0 +3186 0 *
Fa
0  1e-07 35 0

0111000
+3185 0 *
Ve
1e-07
22.14576 29.888361 0
0 0

0101101
*
Ve
1e-07
24.514172 30.843313 0
0 0

0101101
*
Ed
 1e-07 1 1 0
1  118 0 0 2.5536853220489
0

0101000
+3183 0 -3182 0 *
Ve
1e-07
22.14576 30.847519 0
0 0

0101101
*
Ed
 1e-07 1 1 0
1  119 0 0 2.36841573465893
0

0101000
+3182 0 -3180 0 *
Ed
 1e-07 1 1 0
1  120 0 0 0.959157999999999
0

0101000
+3180 0 -3183 0 *
Wi

0101100
+3181 0 +3179 0 +3178 0 *
Fa
0  1e-07 36 0

0111000
+3177 0 *
Ve
1e-07
21.735209 30.847519 0
0 0

0101101
*
Ve
1e-07
22.14576 30.847519 0
0 0

0101101
*
Ed
 1e-07 1 1 0
1  121 0 0 0.410550999999998
0

0101000
+3175 0 -3174 0 *
Ve
1e-07
22.14576 31.608133 0
0 0

0101101
*
Ed
 1e-07 1 1 0
1  122 0 0 0.760614
0

0101000
+3174 0 -3172 0 *
Ve
1e-07
21.735209 31.608133 0
0 0

0101101
*
Ed
 1e-07 1 1 0
1  123 0 0 0.410550999999998
0

0101000
+3172 0 -3170 0 *
Ed
 1e-07 1 1 0
1  124 0 0 0.760614
0

0101000
+3170 0 -3175 0 *
Wi

0101100
+3173 0 +3171 0 +3169 0 +3168 0 *
Fa
0  1e-07 37 0

0111000
+3167 0 *
Ve
1e-07
24.514172 30.843313 0
0 0

0101101
*
Ve
1e-07
24.514172 31.489407 0
0 0

0101101
*
Ed
 1e-07 1 1 0
1  125 0 0 0.646094000000002
0

0101000
+3165 0 -3164 0 *
Ve
1e-07
22.14576 31.608133 0
0 0

0101101
*
Ed
 1e-07 1 1 0
1  126 0 0 2.37138593755213
0

0101000
+3164 0 -3162 0 *
Ve
1e-07
22.14576 30.847519 0
0 0

0101101
*
Ed
 1e-07 1 1 0
1  127 0 0 0.760614
0

0101000
+3162 0 -3160 0 *
Ed
 1e-07 1 1 0
1  128 0 0 2.36841573465893
0

0101000
+3160 0 -3165 0 *
Wi

0101100
+3163 0 +3161 0 +3159 0 +3158 0 *
Fa
0  1e-07 38 0

0111000
+3157 0 *
Ve
1e-07
24.514172 30.843313 0
0 0

0101101
*
Ve
1e-07
22.14576 29.888361 0
0 0

0101101
*
Ed
 1e-07 1 1 0
1  129 0 0 2.5536853220489
0

0101000
+3155 0 -3154 0 *
Ve
1e-07
24.514172 29.888361 0
0 0

0101101
*
Ed
 1e-07 1 1 0
1  130 0 0 2.368412
0

0101000
+3154 0 -3152 0 *
Ed
 1e-07 1 1 0
1  131 0 0 0.954951999999999
0

0101000
+3152 0 -3155 0 *
Wi

0101100
+3153 0 +3151 0 +3150 0 *
Fa
0  1e-07 39 0

0111000
+3149 0 *
Ve
1e-07
25.269863 31.489407 0
0 0

0101101
*
Ve
1e-07
24.514172 31.489407 0
0 0

0101101
*
Ed
 1e-07 1 1 0
1  132 0 0 0.755691000000002
0

0101000
+3147 0 -3146 0 *
Ve
1e-07
24.514172 30.843313 0
0 0

0101101
*
Ed
 1e-07 1 1 0
1  133 0 0 0.646094000000002
0

0101000
+3146 0 -3144 0 *
Ve
1e-07
24.94219 30.843313 0
0 0

0101101
*
Ed
 1e-07 1 1 0
1  134 0 0 0.428018000000002
0

0101000
+3144 0 -3142 0 *
Ed
 1e-07 1 1 0
1  135 0 0 0.724435678141961
0

0101000
+3142 0 -3147 0 *
Wi

0101100
+3145 0 +3143 0 +3141 0 +3140 0 *
Fa
0  1e-07 40 0

0111000
+3139 0 *
Ve
1e-07
24.94219 30.843313 0
0 0

0101101
*
Ve
1e-07
26.025345 31.489407 0
0 0

0101101
*
Ed
 1e-07 1 1 0
1  136 0 0 1.26121457764371
0

0101000
+3137 0 -3136 0 *
Ve
1e-07
25.269863 31.489407 0
0 0

0101101
*
Ed
 1e-07 1 1 0
1  137 0 0 0.755482000000001
0

0101000
+3136 0 -3134 0 *
Ed
 1e-07 1 1 0
1  138 0 0 0.724435678141961
0

0101000
+3134 0 -3137 0 *
Wi

0101100
+3135 0 +3133 0 +3132 0 *
Fa
0  1e-07 41 0

0111000
+3131 0 *
Ve
1e-07
24.94219 30.843313 0
0 0

0101101
*
Ve
1e-07
26.750359 31.489407 0
0 0

0101101
*
Ed
 1e-07 1 1 0
1  139 0 0 1.92013348218216
0

0101000
+3129 0 -3128 0 *
Ve
1e-07
26.025345 31.489407 0
0 0

0101101
*
Ed
 1e-07 1 1 0
1  140 0 0 0.725013999999998
0

0101000
+3128 0 -3126 0 *
Ed
 1e-07 1 1 0
1  141 0 0 1.26121457764371
0

0101000
+3126 0 -3129 0 *
Wi

0101100
+3127 0 +3125 0 +3124 0 *
Fa
0  1e-07 42 0

0111000
+3123 0 *
Ve
1e-07
19.429138 31.608133 0
0 0

0101101
*
Ve
1e-07
19.429138 30.847519 0
0 0

0101101
*
Ed
 1e-07 1 1 0
1  142 0 0 0.760614
0

0101000
+3121 0 -3120 0 *
Ve
1e-07
21.735209 30.847519 0
0 0

0101101
*
Ed
 1e-07 1 1 0
1  143 0 0 2.306071
0

0101000
+3120 0 -3118 0 *
Ed
 1e-07 1 1 0
1  144 0 0 2.42827039557727
0

0101000
+3118 0 -3121 0 *
Wi

0101100
+3119 0 +3117 0 +3116 0 *
Fa
0  1e-07 43 0

0111000
+3115 0 *
Ve
1e-07
27.183355 10.810246 0
0 0

0101101
*
Ve
1e-07
25.847176 11.783874 0
0 0

0101101
*
Ed
 1e-07 1 1 0
1  145 0 0 1.65327729145023
0

0101000
+3113 0 -3112 0 *
Ve
1e-07
25.847176 10.810246 0
0 0

0101101
*
Ed
 1e-07 1 1 0
1  146 0 0 0.973628000000001
0

0101000
+3112 0 -3110 0 *
Ed
 1e-07 1 1 0
1  147 0 0 1.336179
0

0101000
+3110 0 -3113 0 *
Wi

0101100
+3111 0 +3109 0 +3108 0 *
Fa
0  1e-07 44 0

0111000
+3107 0 *
Ve
1e-07
25.847176 11.783874 0
0 0

0101101
*
Ve
1e-07
27.183355 10.810246 0
0 0

0101101
*
Ed
 1e-07 1 1 0
1  148 0 0 1.65327729145023
0

0101000
+3105 0 -3104 0 *
Ve
1e-07
27.183355 12.614771 0
0 0

0101101
*
Ed
 1e-07 1 1 0
1  149 0 0 1.804525
0

0101000
+3104 0 -3102 0 *
Ed
 1e-07 1 1 0
1  150 0 0 1.57345611462474
0

0101000
+3102 0 -3105 0 *
Wi

0101100
+3103 0 +3101 0 +3100 0 *
Fa
0  1e-07 45 0

0111000
+3099 0 *
Ve
1e-07
32.932804 10.499552 0
0 0

0101101
*
Ve
1e-07
27.657648 12.614771 0
0 0

0101101
*
Ed
 1e-07 1 1 0
1  151 0 0 5.68343401846955
0

0101000
+3097 0 -3096 0 *
Ve
1e-07
27.657648 10.499552 0
0 0

0101101
*
Ed
 1e-07 1 1 0
1  152 0 0 2.115219
0

0101000
+3096 0 -3094 0 *
Ed
 1e-07 1 1 0
1  153 0 0 5.275156
0

0101000
+3094 0 -3097 0 *
Wi

0101100
+3095 0 +3093 0 +3092 0 *
Fa
0  1e-07 46 0

0111000
+3091 0 *
Ve
1e-07
27.621965 13.30925 0
0 0

0101101
*
Ve
1e-07
27.183355 12.614771 0
0 0

0101101
*
Ed
 1e-07 1 1 0
1  154 0 0 0.821388953870821
0

0101000
+3089 0 -3088 0 *
Ve
1e-07
27.657648 12.614771 0
0 0

0101101
*
Ed
 1e-07 1 1 0
1  155 0 0 0.474292999999999
0

0101000
+3088 0 -3086 0 *
Ed
 1e-07 1 1 0
1  156 0 0 0.695395109222089
0

0101000
+3086 0 -3089 0 *
Wi

0101100
+3087 0 +3085 0 +3084 0 *
Fa
0  1e-07 47 0

0111000
+3083 0 *
Ve
1e-07
32.932804 13.691566 0
0 0

0101101
*
Ve
1e-07
27.657648 12.614771 0
0 0

0101101
*
Ed
 1e-07 1 1 0
1  157 0 0 5.38393520543858
0

0101000
+3081 0 -3080 0 *
Ve
1e-07
32.932804 10.499552 0
0 0

0101101
*
Ed
 1e-07 1 1 0
1  158 0 0 5.68343401846955
0

0101000
+3080 0 -3078 0 *
Ed
 1e-07 1 1 0
1  159 0 0 3.192014
0

0101000
+3078 0 -3081 0 *
Wi

0101100
+3079 0 +3077 0 +3076 0 *
Fa
0  1e-07 48 0

0111000
+3075 0 *
Ve
1e-07
27.621965 13.691566 0
0 0

0101101
*
Ve
1e-07
27.621965 13.30925 0
0 0

0101101
*
Ed
 1e-07 1 1 0
1  160 0 0 0.382315999999999
0

0101000
+3073 0 -3072 0 *
Ve
1e-07
32.932804 13.691566 0
0 0

0101101
*
Ed
 1e-07 1 1 0
1  161 0 0 5.32458227542565
0

0101000
+3072 0 -3070 0 *
Ed
 1e-07 1 1 0
1  162 0 0 5.310839
0

0101000
+3070 0 -3073 0 *
Wi

0101100
+3071 0 +3069 0 +3068 0 *
Fa
0  1e-07 49 0

0111000
+3067 0 *
Ve
1e-07
27.657648 12.614771 0
0 0

0101101
*
Ve
1e-07
32.932804 13.691566 0
0 0

0101101
*
Ed
 1e-07 1 1 0
1  163 0 0 5.38393520543858
0

0101000
+3065 0 -3064 0 *
Ve
1e-07
27.621965 13.30925 0
0 0

0101101
*
Ed
 1e-07 1 1 0
1  164 0 0 5.32458227542565
0

0101000
+3064 0 -3062 0 *
Ed
 1e-07 1 1 0
1  165 0 0 0.695395109222089
0

0101000
+3062 0 -3065 0 *
Wi

0101100
+3063 0 +3061 0 +3060 0 *
Fa
0  1e-07 50 0

0111000
+3059 0 *
Ve
1e-07
32.932804 16.279945 0
0 0

0101101
*
Ve
1e-07
27.621965 13.691566 0
0 0

0101101
*
Ed
 1e-07 1 1 0
1  166 0 0 5.90802138888833
0

0101000
+3057 0 -3056 0 *
Ve
1e-07
32.932804 13.691566 0
0 0

0101101
*
Ed
 1e-07 1 1 0
1  167 0 0 5.310839
0

0101000
+3056 0 -3054 0 *
Ed
 1e-07 1 1 0
1  168 0 0 2.588379
0

0101000
+3054 0 -3057 0 *
Wi

0101100
+3055 0 +3053 0 +3052 0 *
Fa
0  1e-07 51 0

0111000
+3051 0 *
Ve
1e-07
35.144844 16.608286 0
0 0

0101101
*
Ve
1e-07
35.817612 17.302744 0
0 0

0101101
*
Ed
 1e-07 1 1 0
1  169 0 0 0.966896424436453
0

0101000
+3049 0 -3048 0 *
Ve
1e-07
35.817612 18.005888 0
0 0

0101101
*
Ed
 1e-07 1 1 0
1  170 0 0 0.703143999999998
0

0101000
+3048 0 -3046 0 *
Ed
 1e-07 1 1 0
1  171 0 0 1.55109900787409
0

0101000
+3046 0 -3049 0 *
Wi

0101100
+3047 0 +3045 0 +3044 0 *
Fa
0  1e-07 52 0

0111000
+3043 0 *
Ve
1e-07
35.144844 16.608286 0
0 0

0101101
*
Ve
1e-07
35.817612 16.608286 0
0 0

0101101
*
Ed
 1e-07 1 1 0
1  172 0 0 0.672767999999998
0

0101000
+3041 0 -3040 0 *
Ve
1e-07
35.817612 17.302744 0
0 0

0101101
*
Ed
 1e-07 1 1 0
1  173 0 0 0.694458000000001
0

0101000
+3040 0 -3038 0 *
Ed
 1e-07 1 1 0
1  174 0 0 0.966896424436453
0

0101000
+3038 0 -3041 0 *
Wi

0101100
+3039 0 +3037 0 +3036 0 *
Fa
0  1e-07 53 0

0111000
+3035 0 *
Ve
1e-07
35.144844 16.608286 0
0 0

0101101
*
Ve
1e-07
35.817612 18.005888 0
0 0

0101101
*
Ed
 1e-07 1 1 0
1  175 0 0 1.55109900787409
0

0101000
+3033 0 -3032 0 *
Ve
1e-07
35.144844 20.887978 0
0 0

0101101
*
Ed
 1e-07 1 1 0
1  176 0 0 2.95957083880822
0

0101000
+3032 0 -3030 0 *
Ed
 1e-07 1 1 0
1  177 0 0 4.279692
0

0101000
+3030 0 -3033 0 *
Wi

0101100
+3031 0 +3029 0 +3028 0 *
Fa
0  1e-07 54 0

0111000
+3027 0 *
Ve
1e-07
32.932804 16.279945 0
0 0

0101101
*
Ve
1e-07
32.932804 13.691566 0
0 0

0101101
*
Ed
 1e-07 1 1 0
1  178 0 0 2.588379
0

0101000
+3025 0 -3024 0 *
Ve
1e-07
36.188366 16.279945 0
0 0

0101101
*
Ed
 1e-07 1 1 0
1  179 0 0 4.15913329715279
0

0101000
+3024 0 -3022 0 *
Ed
 1e-07 1 1 0
1  180 0 0 3.255562
0

0101000
+3022 0 -3025 0 *
Wi

0101100
+3023 0 +3021 0 +3020 0 *
Fa
0  1e-07 55 0

0111000
+3019 0 *
Ve
1e-07
33.489399 13.131577 0
0 0

0101101
*
Ve
1e-07
33.489399 10.956332 0
0 0

0101101
*
Ed
 1e-07 1 1 0
1  181 0 0 2.175245
0

0101000
+3017 0 -3016 0 *
Ve
1e-07
38.474197 10.956332 0
0 0

0101101
*
Ed
 1e-07 1 1 0
1  182 0 0 4.984798
0

0101000
+3016 0 -3014 0 *
Ve
1e-07
38.474197 12.483108 0
0 0

0101101
*
Ed
 1e-07 1 1 0
1  183 0 0 1.526776
0

0101000
+3014 0 -3012 0 *
Ed
 1e-07 1 1 0
1  184 0 0 5.02680048786154
0

0101000
+3012 0 -3017 0 *
Wi

0101100
+3015 0 +3013 0 +3011 0 +3010 0 *
Fa
0  1e-07 56 0

0111000
+3009 0 *
Ve
1e-07
32.932804 16.279945 0
0 0

0101101
*
Ve
1e-07
23.123817 13.691566 0
0 0

0101101
*
Ed
 1e-07 1 1 0
1  185 0 0 10.144748977368
0

0101000
+3007 0 -3006 0 *
Ve
1e-07
27.621965 13.691566 0
0 0

0101101
*
Ed
 1e-07 1 1 0
1  186 0 0 4.498148
0

0101000
+3006 0 -3004 0 *
Ed
 1e-07 1 1 0
1  187 0 0 5.90802138888833
0

0101000
+3004 0 -3007 0 *
Wi

0101100
+3005 0 +3003 0 +3002 0 *
Fa
0  1e-07 57 0

0111000
+3001 0 *
Ve
1e-07
38.474197 12.483108 0
0 0

0101101
*
Ve
1e-07
39.456425 13.131577 0
0 0

0101101
*
Ed
 1e-07 1 1 0
1  188 0 0 1.17698083584441
0

0101000
+2999 0 -2998 0 *
Ve
1e-07
33.489399 13.131577 0
0 0

0101101
*
Ed
 1e-07 1 1 0
1  189 0 0 5.967026
0

0101000
+2998 0 -2996 0 *
Ed
 1e-07 1 1 0
1  190 0 0 5.02680048786154
0

0101000
+2996 0 -2999 0 *
Wi

0101100
+2997 0 +2995 0 +2994 0 *
Fa
0  1e-07 58 0

0111000
+2993 0 *
Ve
1e-07
36.188366 16.279945 0
0 0

0101101
*
Ve
1e-07
32.932804 13.691566 0
0 0

0101101
*
Ed
 1e-07 1 1 0
1  191 0 0 4.15913329715279
0

0101000
+2991 0 -2990 0 *
Ve
1e-07
39.456425 13.691566 0
0 0

0101101
*
Ed
 1e-07 1 1 0
1  192 0 0 6.52362100000001
0

0101000
+2990 0 -2988 0 *
Ed
 1e-07 1 1 0
1  193 0 0 4.16892257965077
0

0101000
+2988 0 -2991 0 *
Wi

0101100
+2989 0 +2987 0 +2986 0 *
Fa
0  1e-07 59 0

0111000
+2985 0 *
Ve
1e-07
44.720806 10.499552 0
0 0

0101101
*
Ve
1e-07
44.720806 14.324603 0
0 0

0101101
*
Ed
 1e-07 1 1 0
1  194 0 0 3.825051
0

0101000
+2983 0 -2982 0 *
Ve
1e-07
39.456425 12.483108 0
0 0

0101101
*
Ed
 1e-07 1 1 0
1  195 0 0 5.57716873943993
0

0101000
+2982 0 -2980 0 *
Ve
1e-07
39.456425 10.499552 0
0 0

0101101
*
Ed
 1e-07 1 1 0
1  196 0 0 1.983556
0

0101000
+2980 0 -2978 0 *
Ed
 1e-07 1 1 0
1  197 0 0 5.264381
0

0101000
+2978 0 -2983 0 *
Wi

0101100
+2981 0 +2979 0 +2977 0 +2976 0 *
Fa
0  1e-07 60 0

0111000
+2975 0 *
Ve
1e-07
44.720806 14.324603 0
0 0

0101101
*
Ve
1e-07
41.727573 16.830397 0
0 0

0101101
*
Ed
 1e-07 1 1 0
1  198 0 0 3.90364539408039
0

0101000
+2973 0 -2972 0 *
Ve
1e-07
39.456425 13.691566 0
0 0

0101101
*
Ed
 1e-07 1 1 0
1  199 0 0 3.87432230002422
0

0101000
+2972 0 -2970 0 *
Ed
 1e-07 1 1 0
1  200 0 0 5.30230545673578
0

0101000
+2970 0 -2973 0 *
Wi

0101100
+2971 0 +2969 0 +2968 0 *
Fa
0  1e-07 61 0

0111000
+2967 0 *
Ve
1e-07
39.456425 12.483108 0
0 0

0101101
*
Ve
1e-07
44.720806 14.324603 0
0 0

0101101
*
Ed
 1e-07 1 1 0
1  201 0 0 5.57716873943993
0

0101000
+2965 0 -2964 0 *
Ve
1e-07
39.456425 13.131577 0
0 0

0101101
*
Ed
 1e-07 1 1 0
1  202 0 0 5.3978716499966
0

0101000
+2964 0 -2962 0 *
Ed
 1e-07 1 1 0
1  203 0 0 0.648469
0

0101000
+2962 0 -2965 0 *
Wi

0101100
+2963 0 +2961 0 +2960 0 *
Fa
0  1e-07 62 0

0111000
+2959 0 *
Ve
1e-07
38.474197 12.483108 0
0 0

0101101
*
Ve
1e-07
39.456425 12.483108 0
0 0

0101101
*
Ed
 1e-07 1 1 0
1  204 0 0 0.982228000000006
0

0101000
+2957 0 -2956 0 *
Ve
1e-07
39.456425 13.131577 0
0 0

0101101
*
Ed
 1e-07 1 1 0
1  205 0 0 0.648469
0

0101000
+2956 0 -2954 0 *
Ed
 1e-07 1 1 0
1  206 0 0 1.17698083584441
0

0101000
+2954 0 -2957 0 *
Wi

0101100
+2955 0 +2953 0 +2952 0 *
Fa
0  1e-07 63 0

0111000
+2951 0 *
Ve
1e-07
39.475712 16.830397 0
0 0

0101101
*
Ve
1e-07
36.188366 16.279945 0
0 0

0101101
*
Ed
 1e-07 1 1 0
1  207 0 0 3.33311282857631
0

0101000
+2949 0 -2948 0 *
Ve
1e-07
39.456425 13.691566 0
0 0

0101101
*
Ed
 1e-07 1 1 0
1  208 0 0 4.16892257965077
0

0101000
+2948 0 -2946 0 *
Ed
 1e-07 1 1 0
1  209 0 0 3.13889025531795
0

0101000
+2946 0 -2949 0 *
Wi

0101100
+2947 0 +2945 0 +2944 0 *
Fa
0  1e-07 64 0

0111000
+2943 0 *
Ve
1e-07
36.188366 18.005888 0
0 0

0101101
*
Ve
1e-07
36.188366 17.302744 0
0 0

0101101
*
Ed
 1e-07 1 1 0
1  210 0 0 0.703143999999998
0

0101000
+2941 0 -2940 0 *
Ve
1e-07
39.475712 16.830397 0
0 0

0101101
*
Ed
 1e-07 1 1 0
1  211 0 0 3.32110755804822
0

0101000
+2940 0 -2938 0 *
Ed
 1e-07 1 1 0
1  212 0 0 3.49119217672087
0

0101000
+2938 0 -2941 0 *
Wi

0101100
+2939 0 +2937 0 +2936 0 *
Fa
0  1e-07 65 0

0111000
+2935 0 *
Ve
1e-07
36.188366 16.279945 0
0 0

0101101
*
Ve
1e-07
39.475712 16.830397 0
0 0

0101101
*
Ed
 1e-07 1 1 0
1  213 0 0 3.33311282857631
0

0101000
+2933 0 -2932 0 *
Ve
1e-07
36.188366 17.302744 0
0 0

0101101
*
Ed
 1e-07 1 1 0
1  214 0 0 3.32110755804822
0

0101000
+2932 0 -2930 0 *
Ed
 1e-07 1 1 0
1  215 0 0 1.022799
0

0101000
+2930 0 -2933 0 *
Wi

0101100
+2931 0 +2929 0 +2928 0 *
Fa
0  1e-07 66 0

0111000
+2927 0 *
Ve
1e-07
36.188366 17.302744 0
0 0

0101101
*
Ve
1e-07
36.188366 18.005888 0
0 0

0101101
*
Ed
 1e-07 1 1 0
1  216 0 0 0.703143999999998
0

0101000
+2925 0 -2924 0 *
Ve
1e-07
35.817612 18.005888 0
0 0

0101101
*
Ed
 1e-07 1 1 0
1  217 0 0 0.370754000000005
0

0101000
+2924 0 -2922 0 *
Ve
1e-07
35.817612 17.302744 0
0 0

0101101
*
Ed
 1e-07 1 1 0
1  218 0 0 0.703143999999998
0

0101000
+2922 0 -2920 0 *
Ed
 1e-07 1 1 0
1  219 0 0 0.370754000000005
0

0101000
+2920 0 -2925 0 *
Wi

0101100
+2923 0 +2921 0 +2919 0 +2918 0 *
Fa
0  1e-07 67 0

0111000
+2917 0 *
Ve
1e-07
39.790741 17.296885 0
0 0

0101101
*
Ve
1e-07
41.727573 17.296885 0
0 0

0101101
*
Ed
 1e-07 1 1 0
1  220 0 0 1.936832
0

0101000
+2915 0 -2914 0 *
Ve
1e-07
41.546722 17.949968 0
0 0

0101101
*
Ed
 1e-07 1 1 0
1  221 0 0 0.677661042918949
0

0101000
+2914 0 -2912 0 *
Ed
 1e-07 1 1 0
1  222 0 0 1.87349584393722
0

0101000
+2912 0 -2915 0 *
Wi

0101100
+2913 0 +2911 0 +2910 0 *
Fa
0  1e-07 68 0

0111000
+2909 0 *
Ve
1e-07
42.614315 17.949968 0
0 0

0101101
*
Ve
1e-07
41.546722 17.949968 0
0 0

0101101
*
Ed
 1e-07 1 1 0
1  223 0 0 1.067593
0

0101000
+2907 0 -2906 0 *
Ve
1e-07
41.727573 17.296885 0
0 0

0101101
*
Ed
 1e-07 1 1 0
1  224 0 0 0.677661042918949
0

0101000
+2906 0 -2904 0 *
Ve
1e-07
42.48597 17.296885 0
0 0

0101101
*
Ed
 1e-07 1 1 0
1  225 0 0 0.758397000000002
0

0101000
+2904 0 -2902 0 *
Ed
 1e-07 1 1 0
1  226 0 0 0.665574822175537
0

0101000
+2902 0 -2907 0 *
Wi

0101100
+2905 0 +2903 0 +2901 0 +2900 0 *
Fa
0  1e-07 69 0

0111000
+2899 0 *
Ve
1e-07
41.727573 16.830397 0
0 0

0101101
*
Ve
1e-07
39.475712 16.830397 0
0 0

0101101
*
Ed
 1e-07 1 1 0
1  227 0 0 2.251861
0

0101000
+2897 0 -2896 0 *
Ve
1e-07
39.456425 13.691566 0
0 0

0101101
*
Ed
 1e-07 1 1 0
1  228 0 0 3.13889025531795
0

0101000
+2896 0 -2894 0 *
Ed
 1e-07 1 1 0
1  229 0 0 3.87432230002422
0

0101000
+2894 0 -2897 0 *
Wi

0101100
+2895 0 +2893 0 +2892 0 *
Fa
0  1e-07 70 0

0111000
+2891 0 *
Ve
1e-07
39.790741 18.632206 0
0 0

0101101
*
Ve
1e-07
39.790741 17.296885 0
0 0

0101101
*
Ed
 1e-07 1 1 0
1  230 0 0 1.335321
0

0101000
+2889 0 -2888 0 *
Ve
1e-07
41.546722 17.949968 0
0 0

0101101
*
Ed
 1e-07 1 1 0
1  231 0 0 1.87349584393722
0

0101000
+2888 0 -2886 0 *
Ve
1e-07
41.546722 18.632206 0
0 0

0101101
*
Ed
 1e-07 1 1 0
1  232 0 0 0.682238000000002
0

0101000
+2886 0 -2884 0 *
Ed
 1e-07 1 1 0
1  233 0 0 1.75598100000001
0

0101000
+2884 0 -2889 0 *
Wi

0101100
+2887 0 +2885 0 +2883 0 +2882 0 *
Fa
0  1e-07 71 0

0111000
+2881 0 *
Ve
1e-07
32.932804 23.695688 0
0 0

0101101
*
Ve
1e-07
30.712257 25.307446 0
0 0

0101101
*
Ed
 1e-07 1 1 0
1  234 0 0 2.74382813415363
0

0101000
+2879 0 -2878 0 *
Ve
1e-07
13.409496 26.625788 0
0 0

0101101
*
Ed
 1e-07 1 1 0
1  235 0 0 17.3529122585255
0

0101000
+2878 0 -2876 0 *
Ed
 1e-07 1 1 0
1  236 0 0 19.7419614342867
0

0101000
+2876 0 -2879 0 *
Wi

0101100
+2877 0 +2875 0 +2874 0 *
Fa
0  1e-07 72 0

0111000
+2873 0 *
Ve
1e-07
37.717751 25.307446 0
0 0

0101101
*
Ve
1e-07
30.712257 25.307446 0
0 0

0101101
*
Ed
 1e-07 1 1 0
1  237 0 0 7.005494
0

0101000
+2871 0 -2870 0 *
Ve
1e-07
32.932804 23.695688 0
0 0

0101101
*
Ed
 1e-07 1 1 0
1  238 0 0 2.74382813415363
0

0101000
+2870 0 -2868 0 *
Ve
1e-07
36.188366 23.695688 0
0 0

0101101
*
Ed
 1e-07 1 1 0
1  239 0 0 3.255562
0

0101000
+2868 0 -2866 0 *
Ed
 1e-07 1 1 0
1  240 0 0 2.22188710982106
0

0101000
+2866 0 -2871 0 *
Wi

0101100
+2869 0 +2867 0 +2865 0 +2864 0 *
Fa
0  1e-07 73 0

0111000
+2863 0 *
Ve
1e-07
35.817612 23.11927 0
0 0

0101101
*
Ve
1e-07
33.604389 23.11927 0
0 0

0101101
*
Ed
 1e-07 1 1 0
1  241 0 0 2.213223
0

0101000
+2861 0 -2860 0 *
Ve
1e-07
33.604389 20.887978 0
0 0

0101101
*
Ed
 1e-07 1 1 0
1  242 0 0 2.231292
0

0101000
+2860 0 -2858 0 *
Ve
1e-07
35.144844 20.887978 0
0 0

0101101
*
Ed
 1e-07 1 1 0
1  243 0 0 1.540455
0

0101000
+2858 0 -2856 0 *
Ed
 1e-07 1 1 0
1  244 0 0 2.330510839084
0

0101000
+2856 0 -2861 0 *
Wi

0101100
+2859 0 +2857 0 +2855 0 +2854 0 *
Fa
0  1e-07 74 0

0111000
+2853 0 *
Ve
1e-07
35.817612 23.11927 0
0 0

0101101
*
Ve
1e-07
35.144844 20.887978 0
0 0

0101101
*
Ed
 1e-07 1 1 0
1  245 0 0 2.330510839084
0

0101000
+2851 0 -2850 0 *
Ve
1e-07
35.817612 18.005888 0
0 0

0101101
*
Ed
 1e-07 1 1 0
1  246 0 0 2.95957083880822
0

0101000
+2850 0 -2848 0 *
Ed
 1e-07 1 1 0
1  247 0 0 5.113382
0

0101000
+2848 0 -2851 0 *
Wi

0101100
+2849 0 +2847 0 +2846 0 *
Fa
0  1e-07 75 0

0111000
+2845 0 *
Ve
1e-07
27.71122 32.93364 0
0 0

0101101
*
Ve
1e-07
27.717743 26.625788 0
0 0

0101101
*
Ed
 1e-07 1 1 0
1  248 0 0 6.30785537274223
0

0101000
+2843 0 -2842 0 *
Ve
1e-07
30.712257 28.524675 0
0 0

0101101
*
Ed
 1e-07 1 1 0
1  249 0 0 3.54582655173163
0

0101000
+2842 0 -2840 0 *
Ed
 1e-07 1 1 0
1  250 0 0 5.33340373932013
0

0101000
+2840 0 -2843 0 *
Wi

0101100
+2841 0 +2839 0 +2838 0 *
Fa
0  1e-07 76 0

0111000
+2837 0 *
Ve
1e-07
27.717743 26.625788 0
0 0

0101101
*
Ve
1e-07
30.712257 25.307446 0
0 0

0101101
*
Ed
 1e-07 1 1 0
1  251 0 0 3.27187098235245
0

0101000
+2835 0 -2834 0 *
Ve
1e-07
30.712257 28.524675 0
0 0

0101101
*
Ed
 1e-07 1 1 0
1  252 0 0 3.217229
0

0101000
+2834 0 -2832 0 *
Ed
 1e-07 1 1 0
1  253 0 0 3.54582655173163
0

0101000
+2832 0 -2835 0 *
Wi

0101100
+2833 0 +2831 0 +2830 0 *
Fa
0  1e-07 77 0

0111000
+2829 0 *
Ve
1e-07
30.502281 32.92107 0
0 0

0101101
*
Ve
1e-07
30.712257 28.524675 0
0 0

0101101
*
Ed
 1e-07 1 1 0
1  254 0 0 4.40140647027754
0

0101000
+2827 0 -2826 0 *
Ve
1e-07
31.23218 32.92107 0
0 0

0101101
*
Ed
 1e-07 1 1 0
1  255 0 0 4.42703161519703
0

0101000
+2826 0 -2824 0 *
Ed
 1e-07 1 1 0
1  256 0 0 0.729899
0

0101000
+2824 0 -2827 0 *
Wi

0101100
+2825 0 +2823 0 +2822 0 *
Fa
0  1e-07 78 0

0111000
+2821 0 *
Ve
1e-07
31.422274 27.985317 0
0 0

0101101
*
Ve
1e-07
31.422274 25.979279 0
0 0

0101101
*
Ed
 1e-07 1 1 0
1  257 0 0 2.006038
0

0101000
+2819 0 -2818 0 *
Ve
1e-07
35.218494 26.670038 0
0 0

0101101
*
Ed
 1e-07 1 1 0
1  258 0 0 3.85855339272129
0

0101000
+2818 0 -2816 0 *
Ve
1e-07
35.218494 27.985317 0
0 0

0101101
*
Ed
 1e-07 1 1 0
1  259 0 0 1.315279
0

0101000
+2816 0 -2814 0 *
Ed
 1e-07 1 1 0
1  260 0 0 3.79622
0

0101000
+2814 0 -2819 0 *
Wi

0101100
+2817 0 +2815 0 +2813 0 +2812 0 *
Fa
0  1e-07 79 0

0111000
+2811 0 *
Ve
1e-07
13.409496 26.625788 0
0 0

0101101
*
Ve
1e-07
30.712257 25.307446 0
0 0

0101101
*
Ed
 1e-07 1 1 0
1  261 0 0 17.3529122585255
0

0101000
+2809 0 -2808 0 *
Ve
1e-07
27.717743 26.625788 0
0 0

0101101
*
Ed
 1e-07 1 1 0
1  262 0 0 3.27187098235245
0

0101000
+2808 0 -2806 0 *
Ed
 1e-07 1 1 0
1  263 0 0 14.308247
0

0101000
+2806 0 -2809 0 *
Wi

0101100
+2807 0 +2805 0 +2804 0 *
Fa
0  1e-07 80 0

0111000
+2803 0 *
Ve
1e-07
39.475712 19.343599 0
0 0

0101101
*
Ve
1e-07
44.749496 19.343599 0
0 0

0101101
*
Ed
 1e-07 1 1 0
1  264 0 0 5.273784
0

0101000
+2801 0 -2800 0 *
Ve
1e-07
43.520897 22.822996 0
0 0

0101101
*
Ed
 1e-07 1 1 0
1  265 0 0 3.68994024157709
0

0101000
+2800 0 -2798 0 *
Ve
1e-07
41.040844 22.822996 0
0 0

0101101
*
Ed
 1e-07 1 1 0
1  266 0 0 2.480053
0

0101000
+2798 0 -2796 0 *
Ed
 1e-07 1 1 0
1  267 0 0 3.81521187629639
0

0101000
+2796 0 -2801 0 *
Wi

0101100
+2799 0 +2797 0 +2795 0 +2794 0 *
Fa
0  1e-07 81 0

0111000
+2793 0 *
Ve
1e-07
39.475712 19.343599 0
0 0

0101101
*
Ve
1e-07
36.188366 23.695688 0
0 0

0101101
*
Ed
 1e-07 1 1 0
1  268 0 0 5.45411059547173
0

0101000
+2791 0 -2790 0 *
Ve
1e-07
36.188366 18.005888 0
0 0

0101101
*
Ed
 1e-07 1 1 0
1  269 0 0 5.6898
0

0101000
+2790 0 -2788 0 *
Ed
 1e-07 1 1 0
1  270 0 0 3.54910051185325
0

0101000
+2788 0 -2791 0 *
Wi

0101100
+2789 0 +2787 0 +2786 0 *
Fa
0  1e-07 82 0

0111000
+2785 0 *
Ve
1e-07
42.617195 23.324057 0
0 0

0101101
*
Ve
1e-07
41.93523 24.781368 0
0 0

0101101
*
Ed
 1e-07 1 1 0
1  271 0 0 1.60898465248927
0

0101000
+2783 0 -2782 0 *
Ve
1e-07
41.39436 23.324057 0
0 0

0101101
*
Ed
 1e-07 1 1 0
1  272 0 0 1.55444385798298
0

0101000
+2782 0 -2780 0 *
Ed
 1e-07 1 1 0
1  273 0 0 1.222835
0

0101000
+2780 0 -2783 0 *
Wi

0101100
+2781 0 +2779 0 +2778 0 *
Fa
0  1e-07 83 0

0111000
+2777 0 *
Ve
1e-07
41.39436 23.324057 0
0 0

0101101
*
Ve
1e-07
41.93523 24.781368 0
0 0

0101101
*
Ed
 1e-07 1 1 0
1  274 0 0 1.55444385798298
0

0101000
+2775 0 -2774 0 *
Ve
1e-07
41.39436 24.781368 0
0 0

0101101
*
Ed
 1e-07 1 1 0
1  275 0 0 0.540869999999998
0

0101000
+2774 0 -2772 0 *
Ed
 1e-07 1 1 0
1  276 0 0 1.457311
0

0101000
+2772 0 -2775 0 *
Wi

0101100
+2773 0 +2771 0 +2770 0 *
Fa
0  1e-07 84 0

0111000
+2769 0 *
Ve
1e-07
37.717751 25.307446 0
0 0

0101101
*
Ve
1e-07
36.188366 23.695688 0
0 0

0101101
*
Ed
 1e-07 1 1 0
1  277 0 0 2.22188710982106
0

0101000
+2767 0 -2766 0 *
Ve
1e-07
41.040844 22.822996 0
0 0

0101101
*
Ed
 1e-07 1 1 0
1  278 0 0 4.93032798780649
0

0101000
+2766 0 -2764 0 *
Ed
 1e-07 1 1 0
1  279 0 0 4.14914917653596
0

0101000
+2764 0 -2767 0 *
Wi

0101100
+2765 0 +2763 0 +2762 0 *
Fa
0  1e-07 85 0

0111000
+2761 0 *
Ve
1e-07
31.422274 25.979279 0
0 0

0101101
*
Ve
1e-07
37.717751 25.979279 0
0 0

0101101
*
Ed
 1e-07 1 1 0
1  280 0 0 6.295477
0

0101000
+2759 0 -2758 0 *
Ve
1e-07
35.218494 26.670038 0
0 0

0101101
*
Ed
 1e-07 1 1 0
1  281 0 0 2.59295845476359
0

0101000
+2758 0 -2756 0 *
Ed
 1e-07 1 1 0
1  282 0 0 3.85855339272129
0

0101000
+2756 0 -2759 0 *
Wi

0101100
+2757 0 +2755 0 +2754 0 *
Fa
0  1e-07 86 0

0111000
+2753 0 *
Ve
1e-07
41.040844 22.822996 0
0 0

0101101
*
Ve
1e-07
41.040844 26.749912 0
0 0

0101101
*
Ed
 1e-07 1 1 0
1  283 0 0 3.926916
0

0101000
+2751 0 -2750 0 *
Ve
1e-07
37.717751 25.307446 0
0 0

0101101
*
Ed
 1e-07 1 1 0
1  284 0 0 3.62265858835814
0

0101000
+2750 0 -2748 0 *
Ed
 1e-07 1 1 0
1  285 0 0 4.14914917653596
0

0101000
+2748 0 -2751 0 *
Wi

0101100
+2749 0 +2747 0 +2746 0 *
Fa
0  1e-07 87 0

0111000
+2745 0 *
Ve
1e-07
37.717751 28.524675 0
0 0

0101101
*
Ve
1e-07
37.717751 26.670038 0
0 0

0101101
*
Ed
 1e-07 1 1 0
1  286 0 0 1.854637
0

0101000
+2743 0 -2742 0 *
Ve
1e-07
41.040844 27.437433 0
0 0

0101101
*
Ed
 1e-07 1 1 0
1  287 0 0 3.41054866153145
0

0101000
+2742 0 -2740 0 *
Ve
1e-07
41.040844 27.799553 0
0 0

0101101
*
Ed
 1e-07 1 1 0
1  288 0 0 0.362120000000001
0

0101000
+2740 0 -2738 0 *
Ed
 1e-07 1 1 0
1  289 0 0 3.40128637452553
0

0101000
+2738 0 -2743 0 *
Wi

0101100
+2741 0 +2739 0 +2737 0 +2736 0 *
Fa
0  1e-07 88 0

0111000
+2735 0 *
Ve
1e-07
37.717751 26.670038 0
0 0

0101101
*
Ve
1e-07
37.717751 25.979279 0
0 0

0101101
*
Ed
 1e-07 1 1 0
1  290 0 0 0.690759000000003
0

0101000
+2733 0 -2732 0 *
Ve
1e-07
41.040844 26.749912 0
0 0

0101101
*
Ed
 1e-07 1 1 0
1  291 0 0 3.41127869095124
0

0101000
+2732 0 -2730 0 *
Ed
 1e-07 1 1 0
1  292 0 0 3.32405278876931
0

0101000
+2730 0 -2733 0 *
Wi

0101100
+2731 0 +2729 0 +2728 0 *
Fa
0  1e-07 89 0

0111000
+2727 0 *
Ve
1e-07
35.218494 26.670038 0
0 0

0101101
*
Ve
1e-07
37.717751 25.979279 0
0 0

0101101
*
Ed
 1e-07 1 1 0
1  293 0 0 2.59295845476359
0

0101000
+2725 0 -2724 0 *
Ve
1e-07
37.717751 26.670038 0
0 0

0101101
*
Ed
 1e-07 1 1 0
1  294 0 0 0.690759000000003
0

0101000
+2724 0 -2722 0 *
Ed
 1e-07 1 1 0
1  295 0 0 2.499257
0

0101000
+2722 0 -2725 0 *
Wi

0101100
+2723 0 +2721 0 +2720 0 *
Fa
0  1e-07 90 0

0111000
+2719 0 *
Ve
1e-07
41.040844 27.437433 0
0 0

0101101
*
Ve
1e-07
41.040844 26.749912 0
0 0

0101101
*
Ed
 1e-07 1 1 0
1  296 0 0 0.687521
0

0101000
+2717 0 -2716 0 *
Ve
1e-07
41.93523 26.749912 0
0 0

0101101
*
Ed
 1e-07 1 1 0
1  297 0 0 0.894385999999997
0

0101000
+2716 0 -2714 0 *
Ed
 1e-07 1 1 0
1  298 0 0 1.12810081217815
0

0101000
+2714 0 -2717 0 *
Wi

0101100
+2715 0 +2713 0 +2712 0 *
Fa
0  1e-07 91 0

0111000
+2711 0 *
Ve
1e-07
37.717751 25.307446 0
0 0

0101101
*
Ve
1e-07
41.040844 26.749912 0
0 0

0101101
*
Ed
 1e-07 1 1 0
1  299 0 0 3.62265858835814
0

0101000
+2709 0 -2708 0 *
Ve
1e-07
37.717751 25.979279 0
0 0

0101101
*
Ed
 1e-07 1 1 0
1  300 0 0 3.41127869095124
0

0101000
+2708 0 -2706 0 *
Ed
 1e-07 1 1 0
1  301 0 0 0.671832999999999
0

0101000
+2706 0 -2709 0 *
Wi

0101100
+2707 0 +2705 0 +2704 0 *
Fa
0  1e-07 92 0

0111000
+2703 0 *
Ve
1e-07
42.228268 32.046741 0
0 0

0101101
*
Ve
1e-07
41.040844 27.799553 0
0 0

0101101
*
Ed
 1e-07 1 1 0
1  302 0 0 4.41005460999294
0

0101000
+2701 0 -2700 0 *
Ve
1e-07
43.520897 27.799553 0
0 0

0101101
*
Ed
 1e-07 1 1 0
1  303 0 0 2.480053
0

0101000
+2700 0 -2698 0 *
Ed
 1e-07 1 1 0
1  304 0 0 4.43953777312289
0

0101000
+2698 0 -2701 0 *
Wi

0101100
+2699 0 +2697 0 +2696 0 *
Fa
0  1e-07 93 0

0111000
+2695 0 *
Ve
1e-07
37.717751 26.670038 0
0 0

0101101
*
Ve
1e-07
41.040844 26.749912 0
0 0

0101101
*
Ed
 1e-07 1 1 0
1  305 0 0 3.32405278876931
0

0101000
+2693 0 -2692 0 *
Ve
1e-07
41.040844 27.437433 0
0 0

0101101
*
Ed
 1e-07 1 1 0
1  306 0 0 0.687521
0

0101000
+2692 0 -2690 0 *
Ed
 1e-07 1 1 0
1  307 0 0 3.41054866153145
0

0101000
+2690 0 -2693 0 *
Wi

0101100
+2691 0 +2689 0 +2688 0 *
Fa
0  1e-07 94 0

0111000
+2687 0 *
Ve
1e-07
37.717751 28.524675 0
0 0

0101101
*
Ve
1e-07
37.811062 32.046741 0
0 0

0101101
*
Ed
 1e-07 1 1 0
1  308 0 0 3.52330183933721
0

0101000
+2685 0 -2684 0 *
Ve
1e-07
30.712257 28.524675 0
0 0

0101101
*
Ed
 1e-07 1 1 0
1  309 0 0 7.92451773525563
0

0101000
+2684 0 -2682 0 *
Ed
 1e-07 1 1 0
1  310 0 0 7.005494
0

0101000
+2682 0 -2685 0 *
Wi

0101100
+2683 0 +2681 0 +2680 0 *
Fa
0  1e-07 95 0

0111000
+2679 0 *
Ve
1e-07
41.040844 27.437433 0
0 0

0101101
*
Ve
1e-07
41.93523 26.749912 0
0 0

0101101
*
Ed
 1e-07 1 1 0
1  311 0 0 1.12810081217815
0

0101000
+2677 0 -2676 0 *
Ve
1e-07
42.617195 27.437433 0
0 0

0101101
*
Ed
 1e-07 1 1 0
1  312 0 0 0.968380806638591
0

0101000
+2676 0 -2674 0 *
Ed
 1e-07 1 1 0
1  313 0 0 1.576351
0

0101000
+2674 0 -2677 0 *
Wi

0101100
+2675 0 +2673 0 +2672 0 *
Fa
0  1e-07 96 0

0111000
+2671 0 *
Ve
1e-07
41.040844 22.822996 0
0 0

0101101
*
Ve
1e-07
36.188366 23.695688 0
0 0

0101101
*
Ed
 1e-07 1 1 0
1  314 0 0 4.93032798780649
0

0101000
+2669 0 -2668 0 *
Ve
1e-07
39.475712 19.343599 0
0 0

0101101
*
Ed
 1e-07 1 1 0
1  315 0 0 5.45411059547173
0

0101000
+2668 0 -2666 0 *
Ed
 1e-07 1 1 0
1  316 0 0 3.81521187629639
0

0101000
+2666 0 -2669 0 *
Wi

0101100
+2667 0 +2665 0 +2664 0 *
Fa
0  1e-07 97 0

0111000
+2663 0 *
Ve
1e-07
39.475712 16.830397 0
0 0

0101101
*
Ve
1e-07
39.475712 19.343599 0
0 0

0101101
*
Ed
 1e-07 1 1 0
1  317 0 0 2.513202
0

0101000
+2661 0 -2660 0 *
Ve
1e-07
36.188366 18.005888 0
0 0

0101101
*
Ed
 1e-07 1 1 0
1  318 0 0 3.54910051185325
0

0101000
+2660 0 -2658 0 *
Ed
 1e-07 1 1 0
1  319 0 0 3.49119217672087
0

0101000
+2658 0 -2661 0 *
Wi

0101100
+2659 0 +2657 0 +2656 0 *
Fa
0  1e-07 98 0

0111000
+2655 0 *
Ve
1e-07
26.750359 31.489407 0
0 0

0101101
*
Ve
1e-07
24.94219 30.843313 0
0 0

0101101
*
Ed
 1e-07 1 1 0
1  320 0 0 1.92013348218216
0

0101000
+2653 0 -2652 0 *
Ve
1e-07
27.335609 28.014465 0
0 0

0101101
*
Ed
 1e-07 1 1 0
1  321 0 0 3.70551420408356
0

0101000
+2652 0 -2650 0 *
Ed
 1e-07 1 1 0
1  322 0 0 3.52388130700567
0

0101000
+2650 0 -2653 0 *
Wi

0101100
+2651 0 +2649 0 +2648 0 *
Fa
0  1e-07 99 0

0111000
+2647 0 *
Ve
1e-07
23.593031 13.30925 0
0 0

0101101
*
Ve
1e-07
27.183355 12.614771 0
0 0

0101101
*
Ed
 1e-07 1 1 0
1  323 0 0 3.65687400745732
0

0101000
+2645 0 -2644 0 *
Ve
1e-07
27.621965 13.30925 0
0 0

0101101
*
Ed
 1e-07 1 1 0
1  324 0 0 0.821388953870821
0

0101000
+2644 0 -2642 0 *
Ed
 1e-07 1 1 0
1  325 0 0 4.028934
0

0101000
+2642 0 -2645 0 *
Wi

0101100
+2643 0 +2641 0 +2640 0 *
Fa
0  1e-07 100 0

0111000
+2639 0 *
Ve
1e-07
41.040844 27.799553 0
0 0

0101101
*
Ve
1e-07
41.619255 32.046741 0
0 0

0101101
*
Ed
 1e-07 1 1 0
1  326 0 0 4.2863930282074
0

0101000
+2637 0 -2636 0 *
Ve
1e-07
37.717751 28.524675 0
0 0

0101101
*
Ed
 1e-07 1 1 0
1  327 0 0 5.25610905236678
0

0101000
+2636 0 -2634 0 *
Ed
 1e-07 1 1 0
1  328 0 0 3.40128637452553
0

0101000
+2634 0 -2637 0 *
Wi

0101100
+2635 0 +2633 0 +2632 0 *
Fa
0  1e-07 101 0

0111000
+2631 0 *
Ve
1e-07
14.397943 31.580334 0
0 0

0101101
*
Ve
1e-07
16.184946 28.770277 0
0 0

0101101
*
Ed
 1e-07 1 1 0
1  329 0 0 3.33013514219138
0

0101000
+2629 0 -2628 0 *
Ve
1e-07
15.192839 31.580334 0
0 0

0101101
*
Ed
 1e-07 1 1 0
1  330 0 0 2.98004977184912
0

0101000
+2628 0 -2626 0 *
Ed
 1e-07 1 1 0
1  331 0 0 0.794896
0

0101000
+2626 0 -2629 0 *
Wi

0101100
+2627 0 +2625 0 +2624 0 *
Fa
0  1e-07 102 0

0111000
+2623 0 *
Ve
1e-07
13.941692 32.549477 0
0 0

0101101
*
Ve
1e-07
14.397943 31.580334 0
0 0

0101101
*
Ed
 1e-07 1 1 0
1  332 0 0 1.0711690480265
0

0101000
+2621 0 -2620 0 *
Ve
1e-07
14.397943 31.824802 0
0 0

0101101
*
Ed
 1e-07 1 1 0
1  333 0 0 0.244467999999998
0

0101000
+2620 0 -2618 0 *
Ed
 1e-07 1 1 0
1  334 0 0 0.856340370779054
0

0101000
+2618 0 -2621 0 *
Wi

0101100
+2619 0 +2617 0 +2616 0 *
Fa
0  1e-07 103 0

0111000
+2615 0 *
Ve
1e-07
15.85956 31.550922 0
0 0

0101101
*
Ve
1e-07
16.184946 28.770277 0
0 0

0101101
*
Ed
 1e-07 1 1 0
1  335 0 0 2.79961830702348
0

0101000
+2613 0 -2612 0 *
Ve
1e-07
16.184946 31.550922 0
0 0

0101101
*
Ed
 1e-07 1 1 0
1  336 0 0 2.780645
0

0101000
+2612 0 -2610 0 *
Ed
 1e-07 1 1 0
1  337 0 0 0.325386
0

0101000
+2610 0 -2613 0 *
Wi

0101100
+2611 0 +2609 0 +2608 0 *
Fa
0  1e-07 104 0

0111000
+2607 0 *
Ve
1e-07
16.184946 28.770277 0
0 0

0101101
*
Ve
1e-07
15.85956 31.550922 0
0 0

0101101
*
Ed
 1e-07 1 1 0
1  338 0 0 2.79961830702348
0

0101000
+2605 0 -2604 0 *
Ve
1e-07
15.192839 31.580334 0
0 0

0101101
*
Ed
 1e-07 1 1 0
1  339 0 0 0.667369431113683
0

0101000
+2604 0 -2602 0 *
Ed
 1e-07 1 1 0
1  340 0 0 2.98004977184912
0

0101000
+2602 0 -2605 0 *
Wi

0101100
+2603 0 +2601 0 +2600 0 *
Fa
0  1e-07 105 0

0111000
+2599 0 *
Ve
1e-07
14.860904 31.824802 0
0 0

0101101
*
Ve
1e-07
14.860904 32.549477 0
0 0

0101101
*
Ed
 1e-07 1 1 0
1  341 0 0 0.724675000000005
0

0101000
+2597 0 -2596 0 *
Ve
1e-07
14.397943 31.824802 0
0 0

0101101
*
Ed
 1e-07 1 1 0
1  342 0 0 0.859934150470841
0

0101000
+2596 0 -2594 0 *
Ed
 1e-07 1 1 0
1  343 0 0 0.462961
0

0101000
+2594 0 -2597 0 *
Wi

0101100
+2595 0 +2593 0 +2592 0 *
Fa
0  1e-07 106 0

0111000
+2591 0 *
Ve
1e-07
14.860904 32.549477 0
0 0

0101101
*
Ve
1e-07
13.941692 32.549477 0
0 0

0101101
*
Ed
 1e-07 1 1 0
1  344 0 0 0.919212
0

0101000
+2589 0 -2588 0 *
Ve
1e-07
14.397943 31.824802 0
0 0

0101101
*
Ed
 1e-07 1 1 0
1  345 0 0 0.856340370779054
0

0101000
+2588 0 -2586 0 *
Ed
 1e-07 1 1 0
1  346 0 0 0.859934150470841
0

0101000
+2586 0 -2589 0 *
Wi

0101100
+2587 0 +2585 0 +2584 0 *
Fa
0  1e-07 107 0

0111000
+2583 0 *
Ve
1e-07
15.192839 32.93364 0
0 0

0101101
*
Ve
1e-07
15.192839 31.580334 0
0 0

0101101
*
Ed
 1e-07 1 1 0
1  347 0 0 1.353306
0

0101000
+2581 0 -2580 0 *
Ve
1e-07
15.85956 31.550922 0
0 0

0101101
*
Ed
 1e-07 1 1 0
1  348 0 0 0.667369431113683
0

0101000
+2580 0 -2578 0 *
Ve
1e-07
15.85956 32.93364 0
0 0

0101101
*
Ed
 1e-07 1 1 0
1  349 0 0 1.382718
0

0101000
+2578 0 -2576 0 *
Ed
 1e-07 1 1 0
1  350 0 0 0.666721000000001
0

0101000
+2576 0 -2581 0 *
Wi

0101100
+2579 0 +2577 0 +2575 0 +2574 0 *
Fa
0  1e-07 108 0

0111000
+2573 0 *
Ve
1e-07
16.62608 32.549477 0
0 0

0101101
*
Ve
1e-07
18.975468 31.608133 0
0 0

0101101
*
Ed
 1e-07 1 1 0
1  351 0 0 2.53095881058543
0

0101000
+2571 0 -2570 0 *
Ve
1e-07
18.975468 32.549477 0
0 0

0101101
*
Ed
 1e-07 1 1 0
1  352 0 0 0.941344000000004
0

0101000
+2570 0 -2568 0 *
Ed
 1e-07 1 1 0
1  353 0 0 2.349388
0

0101000
+2568 0 -2571 0 *
Wi

0101100
+2569 0 +2567 0 +2566 0 *
Fa
0  1e-07 109 0

0111000
+2565 0 *
Ve
1e-07
13.941692 33.98391 0
0 0

0101101
*
Ve
1e-07
13.941692 32.93364 0
0 0

0101101
*
Ed
 1e-07 1 1 0
1  354 0 0 1.05027
0

0101000
+2563 0 -2562 0 *
Ve
1e-07
15.192839 32.93364 0
0 0

0101101
*
Ed
 1e-07 1 1 0
1  355 0 0 1.251147
0

0101000
+2562 0 -2560 0 *
Ed
 1e-07 1 1 0
1  356 0 0 1.63353478337898
0

0101000
+2560 0 -2563 0 *
Wi

0101100
+2561 0 +2559 0 +2558 0 *
Fa
0  1e-07 110 0

0111000
+2557 0 *
Ve
1e-07
13.941692 28.093515 0
0 0

0101101
*
Ve
1e-07
14.397943 31.580334 0
0 0

0101101
*
Ed
 1e-07 1 1 0
1  357 0 0 3.51654257954628
0

0101000
+2555 0 -2554 0 *
Ve
1e-07
13.941692 32.549477 0
0 0

0101101
*
Ed
 1e-07 1 1 0
1  358 0 0 1.0711690480265
0

0101000
+2554 0 -2552 0 *
Ed
 1e-07 1 1 0
1  359 0 0 4.455962
0

0101000
+2552 0 -2555 0 *
Wi

0101100
+2553 0 +2551 0 +2550 0 *
Fa
0  1e-07 111 0

0111000
+2549 0 *
Ve
1e-07
21.735209 32.549477 0
0 0

0101101
*
Ve
1e-07
19.429138 32.549477 0
0 0

0101101
*
Ed
 1e-07 1 1 0
1  360 0 0 2.306071
0

0101000
+2547 0 -2546 0 *
Ve
1e-07
21.735209 31.608133 0
0 0

0101101
*
Ed
 1e-07 1 1 0
1  361 0 0 2.49080147409966
0

0101000
+2546 0 -2544 0 *
Ed
 1e-07 1 1 0
1  362 0 0 0.941344000000004
0

0101000
+2544 0 -2547 0 *
Wi

0101100
+2545 0 +2543 0 +2542 0 *
Fa
0  1e-07 112 0

0111000
+2541 0 *
Ve
1e-07
19.429138 31.608133 0
0 0

0101101
*
Ve
1e-07
21.735209 31.608133 0
0 0

0101101
*
Ed
 1e-07 1 1 0
1  363 0 0 2.306071
0

0101000
+2539 0 -2538 0 *
Ve
1e-07
19.429138 32.549477 0
0 0

0101101
*
Ed
 1e-07 1 1 0
1  364 0 0 2.49080147409966
0

0101000
+2538 0 -2536 0 *
Ed
 1e-07 1 1 0
1  365 0 0 0.941344000000004
0

0101000
+2536 0 -2539 0 *
Wi

0101100
+2537 0 +2535 0 +2534 0 *
Fa
0  1e-07 113 0

0111000
+2533 0 *
Ve
1e-07
24.514172 31.489407 0
0 0

0101101
*
Ve
1e-07
24.514172 32.549477 0
0 0

0101101
*
Ed
 1e-07 1 1 0
1  366 0 0 1.06007
0

0101000
+2531 0 -2530 0 *
Ve
1e-07
22.14576 32.549477 0
0 0

0101101
*
Ed
 1e-07 1 1 0
1  367 0 0 2.368412
0

0101000
+2530 0 -2528 0 *
Ve
1e-07
22.14576 31.608133 0
0 0

0101101
*
Ed
 1e-07 1 1 0
1  368 0 0 0.941344000000004
0

0101000
+2528 0 -2526 0 *
Ed
 1e-07 1 1 0
1  369 0 0 2.37138593755213
0

0101000
+2526 0 -2531 0 *
Wi

0101100
+2529 0 +2527 0 +2525 0 +2524 0 *
Fa
0  1e-07 114 0

0111000
+2523 0 *
Ve
1e-07
27.335609 28.014465 0
0 0

0101101
*
Ve
1e-07
27.335609 32.558205 0
0 0

0101101
*
Ed
 1e-07 1 1 0
1  370 0 0 4.54374
0

0101000
+2521 0 -2520 0 *
Ve
1e-07
26.750359 31.489407 0
0 0

0101101
*
Ed
 1e-07 1 1 0
1  371 0 0 1.21854287052364
0

0101000
+2520 0 -2518 0 *
Ed
 1e-07 1 1 0
1  372 0 0 3.52388130700567
0

0101000
+2518 0 -2521 0 *
Wi

0101100
+2519 0 +2517 0 +2516 0 *
Fa
0  1e-07 115 0

0111000
+2515 0 *
Ve
1e-07
21.735209 31.608133 0
0 0

0101101
*
Ve
1e-07
19.429138 31.608133 0
0 0

0101101
*
Ed
 1e-07 1 1 0
1  373 0 0 2.306071
0

0101000
+2513 0 -2512 0 *
Ve
1e-07
21.735209 30.847519 0
0 0

0101101
*
Ed
 1e-07 1 1 0
1  374 0 0 2.42827039557727
0

0101000
+2512 0 -2510 0 *
Ed
 1e-07 1 1 0
1  375 0 0 0.760614
0

0101000
+2510 0 -2513 0 *
Wi

0101100
+2511 0 +2509 0 +2508 0 *
Fa
0  1e-07 116 0

0111000
+2507 0 *
Ve
1e-07
26.750359 31.786263 0
0 0

0101101
*
Ve
1e-07
26.383482 32.558205 0
0 0

0101101
*
Ed
 1e-07 1 1 0
1  376 0 0 0.854688940195787
0

0101000
+2505 0 -2504 0 *
Ve
1e-07
26.383482 31.786263 0
0 0

0101101
*
Ed
 1e-07 1 1 0
1  377 0 0 0.771941999999999
0

0101000
+2504 0 -2502 0 *
Ed
 1e-07 1 1 0
1  378 0 0 0.366876999999999
0

0101000
+2502 0 -2505 0 *
Wi

0101100
+2503 0 +2501 0 +2500 0 *
Fa
0  1e-07 117 0

0111000
+2499 0 *
Ve
1e-07
25.269863 32.93364 0
0 0

0101101
*
Ve
1e-07
25.269863 31.489407 0
0 0

0101101
*
Ed
 1e-07 1 1 0
1  379 0 0 1.444233
0

0101000
+2497 0 -2496 0 *
Ve
1e-07
26.025345 31.489407 0
0 0

0101101
*
Ed
 1e-07 1 1 0
1  380 0 0 0.755482000000001
0

0101000
+2496 0 -2494 0 *
Ve
1e-07
26.025345 32.93364 0
0 0

0101101
*
Ed
 1e-07 1 1 0
1  381 0 0 1.444233
0

0101000
+2494 0 -2492 0 *
Ed
 1e-07 1 1 0
1  382 0 0 0.755482000000001
0

0101000
+2492 0 -2497 0 *
Wi

0101100
+2495 0 +2493 0 +2491 0 +2490 0 *
Fa
0  1e-07 118 0

0111000
+2489 0 *
Ve
1e-07
26.383482 32.558205 0
0 0

0101101
*
Ve
1e-07
26.750359 31.786263 0
0 0

0101101
*
Ed
 1e-07 1 1 0
1  383 0 0 0.854688940195787
0

0101000
+2487 0 -2486 0 *
Ve
1e-07
27.335609 32.558205 0
0 0

0101101
*
Ed
 1e-07 1 1 0
1  384 0 0 0.968716684002088
0

0101000
+2486 0 -2484 0 *
Ed
 1e-07 1 1 0
1  385 0 0 0.952127000000001
0

0101000
+2484 0 -2487 0 *
Wi

0101100
+2485 0 +2483 0 +2482 0 *
Fa
0  1e-07 119 0

0111000
+2481 0 *
Ve
1e-07
27.335609 32.558205 0
0 0

0101101
*
Ve
1e-07
26.750359 31.786263 0
0 0

0101101
*
Ed
 1e-07 1 1 0
1  386 0 0 0.968716684002088
0

0101000
+2479 0 -2478 0 *
Ve
1e-07
26.750359 31.489407 0
0 0

0101101
*
Ed
 1e-07 1 1 0
1  387 0 0 0.296856000000002
0

0101000
+2478 0 -2476 0 *
Ed
 1e-07 1 1 0
1  388 0 0 1.21854287052364
0

0101000
+2476 0 -2479 0 *
Wi

0101100
+2477 0 +2475 0 +2474 0 *
Fa
0  1e-07 120 0

0111000
+2473 0 *
Ve
1e-07
30.502281 32.92107 0
0 0

0101101
*
Ve
1e-07
31.23218 32.92107 0
0 0

0101101
*
Ed
 1e-07 1 1 0
1  389 0 0 0.729899
0

0101000
+2471 0 -2470 0 *
Ve
1e-07
31.23218 33.487335 0
0 0

0101101
*
Ed
 1e-07 1 1 0
1  390 0 0 0.566265000000001
0

0101000
+2470 0 -2468 0 *
Ve
1e-07
30.502281 33.487335 0
0 0

0101101
*
Ed
 1e-07 1 1 0
1  391 0 0 0.729899
0

0101000
+2468 0 -2466 0 *
Ed
 1e-07 1 1 0
1  392 0 0 0.566265000000001
0

0101000
+2466 0 -2471 0 *
Wi

0101100
+2469 0 +2467 0 +2465 0 +2464 0 *
Fa
0  1e-07 121 0

0111000
+2463 0 *
Ve
1e-07
30.712257 28.524675 0
0 0

0101101
*
Ve
1e-07
30.502281 32.92107 0
0 0

0101101
*
Ed
 1e-07 1 1 0
1  393 0 0 4.40140647027754
0

0101000
+2461 0 -2460 0 *
Ve
1e-07
29.125172 32.92107 0
0 0

0101101
*
Ed
 1e-07 1 1 0
1  394 0 0 1.377109
0

0101000
+2460 0 -2458 0 *
Ed
 1e-07 1 1 0
1  395 0 0 4.67409111948516
0

0101000
+2458 0 -2461 0 *
Wi

0101100
+2459 0 +2457 0 +2456 0 *
Fa
0  1e-07 122 0

0111000
+2455 0 *
Ve
1e-07
29.125172 32.92107 0
0 0

0101101
*
Ve
1e-07
27.71122 32.93364 0
0 0

0101101
*
Ed
 1e-07 1 1 0
1  396 0 0 1.41400787239817
0

0101000
+2453 0 -2452 0 *
Ve
1e-07
30.712257 28.524675 0
0 0

0101101
*
Ed
 1e-07 1 1 0
1  397 0 0 5.33340373932013
0

0101000
+2452 0 -2450 0 *
Ed
 1e-07 1 1 0
1  398 0 0 4.67409111948516
0

0101000
+2450 0 -2453 0 *
Wi

0101100
+2451 0 +2449 0 +2448 0 *
Fa
0  1e-07 123 0

0111000
+2447 0 *
Ve
1e-07
30.712257 28.524675 0
0 0

0101101
*
Ve
1e-07
32.37656 32.92107 0
0 0

0101101
*
Ed
 1e-07 1 1 0
1  399 0 0 4.70087156512854
0

0101000
+2445 0 -2444 0 *
Ve
1e-07
31.23218 32.92107 0
0 0

0101101
*
Ed
 1e-07 1 1 0
1  400 0 0 1.14438
0

0101000
+2444 0 -2442 0 *
Ed
 1e-07 1 1 0
1  401 0 0 4.42703161519703
0

0101000
+2442 0 -2445 0 *
Wi

0101100
+2443 0 +2441 0 +2440 0 *
Fa
0  1e-07 124 0

0111000
+2439 0 *
Ve
1e-07
15.192839 32.93364 0
0 0

0101101
*
Ve
1e-07
15.85956 32.93364 0
0 0

0101101
*
Ed
 1e-07 1 1 0
1  402 0 0 0.666721000000001
0

0101000
+2437 0 -2436 0 *
Ve
1e-07
13.941692 33.98391 0
0 0

0101101
*
Ed
 1e-07 1 1 0
1  403 0 0 2.18661490398378
0

0101000
+2436 0 -2434 0 *
Ed
 1e-07 1 1 0
1  404 0 0 1.63353478337898
0

0101000
+2434 0 -2437 0 *
Wi

0101100
+2435 0 +2433 0 +2432 0 *
Fa
0  1e-07 125 0

0111000
+2431 0 *
Ve
1e-07
29.125172 33.98391 0
0 0

0101101
*
Ve
1e-07
13.941692 33.98391 0
0 0

0101101
*
Ed
 1e-07 1 1 0
1  405 0 0 15.18348
0

0101000
+2429 0 -2428 0 *
Ve
1e-07
15.85956 32.93364 0
0 0

0101101
*
Ed
 1e-07 1 1 0
1  406 0 0 2.18661490398378
0

0101000
+2428 0 -2426 0 *
Ve
1e-07
25.269863 32.93364 0
0 0

0101101
*
Ed
 1e-07 1 1 0
1  407 0 0 9.410303
0

0101000
+2426 0 -2424 0 *
Ed
 1e-07 1 1 0
1  408 0 0 3.99580712226967
0

0101000
+2424 0 -2429 0 *
Wi

0101100
+2427 0 +2425 0 +2423 0 +2422 0 *
Fa
0  1e-07 126 0

0111000
+2421 0 *
Ve
1e-07
27.71122 32.93364 0
0 0

0101101
*
Ve
1e-07
29.125172 33.98391 0
0 0

0101101
*
Ed
 1e-07 1 1 0
1  409 0 0 1.76134247981589
0

0101000
+2419 0 -2418 0 *
Ve
1e-07
26.025345 32.93364 0
0 0

0101101
*
Ed
 1e-07 1 1 0
1  410 0 0 3.27291834649583
0

0101000
+2418 0 -2416 0 *
Ed
 1e-07 1 1 0
1  411 0 0 1.685875
0

0101000
+2416 0 -2419 0 *
Wi

0101100
+2417 0 +2415 0 +2414 0 *
Fa
0  1e-07 127 0

0111000
+2413 0 *
Ve
1e-07
27.71122 32.93364 0
0 0

0101101
*
Ve
1e-07
29.125172 32.92107 0
0 0

0101101
*
Ed
 1e-07 1 1 0
1  412 0 0 1.41400787239817
0

0101000
+2411 0 -2410 0 *
Ve
1e-07
29.125172 33.98391 0
0 0

0101101
*
Ed
 1e-07 1 1 0
1  413 0 0 1.06284
0

0101000
+2410 0 -2408 0 *
Ed
 1e-07 1 1 0
1  414 0 0 1.76134247981589
0

0101000
+2408 0 -2411 0 *
Wi

0101100
+2409 0 +2407 0 +2406 0 *
Fa
0  1e-07 128 0

0111000
+2405 0 *
Ve
1e-07
29.125172 33.98391 0
0 0

0101101
*
Ve
1e-07
25.269863 32.93364 0
0 0

0101101
*
Ed
 1e-07 1 1 0
1  415 0 0 3.99580712226967
0

0101000
+2403 0 -2402 0 *
Ve
1e-07
26.025345 32.93364 0
0 0

0101101
*
Ed
 1e-07 1 1 0
1  416 0 0 0.755482000000001
0

0101000
+2402 0 -2400 0 *
Ed
 1e-07 1 1 0
1  417 0 0 3.27291834649583
0

0101000
+2400 0 -2403 0 *
Wi

0101100
+2401 0 +2399 0 +2398 0 *
Fa
0  1e-07 129 0

0111000
+2397 0 *
Ve
1e-07
30.502281 33.487335 0
0 0

0101101
*
Ve
1e-07
31.453468 34.191589 0
0 0

0101101
*
Ed
 1e-07 1 1 0
1  418 0 0 1.18352456902466
0

0101000
+2395 0 -2394 0 *
Ve
1e-07
29.457087 33.487335 0
0 0

0101101
*
Ed
 1e-07 1 1 0
1  419 0 0 2.11695791022802
0

0101000
+2394 0 -2392 0 *
Ed
 1e-07 1 1 0
1  420 0 0 1.045194
0

0101000
+2392 0 -2395 0 *
Wi

0101100
+2393 0 +2391 0 +2390 0 *
Fa
0  1e-07 130 0

0111000
+2389 0 *
Ve
1e-07
29.457087 36.405697 0
0 0

0101101
*
Ve
1e-07
32.109547 37.120304 0
0 0

0101101
*
Ed
 1e-07 1 1 0
1  421 0 0 2.74703607840323
0

0101000
+2387 0 -2386 0 *
Ve
1e-07
30.727928 37.489861 0
0 0

0101101
*
Ed
 1e-07 1 1 0
1  422 0 0 1.43019000045798
0

0101000
+2386 0 -2384 0 *
Ed
 1e-07 1 1 0
1  423 0 0 1.67046353632068
0

0101000
+2384 0 -2387 0 *
Wi

0101100
+2385 0 +2383 0 +2382 0 *
Fa
0  1e-07 131 0

0111000
+2381 0 *
Ve
1e-07
30.727928 37.489861 0
0 0

0101101
*
Ve
1e-07
32.109547 37.120304 0
0 0

0101101
*
Ed
 1e-07 1 1 0
1  424 0 0 1.43019000045798
0

0101000
+2379 0 -2378 0 *
Ve
1e-07
31.004251 37.489861 0
0 0

0101101
*
Ed
 1e-07 1 1 0
1  425 0 0 1.16544052781126
0

0101000
+2378 0 -2376 0 *
Ed
 1e-07 1 1 0
1  426 0 0 0.276323000000001
0

0101000
+2376 0 -2379 0 *
Wi

0101100
+2377 0 +2375 0 +2374 0 *
Fa
0  1e-07 132 0

0111000
+2373 0 *
Ve
1e-07
30.727928 37.489861 0
0 0

0101101
*
Ve
1e-07
30.727928 38.17831 0
0 0

0101101
*
Ed
 1e-07 1 1 0
1  427 0 0 0.688449000000006
0

0101000
+2371 0 -2370 0 *
Ve
1e-07
29.457087 38.17831 0
0 0

0101101
*
Ed
 1e-07 1 1 0
1  428 0 0 1.270841
0

0101000
+2370 0 -2368 0 *
Ed
 1e-07 1 1 0
1  429 0 0 1.44533694095252
0

0101000
+2368 0 -2371 0 *
Wi

0101100
+2369 0 +2367 0 +2366 0 *
Fa
0  1e-07 133 0

0111000
+2365 0 *
Ve
1e-07
29.457087 36.405697 0
0 0

0101101
*
Ve
1e-07
30.727928 37.489861 0
0 0

0101101
*
Ed
 1e-07 1 1 0
1  430 0 0 1.67046353632068
0

0101000
+2363 0 -2362 0 *
Ve
1e-07
29.457087 38.17831 0
0 0

0101101
*
Ed
 1e-07 1 1 0
1  431 0 0 1.44533694095252
0

0101000
+2362 0 -2360 0 *
Ed
 1e-07 1 1 0
1  432 0 0 1.772613
0

0101000
+2360 0 -2363 0 *
Wi

0101100
+2361 0 +2359 0 +2358 0 *
Fa
0  1e-07 134 0

0111000
+2357 0 *
Ve
1e-07
29.457087 33.487335 0
0 0

0101101
*
Ve
1e-07
31.453468 34.191589 0
0 0

0101101
*
Ed
 1e-07 1 1 0
1  433 0 0 2.11695791022802
0

0101000
+2355 0 -2354 0 *
Ve
1e-07
31.453468 34.400139 0
0 0

0101101
*
Ed
 1e-07 1 1 0
1  434 0 0 0.208550000000002
0

0101000
+2354 0 -2352 0 *
Ed
 1e-07 1 1 0
1  435 0 0 2.19516474087413
0

0101000
+2352 0 -2355 0 *
Wi

0101100
+2353 0 +2351 0 +2350 0 *
Fa
0  1e-07 135 0

0111000
+2349 0 *
Ve
1e-07
29.457087 33.487335 0
0 0

0101101
*
Ve
1e-07
31.453468 34.400139 0
0 0

0101101
*
Ed
 1e-07 1 1 0
1  436 0 0 2.19516474087413
0

0101000
+2347 0 -2346 0 *
Ve
1e-07
31.453468 35.202724 0
0 0

0101101
*
Ed
 1e-07 1 1 0
1  437 0 0 0.802585000000001
0

0101000
+2346 0 -2344 0 *
Ed
 1e-07 1 1 0
1  438 0 0 2.63212775496973
0

0101000
+2344 0 -2347 0 *
Wi

0101100
+2345 0 +2343 0 +2342 0 *
Fa
0  1e-07 136 0

0111000
+2341 0 *
Ve
1e-07
31.23218 33.487335 0
0 0

0101101
*
Ve
1e-07
32.073078 33.487335 0
0 0

0101101
*
Ed
 1e-07 1 1 0
1  439 0 0 0.840898000000003
0

0101000
+2339 0 -2338 0 *
Ve
1e-07
32.073078 34.191589 0
0 0

0101101
*
Ed
 1e-07 1 1 0
1  440 0 0 0.704253999999999
0

0101000
+2338 0 -2336 0 *
Ve
1e-07
31.453468 34.191589 0
0 0

0101101
*
Ed
 1e-07 1 1 0
1  441 0 0 0.619610000000002
0

0101000
+2336 0 -2334 0 *
Ed
 1e-07 1 1 0
1  442 0 0 0.738201920520394
0

0101000
+2334 0 -2339 0 *
Wi

0101100
+2337 0 +2335 0 +2333 0 +2332 0 *
Fa
0  1e-07 137 0

0111000
+2331 0 *
Ve
1e-07
31.453468 35.202724 0
0 0

0101101
*
Ve
1e-07
29.457087 36.131702 0
0 0

0101101
*
Ed
 1e-07 1 1 0
1  443 0 0 2.20193942279187
0

0101000
+2329 0 -2328 0 *
Ve
1e-07
29.457087 33.487335 0
0 0

0101101
*
Ed
 1e-07 1 1 0
1  444 0 0 2.644367
0

0101000
+2328 0 -2326 0 *
Ed
 1e-07 1 1 0
1  445 0 0 2.63212775496973
0

0101000
+2326 0 -2329 0 *
Wi

0101100
+2327 0 +2325 0 +2324 0 *
Fa
0  1e-07 138 0

0111000
+2323 0 *
Ve
1e-07
32.073078 35.202724 0
0 0

0101101
*
Ve
1e-07
31.453468 35.202724 0
0 0

0101101
*
Ed
 1e-07 1 1 0
1  446 0 0 0.619610000000002
0

0101000
+2321 0 -2320 0 *
Ve
1e-07
31.453468 34.400139 0
0 0

0101101
*
Ed
 1e-07 1 1 0
1  447 0 0 0.802585000000001
0

0101000
+2320 0 -2318 0 *
Ve
1e-07
32.073078 34.400139 0
0 0

0101101
*
Ed
 1e-07 1 1 0
1  448 0 0 0.619610000000002
0

0101000
+2318 0 -2316 0 *
Ed
 1e-07 1 1 0
1  449 0 0 0.802585000000001
0

0101000
+2316 0 -2321 0 *
Wi

0101100
+2319 0 +2317 0 +2315 0 +2314 0 *
Fa
0  1e-07 139 0

0111000
+2313 0 *
Ve
1e-07
29.457087 36.131702 0
0 0

0101101
*
Ve
1e-07
31.453468 35.202724 0
0 0

0101101
*
Ed
 1e-07 1 1 0
1  450 0 0 2.20193942279187
0

0101000
+2311 0 -2310 0 *
Ve
1e-07
31.453468 35.38599 0
0 0

0101101
*
Ed
 1e-07 1 1 0
1  451 0 0 0.183265999999996
0

0101000
+2310 0 -2308 0 *
Ed
 1e-07 1 1 0
1  452 0 0 2.13110851063595
0

0101000
+2308 0 -2311 0 *
Wi

0101100
+2309 0 +2307 0 +2306 0 *
Fa
0  1e-07 140 0

0111000
+2305 0 *
Ve
1e-07
32.073078 35.38599 0
0 0

0101101
*
Ve
1e-07
32.073078 36.131702 0
0 0

0101101
*
Ed
 1e-07 1 1 0
1  453 0 0 0.745711999999997
0

0101000
+2303 0 -2302 0 *
Ve
1e-07
31.453468 35.38599 0
0 0

0101101
*
Ed
 1e-07 1 1 0
1  454 0 0 0.969537487178293
0

0101000
+2302 0 -2300 0 *
Ed
 1e-07 1 1 0
1  455 0 0 0.619610000000002
0

0101000
+2300 0 -2303 0 *
Wi

0101100
+2301 0 +2299 0 +2298 0 *
Fa
0  1e-07 141 0

0111000
+2297 0 *
Ve
1e-07
32.073078 36.131702 0
0 0

0101101
*
Ve
1e-07
29.457087 36.131702 0
0 0

0101101
*
Ed
 1e-07 1 1 0
1  456 0 0 2.615991
0

0101000
+2295 0 -2294 0 *
Ve
1e-07
31.453468 35.38599 0
0 0

0101101
*
Ed
 1e-07 1 1 0
1  457 0 0 2.13110851063595
0

0101000
+2294 0 -2292 0 *
Ed
 1e-07 1 1 0
1  458 0 0 0.969537487178293
0

0101000
+2292 0 -2295 0 *
Wi

0101100
+2293 0 +2291 0 +2290 0 *
Fa
0  1e-07 142 0

0111000
+2289 0 *
Ve
1e-07
29.457087 36.405697 0
0 0

0101101
*
Ve
1e-07
32.37656 36.405697 0
0 0

0101101
*
Ed
 1e-07 1 1 0
1  459 0 0 2.919473
0

0101000
+2287 0 -2286 0 *
Ve
1e-07
32.109547 37.120304 0
0 0

0101101
*
Ed
 1e-07 1 1 0
1  460 0 0 0.762862442788994
0

0101000
+2286 0 -2284 0 *
Ed
 1e-07 1 1 0
1  461 0 0 2.74703607840323
0

0101000
+2284 0 -2287 0 *
Wi

0101100
+2285 0 +2283 0 +2282 0 *
Fa
0  1e-07 143 0

0111000
+2281 0 *
Ve
1e-07
32.109547 38.17831 0
0 0

0101101
*
Ve
1e-07
31.004251 38.17831 0
0 0

0101101
*
Ed
 1e-07 1 1 0
1  462 0 0 1.105296
0

0101000
+2279 0 -2278 0 *
Ve
1e-07
31.004251 37.489861 0
0 0

0101101
*
Ed
 1e-07 1 1 0
1  463 0 0 0.688449000000006
0

0101000
+2278 0 -2276 0 *
Ed
 1e-07 1 1 0
1  464 0 0 1.30216791283498
0

0101000
+2276 0 -2279 0 *
Wi

0101100
+2277 0 +2275 0 +2274 0 *
Fa
0  1e-07 144 0

0111000
+2273 0 *
Ve
1e-07
32.37656 36.405697 0
0 0

0101101
*
Ve
1e-07
33.277203 36.405697 0
0 0

0101101
*
Ed
 1e-07 1 1 0
1  465 0 0 0.900643000000002
0

0101000
+2271 0 -2270 0 *
Ve
1e-07
33.650734 37.120304 0
0 0

0101101
*
Ed
 1e-07 1 1 0
1  466 0 0 0.806342713993244
0

0101000
+2270 0 -2268 0 *
Ve
1e-07
32.109547 37.120304 0
0 0

0101101
*
Ed
 1e-07 1 1 0
1  467 0 0 1.541187
0

0101000
+2268 0 -2266 0 *
Ed
 1e-07 1 1 0
1  468 0 0 0.762862442788994
0

0101000
+2266 0 -2271 0 *
Wi

0101100
+2269 0 +2267 0 +2265 0 +2264 0 *
Fa
0  1e-07 145 0

0111000
+2263 0 *
Ve
1e-07
32.109547 38.17831 0
0 0

0101101
*
Ve
1e-07
31.004251 37.489861 0
0 0

0101101
*
Ed
 1e-07 1 1 0
1  469 0 0 1.30216791283498
0

0101000
+2261 0 -2260 0 *
Ve
1e-07
32.109547 37.120304 0
0 0

0101101
*
Ed
 1e-07 1 1 0
1  470 0 0 1.16544052781126
0

0101000
+2260 0 -2258 0 *
Ed
 1e-07 1 1 0
1  471 0 0 1.05800600000001
0

0101000
+2258 0 -2261 0 *
Wi

0101100
+2259 0 +2257 0 +2256 0 *
Fa
0  1e-07 146 0

0111000
+2255 0 *
Ve
1e-07
31.23218 33.487335 0
0 0

0101101
*
Ve
1e-07
31.453468 34.191589 0
0 0

0101101
*
Ed
 1e-07 1 1 0
1  472 0 0 0.738201920520394
0

0101000
+2253 0 -2252 0 *
Ve
1e-07
30.502281 33.487335 0
0 0

0101101
*
Ed
 1e-07 1 1 0
1  473 0 0 1.18352456902466
0

0101000
+2252 0 -2250 0 *
Ed
 1e-07 1 1 0
1  474 0 0 0.729899
0

0101000
+2250 0 -2253 0 *
Wi

0101100
+2251 0 +2249 0 +2248 0 *
Fa
0  1e-07 147 0

0111000
+2247 0 *
Ve
1e-07
33.277203 32.903717 0
0 0

0101101
*
Ve
1e-07
33.277203 36.405697 0
0 0

0101101
*
Ed
 1e-07 1 1 0
1  475 0 0 3.50198
0

0101000
+2245 0 -2244 0 *
Ve
1e-07
32.37656 36.405697 0
0 0

0101101
*
Ed
 1e-07 1 1 0
1  476 0 0 0.900643000000002
0

0101000
+2244 0 -2242 0 *
Ve
1e-07
32.37656 32.92107 0
0 0

0101101
*
Ed
 1e-07 1 1 0
1  477 0 0 3.484627
0

0101000
+2242 0 -2240 0 *
Ed
 1e-07 1 1 0
1  478 0 0 0.900810157612582
0

0101000
+2240 0 -2245 0 *
Wi

0101100
+2243 0 +2241 0 +2239 0 +2238 0 *
Fa
0  1e-07 148 0

0111000
+2237 0 *
Ve
1e-07
37.811062 32.046741 0
0 0

0101101
*
Ve
1e-07
34.678493 32.903717 0
0 0

0101101
*
Ed
 1e-07 1 1 0
1  479 0 0 3.24767553864868
0

0101000
+2235 0 -2234 0 *
Ve
1e-07
33.277203 32.903717 0
0 0

0101101
*
Ed
 1e-07 1 1 0
1  480 0 0 1.40129
0

0101000
+2234 0 -2232 0 *
Ed
 1e-07 1 1 0
1  481 0 0 4.61413971358226
0

0101000
+2232 0 -2235 0 *
Wi

0101100
+2233 0 +2231 0 +2230 0 *
Fa
0  1e-07 149 0

0111000
+2229 0 *
Ve
1e-07
37.811062 32.046741 0
0 0

0101101
*
Ve
1e-07
35.427719 32.903717 0
0 0

0101101
*
Ed
 1e-07 1 1 0
1  482 0 0 2.53273206641069
0

0101000
+2227 0 -2226 0 *
Ve
1e-07
34.678493 32.903717 0
0 0

0101101
*
Ed
 1e-07 1 1 0
1  483 0 0 0.749226
0

0101000
+2226 0 -2224 0 *
Ed
 1e-07 1 1 0
1  484 0 0 3.24767553864868
0

0101000
+2224 0 -2227 0 *
Wi

0101100
+2225 0 +2223 0 +2222 0 *
Fa
0  1e-07 150 0

0111000
+2221 0 *
Ve
1e-07
35.427719 32.903717 0
0 0

0101101
*
Ve
1e-07
35.427719 33.420704 0
0 0

0101101
*
Ed
 1e-07 1 1 0
1  485 0 0 0.516987
0

0101000
+2219 0 -2218 0 *
Ve
1e-07
34.678493 33.420704 0
0 0

0101101
*
Ed
 1e-07 1 1 0
1  486 0 0 0.749226
0

0101000
+2218 0 -2216 0 *
Ve
1e-07
34.678493 32.903717 0
0 0

0101101
*
Ed
 1e-07 1 1 0
1  487 0 0 0.516987
0

0101000
+2216 0 -2214 0 *
Ed
 1e-07 1 1 0
1  488 0 0 0.749226
0

0101000
+2214 0 -2219 0 *
Wi

0101100
+2217 0 +2215 0 +2213 0 +2212 0 *
Fa
0  1e-07 151 0

0111000
+2211 0 *
Ve
1e-07
39.041885 33.511192 0
0 0

0101101
*
Ve
1e-07
38.352261 32.046741 0
0 0

0101101
*
Ed
 1e-07 1 1 0
1  489 0 0 1.61870256464151
0

0101000
+2209 0 -2208 0 *
Ve
1e-07
39.041885 32.046741 0
0 0

0101101
*
Ed
 1e-07 1 1 0
1  490 0 0 0.689624000000002
0

0101000
+2208 0 -2206 0 *
Ed
 1e-07 1 1 0
1  491 0 0 1.464451
0

0101000
+2206 0 -2209 0 *
Wi

0101100
+2207 0 +2205 0 +2204 0 *
Fa
0  1e-07 152 0

0111000
+2203 0 *
Ve
1e-07
37.811062 32.046741 0
0 0

0101101
*
Ve
1e-07
33.277203 32.903717 0
0 0

0101101
*
Ed
 1e-07 1 1 0
1  492 0 0 4.61413971358226
0

0101000
+2201 0 -2200 0 *
Ve
1e-07
30.712257 28.524675 0
0 0

0101101
*
Ed
 1e-07 1 1 0
1  493 0 0 5.07493416909816
0

0101000
+2200 0 -2198 0 *
Ed
 1e-07 1 1 0
1  494 0 0 7.92451773525563
0

0101000
+2198 0 -2201 0 *
Wi

0101100
+2199 0 +2197 0 +2196 0 *
Fa
0  1e-07 153 0

0111000
+2195 0 *
Ve
1e-07
38.352261 36.210213 0
0 0

0101101
*
Ve
1e-07
38.352261 32.046741 0
0 0

0101101
*
Ed
 1e-07 1 1 0
1  495 0 0 4.16347200000001
0

0101000
+2193 0 -2192 0 *
Ve
1e-07
39.041885 33.511192 0
0 0

0101101
*
Ed
 1e-07 1 1 0
1  496 0 0 1.61870256464151
0

0101000
+2192 0 -2190 0 *
Ed
 1e-07 1 1 0
1  497 0 0 2.78573071559636
0

0101000
+2190 0 -2193 0 *
Wi

0101100
+2191 0 +2189 0 +2188 0 *
Fa
0  1e-07 154 0

0111000
+2187 0 *
Ve
1e-07
37.811062 32.046741 0
0 0

0101101
*
Ve
1e-07
37.717751 28.524675 0
0 0

0101101
*
Ed
 1e-07 1 1 0
1  498 0 0 3.52330183933721
0

0101000
+2185 0 -2184 0 *
Ve
1e-07
38.352261 32.046741 0
0 0

0101101
*
Ed
 1e-07 1 1 0
1  499 0 0 3.57876401128322
0

0101000
+2184 0 -2182 0 *
Ed
 1e-07 1 1 0
1  500 0 0 0.541198999999999
0

0101000
+2182 0 -2185 0 *
Wi

0101100
+2183 0 +2181 0 +2180 0 *
Fa
0  1e-07 155 0

0111000
+2179 0 *
Ve
1e-07
35.427719 32.903717 0
0 0

0101101
*
Ve
1e-07
37.811062 32.046741 0
0 0

0101101
*
Ed
 1e-07 1 1 0
1  501 0 0 2.53273206641069
0

0101000
+2177 0 -2176 0 *
Ve
1e-07
36.774666 32.903717 0
0 0

0101101
*
Ed
 1e-07 1 1 0
1  502 0 0 1.34481394006457
0

0101000
+2176 0 -2174 0 *
Ed
 1e-07 1 1 0
1  503 0 0 1.346947
0

0101000
+2174 0 -2177 0 *
Wi

0101100
+2175 0 +2173 0 +2172 0 *
Fa
0  1e-07 156 0

0111000
+2171 0 *
Ve
1e-07
32.37656 32.92107 0
0 0

0101101
*
Ve
1e-07
30.712257 28.524675 0
0 0

0101101
*
Ed
 1e-07 1 1 0
1  504 0 0 4.70087156512854
0

0101000
+2169 0 -2168 0 *
Ve
1e-07
33.277203 32.903717 0
0 0

0101101
*
Ed
 1e-07 1 1 0
1  505 0 0 5.07493416909816
0

0101000
+2168 0 -2166 0 *
Ed
 1e-07 1 1 0
1  506 0 0 0.900810157612582
0

0101000
+2166 0 -2169 0 *
Wi

0101100
+2167 0 +2165 0 +2164 0 *
Fa
0  1e-07 157 0

0111000
+2163 0 *
Ve
1e-07
35.591602 34.20512 0
0 0

0101101
*
Ve
1e-07
33.609707 33.420704 0
0 0

0101101
*
Ed
 1e-07 1 1 0
1  507 0 0 2.13148217259282
0

0101000
+2161 0 -2160 0 *
Ve
1e-07
34.678493 33.420704 0
0 0

0101101
*
Ed
 1e-07 1 1 0
1  508 0 0 1.068786
0

0101000
+2160 0 -2158 0 *
Ed
 1e-07 1 1 0
1  509 0 0 1.20377593718142
0

0101000
+2158 0 -2161 0 *
Wi

0101100
+2159 0 +2157 0 +2156 0 *
Fa
0  1e-07 158 0

0111000
+2155 0 *
Ve
1e-07
35.591602 34.20512 0
0 0

0101101
*
Ve
1e-07
34.678493 33.420704 0
0 0

0101101
*
Ed
 1e-07 1 1 0
1  510 0 0 1.20377593718142
0

0101000
+2153 0 -2152 0 *
Ve
1e-07
35.427719 33.420704 0
0 0

0101101
*
Ed
 1e-07 1 1 0
1  511 0 0 0.749226
0

0101000
+2152 0 -2150 0 *
Ed
 1e-07 1 1 0
1  512 0 0 0.801352668146179
0

0101000
+2150 0 -2153 0 *
Wi

0101100
+2151 0 +2149 0 +2148 0 *
Fa
0  1e-07 159 0

0111000
+2147 0 *
Ve
1e-07
36.491421 34.20512 0
0 0

0101101
*
Ve
1e-07
35.591602 34.20512 0
0 0

0101101
*
Ed
 1e-07 1 1 0
1  513 0 0 0.899819000000001
0

0101000
+2145 0 -2144 0 *
Ve
1e-07
35.427719 33.420704 0
0 0

0101101
*
Ed
 1e-07 1 1 0
1  514 0 0 0.801352668146179
0

0101000
+2144 0 -2142 0 *
Ve
1e-07
36.491421 33.420704 0
0 0

0101101
*
Ed
 1e-07 1 1 0
1  515 0 0 1.063702
0

0101000
+2142 0 -2140 0 *
Ed
 1e-07 1 1 0
1  516 0 0 0.784416
0

0101000
+2140 0 -2145 0 *
Wi

0101100
+2143 0 +2141 0 +2139 0 +2138 0 *
Fa
0  1e-07 160 0

0111000
+2137 0 *
Ve
1e-07
33.609707 36.104118 0
0 0

0101101
*
Ve
1e-07
33.609707 33.420704 0
0 0

0101101
*
Ed
 1e-07 1 1 0
1  517 0 0 2.683414
0

0101000
+2135 0 -2134 0 *
Ve
1e-07
35.591602 34.385902 0
0 0

0101101
*
Ed
 1e-07 1 1 0
1  518 0 0 2.20443075877402
0

0101000
+2134 0 -2132 0 *
Ve
1e-07
35.591602 35.178936 0
0 0

0101101
*
Ed
 1e-07 1 1 0
1  519 0 0 0.793033999999999
0

0101000
+2132 0 -2130 0 *
Ed
 1e-07 1 1 0
1  520 0 0 2.18720587145998
0

0101000
+2130 0 -2135 0 *
Wi

0101100
+2133 0 +2131 0 +2129 0 +2128 0 *
Fa
0  1e-07 161 0

0111000
+2127 0 *
Ve
1e-07
35.591602 34.20512 0
0 0

0101101
*
Ve
1e-07
35.591602 34.385902 0
0 0

0101101
*
Ed
 1e-07 1 1 0
1  521 0 0 0.180782000000001
0

0101000
+2125 0 -2124 0 *
Ve
1e-07
33.609707 33.420704 0
0 0

0101101
*
Ed
 1e-07 1 1 0
1  522 0 0 2.20443075877402
0

0101000
+2124 0 -2122 0 *
Ed
 1e-07 1 1 0
1  523 0 0 2.13148217259282
0

0101000
+2122 0 -2125 0 *
Wi

0101100
+2123 0 +2121 0 +2120 0 *
Fa
0  1e-07 162 0

0111000
+2119 0 *
Ve
1e-07
40.18457 33.335785 0
0 0

0101101
*
Ve
1e-07
39.246365 32.273785 0
0 0

0101101
*
Ed
 1e-07 1 1 0
1  524 0 0 1.41706479104698
0

0101000
+2117 0 -2116 0 *
Ve
1e-07
40.18457 32.273785 0
0 0

0101101
*
Ed
 1e-07 1 1 0
1  525 0 0 0.938205000000004
0

0101000
+2116 0 -2114 0 *
Ed
 1e-07 1 1 0
1  526 0 0 1.062
0

0101000
+2114 0 -2117 0 *
Wi

0101100
+2115 0 +2113 0 +2112 0 *
Fa
0  1e-07 163 0

0111000
+2111 0 *
Ve
1e-07
41.619255 32.046741 0
0 0

0101101
*
Ve
1e-07
39.041885 32.046741 0
0 0

0101101
*
Ed
 1e-07 1 1 0
1  527 0 0 2.57737
0

0101000
+2109 0 -2108 0 *
Ve
1e-07
37.717751 28.524675 0
0 0

0101101
*
Ed
 1e-07 1 1 0
1  528 0 0 3.76274896296737
0

0101000
+2108 0 -2106 0 *
Ed
 1e-07 1 1 0
1  529 0 0 5.25610905236678
0

0101000
+2106 0 -2109 0 *
Wi

0101100
+2107 0 +2105 0 +2104 0 *
Fa
0  1e-07 164 0

0111000
+2103 0 *
Ve
1e-07
41.619255 32.046741 0
0 0

0101101
*
Ve
1e-07
42.228268 32.046741 0
0 0

0101101
*
Ed
 1e-07 1 1 0
1  530 0 0 0.609012999999997
0

0101000
+2101 0 -2100 0 *
Ve
1e-07
42.228268 33.511192 0
0 0

0101101
*
Ed
 1e-07 1 1 0
1  531 0 0 1.464451
0

0101000
+2100 0 -2098 0 *
Ed
 1e-07 1 1 0
1  532 0 0 1.5860370631136
0

0101000
+2098 0 -2101 0 *
Wi

0101100
+2099 0 +2097 0 +2096 0 *
Fa
0  1e-07 165 0

0111000
+2095 0 *
Ve
1e-07
40.288815 33.335785 0
0 0

0101101
*
Ve
1e-07
40.288815 32.273785 0
0 0

0101101
*
Ed
 1e-07 1 1 0
1  533 0 0 1.062
0

0101000
+2093 0 -2092 0 *
Ve
1e-07
41.235039 32.273785 0
0 0

0101101
*
Ed
 1e-07 1 1 0
1  534 0 0 0.946224000000001
0

0101000
+2092 0 -2090 0 *
Ed
 1e-07 1 1 0
1  535 0 0 1.42238667674301
0

0101000
+2090 0 -2093 0 *
Wi

0101100
+2091 0 +2089 0 +2088 0 *
Fa
0  1e-07 166 0

0111000
+2087 0 *
Ve
1e-07
39.47089 33.511192 0
0 0

0101101
*
Ve
1e-07
40.18457 33.335785 0
0 0

0101101
*
Ed
 1e-07 1 1 0
1  536 0 0 0.734919558896758
0

0101000
+2085 0 -2084 0 *
Ve
1e-07
40.288815 33.335785 0
0 0

0101101
*
Ed
 1e-07 1 1 0
1  537 0 0 0.104244999999999
0

0101000
+2084 0 -2082 0 *
Ed
 1e-07 1 1 0
1  538 0 0 0.836521919183236
0

0101000
+2082 0 -2085 0 *
Wi

0101100
+2083 0 +2081 0 +2080 0 *
Fa
0  1e-07 167 0

0111000
+2079 0 *
Ve
1e-07
40.18457 33.335785 0
0 0

0101101
*
Ve
1e-07
39.47089 33.511192 0
0 0

0101101
*
Ed
 1e-07 1 1 0
1  539 0 0 0.734919558896758
0

0101000
+2077 0 -2076 0 *
Ve
1e-07
39.47089 33.443989 0
0 0

0101101
*
Ed
 1e-07 1 1 0
1  540 0 0 0.0672029999999992
0

0101000
+2076 0 -2074 0 *
Ed
 1e-07 1 1 0
1  541 0 0 0.721836025712215
0

0101000
+2074 0 -2077 0 *
Wi

0101100
+2075 0 +2073 0 +2072 0 *
Fa
0  1e-07 168 0

0111000
+2071 0 *
Ve
1e-07
39.47089 33.511192 0
0 0

0101101
*
Ve
1e-07
40.288815 33.335785 0
0 0

0101101
*
Ed
 1e-07 1 1 0
1  542 0 0 0.836521919183236
0

0101000
+2069 0 -2068 0 *
Ve
1e-07
40.926315 33.443989 0
0 0

0101101
*
Ed
 1e-07 1 1 0
1  543 0 0 0.646617627053272
0

0101000
+2068 0 -2066 0 *
Ed
 1e-07 1 1 0
1  544 0 0 1.4569756943182
0

0101000
+2066 0 -2069 0 *
Wi

0101100
+2067 0 +2065 0 +2064 0 *
Fa
0  1e-07 169 0

0111000
+2063 0 *
Ve
1e-07
39.246365 32.273785 0
0 0

0101101
*
Ve
1e-07
40.18457 33.335785 0
0 0

0101101
*
Ed
 1e-07 1 1 0
1  545 0 0 1.41706479104698
0

0101000
+2061 0 -2060 0 *
Ve
1e-07
39.47089 33.443989 0
0 0

0101101
*
Ed
 1e-07 1 1 0
1  546 0 0 0.721836025712215
0

0101000
+2060 0 -2058 0 *
Ed
 1e-07 1 1 0
1  547 0 0 1.19154894034656
0

0101000
+2058 0 -2061 0 *
Wi

0101100
+2059 0 +2057 0 +2056 0 *
Fa
0  1e-07 170 0

0111000
+2055 0 *
Ve
1e-07
41.235039 32.273785 0
0 0

0101101
*
Ve
1e-07
40.926315 33.443989 0
0 0

0101101
*
Ed
 1e-07 1 1 0
1  548 0 0 1.21024291354753
0

0101000
+2053 0 -2052 0 *
Ve
1e-07
40.288815 33.335785 0
0 0

0101101
*
Ed
 1e-07 1 1 0
1  549 0 0 0.646617627053272
0

0101000
+2052 0 -2050 0 *
Ed
 1e-07 1 1 0
1  550 0 0 1.42238667674301
0

0101000
+2050 0 -2053 0 *
Wi

0101100
+2051 0 +2049 0 +2048 0 *
Fa
0  1e-07 171 0

0111000
+2047 0 *
Ve
1e-07
42.657276 33.511192 0
0 0

0101101
*
Ve
1e-07
41.619255 36.210213 0
0 0

0101101
*
Ed
 1e-07 1 1 0
1  551 0 0 2.89174721490002
0

0101000
+2045 0 -2044 0 *
Ve
1e-07
42.228268 33.511192 0
0 0

0101101
*
Ed
 1e-07 1 1 0
1  552 0 0 2.76687751673434
0

0101000
+2044 0 -2042 0 *
Ed
 1e-07 1 1 0
1  553 0 0 0.429008000000003
0

0101000
+2042 0 -2045 0 *
Wi

0101100
+2043 0 +2041 0 +2040 0 *
Fa
0  1e-07 172 0

0111000
+2039 0 *
Ve
1e-07
40.926315 33.443989 0
0 0

0101101
*
Ve
1e-07
41.235039 32.273785 0
0 0

0101101
*
Ed
 1e-07 1 1 0
1  554 0 0 1.21024291354753
0

0101000
+2037 0 -2036 0 *
Ve
1e-07
41.235039 33.443989 0
0 0

0101101
*
Ed
 1e-07 1 1 0
1  555 0 0 1.17020400000001
0

0101000
+2036 0 -2034 0 *
Ed
 1e-07 1 1 0
1  556 0 0 0.308723999999998
0

0101000
+2034 0 -2037 0 *
Wi

0101100
+2035 0 +2033 0 +2032 0 *
Fa
0  1e-07 173 0

0111000
+2031 0 *
Ve
1e-07
40.15662 36.210213 0
0 0

0101101
*
Ve
1e-07
39.47089 33.511192 0
0 0

0101101
*
Ed
 1e-07 1 1 0
1  557 0 0 2.78476928870975
0

0101000
+2029 0 -2028 0 *
Ve
1e-07
40.926315 33.443989 0
0 0

0101101
*
Ed
 1e-07 1 1 0
1  558 0 0 1.4569756943182
0

0101000
+2028 0 -2026 0 *
Ed
 1e-07 1 1 0
1  559 0 0 2.87131078276125
0

0101000
+2026 0 -2029 0 *
Wi

0101100
+2027 0 +2025 0 +2024 0 *
Fa
0  1e-07 174 0

0111000
+2023 0 *
Ve
1e-07
41.619255 36.210213 0
0 0

0101101
*
Ve
1e-07
41.619255 32.046741 0
0 0

0101101
*
Ed
 1e-07 1 1 0
1  560 0 0 4.16347200000001
0

0101000
+2021 0 -2020 0 *
Ve
1e-07
42.228268 33.511192 0
0 0

0101101
*
Ed
 1e-07 1 1 0
1  561 0 0 1.5860370631136
0

0101000
+2020 0 -2018 0 *
Ed
 1e-07 1 1 0
1  562 0 0 2.76687751673434
0

0101000
+2018 0 -2021 0 *
Wi

0101100
+2019 0 +2017 0 +2016 0 *
Fa
0  1e-07 175 0

0111000
+2015 0 *
Ve
1e-07
40.15662 36.210213 0
0 0

0101101
*
Ve
1e-07
39.041885 33.511192 0
0 0

0101101
*
Ed
 1e-07 1 1 0
1  563 0 0 2.92016240621408
0

0101000
+2013 0 -2012 0 *
Ve
1e-07
39.47089 33.511192 0
0 0

0101101
*
Ed
 1e-07 1 1 0
1  564 0 0 0.429004999999997
0

0101000
+2012 0 -2010 0 *
Ed
 1e-07 1 1 0
1  565 0 0 2.78476928870975
0

0101000
+2010 0 -2013 0 *
Wi

0101100
+2011 0 +2009 0 +2008 0 *
Fa
0  1e-07 176 0

0111000
+2007 0 *
Ve
1e-07
42.432747 33.443989 0
0 0

0101101
*
Ve
1e-07
42.432747 32.273785 0
0 0

0101101
*
Ed
 1e-07 1 1 0
1  566 0 0 1.17020400000001
0

0101000
+2005 0 -2004 0 *
Ve
1e-07
42.657276 33.443989 0
0 0

0101101
*
Ed
 1e-07 1 1 0
1  567 0 0 1.19154969407785
0

0101000
+2004 0 -2002 0 *
Ed
 1e-07 1 1 0
1  568 0 0 0.224529000000004
0

0101000
+2002 0 -2005 0 *
Wi

0101100
+2003 0 +2001 0 +2000 0 *
Fa
0  1e-07 177 0

0111000
+1999 0 *
Ve
1e-07
39.246365 32.273785 0
0 0

0101101
*
Ve
1e-07
39.47089 33.443989 0
0 0

0101101
*
Ed
 1e-07 1 1 0
1  569 0 0 1.19154894034656
0

0101000
+1997 0 -1996 0 *
Ve
1e-07
39.246365 33.443989 0
0 0

0101101
*
Ed
 1e-07 1 1 0
1  570 0 0 0.224525
0

0101000
+1996 0 -1994 0 *
Ed
 1e-07 1 1 0
1  571 0 0 1.17020400000001
0

0101000
+1994 0 -1997 0 *
Wi

0101100
+1995 0 +1993 0 +1992 0 *
Fa
0  1e-07 178 0

0111000
+1991 0 *
Ve
1e-07
38.352261 32.046741 0
0 0

0101101
*
Ve
1e-07
37.717751 28.524675 0
0 0

0101101
*
Ed
 1e-07 1 1 0
1  572 0 0 3.57876401128322
0

0101000
+1989 0 -1988 0 *
Ve
1e-07
39.041885 32.046741 0
0 0

0101101
*
Ed
 1e-07 1 1 0
1  573 0 0 3.76274896296737
0

0101000
+1988 0 -1986 0 *
Ed
 1e-07 1 1 0
1  574 0 0 0.689624000000002
0

0101000
+1986 0 -1989 0 *
Wi

0101100
+1987 0 +1985 0 +1984 0 *
Fa
0  1e-07 179 0

0111000
+1983 0 *
Ve
1e-07
33.304356 37.715485 0
0 0

0101101
*
Ve
1e-07
32.385868 37.400391 0
0 0

0101101
*
Ed
 1e-07 1 1 0
1  575 0 0 0.971032664218869
0

0101000
+1981 0 -1980 0 *
Ve
1e-07
33.304356 37.400391 0
0 0

0101101
*
Ed
 1e-07 1 1 0
1  576 0 0 0.918487999999996
0

0101000
+1980 0 -1978 0 *
Ed
 1e-07 1 1 0
1  577 0 0 0.315094000000002
0

0101000
+1978 0 -1981 0 *
Wi

0101100
+1979 0 +1977 0 +1976 0 *
Fa
0  1e-07 180 0

0111000
+1975 0 *
Ve
1e-07
35.591602 35.359718 0
0 0

0101101
*
Ve
1e-07
33.609707 36.104118 0
0 0

0101101
*
Ed
 1e-07 1 1 0
1  578 0 0 2.1170826982017
0

0101000
+1973 0 -1972 0 *
Ve
1e-07
35.591602 35.178936 0
0 0

0101101
*
Ed
 1e-07 1 1 0
1  579 0 0 2.18720587145998
0

0101000
+1972 0 -1970 0 *
Ed
 1e-07 1 1 0
1  580 0 0 0.180782000000001
0

0101000
+1970 0 -1973 0 *
Wi

0101100
+1971 0 +1969 0 +1968 0 *
Fa
0  1e-07 181 0

0111000
+1967 0 *
Ve
1e-07
35.591602 35.178936 0
0 0

0101101
*
Ve
1e-07
35.591602 34.385902 0
0 0

0101101
*
Ed
 1e-07 1 1 0
1  581 0 0 0.793033999999999
0

0101000
+1965 0 -1964 0 *
Ve
1e-07
36.491421 34.385902 0
0 0

0101101
*
Ed
 1e-07 1 1 0
1  582 0 0 0.899819000000001
0

0101000
+1964 0 -1962 0 *
Ve
1e-07
36.491421 35.178936 0
0 0

0101101
*
Ed
 1e-07 1 1 0
1  583 0 0 0.793033999999999
0

0101000
+1962 0 -1960 0 *
Ed
 1e-07 1 1 0
1  584 0 0 0.899819000000001
0

0101000
+1960 0 -1965 0 *
Wi

0101100
+1963 0 +1961 0 +1959 0 +1958 0 *
Fa
0  1e-07 182 0

0111000
+1957 0 *
Ve
1e-07
34.915596 37.489861 0
0 0

0101101
*
Ve
1e-07
33.650734 37.120304 0
0 0

0101101
*
Ed
 1e-07 1 1 0
1  585 0 0 1.31774362274799
0

0101000
+1955 0 -1954 0 *
Ve
1e-07
36.491421 36.405697 0
0 0

0101101
*
Ed
 1e-07 1 1 0
1  586 0 0 2.92919200402056
0

0101000
+1954 0 -1952 0 *
Ed
 1e-07 1 1 0
1  587 0 0 1.91275612912911
0

0101000
+1952 0 -1955 0 *
Wi

0101100
+1953 0 +1951 0 +1950 0 *
Fa
0  1e-07 183 0

0111000
+1949 0 *
Ve
1e-07
36.491421 36.405697 0
0 0

0101101
*
Ve
1e-07
33.650734 37.120304 0
0 0

0101101
*
Ed
 1e-07 1 1 0
1  588 0 0 2.92919200402056
0

0101000
+1947 0 -1946 0 *
Ve
1e-07
33.277203 36.405697 0
0 0

0101101
*
Ed
 1e-07 1 1 0
1  589 0 0 0.806342713993244
0

0101000
+1946 0 -1944 0 *
Ed
 1e-07 1 1 0
1  590 0 0 3.214218
0

0101000
+1944 0 -1947 0 *
Wi

0101100
+1945 0 +1943 0 +1942 0 *
Fa
0  1e-07 184 0

0111000
+1941 0 *
Ve
1e-07
33.650734 37.715485 0
0 0

0101101
*
Ve
1e-07
32.385868 38.17831 0
0 0

0101101
*
Ed
 1e-07 1 1 0
1  591 0 0 1.34688268924246
0

0101000
+1939 0 -1938 0 *
Ve
1e-07
33.304356 37.715485 0
0 0

0101101
*
Ed
 1e-07 1 1 0
1  592 0 0 1.02850726140801
0

0101000
+1938 0 -1936 0 *
Ed
 1e-07 1 1 0
1  593 0 0 0.346378000000001
0

0101000
+1936 0 -1939 0 *
Wi

0101100
+1937 0 +1935 0 +1934 0 *
Fa
0  1e-07 185 0

0111000
+1933 0 *
Ve
1e-07
32.385868 37.400391 0
0 0

0101101
*
Ve
1e-07
33.304356 37.715485 0
0 0

0101101
*
Ed
 1e-07 1 1 0
1  594 0 0 0.971032664218869
0

0101000
+1931 0 -1930 0 *
Ve
1e-07
32.385868 38.17831 0
0 0

0101101
*
Ed
 1e-07 1 1 0
1  595 0 0 1.02850726140801
0

0101000
+1930 0 -1928 0 *
Ed
 1e-07 1 1 0
1  596 0 0 0.777919000000004
0

0101000
+1928 0 -1931 0 *
Wi

0101100
+1929 0 +1927 0 +1926 0 *
Fa
0  1e-07 186 0

0111000
+1925 0 *
Ve
1e-07
34.915596 38.17831 0
0 0

0101101
*
Ve
1e-07
32.385868 38.17831 0
0 0

0101101
*
Ed
 1e-07 1 1 0
1  597 0 0 2.529728
0

0101000
+1923 0 -1922 0 *
Ve
1e-07
33.650734 37.715485 0
0 0

0101101
*
Ed
 1e-07 1 1 0
1  598 0 0 1.34688268924246
0

0101000
+1922 0 -1920 0 *
Ed
 1e-07 1 1 0
1  599 0 0 1.34687893281802
0

0101000
+1920 0 -1923 0 *
Wi

0101100
+1921 0 +1919 0 +1918 0 *
Fa
0  1e-07 187 0

0111000
+1917 0 *
Ve
1e-07
34.915596 37.489861 0
0 0

0101101
*
Ve
1e-07
36.491421 36.405697 0
0 0

0101101
*
Ed
 1e-07 1 1 0
1  600 0 0 1.91275612912911
0

0101000
+1915 0 -1914 0 *
Ve
1e-07
35.191917 37.489861 0
0 0

0101101
*
Ed
 1e-07 1 1 0
1  601 0 0 1.69237177502817
0

0101000
+1914 0 -1912 0 *
Ed
 1e-07 1 1 0
1  602 0 0 0.276320999999996
0

0101000
+1912 0 -1915 0 *
Wi

0101100
+1913 0 +1911 0 +1910 0 *
Fa
0  1e-07 188 0

0111000
+1909 0 *
Ve
1e-07
36.491421 38.17831 0
0 0

0101101
*
Ve
1e-07
35.191917 38.17831 0
0 0

0101101
*
Ed
 1e-07 1 1 0
1  603 0 0 1.29950400000001
0

0101000
+1907 0 -1906 0 *
Ve
1e-07
35.191917 37.489861 0
0 0

0101101
*
Ed
 1e-07 1 1 0
1  604 0 0 0.688449000000006
0

0101000
+1906 0 -1904 0 *
Ed
 1e-07 1 1 0
1  605 0 0 1.47060282592447
0

0101000
+1904 0 -1907 0 *
Wi

0101100
+1905 0 +1903 0 +1902 0 *
Fa
0  1e-07 189 0

0111000
+1901 0 *
Ve
1e-07
33.650734 37.715485 0
0 0

0101101
*
Ve
1e-07
34.915596 37.489861 0
0 0

0101101
*
Ed
 1e-07 1 1 0
1  606 0 0 1.2848276415224
0

0101000
+1899 0 -1898 0 *
Ve
1e-07
34.915596 38.17831 0
0 0

0101101
*
Ed
 1e-07 1 1 0
1  607 0 0 0.688449000000006
0

0101000
+1898 0 -1896 0 *
Ed
 1e-07 1 1 0
1  608 0 0 1.34687893281802
0

0101000
+1896 0 -1899 0 *
Wi

0101100
+1897 0 +1895 0 +1894 0 *
Fa
0  1e-07 190 0

0111000
+1893 0 *
Ve
1e-07
33.650734 37.715485 0
0 0

0101101
*
Ve
1e-07
33.650734 37.120304 0
0 0

0101101
*
Ed
 1e-07 1 1 0
1  609 0 0 0.595181000000004
0

0101000
+1891 0 -1890 0 *
Ve
1e-07
34.915596 37.489861 0
0 0

0101101
*
Ed
 1e-07 1 1 0
1  610 0 0 1.31774362274799
0

0101000
+1890 0 -1888 0 *
Ed
 1e-07 1 1 0
1  611 0 0 1.2848276415224
0

0101000
+1888 0 -1891 0 *
Wi

0101100
+1889 0 +1887 0 +1886 0 *
Fa
0  1e-07 191 0

0111000
+1885 0 *
Ve
1e-07
36.774666 38.17831 0
0 0

0101101
*
Ve
1e-07
36.774666 32.903717 0
0 0

0101101
*
Ed
 1e-07 1 1 0
1  612 0 0 5.274593
0

0101000
+1883 0 -1882 0 *
Ve
1e-07
37.811062 32.046741 0
0 0

0101101
*
Ed
 1e-07 1 1 0
1  613 0 0 1.34481394006457
0

0101000
+1882 0 -1880 0 *
Ve
1e-07
37.811062 36.405811 0
0 0

0101101
*
Ed
 1e-07 1 1 0
1  614 0 0 4.35907
0

0101000
+1880 0 -1878 0 *
Ed
 1e-07 1 1 0
1  615 0 0 2.05325823359289
0

0101000
+1878 0 -1883 0 *
Wi

0101100
+1881 0 +1879 0 +1877 0 +1876 0 *
Fa
0  1e-07 192 0

0111000
+1875 0 *
Ve
1e-07
35.591602 35.359718 0
0 0

0101101
*
Ve
1e-07
36.491421 35.359718 0
0 0

0101101
*
Ed
 1e-07 1 1 0
1  616 0 0 0.899819000000001
0

0101000
+1873 0 -1872 0 *
Ve
1e-07
36.491421 36.104118 0
0 0

0101101
*
Ed
 1e-07 1 1 0
1  617 0 0 0.744399999999999
0

0101000
+1872 0 -1870 0 *
Ed
 1e-07 1 1 0
1  618 0 0 1.16782087357651
0

0101000
+1870 0 -1873 0 *
Wi

0101100
+1871 0 +1869 0 +1868 0 *
Fa
0  1e-07 193 0

0111000
+1867 0 *
Ve
1e-07
36.491421 38.17831 0
0 0

0101101
*
Ve
1e-07
35.191917 37.489861 0
0 0

0101101
*
Ed
 1e-07 1 1 0
1  619 0 0 1.47060282592447
0

0101000
+1865 0 -1864 0 *
Ve
1e-07
36.491421 36.405697 0
0 0

0101101
*
Ed
 1e-07 1 1 0
1  620 0 0 1.69237177502817
0

0101000
+1864 0 -1862 0 *
Ed
 1e-07 1 1 0
1  621 0 0 1.772613
0

0101000
+1862 0 -1865 0 *
Wi

0101100
+1863 0 +1861 0 +1860 0 *
Fa
0  1e-07 194 0

0111000
+1859 0 *
Ve
1e-07
36.774666 38.17831 0
0 0

0101101
*
Ve
1e-07
37.811062 36.405811 0
0 0

0101101
*
Ed
 1e-07 1 1 0
1  622 0 0 2.05325823359289
0

0101000
+1857 0 -1856 0 *
Ve
1e-07
40.15662 36.405811 0
0 0

0101101
*
Ed
 1e-07 1 1 0
1  623 0 0 2.345558
0

0101000
+1856 0 -1854 0 *
Ed
 1e-07 1 1 0
1  624 0 0 3.81829354072169
0

0101000
+1854 0 -1857 0 *
Wi

0101100
+1855 0 +1853 0 +1852 0 *
Fa
0  1e-07 195 0

0111000
+1851 0 *
Ve
1e-07
40.15662 36.210213 0
0 0

0101101
*
Ve
1e-07
40.926315 33.443989 0
0 0

0101101
*
Ed
 1e-07 1 1 0
1  625 0 0 2.87131078276125
0

0101000
+1849 0 -1848 0 *
Ve
1e-07
40.926315 36.405811 0
0 0

0101101
*
Ed
 1e-07 1 1 0
1  626 0 0 2.961822
0

0101000
+1848 0 -1846 0 *
Ed
 1e-07 1 1 0
1  627 0 0 0.794159285426424
0

0101000
+1846 0 -1849 0 *
Wi

0101100
+1847 0 +1845 0 +1844 0 *
Fa
0  1e-07 196 0

0111000
+1843 0 *
Ve
1e-07
38.352261 36.210213 0
0 0

0101101
*
Ve
1e-07
39.041885 33.511192 0
0 0

0101101
*
Ed
 1e-07 1 1 0
1  628 0 0 2.78573071559636
0

0101000
+1841 0 -1840 0 *
Ve
1e-07
40.15662 36.210213 0
0 0

0101101
*
Ed
 1e-07 1 1 0
1  629 0 0 2.92016240621408
0

0101000
+1840 0 -1838 0 *
Ed
 1e-07 1 1 0
1  630 0 0 1.804359
0

0101000
+1838 0 -1841 0 *
Wi

0101100
+1839 0 +1837 0 +1836 0 *
Fa
0  1e-07 197 0

0111000
+1835 0 *
Ve
1e-07
36.774666 38.17831 0
0 0

0101101
*
Ve
1e-07
40.15662 36.405811 0
0 0

0101101
*
Ed
 1e-07 1 1 0
1  631 0 0 3.81829354072169
0

0101000
+1833 0 -1832 0 *
Ve
1e-07
40.926315 36.405811 0
0 0

0101101
*
Ed
 1e-07 1 1 0
1  632 0 0 0.769695000000006
0

0101000
+1832 0 -1830 0 *
Ed
 1e-07 1 1 0
1  633 0 0 4.51419340793037
0

0101000
+1830 0 -1833 0 *
Wi

0101100
+1831 0 +1829 0 +1828 0 *
Fa
0  1e-07 198 0

0111000
+1827 0 *
Ve
1e-07
40.15662 36.210213 0
0 0

0101101
*
Ve
1e-07
40.926315 36.405811 0
0 0

0101101
*
Ed
 1e-07 1 1 0
1  634 0 0 0.794159285426424
0

0101000
+1825 0 -1824 0 *
Ve
1e-07
40.15662 36.405811 0
0 0

0101101
*
Ed
 1e-07 1 1 0
1  635 0 0 0.769695000000006
0

0101000
+1824 0 -1822 0 *
Ed
 1e-07 1 1 0
1  636 0 0 0.195597999999997
0

0101000
+1822 0 -1825 0 *
Wi

0101100
+1823 0 +1821 0 +1820 0 *
Fa
0  1e-07 199 0

0111000
+1819 0 *
Ve
1e-07
36.774666 38.17831 0
0 0

0101101
*
Ve
1e-07
40.926315 36.405811 0
0 0

0101101
*
Ed
 1e-07 1 1 0
1  637 0 0 4.51419340793037
0

0101000
+1817 0 -1816 0 *
Ve
1e-07
43.271873 36.405811 0
0 0

0101101
*
Ed
 1e-07 1 1 0
1  638 0 0 2.345558
0

0101000
+1816 0 -1814 0 *
Ed
 1e-07 1 1 0
1  639 0 0 6.73464561100656
0

0101000
+1814 0 -1817 0 *
Wi

0101100
+1815 0 +1813 0 +1812 0 *
Fa
0  1e-07 200 0

0111000
+1811 0 *
Ve
1e-07
36.491421 36.104118 0
0 0

0101101
*
Ve
1e-07
33.609707 36.104118 0
0 0

0101101
*
Ed
 1e-07 1 1 0
1  640 0 0 2.881714
0

0101000
+1809 0 -1808 0 *
Ve
1e-07
35.591602 35.359718 0
0 0

0101101
*
Ed
 1e-07 1 1 0
1  641 0 0 2.1170826982017
0

0101000
+1808 0 -1806 0 *
Ed
 1e-07 1 1 0
1  642 0 0 1.16782087357651
0

0101000
+1806 0 -1809 0 *
Wi

0101100
+1807 0 +1805 0 +1804 0 *
Fa
0  1e-07 201 0

0111000
+1803 0 *
Ve
1e-07
41.619255 32.046741 0
0 0

0101101
*
Ve
1e-07
41.040844 27.799553 0
0 0

0101101
*
Ed
 1e-07 1 1 0
1  643 0 0 4.2863930282074
0

0101000
+1801 0 -1800 0 *
Ve
1e-07
42.228268 32.046741 0
0 0

0101101
*
Ed
 1e-07 1 1 0
1  644 0 0 4.41005460999294
0

0101000
+1800 0 -1798 0 *
Ed
 1e-07 1 1 0
1  645 0 0 0.609012999999997
0

0101000
+1798 0 -1801 0 *
Wi

0101100
+1799 0 +1797 0 +1796 0 *
Fa
0  1e-07 202 0

0111000
+1795 0 *
Ve
1e-07
41.727573 17.296885 0
0 0

0101101
*
Ve
1e-07
41.727573 16.830397 0
0 0

0101101
*
Ed
 1e-07 1 1 0
1  646 0 0 0.466487999999998
0

0101000
+1793 0 -1792 0 *
Ve
1e-07
42.48597 16.830397 0
0 0

0101101
*
Ed
 1e-07 1 1 0
1  647 0 0 0.758397000000002
0

0101000
+1792 0 -1790 0 *
Ve
1e-07
42.48597 17.296885 0
0 0

0101101
*
Ed
 1e-07 1 1 0
1  648 0 0 0.466487999999998
0

0101000
+1790 0 -1788 0 *
Ed
 1e-07 1 1 0
1  649 0 0 0.758397000000002
0

0101000
+1788 0 -1793 0 *
Wi

0101100
+1791 0 +1789 0 +1787 0 +1786 0 *
Fa
0  1e-07 203 0

0111000
+1785 0 *
Ve
1e-07
47.970341 11.817111 0
0 0

0101101
*
Ve
1e-07
45.187363 10.886317 0
0 0

0101101
*
Ed
 1e-07 1 1 0
1  650 0 0 2.93450916149873
0

0101000
+1783 0 -1782 0 *
Ve
1e-07
48.780674 10.886317 0
0 0

0101101
*
Ed
 1e-07 1 1 0
1  651 0 0 3.593311
0

0101000
+1782 0 -1780 0 *
Ed
 1e-07 1 1 0
1  652 0 0 1.23410576585842
0

0101000
+1780 0 -1783 0 *
Wi

0101100
+1781 0 +1779 0 +1778 0 *
Fa
0  1e-07 204 0

0111000
+1777 0 *
Ve
1e-07
47.970341 11.817111 0
0 0

0101101
*
Ve
1e-07
45.187363 13.691566 0
0 0

0101101
*
Ed
 1e-07 1 1 0
1  653 0 0 3.35537599912573
0

0101000
+1775 0 -1774 0 *
Ve
1e-07
45.187363 10.886317 0
0 0

0101101
*
Ed
 1e-07 1 1 0
1  654 0 0 2.805249
0

0101000
+1774 0 -1772 0 *
Ed
 1e-07 1 1 0
1  655 0 0 2.93450916149873
0

0101000
+1772 0 -1775 0 *
Wi

0101100
+1773 0 +1771 0 +1770 0 *
Fa
0  1e-07 205 0

0111000
+1769 0 *
Ve
1e-07
48.780674 10.886317 0
0 0

0101101
*
Ve
1e-07
48.780674 11.817111 0
0 0

0101101
*
Ed
 1e-07 1 1 0
1  656 0 0 0.930794000000001
0

0101000
+1767 0 -1766 0 *
Ve
1e-07
47.970341 11.817111 0
0 0

0101101
*
Ed
 1e-07 1 1 0
1  657 0 0 0.810333
0

0101000
+1766 0 -1764 0 *
Ed
 1e-07 1 1 0
1  658 0 0 1.23410576585842
0

0101000
+1764 0 -1767 0 *
Wi

0101100
+1765 0 +1763 0 +1762 0 *
Fa
0  1e-07 206 0

0111000
+1761 0 *
Ve
1e-07
47.970341 12.872011 0
0 0

0101101
*
Ve
1e-07
45.187363 13.691566 0
0 0

0101101
*
Ed
 1e-07 1 1 0
1  659 0 0 2.90114407544834
0

0101000
+1759 0 -1758 0 *
Ve
1e-07
47.970341 11.817111 0
0 0

0101101
*
Ed
 1e-07 1 1 0
1  660 0 0 3.35537599912573
0

0101000
+1758 0 -1756 0 *
Ed
 1e-07 1 1 0
1  661 0 0 1.0549
0

0101000
+1756 0 -1759 0 *
Wi

0101100
+1757 0 +1755 0 +1754 0 *
Fa
0  1e-07 207 0

0111000
+1753 0 *
Ve
1e-07
42.614315 17.949968 0
0 0

0101101
*
Ve
1e-07
42.48597 17.296885 0
0 0

0101101
*
Ed
 1e-07 1 1 0
1  662 0 0 0.665574822175537
0

0101000
+1751 0 -1750 0 *
Ve
1e-07
44.387798 17.296885 0
0 0

0101101
*
Ed
 1e-07 1 1 0
1  663 0 0 1.90182799999999
0

0101000
+1750 0 -1748 0 *
Ed
 1e-07 1 1 0
1  664 0 0 1.88990988043822
0

0101000
+1748 0 -1751 0 *
Wi

0101100
+1749 0 +1747 0 +1746 0 *
Fa
0  1e-07 208 0

0111000
+1745 0 *
Ve
1e-07
44.720806 14.324603 0
0 0

0101101
*
Ve
1e-07
42.48597 16.830397 0
0 0

0101101
*
Ed
 1e-07 1 1 0
1  665 0 0 3.3576026443479
0

0101000
+1743 0 -1742 0 *
Ve
1e-07
41.727573 16.830397 0
0 0

0101101
*
Ed
 1e-07 1 1 0
1  666 0 0 0.758397000000002
0

0101000
+1742 0 -1740 0 *
Ed
 1e-07 1 1 0
1  667 0 0 3.90364539408039
0

0101000
+1740 0 -1743 0 *
Wi

0101100
+1741 0 +1739 0 +1738 0 *
Fa
0  1e-07 209 0

0111000
+1737 0 *
Ve
1e-07
49.189938 16.216444 0
0 0

0101101
*
Ve
1e-07
44.749496 19.343599 0
0 0

0101101
*
Ed
 1e-07 1 1 0
1  668 0 0 5.43107940923248
0

0101000
+1735 0 -1734 0 *
Ve
1e-07
44.749496 16.830397 0
0 0

0101101
*
Ed
 1e-07 1 1 0
1  669 0 0 2.513202
0

0101000
+1734 0 -1732 0 *
Ed
 1e-07 1 1 0
1  670 0 0 4.48268484745169
0

0101000
+1732 0 -1735 0 *
Wi

0101100
+1733 0 +1731 0 +1730 0 *
Fa
0  1e-07 210 0

0111000
+1729 0 *
Ve
1e-07
44.749496 16.830397 0
0 0

0101101
*
Ve
1e-07
44.720806 14.324603 0
0 0

0101101
*
Ed
 1e-07 1 1 0
1  671 0 0 2.50595823718912
0

0101000
+1727 0 -1726 0 *
Ve
1e-07
49.189938 16.216444 0
0 0

0101101
*
Ed
 1e-07 1 1 0
1  672 0 0 4.85306121975655
0

0101000
+1726 0 -1724 0 *
Ed
 1e-07 1 1 0
1  673 0 0 4.48268484745169
0

0101000
+1724 0 -1727 0 *
Wi

0101100
+1725 0 +1723 0 +1722 0 *
Fa
0  1e-07 211 0

0111000
+1721 0 *
Ve
1e-07
44.720806 14.324603 0
0 0

0101101
*
Ve
1e-07
44.749496 16.830397 0
0 0

0101101
*
Ed
 1e-07 1 1 0
1  674 0 0 2.50595823718912
0

0101000
+1719 0 -1718 0 *
Ve
1e-07
42.48597 16.830397 0
0 0

0101101
*
Ed
 1e-07 1 1 0
1  675 0 0 2.263526
0

0101000
+1718 0 -1716 0 *
Ed
 1e-07 1 1 0
1  676 0 0 3.3576026443479
0

0101000
+1716 0 -1719 0 *
Wi

0101100
+1717 0 +1715 0 +1714 0 *
Fa
0  1e-07 212 0

0111000
+1713 0 *
Ve
1e-07
44.720806 14.324603 0
0 0

0101101
*
Ve
1e-07
39.456425 13.691566 0
0 0

0101101
*
Ed
 1e-07 1 1 0
1  677 0 0 5.30230545673578
0

0101000
+1711 0 -1710 0 *
Ve
1e-07
39.456425 13.131577 0
0 0

0101101
*
Ed
 1e-07 1 1 0
1  678 0 0 0.559989
0

0101000
+1710 0 -1708 0 *
Ed
 1e-07 1 1 0
1  679 0 0 5.3978716499966
0

0101000
+1708 0 -1711 0 *
Wi

0101100
+1709 0 +1707 0 +1706 0 *
Fa
0  1e-07 213 0

0111000
+1705 0 *
Ve
1e-07
44.387798 17.296885 0
0 0

0101101
*
Ve
1e-07
44.387798 18.632206 0
0 0

0101101
*
Ed
 1e-07 1 1 0
1  680 0 0 1.335321
0

0101000
+1703 0 -1702 0 *
Ve
1e-07
42.614315 18.632206 0
0 0

0101101
*
Ed
 1e-07 1 1 0
1  681 0 0 1.773483
0

0101000
+1702 0 -1700 0 *
Ve
1e-07
42.614315 17.949968 0
0 0

0101101
*
Ed
 1e-07 1 1 0
1  682 0 0 0.682238000000002
0

0101000
+1700 0 -1698 0 *
Ed
 1e-07 1 1 0
1  683 0 0 1.88990988043822
0

0101000
+1698 0 -1703 0 *
Wi

0101100
+1701 0 +1699 0 +1697 0 +1696 0 *
Fa
0  1e-07 214 0

0111000
+1695 0 *
Ve
1e-07
45.187363 13.691566 0
0 0

0101101
*
Ve
1e-07
47.970341 12.872011 0
0 0

0101101
*
Ed
 1e-07 1 1 0
1  684 0 0 2.90114407544834
0

0101000
+1693 0 -1692 0 *
Ve
1e-07
49.189938 13.691566 0
0 0

0101101
*
Ed
 1e-07 1 1 0
1  685 0 0 1.46938328574746
0

0101000
+1692 0 -1690 0 *
Ed
 1e-07 1 1 0
1  686 0 0 4.002575
0

0101000
+1690 0 -1693 0 *
Wi

0101100
+1691 0 +1689 0 +1688 0 *
Fa
0  1e-07 215 0

0111000
+1687 0 *
Ve
1e-07
47.970341 12.872011 0
0 0

0101101
*
Ve
1e-07
49.189938 12.872011 0
0 0

0101101
*
Ed
 1e-07 1 1 0
1  687 0 0 1.219597
0

0101000
+1685 0 -1684 0 *
Ve
1e-07
49.189938 13.691566 0
0 0

0101101
*
Ed
 1e-07 1 1 0
1  688 0 0 0.819554999999999
0

0101000
+1684 0 -1682 0 *
Ed
 1e-07 1 1 0
1  689 0 0 1.46938328574746
0

0101000
+1682 0 -1685 0 *
Wi

0101100
+1683 0 +1681 0 +1680 0 *
Fa
0  1e-07 216 0

0111000
+1679 0 *
Ve
1e-07
49.189938 13.691566 0
0 0

0101101
*
Ve
1e-07
54.332642 13.691566 0
0 0

0101101
*
Ed
 1e-07 1 1 0
1  690 0 0 5.142704
0

0101000
+1677 0 -1676 0 *
Ve
1e-07
49.189938 14.324603 0
0 0

0101101
*
Ed
 1e-07 1 1 0
1  691 0 0 5.18151910881211
0

0101000
+1676 0 -1674 0 *
Ed
 1e-07 1 1 0
1  692 0 0 0.633037
0

0101000
+1674 0 -1677 0 *
Wi

0101100
+1675 0 +1673 0 +1672 0 *
Fa
0  1e-07 217 0

0111000
+1671 0 *
Ve
1e-07
54.332642 13.691566 0
0 0

0101101
*
Ve
1e-07
52.568211 16.216444 0
0 0

0101101
*
Ed
 1e-07 1 1 0
1  693 0 0 3.08029636052199
0

0101000
+1669 0 -1668 0 *
Ve
1e-07
49.189938 14.324603 0
0 0

0101101
*
Ed
 1e-07 1 1 0
1  694 0 0 3.87192340211038
0

0101000
+1668 0 -1666 0 *
Ed
 1e-07 1 1 0
1  695 0 0 5.18151910881211
0

0101000
+1666 0 -1669 0 *
Wi

0101100
+1667 0 +1665 0 +1664 0 *
Fa
0  1e-07 218 0

0111000
+1663 0 *
Ve
1e-07
49.189938 14.324603 0
0 0

0101101
*
Ve
1e-07
52.568211 16.216444 0
0 0

0101101
*
Ed
 1e-07 1 1 0
1  696 0 0 3.87192340211038
0

0101000
+1661 0 -1660 0 *
Ve
1e-07
49.189938 16.216444 0
0 0

0101101
*
Ed
 1e-07 1 1 0
1  697 0 0 3.378273
0

0101000
+1660 0 -1658 0 *
Ed
 1e-07 1 1 0
1  698 0 0 1.891841
0

0101000
+1658 0 -1661 0 *
Wi

0101100
+1659 0 +1657 0 +1656 0 *
Fa
0  1e-07 219 0

0111000
+1655 0 *
Ve
1e-07
50.28841 16.575167 0
0 0

0101101
*
Ve
1e-07
52.568211 16.575167 0
0 0

0101101
*
Ed
 1e-07 1 1 0
1  699 0 0 2.279801
0

0101000
+1653 0 -1652 0 *
Ve
1e-07
51.646286 17.241184 0
0 0

0101101
*
Ed
 1e-07 1 1 0
1  700 0 0 1.13733211944181
0

0101000
+1652 0 -1650 0 *
Ve
1e-07
50.955627 17.241184 0
0 0

0101101
*
Ed
 1e-07 1 1 0
1  701 0 0 0.690659000000004
0

0101000
+1650 0 -1648 0 *
Ed
 1e-07 1 1 0
1  702 0 0 0.9427391841745
0

0101000
+1648 0 -1653 0 *
Wi

0101100
+1651 0 +1649 0 +1647 0 +1646 0 *
Fa
0  1e-07 220 0

0111000
+1645 0 *
Ve
1e-07
52.568211 16.216444 0
0 0

0101101
*
Ve
1e-07
57.85038 15.341217 0
0 0

0101101
*
Ed
 1e-07 1 1 0
1  703 0 0 5.35418823409208
0

0101000
+1643 0 -1642 0 *
Ve
1e-07
52.568211 16.575167 0
0 0

0101101
*
Ed
 1e-07 1 1 0
1  704 0 0 5.42438401544922
0

0101000
+1642 0 -1640 0 *
Ed
 1e-07 1 1 0
1  705 0 0 0.358723000000001
0

0101000
+1640 0 -1643 0 *
Wi

0101100
+1641 0 +1639 0 +1638 0 *
Fa
0  1e-07 221 0

0111000
+1637 0 *
Ve
1e-07
50.28841 16.575167 0
0 0

0101101
*
Ve
1e-07
50.955627 17.241184 0
0 0

0101101
*
Ed
 1e-07 1 1 0
1  706 0 0 0.9427391841745
0

0101000
+1635 0 -1634 0 *
Ve
1e-07
50.955627 19.215128 0
0 0

0101101
*
Ed
 1e-07 1 1 0
1  707 0 0 1.973944
0

0101000
+1634 0 -1632 0 *
Ed
 1e-07 1 1 0
1  708 0 0 2.72297128273693
0

0101000
+1632 0 -1635 0 *
Wi

0101100
+1633 0 +1631 0 +1630 0 *
Fa
0  1e-07 222 0

0111000
+1629 0 *
Ve
1e-07
49.189938 12.872011 0
0 0

0101101
*
Ve
1e-07
54.332642 13.691566 0
0 0

0101101
*
Ed
 1e-07 1 1 0
1  709 0 0 5.20759779837508
0

0101000
+1627 0 -1626 0 *
Ve
1e-07
49.189938 13.691566 0
0 0

0101101
*
Ed
 1e-07 1 1 0
1  710 0 0 5.142704
0

0101000
+1626 0 -1624 0 *
Ed
 1e-07 1 1 0
1  711 0 0 0.819554999999999
0

0101000
+1624 0 -1627 0 *
Wi

0101100
+1625 0 +1623 0 +1622 0 *
Fa
0  1e-07 223 0

0111000
+1621 0 *
Ve
1e-07
44.720806 14.324603 0
0 0

0101101
*
Ve
1e-07
49.189938 14.324603 0
0 0

0101101
*
Ed
 1e-07 1 1 0
1  712 0 0 4.46913199999999
0

0101000
+1619 0 -1618 0 *
Ve
1e-07
49.189938 16.216444 0
0 0

0101101
*
Ed
 1e-07 1 1 0
1  713 0 0 1.891841
0

0101000
+1618 0 -1616 0 *
Ed
 1e-07 1 1 0
1  714 0 0 4.85306121975655
0

0101000
+1616 0 -1619 0 *
Wi

0101100
+1617 0 +1615 0 +1614 0 *
Fa
0  1e-07 224 0

0111000
+1613 0 *
Ve
1e-07
51.646286 17.650713 0
0 0

0101101
*
Ve
1e-07
51.646286 17.241184 0
0 0

0101101
*
Ed
 1e-07 1 1 0
1  715 0 0 0.409528999999999
0

0101000
+1611 0 -1610 0 *
Ve
1e-07
52.11454 17.639011 0
0 0

0101101
*
Ed
 1e-07 1 1 0
1  716 0 0 0.614433178177249
0

0101000
+1610 0 -1608 0 *
Ed
 1e-07 1 1 0
1  717 0 0 0.468400197822327
0

0101000
+1608 0 -1611 0 *
Wi

0101100
+1609 0 +1607 0 +1606 0 *
Fa
0  1e-07 225 0

0111000
+1605 0 *
Ve
1e-07
52.568211 16.575167 0
0 0

0101101
*
Ve
1e-07
52.568211 17.241184 0
0 0

0101101
*
Ed
 1e-07 1 1 0
1  718 0 0 0.666017
0

0101000
+1603 0 -1602 0 *
Ve
1e-07
52.11454 17.241184 0
0 0

0101101
*
Ed
 1e-07 1 1 0
1  719 0 0 0.453671
0

0101000
+1602 0 -1600 0 *
Ed
 1e-07 1 1 0
1  720 0 0 0.805851115610073
0

0101000
+1600 0 -1603 0 *
Wi

0101100
+1601 0 +1599 0 +1598 0 *
Fa
0  1e-07 226 0

0111000
+1597 0 *
Ve
1e-07
52.249172 18.791542 0
0 0

0101101
*
Ve
1e-07
51.646286 17.650713 0
0 0

0101101
*
Ed
 1e-07 1 1 0
1  721 0 0 1.29033419556214
0

0101000
+1595 0 -1594 0 *
Ve
1e-07
52.11454 17.639011 0
0 0

0101101
*
Ed
 1e-07 1 1 0
1  722 0 0 0.468400197822327
0

0101000
+1594 0 -1592 0 *
Ed
 1e-07 1 1 0
1  723 0 0 1.1603678215915
0

0101000
+1592 0 -1595 0 *
Wi

0101100
+1593 0 +1591 0 +1590 0 *
Fa
0  1e-07 227 0

0111000
+1589 0 *
Ve
1e-07
51.646286 17.241184 0
0 0

0101101
*
Ve
1e-07
52.11454 17.241184 0
0 0

0101101
*
Ed
 1e-07 1 1 0
1  724 0 0 0.468253999999995
0

0101000
+1587 0 -1586 0 *
Ve
1e-07
52.11454 17.639011 0
0 0

0101101
*
Ed
 1e-07 1 1 0
1  725 0 0 0.397826999999999
0

0101000
+1586 0 -1584 0 *
Ed
 1e-07 1 1 0
1  726 0 0 0.614433178177249
0

0101000
+1584 0 -1587 0 *
Wi

0101100
+1585 0 +1583 0 +1582 0 *
Fa
0  1e-07 228 0

0111000
+1581 0 *
Ve
1e-07
52.11454 17.241184 0
0 0

0101101
*
Ve
1e-07
51.646286 17.241184 0
0 0

0101101
*
Ed
 1e-07 1 1 0
1  727 0 0 0.468253999999995
0

0101000
+1579 0 -1578 0 *
Ve
1e-07
52.568211 16.575167 0
0 0

0101101
*
Ed
 1e-07 1 1 0
1  728 0 0 1.13733211944181
0

0101000
+1578 0 -1576 0 *
Ed
 1e-07 1 1 0
1  729 0 0 0.805851115610073
0

0101000
+1576 0 -1579 0 *
Wi

0101100
+1577 0 +1575 0 +1574 0 *
Fa
0  1e-07 229 0

0111000
+1573 0 *
Ve
1e-07
51.646286 17.650713 0
0 0

0101101
*
Ve
1e-07
51.382896 18.791542 0
0 0

0101101
*
Ed
 1e-07 1 1 0
1  730 0 0 1.17083948487442
0

0101000
+1571 0 -1570 0 *
Ve
1e-07
51.382896 17.650713 0
0 0

0101101
*
Ed
 1e-07 1 1 0
1  731 0 0 1.140829
0

0101000
+1570 0 -1568 0 *
Ed
 1e-07 1 1 0
1  732 0 0 0.263390000000001
0

0101000
+1568 0 -1571 0 *
Wi

0101100
+1569 0 +1567 0 +1566 0 *
Fa
0  1e-07 230 0

0111000
+1565 0 *
Ve
1e-07
52.568211 16.575167 0
0 0

0101101
*
Ve
1e-07
57.85038 15.341217 0
0 0

0101101
*
Ed
 1e-07 1 1 0
1  733 0 0 5.42438401544922
0

0101000
+1563 0 -1562 0 *
Ve
1e-07
52.568211 17.241184 0
0 0

0101101
*
Ed
 1e-07 1 1 0
1  734 0 0 5.61348233680752
0

0101000
+1562 0 -1560 0 *
Ed
 1e-07 1 1 0
1  735 0 0 0.666017
0

0101000
+1560 0 -1563 0 *
Wi

0101100
+1561 0 +1559 0 +1558 0 *
Fa
0  1e-07 231 0

0111000
+1557 0 *
Ve
1e-07
54.775131 13.691566 0
0 0

0101101
*
Ve
1e-07
54.775131 10.880933 0
0 0

0101101
*
Ed
 1e-07 1 1 0
1  736 0 0 2.810633
0

0101000
+1555 0 -1554 0 *
Ve
1e-07
55.471642 11.623665 0
0 0

0101101
*
Ed
 1e-07 1 1 0
1  737 0 0 1.01822315675151
0

0101000
+1554 0 -1552 0 *
Ve
1e-07
55.471642 13.691566 0
0 0

0101101
*
Ed
 1e-07 1 1 0
1  738 0 0 2.067901
0

0101000
+1552 0 -1550 0 *
Ed
 1e-07 1 1 0
1  739 0 0 0.696511000000001
0

0101000
+1550 0 -1555 0 *
Wi

0101100
+1553 0 +1551 0 +1549 0 +1548 0 *
Fa
0  1e-07 232 0

0111000
+1547 0 *
Ve
1e-07
52.11454 17.639011 0
0 0

0101101
*
Ve
1e-07
52.249172 17.639011 0
0 0

0101101
*
Ed
 1e-07 1 1 0
1  740 0 0 0.134632000000003
0

0101000
+1545 0 -1544 0 *
Ve
1e-07
52.249172 18.791542 0
0 0

0101101
*
Ed
 1e-07 1 1 0
1  741 0 0 1.152531
0

0101000
+1544 0 -1542 0 *
Ed
 1e-07 1 1 0
1  742 0 0 1.1603678215915
0

0101000
+1542 0 -1545 0 *
Wi

0101100
+1543 0 +1541 0 +1540 0 *
Fa
0  1e-07 233 0

0111000
+1539 0 *
Ve
1e-07
43.520897 27.799553 0
0 0

0101101
*
Ve
1e-07
43.520897 22.822996 0
0 0

0101101
*
Ed
 1e-07 1 1 0
1  743 0 0 4.976557
0

0101000
+1537 0 -1536 0 *
Ve
1e-07
45.50935 24.97126 0
0 0

0101101
*
Ed
 1e-07 1 1 0
1  744 0 0 2.92728262163137
0

0101000
+1536 0 -1534 0 *
Ve
1e-07
45.50935 27.483185 0
0 0

0101101
*
Ed
 1e-07 1 1 0
1  745 0 0 2.511925
0

0101000
+1534 0 -1532 0 *
Ed
 1e-07 1 1 0
1  746 0 0 2.01346319674162
0

0101000
+1532 0 -1537 0 *
Wi

0101100
+1535 0 +1533 0 +1531 0 +1530 0 *
Fa
0  1e-07 234 0

0111000
+1529 0 *
Ve
1e-07
45.50935 24.97126 0
0 0

0101101
*
Ve
1e-07
49.189938 22.760344 0
0 0

0101101
*
Ed
 1e-07 1 1 0
1  747 0 0 4.29358563263853
0

0101000
+1527 0 -1526 0 *
Ve
1e-07
51.747974 24.97126 0
0 0

0101101
*
Ed
 1e-07 1 1 0
1  748 0 0 3.38107937445308
0

0101000
+1526 0 -1524 0 *
Ed
 1e-07 1 1 0
1  749 0 0 6.238624
0

0101000
+1524 0 -1527 0 *
Wi

0101100
+1525 0 +1523 0 +1522 0 *
Fa
0  1e-07 235 0

0111000
+1521 0 *
Ve
1e-07
44.749496 19.343599 0
0 0

0101101
*
Ve
1e-07
49.189938 22.760344 0
0 0

0101101
*
Ed
 1e-07 1 1 0
1  750 0 0 5.60282710338174
0

0101000
+1519 0 -1518 0 *
Ve
1e-07
43.520897 22.822996 0
0 0

0101101
*
Ed
 1e-07 1 1 0
1  751 0 0 5.66938719199747
0

0101000
+1518 0 -1516 0 *
Ed
 1e-07 1 1 0
1  752 0 0 3.68994024157709
0

0101000
+1516 0 -1519 0 *
Wi

0101100
+1517 0 +1515 0 +1514 0 *
Fa
0  1e-07 236 0

0111000
+1513 0 *
Ve
1e-07
45.50935 24.97126 0
0 0

0101101
*
Ve
1e-07
43.520897 22.822996 0
0 0

0101101
*
Ed
 1e-07 1 1 0
1  753 0 0 2.92728262163137
0

0101000
+1511 0 -1510 0 *
Ve
1e-07
49.189938 22.760344 0
0 0

0101101
*
Ed
 1e-07 1 1 0
1  754 0 0 5.66938719199747
0

0101000
+1510 0 -1508 0 *
Ed
 1e-07 1 1 0
1  755 0 0 4.29358563263853
0

0101000
+1508 0 -1511 0 *
Wi

0101100
+1509 0 +1507 0 +1506 0 *
Fa
0  1e-07 237 0

0111000
+1505 0 *
Ve
1e-07
47.16906 26.206633 0
0 0

0101101
*
Ve
1e-07
45.968418 25.471291 0
0 0

0101101
*
Ed
 1e-07 1 1 0
1  756 0 0 1.4079307756875
0

0101000
+1503 0 -1502 0 *
Ve
1e-07
47.16906 25.471291 0
0 0

0101101
*
Ed
 1e-07 1 1 0
1  757 0 0 1.200642
0

0101000
+1502 0 -1500 0 *
Ed
 1e-07 1 1 0
1  758 0 0 0.735341999999999
0

0101000
+1500 0 -1503 0 *
Wi

0101100
+1501 0 +1499 0 +1498 0 *
Fa
0  1e-07 238 0

0111000
+1497 0 *
Ve
1e-07
45.968418 27.118456 0
0 0

0101101
*
Ve
1e-07
45.968418 25.471291 0
0 0

0101101
*
Ed
 1e-07 1 1 0
1  759 0 0 1.647165
0

0101000
+1495 0 -1494 0 *
Ve
1e-07
47.16906 26.206633 0
0 0

0101101
*
Ed
 1e-07 1 1 0
1  760 0 0 1.4079307756875
0

0101000
+1494 0 -1492 0 *
Ed
 1e-07 1 1 0
1  761 0 0 1.50763470227141
0

0101000
+1492 0 -1495 0 *
Wi

0101100
+1493 0 +1491 0 +1490 0 *
Fa
0  1e-07 239 0

0111000
+1489 0 *
Ve
1e-07
42.617195 23.324057 0
0 0

0101101
*
Ve
1e-07
42.617195 27.437433 0
0 0

0101101
*
Ed
 1e-07 1 1 0
1  762 0 0 4.113376
0

0101000
+1487 0 -1486 0 *
Ve
1e-07
41.93523 26.749912 0
0 0

0101101
*
Ed
 1e-07 1 1 0
1  763 0 0 0.968380806638591
0

0101000
+1486 0 -1484 0 *
Ve
1e-07
41.93523 24.781368 0
0 0

0101101
*
Ed
 1e-07 1 1 0
1  764 0 0 1.968544
0

0101000
+1484 0 -1482 0 *
Ed
 1e-07 1 1 0
1  765 0 0 1.60898465248927
0

0101000
+1482 0 -1487 0 *
Wi

0101100
+1485 0 +1483 0 +1481 0 +1480 0 *
Fa
0  1e-07 240 0

0111000
+1479 0 *
Ve
1e-07
47.16906 26.206633 0
0 0

0101101
*
Ve
1e-07
48.146053 26.206633 0
0 0

0101101
*
Ed
 1e-07 1 1 0
1  766 0 0 0.976993
0

0101000
+1477 0 -1476 0 *
Ve
1e-07
47.987144 27.118456 0
0 0

0101101
*
Ed
 1e-07 1 1 0
1  767 0 0 0.925566450132024
0

0101000
+1476 0 -1474 0 *
Ve
1e-07
47.304428 27.118456 0
0 0

0101101
*
Ed
 1e-07 1 1 0
1  768 0 0 0.682715999999999
0

0101000
+1474 0 -1472 0 *
Ed
 1e-07 1 1 0
1  769 0 0 0.921816510349536
0

0101000
+1472 0 -1477 0 *
Wi

0101100
+1475 0 +1473 0 +1471 0 +1470 0 *
Fa
0  1e-07 241 0

0111000
+1469 0 *
Ve
1e-07
45.968418 27.118456 0
0 0

0101101
*
Ve
1e-07
47.16906 26.206633 0
0 0

0101101
*
Ed
 1e-07 1 1 0
1  770 0 0 1.50763470227141
0

0101000
+1467 0 -1466 0 *
Ve
1e-07
47.304428 27.118456 0
0 0

0101101
*
Ed
 1e-07 1 1 0
1  771 0 0 0.921816510349536
0

0101000
+1466 0 -1464 0 *
Ed
 1e-07 1 1 0
1  772 0 0 1.33601
0

0101000
+1464 0 -1467 0 *
Wi

0101100
+1465 0 +1463 0 +1462 0 *
Fa
0  1e-07 242 0

0111000
+1461 0 *
Ve
1e-07
47.987144 27.118456 0
0 0

0101101
*
Ve
1e-07
47.987144 27.483185 0
0 0

0101101
*
Ed
 1e-07 1 1 0
1  773 0 0 0.364729000000001
0

0101000
+1459 0 -1458 0 *
Ve
1e-07
47.304428 27.483185 0
0 0

0101101
*
Ed
 1e-07 1 1 0
1  774 0 0 0.682715999999999
0

0101000
+1458 0 -1456 0 *
Ve
1e-07
47.304428 27.118456 0
0 0

0101101
*
Ed
 1e-07 1 1 0
1  775 0 0 0.364729000000001
0

0101000
+1456 0 -1454 0 *
Ed
 1e-07 1 1 0
1  776 0 0 0.682715999999999
0

0101000
+1454 0 -1459 0 *
Wi

0101100
+1457 0 +1455 0 +1453 0 +1452 0 *
Fa
0  1e-07 243 0

0111000
+1451 0 *
Ve
1e-07
44.749496 19.343599 0
0 0

0101101
*
Ve
1e-07
49.189938 16.216444 0
0 0

0101101
*
Ed
 1e-07 1 1 0
1  777 0 0 5.43107940923248
0

0101000
+1449 0 -1448 0 *
Ve
1e-07
49.189938 22.760344 0
0 0

0101101
*
Ed
 1e-07 1 1 0
1  778 0 0 6.5439
0

0101000
+1448 0 -1446 0 *
Ed
 1e-07 1 1 0
1  779 0 0 5.60282710338174
0

0101000
+1446 0 -1449 0 *
Wi

0101100
+1447 0 +1445 0 +1444 0 *
Fa
0  1e-07 244 0

0111000
+1443 0 *
Ve
1e-07
52.249172 22.233938 0
0 0

0101101
*
Ve
1e-07
50.28841 22.233938 0
0 0

0101101
*
Ed
 1e-07 1 1 0
1  780 0 0 1.960762
0

0101000
+1441 0 -1440 0 *
Ve
1e-07
50.955627 19.215128 0
0 0

0101101
*
Ed
 1e-07 1 1 0
1  781 0 0 3.09166497880818
0

0101000
+1440 0 -1438 0 *
Ve
1e-07
52.249172 19.215128 0
0 0

0101101
*
Ed
 1e-07 1 1 0
1  782 0 0 1.293545
0

0101000
+1438 0 -1436 0 *
Ed
 1e-07 1 1 0
1  783 0 0 3.01881
0

0101000
+1436 0 -1441 0 *
Wi

0101100
+1439 0 +1437 0 +1435 0 +1434 0 *
Fa
0  1e-07 245 0

0111000
+1433 0 *
Ve
1e-07
52.568211 22.760344 0
0 0

0101101
*
Ve
1e-07
52.568211 17.241184 0
0 0

0101101
*
Ed
 1e-07 1 1 0
1  784 0 0 5.51916
0

0101000
+1431 0 -1430 0 *
Ve
1e-07
57.85038 15.341217 0
0 0

0101101
*
Ed
 1e-07 1 1 0
1  785 0 0 5.61348233680752
0

0101000
+1430 0 -1428 0 *
Ve
1e-07
57.85038 20.791708 0
0 0

0101101
*
Ed
 1e-07 1 1 0
1  786 0 0 5.450491
0

0101000
+1428 0 -1426 0 *
Ed
 1e-07 1 1 0
1  787 0 0 5.63709473444052
0

0101000
+1426 0 -1431 0 *
Wi

0101100
+1429 0 +1427 0 +1425 0 +1424 0 *
Fa
0  1e-07 246 0

0111000
+1423 0 *
Ve
1e-07
50.28841 16.575167 0
0 0

0101101
*
Ve
1e-07
50.955627 19.215128 0
0 0

0101101
*
Ed
 1e-07 1 1 0
1  788 0 0 2.72297128273693
0

0101000
+1421 0 -1420 0 *
Ve
1e-07
50.28841 22.233938 0
0 0

0101101
*
Ed
 1e-07 1 1 0
1  789 0 0 3.09166497880818
0

0101000
+1420 0 -1418 0 *
Ed
 1e-07 1 1 0
1  790 0 0 5.658771
0

0101000
+1418 0 -1421 0 *
Wi

0101100
+1419 0 +1417 0 +1416 0 *
Fa
0  1e-07 247 0

0111000
+1415 0 *
Ve
1e-07
52.568211 22.760344 0
0 0

0101101
*
Ve
1e-07
51.747974 24.97126 0
0 0

0101101
*
Ed
 1e-07 1 1 0
1  791 0 0 2.35816417902253
0

0101000
+1413 0 -1412 0 *
Ve
1e-07
49.189938 22.760344 0
0 0

0101101
*
Ed
 1e-07 1 1 0
1  792 0 0 3.38107937445308
0

0101000
+1412 0 -1410 0 *
Ed
 1e-07 1 1 0
1  793 0 0 3.378273
0

0101000
+1410 0 -1413 0 *
Wi

0101100
+1411 0 +1409 0 +1408 0 *
Fa
0  1e-07 248 0

0111000
+1407 0 *
Ve
1e-07
51.412498 27.118456 0
0 0

0101101
*
Ve
1e-07
47.987144 27.118456 0
0 0

0101101
*
Ed
 1e-07 1 1 0
1  794 0 0 3.425354
0

0101000
+1405 0 -1404 0 *
Ve
1e-07
49.276066 26.206633 0
0 0

0101101
*
Ed
 1e-07 1 1 0
1  795 0 0 1.57884169738863
0

0101000
+1404 0 -1402 0 *
Ve
1e-07
50.217747 26.206633 0
0 0

0101101
*
Ed
 1e-07 1 1 0
1  796 0 0 0.941681000000003
0

0101000
+1402 0 -1400 0 *
Ed
 1e-07 1 1 0
1  797 0 0 1.50294748255885
0

0101000
+1400 0 -1405 0 *
Wi

0101100
+1403 0 +1401 0 +1399 0 +1398 0 *
Fa
0  1e-07 249 0

0111000
+1397 0 *
Ve
1e-07
49.276066 25.471291 0
0 0

0101101
*
Ve
1e-07
49.276066 26.206633 0
0 0

0101101
*
Ed
 1e-07 1 1 0
1  798 0 0 0.735341999999999
0

0101000
+1395 0 -1394 0 *
Ve
1e-07
48.146053 26.206633 0
0 0

0101101
*
Ed
 1e-07 1 1 0
1  799 0 0 1.130013
0

0101000
+1394 0 -1392 0 *
Ve
1e-07
48.146053 25.471291 0
0 0

0101101
*
Ed
 1e-07 1 1 0
1  800 0 0 0.735341999999999
0

0101000
+1392 0 -1390 0 *
Ed
 1e-07 1 1 0
1  801 0 0 1.130013
0

0101000
+1390 0 -1395 0 *
Wi

0101100
+1393 0 +1391 0 +1389 0 +1388 0 *
Fa
0  1e-07 250 0

0111000
+1387 0 *
Ve
1e-07
50.217747 25.471291 0
0 0

0101101
*
Ve
1e-07
51.412498 25.471291 0
0 0

0101101
*
Ed
 1e-07 1 1 0
1  802 0 0 1.194751
0

0101000
+1385 0 -1384 0 *
Ve
1e-07
50.217747 26.206633 0
0 0

0101101
*
Ed
 1e-07 1 1 0
1  803 0 0 1.40291047788695
0

0101000
+1384 0 -1382 0 *
Ed
 1e-07 1 1 0
1  804 0 0 0.735341999999999
0

0101000
+1382 0 -1385 0 *
Wi

0101100
+1383 0 +1381 0 +1380 0 *
Fa
0  1e-07 251 0

0111000
+1379 0 *
Ve
1e-07
51.412498 25.471291 0
0 0

0101101
*
Ve
1e-07
51.412498 27.118456 0
0 0

0101101
*
Ed
 1e-07 1 1 0
1  805 0 0 1.647165
0

0101000
+1377 0 -1376 0 *
Ve
1e-07
50.217747 26.206633 0
0 0

0101101
*
Ed
 1e-07 1 1 0
1  806 0 0 1.50294748255885
0

0101000
+1376 0 -1374 0 *
Ed
 1e-07 1 1 0
1  807 0 0 1.40291047788695
0

0101000
+1374 0 -1377 0 *
Wi

0101100
+1375 0 +1373 0 +1372 0 *
Fa
0  1e-07 252 0

0111000
+1371 0 *
Ve
1e-07
48.146053 26.206633 0
0 0

0101101
*
Ve
1e-07
49.276066 26.206633 0
0 0

0101101
*
Ed
 1e-07 1 1 0
1  808 0 0 1.130013
0

0101000
+1369 0 -1368 0 *
Ve
1e-07
47.987144 27.118456 0
0 0

0101101
*
Ed
 1e-07 1 1 0
1  809 0 0 1.57884169738863
0

0101000
+1368 0 -1366 0 *
Ed
 1e-07 1 1 0
1  810 0 0 0.925566450132024
0

0101000
+1366 0 -1369 0 *
Wi

0101100
+1367 0 +1365 0 +1364 0 *
Fa
0  1e-07 253 0

0111000
+1363 0 *
Ve
1e-07
51.382896 18.791542 0
0 0

0101101
*
Ve
1e-07
51.646286 17.650713 0
0 0

0101101
*
Ed
 1e-07 1 1 0
1  811 0 0 1.17083948487442
0

0101000
+1361 0 -1360 0 *
Ve
1e-07
52.249172 18.791542 0
0 0

0101101
*
Ed
 1e-07 1 1 0
1  812 0 0 1.29033419556214
0

0101000
+1360 0 -1358 0 *
Ed
 1e-07 1 1 0
1  813 0 0 0.866275999999999
0

0101000
+1358 0 -1361 0 *
Wi

0101100
+1359 0 +1357 0 +1356 0 *
Fa
0  1e-07 254 0

0111000
+1355 0 *
Ve
1e-07
61.232197 10.880933 0
0 0

0101101
*
Ve
1e-07
56.364815 11.623665 0
0 0

0101101
*
Ed
 1e-07 1 1 0
1  814 0 0 4.92372403346776
0

0101000
+1353 0 -1352 0 *
Ve
1e-07
54.775131 10.880933 0
0 0

0101101
*
Ed
 1e-07 1 1 0
1  815 0 0 1.75463558714623
0

0101000
+1352 0 -1350 0 *
Ed
 1e-07 1 1 0
1  816 0 0 6.457066
0

0101000
+1350 0 -1353 0 *
Wi

0101100
+1351 0 +1349 0 +1348 0 *
Fa
0  1e-07 255 0

0111000
+1347 0 *
Ve
1e-07
54.332642 10.499552 0
0 0

0101101
*
Ve
1e-07
54.332642 13.691566 0
0 0

0101101
*
Ed
 1e-07 1 1 0
1  817 0 0 3.192014
0

0101000
+1345 0 -1344 0 *
Ve
1e-07
49.189938 12.872011 0
0 0

0101101
*
Ed
 1e-07 1 1 0
1  818 0 0 5.20759779837508
0

0101000
+1344 0 -1342 0 *
Ve
1e-07
49.189938 10.499552 0
0 0

0101101
*
Ed
 1e-07 1 1 0
1  819 0 0 2.372459
0

0101000
+1342 0 -1340 0 *
Ed
 1e-07 1 1 0
1  820 0 0 5.142704
0

0101000
+1340 0 -1345 0 *
Wi

0101100
+1343 0 +1341 0 +1339 0 +1338 0 *
Fa
0  1e-07 256 0

0111000
+1337 0 *
Ve
1e-07
52.568211 16.216444 0
0 0

0101101
*
Ve
1e-07
54.332642 13.691566 0
0 0

0101101
*
Ed
 1e-07 1 1 0
1  821 0 0 3.08029636052199
0

0101000
+1335 0 -1334 0 *
Ve
1e-07
54.775131 13.691566 0
0 0

0101101
*
Ed
 1e-07 1 1 0
1  822 0 0 0.442489000000002
0

0101000
+1334 0 -1332 0 *
Ed
 1e-07 1 1 0
1  823 0 0 3.35343179463725
0

0101000
+1332 0 -1335 0 *
Wi

0101100
+1333 0 +1331 0 +1330 0 *
Fa
0  1e-07 257 0

0111000
+1329 0 *
Ve
1e-07
54.775131 10.880933 0
0 0

0101101
*
Ve
1e-07
56.364815 11.623665 0
0 0

0101101
*
Ed
 1e-07 1 1 0
1  824 0 0 1.75463558714623
0

0101000
+1327 0 -1326 0 *
Ve
1e-07
55.471642 11.623665 0
0 0

0101101
*
Ed
 1e-07 1 1 0
1  825 0 0 0.893172999999997
0

0101000
+1326 0 -1324 0 *
Ed
 1e-07 1 1 0
1  826 0 0 1.01822315675151
0

0101000
+1324 0 -1327 0 *
Wi

0101100
+1325 0 +1323 0 +1322 0 *
Fa
0  1e-07 258 0

0111000
+1321 0 *
Ve
1e-07
55.471642 13.691566 0
0 0

0101101
*
Ve
1e-07
59.126442 15.341217 0
0 0

0101101
*
Ed
 1e-07 1 1 0
1  827 0 0 4.00985180047854
0

0101000
+1319 0 -1318 0 *
Ve
1e-07
57.85038 15.341217 0
0 0

0101101
*
Ed
 1e-07 1 1 0
1  828 0 0 1.276062
0

0101000
+1318 0 -1316 0 *
Ed
 1e-07 1 1 0
1  829 0 0 2.89477855706529
0

0101000
+1316 0 -1319 0 *
Wi

0101100
+1317 0 +1315 0 +1314 0 *
Fa
0  1e-07 259 0

0111000
+1313 0 *
Ve
1e-07
52.568211 16.216444 0
0 0

0101101
*
Ve
1e-07
54.775131 13.691566 0
0 0

0101101
*
Ed
 1e-07 1 1 0
1  830 0 0 3.35343179463725
0

0101000
+1311 0 -1310 0 *
Ve
1e-07
57.85038 15.341217 0
0 0

0101101
*
Ed
 1e-07 1 1 0
1  831 0 0 3.48977145867777
0

0101000
+1310 0 -1308 0 *
Ed
 1e-07 1 1 0
1  832 0 0 5.35418823409208
0

0101000
+1308 0 -1311 0 *
Wi

0101100
+1309 0 +1307 0 +1306 0 *
Fa
0  1e-07 260 0

0111000
+1305 0 *
Ve
1e-07
55.471642 13.691566 0
0 0

0101101
*
Ve
1e-07
57.85038 15.341217 0
0 0

0101101
*
Ed
 1e-07 1 1 0
1  833 0 0 2.89477855706529
0

0101000
+1303 0 -1302 0 *
Ve
1e-07
54.775131 13.691566 0
0 0

0101101
*
Ed
 1e-07 1 1 0
1  834 0 0 3.48977145867777
0

0101000
+1302 0 -1300 0 *
Ed
 1e-07 1 1 0
1  835 0 0 0.696511000000001
0

0101000
+1300 0 -1303 0 *
Wi

0101100
+1301 0 +1299 0 +1298 0 *
Fa
0  1e-07 261 0

0111000
+1297 0 *
Ve
1e-07
59.126442 16.046976 0
0 0

0101101
*
Ve
1e-07
58.182156 20.426075 0
0 0

0101101
*
Ed
 1e-07 1 1 0
1  836 0 0 4.47975268308385
0

0101000
+1295 0 -1294 0 *
Ve
1e-07
58.182156 16.046976 0
0 0

0101101
*
Ed
 1e-07 1 1 0
1  837 0 0 4.379099
0

0101000
+1294 0 -1292 0 *
Ed
 1e-07 1 1 0
1  838 0 0 0.944285999999998
0

0101000
+1292 0 -1295 0 *
Wi

0101100
+1293 0 +1291 0 +1290 0 *
Fa
0  1e-07 262 0

0111000
+1289 0 *
Ve
1e-07
57.85038 20.791708 0
0 0

0101101
*
Ve
1e-07
56.693096 22.731632 0
0 0

0101101
*
Ed
 1e-07 1 1 0
1  839 0 0 2.25889605392369
0

0101000
+1287 0 -1286 0 *
Ve
1e-07
55.807758 22.731632 0
0 0

0101101
*
Ed
 1e-07 1 1 0
1  840 0 0 0.885337999999997
0

0101000
+1286 0 -1284 0 *
Ed
 1e-07 1 1 0
1  841 0 0 2.81702143418541
0

0101000
+1284 0 -1287 0 *
Wi

0101100
+1285 0 +1283 0 +1282 0 *
Fa
0  1e-07 263 0

0111000
+1281 0 *
Ve
1e-07
55.807758 22.731632 0
0 0

0101101
*
Ve
1e-07
55.312725 22.731632 0
0 0

0101101
*
Ed
 1e-07 1 1 0
1  842 0 0 0.495032999999999
0

0101000
+1279 0 -1278 0 *
Ve
1e-07
57.85038 20.791708 0
0 0

0101101
*
Ed
 1e-07 1 1 0
1  843 0 0 3.19421320903928
0

0101000
+1278 0 -1276 0 *
Ed
 1e-07 1 1 0
1  844 0 0 2.81702143418541
0

0101000
+1276 0 -1279 0 *
Wi

0101100
+1277 0 +1275 0 +1274 0 *
Fa
0  1e-07 264 0

0111000
+1273 0 *
Ve
1e-07
56.693096 22.731632 0
0 0

0101101
*
Ve
1e-07
56.693096 23.009523 0
0 0

0101101
*
Ed
 1e-07 1 1 0
1  845 0 0 0.277891
0

0101000
+1271 0 -1270 0 *
Ve
1e-07
55.807758 23.009523 0
0 0

0101101
*
Ed
 1e-07 1 1 0
1  846 0 0 0.885337999999997
0

0101000
+1270 0 -1268 0 *
Ve
1e-07
55.807758 22.731632 0
0 0

0101101
*
Ed
 1e-07 1 1 0
1  847 0 0 0.277891
0

0101000
+1268 0 -1266 0 *
Ed
 1e-07 1 1 0
1  848 0 0 0.885337999999997
0

0101000
+1266 0 -1271 0 *
Wi

0101100
+1269 0 +1267 0 +1265 0 +1264 0 *
Fa
0  1e-07 265 0

0111000
+1263 0 *
Ve
1e-07
56.364815 13.145485 0
0 0

0101101
*
Ve
1e-07
56.364815 11.623665 0
0 0

0101101
*
Ed
 1e-07 1 1 0
1  849 0 0 1.52182
0

0101000
+1261 0 -1260 0 *
Ve
1e-07
61.232197 10.880933 0
0 0

0101101
*
Ed
 1e-07 1 1 0
1  850 0 0 4.92372403346776
0

0101000
+1260 0 -1258 0 *
Ve
1e-07
61.232197 13.145485 0
0 0

0101101
*
Ed
 1e-07 1 1 0
1  851 0 0 2.264552
0

0101000
+1258 0 -1256 0 *
Ed
 1e-07 1 1 0
1  852 0 0 4.867382
0

0101000
+1256 0 -1261 0 *
Wi

0101100
+1259 0 +1257 0 +1255 0 +1254 0 *
Fa
0  1e-07 266 0

0111000
+1253 0 *
Ve
1e-07
61.805794 13.691566 0
0 0

0101101
*
Ve
1e-07
59.926109 15.341217 0
0 0

0101101
*
Ed
 1e-07 1 1 0
1  853 0 0 2.50091265761642
0

0101000
+1251 0 -1250 0 *
Ve
1e-07
59.126442 15.341217 0
0 0

0101101
*
Ed
 1e-07 1 1 0
1  854 0 0 0.799666999999999
0

0101000
+1250 0 -1248 0 *
Ed
 1e-07 1 1 0
1  855 0 0 3.1464703338352
0

0101000
+1248 0 -1251 0 *
Wi

0101100
+1249 0 +1247 0 +1246 0 *
Fa
0  1e-07 267 0

0111000
+1245 0 *
Ve
1e-07
59.126442 15.341217 0
0 0

0101101
*
Ve
1e-07
59.926109 15.341217 0
0 0

0101101
*
Ed
 1e-07 1 1 0
1  856 0 0 0.799666999999999
0

0101000
+1243 0 -1242 0 *
Ve
1e-07
59.126442 16.046976 0
0 0

0101101
*
Ed
 1e-07 1 1 0
1  857 0 0 1.06656602091479
0

0101000
+1242 0 -1240 0 *
Ed
 1e-07 1 1 0
1  858 0 0 0.705759
0

0101000
+1240 0 -1243 0 *
Wi

0101100
+1241 0 +1239 0 +1238 0 *
Fa
0  1e-07 268 0

0111000
+1237 0 *
Ve
1e-07
61.805794 13.691566 0
0 0

0101101
*
Ve
1e-07
61.805794 15.341217 0
0 0

0101101
*
Ed
 1e-07 1 1 0
1  859 0 0 1.649651
0

0101000
+1235 0 -1234 0 *
Ve
1e-07
59.926109 15.341217 0
0 0

0101101
*
Ed
 1e-07 1 1 0
1  860 0 0 1.879685
0

0101000
+1234 0 -1232 0 *
Ed
 1e-07 1 1 0
1  861 0 0 2.50091265761642
0

0101000
+1232 0 -1235 0 *
Wi

0101100
+1233 0 +1231 0 +1230 0 *
Fa
0  1e-07 269 0

0111000
+1229 0 *
Ve
1e-07
61.805794 13.691566 0
0 0

0101101
*
Ve
1e-07
59.126442 15.341217 0
0 0

0101101
*
Ed
 1e-07 1 1 0
1  862 0 0 3.1464703338352
0

0101000
+1227 0 -1226 0 *
Ve
1e-07
55.471642 13.691566 0
0 0

0101101
*
Ed
 1e-07 1 1 0
1  863 0 0 4.00985180047854
0

0101000
+1226 0 -1224 0 *
Ed
 1e-07 1 1 0
1  864 0 0 6.334152
0

0101000
+1224 0 -1227 0 *
Wi

0101100
+1225 0 +1223 0 +1222 0 *
Fa
0  1e-07 270 0

0111000
+1221 0 *
Ve
1e-07
52.568211 22.760344 0
0 0

0101101
*
Ve
1e-07
57.85038 20.791708 0
0 0

0101101
*
Ed
 1e-07 1 1 0
1  865 0 0 5.63709473444052
0

0101000
+1219 0 -1218 0 *
Ve
1e-07
55.312725 22.731632 0
0 0

0101101
*
Ed
 1e-07 1 1 0
1  866 0 0 3.19421320903928
0

0101000
+1218 0 -1216 0 *
Ed
 1e-07 1 1 0
1  867 0 0 2.74466418258045
0

0101000
+1216 0 -1219 0 *
Wi

0101100
+1217 0 +1215 0 +1214 0 *
Fa
0  1e-07 271 0

0111000
+1213 0 *
Ve
1e-07
56.693096 22.731632 0
0 0

0101101
*
Ve
1e-07
57.85038 20.791708 0
0 0

0101101
*
Ed
 1e-07 1 1 0
1  868 0 0 2.25889605392369
0

0101000
+1211 0 -1210 0 *
Ve
1e-07
58.376572 22.731632 0
0 0

0101101
*
Ed
 1e-07 1 1 0
1  869 0 0 2.01002068313737
0

0101000
+1210 0 -1208 0 *
Ed
 1e-07 1 1 0
1  870 0 0 1.68347600000001
0

0101000
+1208 0 -1211 0 *
Wi

0101100
+1209 0 +1207 0 +1206 0 *
Fa
0  1e-07 272 0

0111000
+1205 0 *
Ve
1e-07
57.85038 20.791708 0
0 0

0101101
*
Ve
1e-07
60.172817 20.791708 0
0 0

0101101
*
Ed
 1e-07 1 1 0
1  871 0 0 2.322437
0

0101000
+1203 0 -1202 0 *
Ve
1e-07
58.376572 22.731632 0
0 0

0101101
*
Ed
 1e-07 1 1 0
1  872 0 0 2.64382322135974
0

0101000
+1202 0 -1200 0 *
Ed
 1e-07 1 1 0
1  873 0 0 2.01002068313737
0

0101000
+1200 0 -1203 0 *
Wi

0101100
+1201 0 +1199 0 +1198 0 *
Fa
0  1e-07 273 0

0111000
+1197 0 *
Ve
1e-07
59.926109 15.341217 0
0 0

0101101
*
Ve
1e-07
59.926109 20.426075 0
0 0

0101101
*
Ed
 1e-07 1 1 0
1  874 0 0 5.084858
0

0101000
+1195 0 -1194 0 *
Ve
1e-07
59.126442 16.046976 0
0 0

0101101
*
Ed
 1e-07 1 1 0
1  875 0 0 4.45151382820384
0

0101000
+1194 0 -1192 0 *
Ed
 1e-07 1 1 0
1  876 0 0 1.06656602091479
0

0101000
+1192 0 -1195 0 *
Wi

0101100
+1193 0 +1191 0 +1190 0 *
Fa
0  1e-07 274 0

0111000
+1189 0 *
Ve
1e-07
60.172817 18.002689 0
0 0

0101101
*
Ve
1e-07
61.176655 18.002689 0
0 0

0101101
*
Ed
 1e-07 1 1 0
1  877 0 0 1.00383799999999
0

0101000
+1187 0 -1186 0 *
Ve
1e-07
60.172817 20.791708 0
0 0

0101101
*
Ed
 1e-07 1 1 0
1  878 0 0 2.9641723486675
0

0101000
+1186 0 -1184 0 *
Ed
 1e-07 1 1 0
1  879 0 0 2.789019
0

0101000
+1184 0 -1187 0 *
Wi

0101100
+1185 0 +1183 0 +1182 0 *
Fa
0  1e-07 275 0

0111000
+1181 0 *
Ve
1e-07
60.172817 20.791708 0
0 0

0101101
*
Ve
1e-07
61.176655 18.002689 0
0 0

0101101
*
Ed
 1e-07 1 1 0
1  880 0 0 2.9641723486675
0

0101000
+1179 0 -1178 0 *
Ve
1e-07
61.176655 25.978189 0
0 0

0101101
*
Ed
 1e-07 1 1 0
1  881 0 0 7.9755
0

0101000
+1178 0 -1176 0 *
Ed
 1e-07 1 1 0
1  882 0 0 5.2827337519134
0

0101000
+1176 0 -1179 0 *
Wi

0101100
+1177 0 +1175 0 +1174 0 *
Fa
0  1e-07 276 0

0111000
+1173 0 *
Ve
1e-07
59.926109 20.426075 0
0 0

0101101
*
Ve
1e-07
58.182156 20.426075 0
0 0

0101101
*
Ed
 1e-07 1 1 0
1  883 0 0 1.743953
0

0101000
+1171 0 -1170 0 *
Ve
1e-07
59.126442 16.046976 0
0 0

0101101
*
Ed
 1e-07 1 1 0
1  884 0 0 4.47975268308385
0

0101000
+1170 0 -1168 0 *
Ed
 1e-07 1 1 0
1  885 0 0 4.45151382820384
0

0101000
+1168 0 -1171 0 *
Wi

0101100
+1169 0 +1167 0 +1166 0 *
Fa
0  1e-07 277 0

0111000
+1165 0 *
Ve
1e-07
61.176655 25.978189 0
0 0

0101101
*
Ve
1e-07
58.376572 22.731632 0
0 0

0101101
*
Ed
 1e-07 1 1 0
1  886 0 0 4.28725986629432
0

0101000
+1163 0 -1162 0 *
Ve
1e-07
60.172817 20.791708 0
0 0

0101101
*
Ed
 1e-07 1 1 0
1  887 0 0 2.64382322135974
0

0101000
+1162 0 -1160 0 *
Ed
 1e-07 1 1 0
1  888 0 0 5.2827337519134
0

0101000
+1160 0 -1163 0 *
Wi

0101100
+1161 0 +1159 0 +1158 0 *
Fa
0  1e-07 278 0

0111000
+1157 0 *
Ve
1e-07
55.73798 23.009523 0
0 0

0101101
*
Ve
1e-07
55.807758 23.009523 0
0 0

0101101
*
Ed
 1e-07 1 1 0
1  889 0 0 0.0697779999999995
0

0101000
+1155 0 -1154 0 *
Ve
1e-07
55.73798 24.644651 0
0 0

0101101
*
Ed
 1e-07 1 1 0
1  890 0 0 1.63661618764694
0

0101000
+1154 0 -1152 0 *
Ed
 1e-07 1 1 0
1  891 0 0 1.635128
0

0101000
+1152 0 -1155 0 *
Wi

0101100
+1153 0 +1151 0 +1150 0 *
Fa
0  1e-07 279 0

0111000
+1149 0 *
Ve
1e-07
55.807758 23.009523 0
0 0

0101101
*
Ve
1e-07
56.693096 23.009523 0
0 0

0101101
*
Ed
 1e-07 1 1 0
1  892 0 0 0.885337999999997
0

0101000
+1147 0 -1146 0 *
Ve
1e-07
56.831051 24.644651 0
0 0

0101101
*
Ed
 1e-07 1 1 0
1  893 0 0 1.64093728046169
0

0101000
+1146 0 -1144 0 *
Ve
1e-07
55.73798 24.644651 0
0 0

0101101
*
Ed
 1e-07 1 1 0
1  894 0 0 1.093071
0

0101000
+1144 0 -1142 0 *
Ed
 1e-07 1 1 0
1  895 0 0 1.63661618764694
0

0101000
+1142 0 -1147 0 *
Wi

0101100
+1145 0 +1143 0 +1141 0 +1140 0 *
Fa
0  1e-07 280 0

0111000
+1139 0 *
Ve
1e-07
56.693096 23.009523 0
0 0

0101101
*
Ve
1e-07
58.078251 23.631271 0
0 0

0101101
*
Ed
 1e-07 1 1 0
1  896 0 0 1.51829672644349
0

0101000
+1137 0 -1136 0 *
Ve
1e-07
56.831051 24.644651 0
0 0

0101101
*
Ed
 1e-07 1 1 0
1  897 0 0 1.60699933553191
0

0101000
+1136 0 -1134 0 *
Ed
 1e-07 1 1 0
1  898 0 0 1.64093728046169
0

0101000
+1134 0 -1137 0 *
Wi

0101100
+1135 0 +1133 0 +1132 0 *
Fa
0  1e-07 281 0

0111000
+1131 0 *
Ve
1e-07
56.831051 24.644651 0
0 0

0101101
*
Ve
1e-07
58.078251 23.631271 0
0 0

0101101
*
Ed
 1e-07 1 1 0
1  899 0 0 1.60699933553191
0

0101000
+1129 0 -1128 0 *
Ve
1e-07
57.60619 24.644651 0
0 0

0101101
*
Ed
 1e-07 1 1 0
1  900 0 0 1.11793587120237
0

0101000
+1128 0 -1126 0 *
Ed
 1e-07 1 1 0
1  901 0 0 0.775138999999996
0

0101000
+1126 0 -1129 0 *
Wi

0101100
+1127 0 +1125 0 +1124 0 *
Fa
0  1e-07 282 0

0111000
+1123 0 *
Ve
1e-07
57.60619 24.644651 0
0 0

0101101
*
Ve
1e-07
57.60619 24.847549 0
0 0

0101101
*
Ed
 1e-07 1 1 0
1  902 0 0 0.202898000000001
0

0101000
+1121 0 -1120 0 *
Ve
1e-07
56.831051 24.847549 0
0 0

0101101
*
Ed
 1e-07 1 1 0
1  903 0 0 0.775138999999996
0

0101000
+1120 0 -1118 0 *
Ve
1e-07
56.831051 24.644651 0
0 0

0101101
*
Ed
 1e-07 1 1 0
1  904 0 0 0.202898000000001
0

0101000
+1118 0 -1116 0 *
Ed
 1e-07 1 1 0
1  905 0 0 0.775138999999996
0

0101000
+1116 0 -1121 0 *
Wi

0101100
+1119 0 +1117 0 +1115 0 +1114 0 *
Fa
0  1e-07 283 0

0111000
+1113 0 *
Ve
1e-07
55.73798 24.847549 0
0 0

0101101
*
Ve
1e-07
56.831051 24.847549 0
0 0

0101101
*
Ed
 1e-07 1 1 0
1  906 0 0 1.093071
0

0101000
+1111 0 -1110 0 *
Ve
1e-07
56.831051 27.306286 0
0 0

0101101
*
Ed
 1e-07 1 1 0
1  907 0 0 2.458737
0

0101000
+1110 0 -1108 0 *
Ve
1e-07
55.73798 27.306286 0
0 0

0101101
*
Ed
 1e-07 1 1 0
1  908 0 0 1.093071
0

0101000
+1108 0 -1106 0 *
Ed
 1e-07 1 1 0
1  909 0 0 2.458737
0

0101000
+1106 0 -1111 0 *
Wi

0101100
+1109 0 +1107 0 +1105 0 +1104 0 *
Fa
0  1e-07 284 0

0111000
+1103 0 *
Ve
1e-07
57.60619 27.306286 0
0 0

0101101
*
Ve
1e-07
57.60619 24.847549 0
0 0

0101101
*
Ed
 1e-07 1 1 0
1  910 0 0 2.458737
0

0101000
+1101 0 -1100 0 *
Ve
1e-07
58.096165 24.847549 0
0 0

0101101
*
Ed
 1e-07 1 1 0
1  911 0 0 0.489975000000001
0

0101000
+1100 0 -1098 0 *
Ve
1e-07
58.096165 27.306286 0
0 0

0101101
*
Ed
 1e-07 1 1 0
1  912 0 0 2.458737
0

0101000
+1098 0 -1096 0 *
Ed
 1e-07 1 1 0
1  913 0 0 0.489975000000001
0

0101000
+1096 0 -1101 0 *
Wi

0101100
+1099 0 +1097 0 +1095 0 +1094 0 *
Fa
0  1e-07 285 0

0111000
+1093 0 *
Ve
1e-07
56.831051 27.306286 0
0 0

0101101
*
Ve
1e-07
57.60619 27.306286 0
0 0

0101101
*
Ed
 1e-07 1 1 0
1  914 0 0 0.775138999999996
0

0101000
+1091 0 -1090 0 *
Ve
1e-07
57.60619 27.446154 0
0 0

0101101
*
Ed
 1e-07 1 1 0
1  915 0 0 0.139868
0

0101000
+1090 0 -1088 0 *
Ve
1e-07
56.831051 27.446154 0
0 0

0101101
*
Ed
 1e-07 1 1 0
1  916 0 0 0.775138999999996
0

0101000
+1088 0 -1086 0 *
Ed
 1e-07 1 1 0
1  917 0 0 0.139868
0

0101000
+1086 0 -1091 0 *
Wi

0101100
+1089 0 +1087 0 +1085 0 +1084 0 *
Fa
0  1e-07 286 0

0111000
+1083 0 *
Ve
1e-07
56.831051 27.446154 0
0 0

0101101
*
Ve
1e-07
56.831051 28.81148 0
0 0

0101101
*
Ed
 1e-07 1 1 0
1  918 0 0 1.365326
0

0101000
+1081 0 -1080 0 *
Ve
1e-07
55.73798 28.81148 0
0 0

0101101
*
Ed
 1e-07 1 1 0
1  919 0 0 1.093071
0

0101000
+1080 0 -1078 0 *
Ve
1e-07
55.73798 27.446154 0
0 0

0101101
*
Ed
 1e-07 1 1 0
1  920 0 0 1.365326
0

0101000
+1078 0 -1076 0 *
Ed
 1e-07 1 1 0
1  921 0 0 1.093071
0

0101000
+1076 0 -1081 0 *
Wi

0101100
+1079 0 +1077 0 +1075 0 +1074 0 *
Fa
0  1e-07 287 0

0111000
+1073 0 *
Ve
1e-07
56.693096 23.009523 0
0 0

0101101
*
Ve
1e-07
58.078251 23.009523 0
0 0

0101101
*
Ed
 1e-07 1 1 0
1  922 0 0 1.385155
0

0101000
+1071 0 -1070 0 *
Ve
1e-07
58.078251 23.631271 0
0 0

0101101
*
Ed
 1e-07 1 1 0
1  923 0 0 0.621748
0

0101000
+1070 0 -1068 0 *
Ed
 1e-07 1 1 0
1  924 0 0 1.51829672644349
0

0101000
+1068 0 -1071 0 *
Wi

0101100
+1069 0 +1067 0 +1066 0 *
Fa
0  1e-07 288 0

0111000
+1065 0 *
Ve
1e-07
51.747974 24.97126 0
0 0

0101101
*
Ve
1e-07
55.312725 22.731632 0
0 0

0101101
*
Ed
 1e-07 1 1 0
1  925 0 0 4.20991487685737
0

0101000
+1063 0 -1062 0 *
Ve
1e-07
51.747974 27.483185 0
0 0

0101101
*
Ed
 1e-07 1 1 0
1  926 0 0 5.94009306356474
0

0101000
+1062 0 -1060 0 *
Ed
 1e-07 1 1 0
1  927 0 0 2.511925
0

0101000
+1060 0 -1063 0 *
Wi

0101100
+1061 0 +1059 0 +1058 0 *
Fa
0  1e-07 289 0

0111000
+1057 0 *
Ve
1e-07
57.60619 24.644651 0
0 0

0101101
*
Ve
1e-07
58.078251 23.631271 0
0 0

0101101
*
Ed
 1e-07 1 1 0
1  928 0 0 1.11793587120237
0

0101000
+1055 0 -1054 0 *
Ve
1e-07
58.078251 24.572628 0
0 0

0101101
*
Ed
 1e-07 1 1 0
1  929 0 0 0.941357
0

0101000
+1054 0 -1052 0 *
Ed
 1e-07 1 1 0
1  930 0 0 0.477523716950272
0

0101000
+1052 0 -1055 0 *
Wi

0101100
+1053 0 +1051 0 +1050 0 *
Fa
0  1e-07 290 0

0111000
+1049 0 *
Ve
1e-07
58.078251 24.572628 0
0 0

0101101
*
Ve
1e-07
58.078251 23.631271 0
0 0

0101101
*
Ed
 1e-07 1 1 0
1  931 0 0 0.941357
0

0101000
+1047 0 -1046 0 *
Ve
1e-07
58.376572 23.631271 0
0 0

0101101
*
Ed
 1e-07 1 1 0
1  932 0 0 0.298321000000001
0

0101000
+1046 0 -1044 0 *
Ve
1e-07
58.376572 24.572628 0
0 0

0101101
*
Ed
 1e-07 1 1 0
1  933 0 0 0.941357
0

0101000
+1044 0 -1042 0 *
Ed
 1e-07 1 1 0
1  934 0 0 0.298321000000001
0

0101000
+1042 0 -1047 0 *
Wi

0101100
+1045 0 +1043 0 +1041 0 +1040 0 *
Fa
0  1e-07 291 0

0111000
+1039 0 *
Ve
1e-07
57.60619 24.644651 0
0 0

0101101
*
Ve
1e-07
58.078251 24.572628 0
0 0

0101101
*
Ed
 1e-07 1 1 0
1  935 0 0 0.477523716950272
0

0101000
+1037 0 -1036 0 *
Ve
1e-07
58.078251 24.644651 0
0 0

0101101
*
Ed
 1e-07 1 1 0
1  936 0 0 0.0720229999999979
0

0101000
+1036 0 -1034 0 *
Ed
 1e-07 1 1 0
1  937 0 0 0.472061000000004
0

0101000
+1034 0 -1037 0 *
Wi

0101100
+1035 0 +1033 0 +1032 0 *
Fa
0  1e-07 292 0

0111000
+1031 0 *
Ve
1e-07
61.176655 25.978189 0
0 0

0101101
*
Ve
1e-07
60.90414 25.978189 0
0 0

0101101
*
Ed
 1e-07 1 1 0
1  938 0 0 0.272514999999999
0

0101000
+1029 0 -1028 0 *
Ve
1e-07
58.376572 24.572628 0
0 0

0101101
*
Ed
 1e-07 1 1 0
1  939 0 0 2.89209296519752
0

0101000
+1028 0 -1026 0 *
Ed
 1e-07 1 1 0
1  940 0 0 3.13306025023617
0

0101000
+1026 0 -1029 0 *
Wi

0101100
+1027 0 +1025 0 +1024 0 *
Fa
0  1e-07 293 0

0111000
+1023 0 *
Ve
1e-07
60.90414 25.978189 0
0 0

0101101
*
Ve
1e-07
60.153866 26.020798 0
0 0

0101101
*
Ed
 1e-07 1 1 0
1  941 0 0 0.751482935240047
0

0101000
+1021 0 -1020 0 *
Ve
1e-07
58.376572 24.572628 0
0 0

0101101
*
Ed
 1e-07 1 1 0
1  942 0 0 2.29259030603725
0

0101000
+1020 0 -1018 0 *
Ed
 1e-07 1 1 0
1  943 0 0 2.89209296519752
0

0101000
+1018 0 -1021 0 *
Wi

0101100
+1019 0 +1017 0 +1016 0 *
Fa
0  1e-07 294 0

0111000
+1015 0 *
Ve
1e-07
60.153866 26.020798 0
0 0

0101101
*
Ve
1e-07
59.386536 26.020798 0
0 0

0101101
*
Ed
 1e-07 1 1 0
1  944 0 0 0.767330000000001
0

0101000
+1013 0 -1012 0 *
Ve
1e-07
58.376572 24.572628 0
0 0

0101101
*
Ed
 1e-07 1 1 0
1  945 0 0 1.76556609340913
0

0101000
+1012 0 -1010 0 *
Ed
 1e-07 1 1 0
1  946 0 0 2.29259030603725
0

0101000
+1010 0 -1013 0 *
Wi

0101100
+1011 0 +1009 0 +1008 0 *
Fa
0  1e-07 295 0

0111000
+1007 0 *
Ve
1e-07
61.176655 25.978189 0
0 0

0101101
*
Ve
1e-07
58.376572 24.572628 0
0 0

0101101
*
Ed
 1e-07 1 1 0
1  947 0 0 3.13306025023617
0

0101000
+1005 0 -1004 0 *
Ve
1e-07
58.376572 23.631271 0
0 0

0101101
*
Ed
 1e-07 1 1 0
1  948 0 0 0.941357
0

0101000
+1004 0 -1002 0 *
Ed
 1e-07 1 1 0
1  949 0 0 3.6535583895174
0

0101000
+1002 0 -1005 0 *
Wi

0101100
+1003 0 +1001 0 +1000 0 *
Fa
0  1e-07 296 0

0111000
+999 0 *
Ve
1e-07
58.376572 24.572628 0
0 0

0101101
*
Ve
1e-07
59.386536 26.020798 0
0 0

0101101
*
Ed
 1e-07 1 1 0
1  950 0 0 1.76556609340913
0

0101000
+997 0 -996 0 *
Ve
1e-07
59.386536 29.942562 0
0 0

0101101
*
Ed
 1e-07 1 1 0
1  951 0 0 3.921764
0

0101000
+996 0 -994 0 *
Ed
 1e-07 1 1 0
1  952 0 0 5.46408441055333
0

0101000
+994 0 -997 0 *
Wi

0101100
+995 0 +993 0 +992 0 *
Fa
0  1e-07 297 0

0111000
+991 0 *
Ve
1e-07
57.60619 27.306286 0
0 0

0101101
*
Ve
1e-07
56.831051 27.306286 0
0 0

0101101
*
Ed
 1e-07 1 1 0
1  953 0 0 0.775138999999996
0

0101000
+989 0 -988 0 *
Ve
1e-07
56.831051 24.847549 0
0 0

0101101
*
Ed
 1e-07 1 1 0
1  954 0 0 2.458737
0

0101000
+988 0 -986 0 *
Ve
1e-07
57.60619 24.847549 0
0 0

0101101
*
Ed
 1e-07 1 1 0
1  955 0 0 0.775138999999996
0

0101000
+986 0 -984 0 *
Ed
 1e-07 1 1 0
1  956 0 0 2.458737
0

0101000
+984 0 -989 0 *
Wi

0101100
+987 0 +985 0 +983 0 +982 0 *
Fa
0  1e-07 298 0

0111000
+981 0 *
Ve
1e-07
60.153866 26.872986 0
0 0

0101101
*
Ve
1e-07
60.153866 26.020798 0
0 0

0101101
*
Ed
 1e-07 1 1 0
1  957 0 0 0.852188000000002
0

0101000
+979 0 -978 0 *
Ve
1e-07
60.90414 25.978189 0
0 0

0101101
*
Ed
 1e-07 1 1 0
1  958 0 0 0.751482935240047
0

0101000
+978 0 -976 0 *
Ve
1e-07
60.90414 26.872986 0
0 0

0101101
*
Ed
 1e-07 1 1 0
1  959 0 0 0.894797000000001
0

0101000
+976 0 -974 0 *
Ed
 1e-07 1 1 0
1  960 0 0 0.750273999999997
0

0101000
+974 0 -979 0 *
Wi

0101100
+977 0 +975 0 +973 0 +972 0 *
Fa
0  1e-07 299 0

0111000
+971 0 *
Ve
1e-07
59.642315 26.872986 0
0 0

0101101
*
Ve
1e-07
60.153866 26.872986 0
0 0

0101101
*
Ed
 1e-07 1 1 0
1  961 0 0 0.511550999999997
0

0101000
+969 0 -968 0 *
Ve
1e-07
59.642315 29.071627 0
0 0

0101101
*
Ed
 1e-07 1 1 0
1  962 0 0 2.25736719930143
0

0101000
+968 0 -966 0 *
Ed
 1e-07 1 1 0
1  963 0 0 2.198641
0

0101000
+966 0 -969 0 *
Wi

0101100
+967 0 +965 0 +964 0 *
Fa
0  1e-07 300 0

0111000
+963 0 *
Ve
1e-07
60.153866 26.872986 0
0 0

0101101
*
Ve
1e-07
60.90414 26.872986 0
0 0

0101101
*
Ed
 1e-07 1 1 0
1  964 0 0 0.750273999999997
0

0101000
+961 0 -960 0 *
Ve
1e-07
59.642315 29.071627 0
0 0

0101101
*
Ed
 1e-07 1 1 0
1  965 0 0 2.53499991666784
0

0101000
+960 0 -958 0 *
Ed
 1e-07 1 1 0
1  966 0 0 2.25736719930143
0

0101000
+958 0 -961 0 *
Wi

0101100
+959 0 +957 0 +956 0 *
Fa
0  1e-07 301 0

0111000
+955 0 *
Ve
1e-07
61.50095 26.872986 0
0 0

0101101
*
Ve
1e-07
61.50095 29.071627 0
0 0

0101101
*
Ed
 1e-07 1 1 0
1  967 0 0 2.198641
0

0101000
+953 0 -952 0 *
Ve
1e-07
60.90414 26.872986 0
0 0

0101101
*
Ed
 1e-07 1 1 0
1  968 0 0 2.27820201540184
0

0101000
+952 0 -950 0 *
Ed
 1e-07 1 1 0
1  969 0 0 0.596810000000005
0

0101000
+950 0 -953 0 *
Wi

0101100
+951 0 +949 0 +948 0 *
Fa
0  1e-07 302 0

0111000
+947 0 *
Ve
1e-07
58.376572 23.631271 0
0 0

0101101
*
Ve
1e-07
58.376572 22.731632 0
0 0

0101101
*
Ed
 1e-07 1 1 0
1  970 0 0 0.899639000000001
0

0101000
+945 0 -944 0 *
Ve
1e-07
61.176655 25.978189 0
0 0

0101101
*
Ed
 1e-07 1 1 0
1  971 0 0 4.28725986629432
0

0101000
+944 0 -942 0 *
Ed
 1e-07 1 1 0
1  972 0 0 3.6535583895174
0

0101000
+942 0 -945 0 *
Wi

0101100
+943 0 +941 0 +940 0 *
Fa
0  1e-07 303 0

0111000
+939 0 *
Ve
1e-07
52.568211 22.760344 0
0 0

0101101
*
Ve
1e-07
55.312725 22.731632 0
0 0

0101101
*
Ed
 1e-07 1 1 0
1  973 0 0 2.74466418258045
0

0101000
+937 0 -936 0 *
Ve
1e-07
51.747974 24.97126 0
0 0

0101101
*
Ed
 1e-07 1 1 0
1  974 0 0 4.20991487685737
0

0101000
+936 0 -934 0 *
Ed
 1e-07 1 1 0
1  975 0 0 2.35816417902253
0

0101000
+934 0 -937 0 *
Wi

0101100
+935 0 +933 0 +932 0 *
Fa
0  1e-07 304 0

0111000
+931 0 *
Ve
1e-07
43.370953 33.335785 0
0 0

0101101
*
Ve
1e-07
42.432747 32.273785 0
0 0

0101101
*
Ed
 1e-07 1 1 0
1  976 0 0 1.41706545312347
0

0101000
+929 0 -928 0 *
Ve
1e-07
43.370953 32.273785 0
0 0

0101101
*
Ed
 1e-07 1 1 0
1  977 0 0 0.938206000000001
0

0101000
+928 0 -926 0 *
Ed
 1e-07 1 1 0
1  978 0 0 1.062
0

0101000
+926 0 -929 0 *
Wi

0101100
+927 0 +925 0 +924 0 *
Fa
0  1e-07 305 0

0111000
+923 0 *
Ve
1e-07
44.805637 32.046741 0
0 0

0101101
*
Ve
1e-07
43.520897 27.799553 0
0 0

0101101
*
Ed
 1e-07 1 1 0
1  979 0 0 4.4372472068777
0

0101000
+921 0 -920 0 *
Ve
1e-07
45.495258 32.046741 0
0 0

0101101
*
Ed
 1e-07 1 1 0
1  980 0 0 4.68366387197726
0

0101000
+920 0 -918 0 *
Ed
 1e-07 1 1 0
1  981 0 0 0.689621000000002
0

0101000
+918 0 -921 0 *
Wi

0101100
+919 0 +917 0 +916 0 *
Fa
0  1e-07 306 0

0111000
+915 0 *
Ve
1e-07
45.495258 33.511192 0
0 0

0101101
*
Ve
1e-07
44.805637 32.046741 0
0 0

0101101
*
Ed
 1e-07 1 1 0
1  982 0 0 1.61870128653869
0

0101000
+913 0 -912 0 *
Ve
1e-07
45.495258 32.046741 0
0 0

0101101
*
Ed
 1e-07 1 1 0
1  983 0 0 0.689621000000002
0

0101000
+912 0 -910 0 *
Ed
 1e-07 1 1 0
1  984 0 0 1.464451
0

0101000
+910 0 -913 0 *
Wi

0101100
+911 0 +909 0 +908 0 *
Fa
0  1e-07 307 0

0111000
+907 0 *
Ve
1e-07
45.495258 32.046741 0
0 0

0101101
*
Ve
1e-07
43.520897 27.799553 0
0 0

0101101
*
Ed
 1e-07 1 1 0
1  985 0 0 4.68366387197726
0

0101000
+905 0 -904 0 *
Ve
1e-07
45.50935 27.483185 0
0 0

0101101
*
Ed
 1e-07 1 1 0
1  986 0 0 2.01346319674162
0

0101000
+904 0 -902 0 *
Ed
 1e-07 1 1 0
1  987 0 0 4.56357775759327
0

0101000
+902 0 -905 0 *
Wi

0101100
+903 0 +901 0 +900 0 *
Fa
0  1e-07 308 0

0111000
+899 0 *
Ve
1e-07
43.475201 33.335785 0
0 0

0101101
*
Ve
1e-07
43.475201 32.273785 0
0 0

0101101
*
Ed
 1e-07 1 1 0
1  988 0 0 1.062
0

0101000
+897 0 -896 0 *
Ve
1e-07
44.421425 32.273785 0
0 0

0101101
*
Ed
 1e-07 1 1 0
1  989 0 0 0.946224000000001
0

0101000
+896 0 -894 0 *
Ed
 1e-07 1 1 0
1  990 0 0 1.42238667674301
0

0101000
+894 0 -897 0 *
Wi

0101100
+895 0 +893 0 +892 0 *
Fa
0  1e-07 309 0

0111000
+891 0 *
Ve
1e-07
43.370953 33.335785 0
0 0

0101101
*
Ve
1e-07
42.657276 33.511192 0
0 0

0101101
*
Ed
 1e-07 1 1 0
1  991 0 0 0.734916645598666
0

0101000
+889 0 -888 0 *
Ve
1e-07
42.657276 33.443989 0
0 0

0101101
*
Ed
 1e-07 1 1 0
1  992 0 0 0.0672029999999992
0

0101000
+888 0 -886 0 *
Ed
 1e-07 1 1 0
1  993 0 0 0.72183305960935
0

0101000
+886 0 -889 0 *
Wi

0101100
+887 0 +885 0 +884 0 *
Fa
0  1e-07 310 0

0111000
+883 0 *
Ve
1e-07
42.657276 33.443989 0
0 0

0101101
*
Ve
1e-07
42.432747 32.273785 0
0 0

0101101
*
Ed
 1e-07 1 1 0
1  994 0 0 1.19154969407785
0

0101000
+881 0 -880 0 *
Ve
1e-07
43.370953 33.335785 0
0 0

0101101
*
Ed
 1e-07 1 1 0
1  995 0 0 1.41706545312347
0

0101000
+880 0 -878 0 *
Ed
 1e-07 1 1 0
1  996 0 0 0.72183305960935
0

0101000
+878 0 -881 0 *
Wi

0101100
+879 0 +877 0 +876 0 *
Fa
0  1e-07 311 0

0111000
+875 0 *
Ve
1e-07
43.370953 33.335785 0
0 0

0101101
*
Ve
1e-07
43.475201 33.335785 0
0 0

0101101
*
Ed
 1e-07 1 1 0
1  997 0 0 0.104247999999998
0

0101000
+873 0 -872 0 *
Ve
1e-07
42.657276 33.511192 0
0 0

0101101
*
Ed
 1e-07 1 1 0
1  998 0 0 0.836521919183229
0

0101000
+872 0 -870 0 *
Ed
 1e-07 1 1 0
1  999 0 0 0.734916645598666
0

0101000
+870 0 -873 0 *
Wi

0101100
+871 0 +869 0 +868 0 *
Fa
0  1e-07 312 0

0111000
+867 0 *
Ve
1e-07
46.637947 33.335785 0
0 0

0101101
*
Ve
1e-07
45.699738 32.273785 0
0 0

0101101
*
Ed
 1e-07 1 1 0
1  1000 0 0 1.4170674393553
0

0101000
+865 0 -864 0 *
Ve
1e-07
46.637947 32.273785 0
0 0

0101101
*
Ed
 1e-07 1 1 0
1  1001 0 0 0.938208999999993
0

0101000
+864 0 -862 0 *
Ed
 1e-07 1 1 0
1  1002 0 0 1.062
0

0101000
+862 0 -865 0 *
Wi

0101100
+863 0 +861 0 +860 0 *
Fa
0  1e-07 313 0

0111000
+859 0 *
Ve
1e-07
43.475201 33.335785 0
0 0

0101101
*
Ve
1e-07
44.421425 32.273785 0
0 0

0101101
*
Ed
 1e-07 1 1 0
1  1003 0 0 1.42238667674301
0

0101000
+857 0 -856 0 *
Ve
1e-07
44.112698 33.443989 0
0 0

0101101
*
Ed
 1e-07 1 1 0
1  1004 0 0 1.21024367882878
0

0101000
+856 0 -854 0 *
Ed
 1e-07 1 1 0
1  1005 0 0 0.646614669354945
0

0101000
+854 0 -857 0 *
Wi

0101100
+855 0 +853 0 +852 0 *
Fa
0  1e-07 314 0

0111000
+851 0 *
Ve
1e-07
46.637947 33.335785 0
0 0

0101101
*
Ve
1e-07
45.924267 33.443989 0
0 0

0101101
*
Ed
 1e-07 1 1 0
1  1006 0 0 0.721836025712208
0

0101000
+849 0 -848 0 *
Ve
1e-07
45.699738 32.273785 0
0 0

0101101
*
Ed
 1e-07 1 1 0
1  1007 0 0 1.19154969407785
0

0101000
+848 0 -846 0 *
Ed
 1e-07 1 1 0
1  1008 0 0 1.4170674393553
0

0101000
+846 0 -849 0 *
Wi

0101100
+847 0 +845 0 +844 0 *
Fa
0  1e-07 315 0

0111000
+843 0 *
Ve
1e-07
45.50935 27.483185 0
0 0

0101101
*
Ve
1e-07
47.304428 27.483185 0
0 0

0101101
*
Ed
 1e-07 1 1 0
1  1009 0 0 1.795078
0

0101000
+841 0 -840 0 *
Ve
1e-07
48.072628 32.046741 0
0 0

0101101
*
Ed
 1e-07 1 1 0
1  1010 0 0 4.62776129517675
0

0101000
+840 0 -838 0 *
Ve
1e-07
45.495258 32.046741 0
0 0

0101101
*
Ed
 1e-07 1 1 0
1  1011 0 0 2.57737
0

0101000
+838 0 -836 0 *
Ed
 1e-07 1 1 0
1  1012 0 0 4.56357775759327
0

0101000
+836 0 -841 0 *
Wi

0101100
+839 0 +837 0 +835 0 +834 0 *
Fa
0  1e-07 316 0

0111000
+833 0 *
Ve
1e-07
42.228268 32.046741 0
0 0

0101101
*
Ve
1e-07
43.520897 27.799553 0
0 0

0101101
*
Ed
 1e-07 1 1 0
1  1013 0 0 4.43953777312289
0

0101000
+831 0 -830 0 *
Ve
1e-07
44.805637 32.046741 0
0 0

0101101
*
Ed
 1e-07 1 1 0
1  1014 0 0 4.4372472068777
0

0101000
+830 0 -828 0 *
Ed
 1e-07 1 1 0
1  1015 0 0 2.577369
0

0101000
+828 0 -831 0 *
Wi

0101100
+829 0 +827 0 +826 0 *
Fa
0  1e-07 317 0

0111000
+825 0 *
Ve
1e-07
48.072628 32.046741 0
0 0

0101101
*
Ve
1e-07
47.304428 27.483185 0
0 0

0101101
*
Ed
 1e-07 1 1 0
1  1016 0 0 4.62776129517675
0

0101000
+823 0 -822 0 *
Ve
1e-07
47.987144 27.483185 0
0 0

0101101
*
Ed
 1e-07 1 1 0
1  1017 0 0 0.682715999999999
0

0101000
+822 0 -820 0 *
Ed
 1e-07 1 1 0
1  1018 0 0 4.5643565679504
0

0101000
+820 0 -823 0 *
Wi

0101100
+821 0 +819 0 +818 0 *
Fa
0  1e-07 318 0

0111000
+817 0 *
Ve
1e-07
48.762249 32.046741 0
0 0

0101101
*
Ve
1e-07
48.072628 32.046741 0
0 0

0101101
*
Ed
 1e-07 1 1 0
1  1019 0 0 0.689620999999995
0

0101000
+815 0 -814 0 *
Ve
1e-07
47.987144 27.483185 0
0 0

0101101
*
Ed
 1e-07 1 1 0
1  1020 0 0 4.5643565679504
0

0101000
+814 0 -812 0 *
Ed
 1e-07 1 1 0
1  1021 0 0 4.62891252090175
0

0101000
+812 0 -815 0 *
Wi

0101100
+813 0 +811 0 +810 0 *
Fa
0  1e-07 319 0

0111000
+809 0 *
Ve
1e-07
51.339619 32.046741 0
0 0

0101101
*
Ve
1e-07
48.762249 32.046741 0
0 0

0101101
*
Ed
 1e-07 1 1 0
1  1022 0 0 2.57737
0

0101000
+807 0 -806 0 *
Ve
1e-07
47.987144 27.483185 0
0 0

0101101
*
Ed
 1e-07 1 1 0
1  1023 0 0 4.62891252090175
0

0101000
+806 0 -804 0 *
Ve
1e-07
51.747974 27.483185 0
0 0

0101101
*
Ed
 1e-07 1 1 0
1  1024 0 0 3.76083
0

0101000
+804 0 -802 0 *
Ed
 1e-07 1 1 0
1  1025 0 0 4.58178973449906
0

0101000
+802 0 -807 0 *
Wi

0101100
+805 0 +803 0 +801 0 +800 0 *
Fa
0  1e-07 320 0

0111000
+799 0 *
Ve
1e-07
52.083481 32.046741 0
0 0

0101101
*
Ve
1e-07
52.083481 33.511192 0
0 0

0101101
*
Ed
 1e-07 1 1 0
1  1026 0 0 1.464451
0

0101000
+797 0 -796 0 *
Ve
1e-07
51.339619 32.046741 0
0 0

0101101
*
Ed
 1e-07 1 1 0
1  1027 0 0 1.64254296943642
0

0101000
+796 0 -794 0 *
Ed
 1e-07 1 1 0
1  1028 0 0 0.743862
0

0101000
+794 0 -797 0 *
Wi

0101100
+795 0 +793 0 +792 0 *
Fa
0  1e-07 321 0

0111000
+791 0 *
Ve
1e-07
52.083481 32.046741 0
0 0

0101101
*
Ve
1e-07
51.339619 32.046741 0
0 0

0101101
*
Ed
 1e-07 1 1 0
1  1029 0 0 0.743862
0

0101000
+789 0 -788 0 *
Ve
1e-07
51.747974 27.483185 0
0 0

0101101
*
Ed
 1e-07 1 1 0
1  1030 0 0 4.58178973449906
0

0101000
+788 0 -786 0 *
Ed
 1e-07 1 1 0
1  1031 0 0 4.57587240995474
0

0101000
+786 0 -789 0 *
Wi

0101100
+787 0 +785 0 +784 0 *
Fa
0  1e-07 322 0

0111000
+783 0 *
Ve
1e-07
47.688416 32.273785 0
0 0

0101101
*
Ve
1e-07
47.379688 33.443989 0
0 0

0101101
*
Ed
 1e-07 1 1 0
1  1032 0 0 1.21024393392407
0

0101000
+781 0 -780 0 *
Ve
1e-07
46.742191 33.335785 0
0 0

0101101
*
Ed
 1e-07 1 1 0
1  1033 0 0 0.646614669354945
0

0101000
+780 0 -778 0 *
Ed
 1e-07 1 1 0
1  1034 0 0 1.42238734198003
0

0101000
+778 0 -781 0 *
Wi

0101100
+779 0 +777 0 +776 0 *
Fa
0  1e-07 323 0

0111000
+775 0 *
Ve
1e-07
48.072628 32.046741 0
0 0

0101101
*
Ve
1e-07
48.762249 32.046741 0
0 0

0101101
*
Ed
 1e-07 1 1 0
1  1035 0 0 0.689620999999995
0

0101000
+773 0 -772 0 *
Ve
1e-07
48.762249 33.511192 0
0 0

0101101
*
Ed
 1e-07 1 1 0
1  1036 0 0 1.464451
0

0101000
+772 0 -770 0 *
Ed
 1e-07 1 1 0
1  1037 0 0 1.61870128653869
0

0101000
+770 0 -773 0 *
Wi

0101100
+771 0 +769 0 +768 0 *
Fa
0  1e-07 324 0

0111000
+767 0 *
Ve
1e-07
49.904938 32.273785 0
0 0

0101101
*
Ve
1e-07
49.904938 33.335785 0
0 0

0101101
*
Ed
 1e-07 1 1 0
1  1038 0 0 1.062
0

0101000
+765 0 -764 0 *
Ve
1e-07
48.966732 32.273785 0
0 0

0101101
*
Ed
 1e-07 1 1 0
1  1039 0 0 1.41706545312347
0

0101000
+764 0 -762 0 *
Ed
 1e-07 1 1 0
1  1040 0 0 0.938206000000001
0

0101000
+762 0 -765 0 *
Wi

0101100
+763 0 +761 0 +760 0 *
Fa
0  1e-07 325 0

0111000
+759 0 *
Ve
1e-07
47.688416 32.273785 0
0 0

0101101
*
Ve
1e-07
46.742191 33.335785 0
0 0

0101101
*
Ed
 1e-07 1 1 0
1  1041 0 0 1.42238734198003
0

0101000
+757 0 -756 0 *
Ve
1e-07
46.742191 32.273785 0
0 0

0101101
*
Ed
 1e-07 1 1 0
1  1042 0 0 1.062
0

0101000
+756 0 -754 0 *
Ed
 1e-07 1 1 0
1  1043 0 0 0.946224999999998
0

0101000
+754 0 -757 0 *
Wi

0101100
+755 0 +753 0 +752 0 *
Fa
0  1e-07 326 0

0111000
+751 0 *
Ve
1e-07
50.009182 33.335785 0
0 0

0101101
*
Ve
1e-07
50.009182 32.273785 0
0 0

0101101
*
Ed
 1e-07 1 1 0
1  1044 0 0 1.062
0

0101000
+749 0 -748 0 *
Ve
1e-07
50.955406 32.273785 0
0 0

0101101
*
Ed
 1e-07 1 1 0
1  1045 0 0 0.946224000000001
0

0101000
+748 0 -746 0 *
Ed
 1e-07 1 1 0
1  1046 0 0 1.42238667674301
0

0101000
+746 0 -749 0 *
Wi

0101100
+747 0 +745 0 +744 0 *
Fa
0  1e-07 327 0

0111000
+743 0 *
Ve
1e-07
49.191257 33.443989 0
0 0

0101101
*
Ve
1e-07
48.966732 32.273785 0
0 0

0101101
*
Ed
 1e-07 1 1 0
1  1047 0 0 1.19154894034656
0

0101000
+741 0 -740 0 *
Ve
1e-07
49.904938 33.335785 0
0 0

0101101
*
Ed
 1e-07 1 1 0
1  1048 0 0 1.41706545312347
0

0101000
+740 0 -738 0 *
Ed
 1e-07 1 1 0
1  1049 0 0 0.721837014413227
0

0101000
+738 0 -741 0 *
Wi

0101100
+739 0 +737 0 +736 0 *
Fa
0  1e-07 328 0

0111000
+735 0 *
Ve
1e-07
50.646679 33.443989 0
0 0

0101101
*
Ve
1e-07
50.009182 33.335785 0
0 0

0101101
*
Ed
 1e-07 1 1 0
1  1050 0 0 0.646614669354938
0

0101000
+733 0 -732 0 *
Ve
1e-07
50.955406 32.273785 0
0 0

0101101
*
Ed
 1e-07 1 1 0
1  1051 0 0 1.42238667674301
0

0101000
+732 0 -730 0 *
Ed
 1e-07 1 1 0
1  1052 0 0 1.21024367882878
0

0101000
+730 0 -733 0 *
Wi

0101100
+731 0 +729 0 +728 0 *
Fa
0  1e-07 329 0

0111000
+727 0 *
Ve
1e-07
46.742191 33.335785 0
0 0

0101101
*
Ve
1e-07
45.924267 33.511192 0
0 0

0101101
*
Ed
 1e-07 1 1 0
1  1053 0 0 0.836520941414497
0

0101000
+725 0 -724 0 *
Ve
1e-07
46.637947 33.335785 0
0 0

0101101
*
Ed
 1e-07 1 1 0
1  1054 0 0 0.734919558896751
0

0101000
+724 0 -722 0 *
Ed
 1e-07 1 1 0
1  1055 0 0 0.104244000000001
0

0101000
+722 0 -725 0 *
Wi

0101100
+723 0 +721 0 +720 0 *
Fa
0  1e-07 330 0

0111000
+719 0 *
Ve
1e-07
50.009182 33.335785 0
0 0

0101101
*
Ve
1e-07
49.191257 33.511192 0
0 0

0101101
*
Ed
 1e-07 1 1 0
1  1056 0 0 0.836521919183236
0

0101000
+717 0 -716 0 *
Ve
1e-07
49.904938 33.335785 0
0 0

0101101
*
Ed
 1e-07 1 1 0
1  1057 0 0 0.734920529996272
0

0101000
+716 0 -714 0 *
Ed
 1e-07 1 1 0
1  1058 0 0 0.104244000000001
0

0101000
+714 0 -717 0 *
Wi

0101100
+715 0 +713 0 +712 0 *
Fa
0  1e-07 331 0

0111000
+711 0 *
Ve
1e-07
42.657276 33.511192 0
0 0

0101101
*
Ve
1e-07
44.112698 33.443989 0
0 0

0101101
*
Ed
 1e-07 1 1 0
1  1059 0 0 1.45697269751118
0

0101000
+709 0 -708 0 *
Ve
1e-07
43.271873 36.210213 0
0 0

0101101
*
Ed
 1e-07 1 1 0
1  1060 0 0 2.89119039476839
0

0101000
+708 0 -706 0 *
Ed
 1e-07 1 1 0
1  1061 0 0 2.76811196140077
0

0101000
+706 0 -709 0 *
Wi

0101100
+707 0 +705 0 +704 0 *
Fa
0  1e-07 332 0

0111000
+703 0 *
Ve
1e-07
43.475201 33.335785 0
0 0

0101101
*
Ve
1e-07
44.112698 33.443989 0
0 0

0101101
*
Ed
 1e-07 1 1 0
1  1062 0 0 0.646614669354945
0

0101000
+701 0 -700 0 *
Ve
1e-07
42.657276 33.511192 0
0 0

0101101
*
Ed
 1e-07 1 1 0
1  1063 0 0 1.45697269751118
0

0101000
+700 0 -698 0 *
Ed
 1e-07 1 1 0
1  1064 0 0 0.836521919183229
0

0101000
+698 0 -701 0 *
Wi

0101100
+699 0 +697 0 +696 0 *
Fa
0  1e-07 333 0

0111000
+695 0 *
Ve
1e-07
44.421425 32.273785 0
0 0

0101101
*
Ve
1e-07
44.421425 33.443989 0
0 0

0101101
*
Ed
 1e-07 1 1 0
1  1065 0 0 1.17020400000001
0

0101000
+693 0 -692 0 *
Ve
1e-07
44.112698 33.443989 0
0 0

0101101
*
Ed
 1e-07 1 1 0
1  1066 0 0 0.308726999999998
0

0101000
+692 0 -690 0 *
Ed
 1e-07 1 1 0
1  1067 0 0 1.21024367882878
0

0101000
+690 0 -693 0 *
Wi

0101100
+691 0 +689 0 +688 0 *
Fa
0  1e-07 334 0

0111000
+687 0 *
Ve
1e-07
45.699738 32.273785 0
0 0

0101101
*
Ve
1e-07
45.924267 33.443989 0
0 0

0101101
*
Ed
 1e-07 1 1 0
1  1068 0 0 1.19154969407785
0

0101000
+685 0 -684 0 *
Ve
1e-07
45.699738 33.443989 0
0 0

0101101
*
Ed
 1e-07 1 1 0
1  1069 0 0 0.224528999999997
0

0101000
+684 0 -682 0 *
Ed
 1e-07 1 1 0
1  1070 0 0 1.17020400000001
0

0101000
+682 0 -685 0 *
Wi

0101100
+683 0 +681 0 +680 0 *
Fa
0  1e-07 335 0

0111000
+679 0 *
Ve
1e-07
45.924267 33.511192 0
0 0

0101101
*
Ve
1e-07
45.924267 33.443989 0
0 0

0101101
*
Ed
 1e-07 1 1 0
1  1071 0 0 0.0672029999999992
0

0101000
+677 0 -676 0 *
Ve
1e-07
46.637947 33.335785 0
0 0

0101101
*
Ed
 1e-07 1 1 0
1  1072 0 0 0.721836025712208
0

0101000
+676 0 -674 0 *
Ed
 1e-07 1 1 0
1  1073 0 0 0.734919558896751
0

0101000
+674 0 -677 0 *
Wi

0101100
+675 0 +673 0 +672 0 *
Fa
0  1e-07 336 0

0111000
+671 0 *
Ve
1e-07
45.924267 33.511192 0
0 0

0101101
*
Ve
1e-07
46.742191 33.335785 0
0 0

0101101
*
Ed
 1e-07 1 1 0
1  1074 0 0 0.836520941414497
0

0101000
+669 0 -668 0 *
Ve
1e-07
47.379688 33.443989 0
0 0

0101101
*
Ed
 1e-07 1 1 0
1  1075 0 0 0.646614669354945
0

0101000
+668 0 -666 0 *
Ed
 1e-07 1 1 0
1  1076 0 0 1.45697169857551
0

0101000
+666 0 -669 0 *
Wi

0101100
+667 0 +665 0 +664 0 *
Fa
0  1e-07 337 0

0111000
+663 0 *
Ve
1e-07
44.805637 36.210213 0
0 0

0101101
*
Ve
1e-07
44.805637 32.046741 0
0 0

0101101
*
Ed
 1e-07 1 1 0
1  1077 0 0 4.16347200000001
0

0101000
+661 0 -660 0 *
Ve
1e-07
45.495258 33.511192 0
0 0

0101101
*
Ed
 1e-07 1 1 0
1  1078 0 0 1.61870128653869
0

0101000
+660 0 -658 0 *
Ed
 1e-07 1 1 0
1  1079 0 0 2.78572997293026
0

0101000
+658 0 -661 0 *
Wi

0101100
+659 0 +657 0 +656 0 *
Fa
0  1e-07 338 0

0111000
+655 0 *
Ve
1e-07
43.271873 36.405811 0
0 0

0101101
*
Ve
1e-07
43.271873 36.210213 0
0 0

0101101
*
Ed
 1e-07 1 1 0
1  1080 0 0 0.195597999999997
0

0101000
+653 0 -652 0 *
Ve
1e-07
44.112698 36.405811 0
0 0

0101101
*
Ed
 1e-07 1 1 0
1  1081 0 0 0.863275887668017
0

0101000
+652 0 -650 0 *
Ed
 1e-07 1 1 0
1  1082 0 0 0.840825000000002
0

0101000
+650 0 -653 0 *
Wi

0101100
+651 0 +649 0 +648 0 *
Fa
0  1e-07 339 0

0111000
+647 0 *
Ve
1e-07
44.112698 36.405811 0
0 0

0101101
*
Ve
1e-07
43.271873 36.210213 0
0 0

0101101
*
Ed
 1e-07 1 1 0
1  1083 0 0 0.863275887668017
0

0101000
+645 0 -644 0 *
Ve
1e-07
44.112698 33.443989 0
0 0

0101101
*
Ed
 1e-07 1 1 0
1  1084 0 0 2.89119039476839
0

0101000
+644 0 -642 0 *
Ed
 1e-07 1 1 0
1  1085 0 0 2.961822
0

0101000
+642 0 -645 0 *
Wi

0101100
+643 0 +641 0 +640 0 *
Fa
0  1e-07 340 0

0111000
+639 0 *
Ve
1e-07
44.112698 36.405811 0
0 0

0101101
*
Ve
1e-07
46.458256 36.405811 0
0 0

0101101
*
Ed
 1e-07 1 1 0
1  1086 0 0 2.345558
0

0101000
+637 0 -636 0 *
Ve
1e-07
36.774666 38.17831 0
0 0

0101101
*
Ed
 1e-07 1 1 0
1  1087 0 0 9.84447398254985
0

0101000
+636 0 -634 0 *
Ed
 1e-07 1 1 0
1  1088 0 0 7.54907056120321
0

0101000
+634 0 -637 0 *
Wi

0101100
+635 0 +633 0 +632 0 *
Fa
0  1e-07 341 0

0111000
+631 0 *
Ve
1e-07
46.458256 36.210213 0
0 0

0101101
*
Ve
1e-07
44.805637 36.210213 0
0 0

0101101
*
Ed
 1e-07 1 1 0
1  1089 0 0 1.652619
0

0101000
+629 0 -628 0 *
Ve
1e-07
45.495258 33.511192 0
0 0

0101101
*
Ed
 1e-07 1 1 0
1  1090 0 0 2.78572997293026
0

0101000
+628 0 -626 0 *
Ve
1e-07
45.924267 33.511192 0
0 0

0101101
*
Ed
 1e-07 1 1 0
1  1091 0 0 0.429009000000001
0

0101000
+626 0 -624 0 *
Ed
 1e-07 1 1 0
1  1092 0 0 2.75133760388688
0

0101000
+624 0 -629 0 *
Wi

0101100
+627 0 +625 0 +623 0 +622 0 *
Fa
0  1e-07 342 0

0111000
+621 0 *
Ve
1e-07
46.458256 36.210213 0
0 0

0101101
*
Ve
1e-07
47.379688 36.405811 0
0 0

0101101
*
Ed
 1e-07 1 1 0
1  1093 0 0 0.941963644854728
0

0101000
+619 0 -618 0 *
Ve
1e-07
46.458256 36.405811 0
0 0

0101101
*
Ed
 1e-07 1 1 0
1  1094 0 0 0.921432000000003
0

0101000
+618 0 -616 0 *
Ed
 1e-07 1 1 0
1  1095 0 0 0.195597999999997
0

0101000
+616 0 -619 0 *
Wi

0101100
+617 0 +615 0 +614 0 *
Fa
0  1e-07 343 0

0111000
+613 0 *
Ve
1e-07
46.458256 36.210213 0
0 0

0101101
*
Ve
1e-07
45.924267 33.511192 0
0 0

0101101
*
Ed
 1e-07 1 1 0
1  1096 0 0 2.75133760388688
0

0101000
+611 0 -610 0 *
Ve
1e-07
47.379688 33.443989 0
0 0

0101101
*
Ed
 1e-07 1 1 0
1  1097 0 0 1.45697169857551
0

0101000
+610 0 -608 0 *
Ed
 1e-07 1 1 0
1  1098 0 0 2.91565295410822
0

0101000
+608 0 -611 0 *
Wi

0101100
+609 0 +607 0 +606 0 *
Fa
0  1e-07 344 0

0111000
+605 0 *
Ve
1e-07
46.458256 36.405811 0
0 0

0101101
*
Ve
1e-07
47.379688 36.405811 0
0 0

0101101
*
Ed
 1e-07 1 1 0
1  1099 0 0 0.921432000000003
0

0101000
+603 0 -602 0 *
Ve
1e-07
36.774666 38.17831 0
0 0

0101101
*
Ed
 1e-07 1 1 0
1  1100 0 0 10.7521274325356
0

0101000
+602 0 -600 0 *
Ed
 1e-07 1 1 0
1  1101 0 0 9.84447398254985
0

0101000
+600 0 -603 0 *
Wi

0101100
+601 0 +599 0 +598 0 *
Fa
0  1e-07 345 0

0111000
+597 0 *
Ve
1e-07
42.657276 33.511192 0
0 0

0101101
*
Ve
1e-07
43.271873 36.210213 0
0 0

0101101
*
Ed
 1e-07 1 1 0
1  1102 0 0 2.76811196140077
0

0101000
+595 0 -594 0 *
Ve
1e-07
41.619255 36.210213 0
0 0

0101101
*
Ed
 1e-07 1 1 0
1  1103 0 0 1.652618
0

0101000
+594 0 -592 0 *
Ed
 1e-07 1 1 0
1  1104 0 0 2.89174721490002
0

0101000
+592 0 -595 0 *
Wi

0101100
+593 0 +591 0 +590 0 *
Fa
0  1e-07 346 0

0111000
+589 0 *
Ve
1e-07
48.072628 32.046741 0
0 0

0101101
*
Ve
1e-07
48.762249 33.511192 0
0 0

0101101
*
Ed
 1e-07 1 1 0
1  1105 0 0 1.61870128653869
0

0101000
+587 0 -586 0 *
Ve
1e-07
48.072628 36.210213 0
0 0

0101101
*
Ed
 1e-07 1 1 0
1  1106 0 0 2.78572997293026
0

0101000
+586 0 -584 0 *
Ed
 1e-07 1 1 0
1  1107 0 0 4.16347200000001
0

0101000
+584 0 -587 0 *
Wi

0101100
+585 0 +583 0 +582 0 *
Fa
0  1e-07 347 0

0111000
+581 0 *
Ve
1e-07
50.646679 33.443989 0
0 0

0101101
*
Ve
1e-07
49.191257 33.511192 0
0 0

0101101
*
Ed
 1e-07 1 1 0
1  1108 0 0 1.45697269751118
0

0101000
+579 0 -578 0 *
Ve
1e-07
50.009182 33.335785 0
0 0

0101101
*
Ed
 1e-07 1 1 0
1  1109 0 0 0.836521919183236
0

0101000
+578 0 -576 0 *
Ed
 1e-07 1 1 0
1  1110 0 0 0.646614669354938
0

0101000
+576 0 -579 0 *
Wi

0101100
+577 0 +575 0 +574 0 *
Fa
0  1e-07 348 0

0111000
+573 0 *
Ve
1e-07
51.339619 32.046741 0
0 0

0101101
*
Ve
1e-07
52.083481 33.511192 0
0 0

0101101
*
Ed
 1e-07 1 1 0
1  1111 0 0 1.64254296943642
0

0101000
+571 0 -570 0 *
Ve
1e-07
51.339619 36.210213 0
0 0

0101101
*
Ed
 1e-07 1 1 0
1  1112 0 0 2.79965087707111
0

0101000
+570 0 -568 0 *
Ed
 1e-07 1 1 0
1  1113 0 0 4.16347200000001
0

0101000
+568 0 -571 0 *
Wi

0101100
+569 0 +567 0 +566 0 *
Fa
0  1e-07 349 0

0111000
+565 0 *
Ve
1e-07
50.955406 33.443989 0
0 0

0101101
*
Ve
1e-07
50.646679 33.443989 0
0 0

0101101
*
Ed
 1e-07 1 1 0
1  1114 0 0 0.308727000000005
0

0101000
+563 0 -562 0 *
Ve
1e-07
50.955406 32.273785 0
0 0

0101101
*
Ed
 1e-07 1 1 0
1  1115 0 0 1.21024367882878
0

0101000
+562 0 -560 0 *
Ed
 1e-07 1 1 0
1  1116 0 0 1.17020400000001
0

0101000
+560 0 -563 0 *
Wi

0101100
+561 0 +559 0 +558 0 *
Fa
0  1e-07 350 0

0111000
+557 0 *
Ve
1e-07
49.191257 33.511192 0
0 0

0101101
*
Ve
1e-07
49.191257 33.443989 0
0 0

0101101
*
Ed
 1e-07 1 1 0
1  1117 0 0 0.0672029999999992
0

0101000
+555 0 -554 0 *
Ve
1e-07
49.904938 33.335785 0
0 0

0101101
*
Ed
 1e-07 1 1 0
1  1118 0 0 0.721837014413227
0

0101000
+554 0 -552 0 *
Ed
 1e-07 1 1 0
1  1119 0 0 0.734920529996272
0

0101000
+552 0 -555 0 *
Wi

0101100
+553 0 +551 0 +550 0 *
Fa
0  1e-07 351 0

0111000
+549 0 *
Ve
1e-07
49.191257 33.443989 0
0 0

0101101
*
Ve
1e-07
48.966732 33.443989 0
0 0

0101101
*
Ed
 1e-07 1 1 0
1  1120 0 0 0.224525
0

0101000
+547 0 -546 0 *
Ve
1e-07
48.966732 32.273785 0
0 0

0101101
*
Ed
 1e-07 1 1 0
1  1121 0 0 1.17020400000001
0

0101000
+546 0 -544 0 *
Ed
 1e-07 1 1 0
1  1122 0 0 1.19154894034656
0

0101000
+544 0 -547 0 *
Wi

0101100
+545 0 +543 0 +542 0 *
Fa
0  1e-07 352 0

0111000
+541 0 *
Ve
1e-07
49.725246 36.210213 0
0 0

0101101
*
Ve
1e-07
48.072628 36.210213 0
0 0

0101101
*
Ed
 1e-07 1 1 0
1  1123 0 0 1.652618
0

0101000
+539 0 -538 0 *
Ve
1e-07
48.762249 33.511192 0
0 0

0101101
*
Ed
 1e-07 1 1 0
1  1124 0 0 2.78572997293026
0

0101000
+538 0 -536 0 *
Ve
1e-07
49.191257 33.511192 0
0 0

0101101
*
Ed
 1e-07 1 1 0
1  1125 0 0 0.429008000000003
0

0101000
+536 0 -534 0 *
Ed
 1e-07 1 1 0
1  1126 0 0 2.75133760388688
0

0101000
+534 0 -539 0 *
Wi

0101100
+537 0 +535 0 +533 0 +532 0 *
Fa
0  1e-07 353 0

0111000
+531 0 *
Ve
1e-07
47.379688 36.405811 0
0 0

0101101
*
Ve
1e-07
46.458256 36.210213 0
0 0

0101101
*
Ed
 1e-07 1 1 0
1  1127 0 0 0.941963644854728
0

0101000
+529 0 -528 0 *
Ve
1e-07
47.379688 33.443989 0
0 0

0101101
*
Ed
 1e-07 1 1 0
1  1128 0 0 2.91565295410822
0

0101000
+528 0 -526 0 *
Ed
 1e-07 1 1 0
1  1129 0 0 2.961822
0

0101000
+526 0 -529 0 *
Wi

0101100
+527 0 +525 0 +524 0 *
Fa
0  1e-07 354 0

0111000
+523 0 *
Ve
1e-07
49.191257 33.511192 0
0 0

0101101
*
Ve
1e-07
50.646679 33.443989 0
0 0

0101101
*
Ed
 1e-07 1 1 0
1  1130 0 0 1.45697269751118
0

0101000
+521 0 -520 0 *
Ve
1e-07
49.725246 36.210213 0
0 0

0101101
*
Ed
 1e-07 1 1 0
1  1131 0 0 2.91565327013776
0

0101000
+520 0 -518 0 *
Ed
 1e-07 1 1 0
1  1132 0 0 2.75133760388688
0

0101000
+518 0 -521 0 *
Wi

0101100
+519 0 +517 0 +516 0 *
Fa
0  1e-07 355 0

0111000
+515 0 *
Ve
1e-07
52.083481 33.511192 0
0 0

0101101
*
Ve
1e-07
52.512489 33.511192 0
0 0

0101101
*
Ed
 1e-07 1 1 0
1  1133 0 0 0.429008000000003
0

0101000
+513 0 -512 0 *
Ve
1e-07
52.992237 36.210213 0
0 0

0101101
*
Ed
 1e-07 1 1 0
1  1134 0 0 2.74132677766534
0

0101000
+512 0 -510 0 *
Ed
 1e-07 1 1 0
1  1135 0 0 2.84790305768596
0

0101000
+510 0 -513 0 *
Wi

0101100
+511 0 +509 0 +508 0 *
Fa
0  1e-07 356 0

0111000
+507 0 *
Ve
1e-07
50.646679 36.405811 0
0 0

0101101
*
Ve
1e-07
49.725246 36.210213 0
0 0

0101101
*
Ed
 1e-07 1 1 0
1  1136 0 0 0.941964623058106
0

0101000
+505 0 -504 0 *
Ve
1e-07
50.646679 33.443989 0
0 0

0101101
*
Ed
 1e-07 1 1 0
1  1137 0 0 2.91565327013776
0

0101000
+504 0 -502 0 *
Ed
 1e-07 1 1 0
1  1138 0 0 2.961822
0

0101000
+502 0 -505 0 *
Wi

0101100
+503 0 +501 0 +500 0 *
Fa
0  1e-07 357 0

0111000
+499 0 *
Ve
1e-07
54.846188 37.021675 0
0 0

0101101
*
Ve
1e-07
49.725246 36.405811 0
0 0

0101101
*
Ed
 1e-07 1 1 0
1  1139 0 0 5.15784212959838
0

0101000
+497 0 -496 0 *
Ve
1e-07
50.646679 36.405811 0
0 0

0101101
*
Ed
 1e-07 1 1 0
1  1140 0 0 0.921433
0

0101000
+496 0 -494 0 *
Ed
 1e-07 1 1 0
1  1141 0 0 4.24442744166713
0

0101000
+494 0 -497 0 *
Wi

0101100
+495 0 +493 0 +492 0 *
Fa
0  1e-07 358 0

0111000
+491 0 *
Ve
1e-07
50.646679 36.405811 0
0 0

0101101
*
Ve
1e-07
49.725246 36.405811 0
0 0

0101101
*
Ed
 1e-07 1 1 0
1  1142 0 0 0.921433
0

0101000
+489 0 -488 0 *
Ve
1e-07
49.725246 36.210213 0
0 0

0101101
*
Ed
 1e-07 1 1 0
1  1143 0 0 0.195597999999997
0

0101000
+488 0 -486 0 *
Ed
 1e-07 1 1 0
1  1144 0 0 0.941964623058106
0

0101000
+486 0 -489 0 *
Wi

0101100
+487 0 +485 0 +484 0 *
Fa
0  1e-07 359 0

0111000
+483 0 *
Ve
1e-07
54.846188 37.021675 0
0 0

0101101
*
Ve
1e-07
47.379688 36.405811 0
0 0

0101101
*
Ed
 1e-07 1 1 0
1  1145 0 0 7.49185629310226
0

0101000
+481 0 -480 0 *
Ve
1e-07
49.725246 36.405811 0
0 0

0101101
*
Ed
 1e-07 1 1 0
1  1146 0 0 2.345558
0

0101000
+480 0 -478 0 *
Ed
 1e-07 1 1 0
1  1147 0 0 5.15784212959838
0

0101000
+478 0 -481 0 *
Wi

0101100
+479 0 +477 0 +476 0 *
Fa
0  1e-07 360 0

0111000
+475 0 *
Ve
1e-07
47.688416 33.443989 0
0 0

0101101
*
Ve
1e-07
47.379688 33.443989 0
0 0

0101101
*
Ed
 1e-07 1 1 0
1  1148 0 0 0.308727999999995
0

0101000
+473 0 -472 0 *
Ve
1e-07
47.688416 32.273785 0
0 0

0101101
*
Ed
 1e-07 1 1 0
1  1149 0 0 1.21024393392407
0

0101000
+472 0 -470 0 *
Ed
 1e-07 1 1 0
1  1150 0 0 1.17020400000001
0

0101000
+470 0 -473 0 *
Wi

0101100
+471 0 +469 0 +468 0 *
Fa
0  1e-07 361 0

0111000
+467 0 *
Ve
1e-07
36.774666 38.17831 0
0 0

0101101
*
Ve
1e-07
47.379688 36.405811 0
0 0

0101101
*
Ed
 1e-07 1 1 0
1  1151 0 0 10.7521274325356
0

0101000
+465 0 -464 0 *
Ve
1e-07
54.846188 37.021675 0
0 0

0101101
*
Ed
 1e-07 1 1 0
1  1152 0 0 7.49185629310226
0

0101000
+464 0 -462 0 *
Ed
 1e-07 1 1 0
1  1153 0 0 18.1084983341996
0

0101000
+462 0 -465 0 *
Wi

0101100
+463 0 +461 0 +460 0 *
Fa
0  1e-07 362 0

0111000
+459 0 *
Ve
1e-07
51.747974 27.483185 0
0 0

0101101
*
Ve
1e-07
55.312725 22.731632 0
0 0

0101101
*
Ed
 1e-07 1 1 0
1  1154 0 0 5.94009306356474
0

0101000
+457 0 -456 0 *
Ve
1e-07
54.288376 32.046741 0
0 0

0101101
*
Ed
 1e-07 1 1 0
1  1155 0 0 9.37126173765742
0

0101000
+456 0 -454 0 *
Ed
 1e-07 1 1 0
1  1156 0 0 5.22299585360165
0

0101000
+454 0 -457 0 *
Wi

0101100
+455 0 +453 0 +452 0 *
Fa
0  1e-07 363 0

0111000
+451 0 *
Ve
1e-07
53.03307 33.335785 0
0 0

0101101
*
Ve
1e-07
52.287964 32.273785 0
0 0

0101101
*
Ed
 1e-07 1 1 0
1  1157 0 0 1.29731528597948
0

0101000
+449 0 -448 0 *
Ve
1e-07
53.03307 32.273785 0
0 0

0101101
*
Ed
 1e-07 1 1 0
1  1158 0 0 0.745106
0

0101000
+448 0 -446 0 *
Ed
 1e-07 1 1 0
1  1159 0 0 1.062
0

0101000
+446 0 -449 0 *
Wi

0101100
+447 0 +445 0 +444 0 *
Fa
0  1e-07 364 0

0111000
+443 0 *
Ve
1e-07
54.288376 32.046741 0
0 0

0101101
*
Ve
1e-07
55.312725 32.939274 0
0 0

0101101
*
Ed
 1e-07 1 1 0
1  1160 0 0 1.35864124399711
0

0101000
+441 0 -440 0 *
Ve
1e-07
54.846188 34.401634 0
0 0

0101101
*
Ed
 1e-07 1 1 0
1  1161 0 0 1.53497672359193
0

0101000
+440 0 -438 0 *
Ed
 1e-07 1 1 0
1  1162 0 0 2.42005687304927
0

0101000
+438 0 -441 0 *
Wi

0101100
+439 0 +437 0 +436 0 *
Fa
0  1e-07 365 0

0111000
+435 0 *
Ve
1e-07
54.288376 32.046741 0
0 0

0101101
*
Ve
1e-07
55.312725 22.731632 0
0 0

0101101
*
Ed
 1e-07 1 1 0
1  1163 0 0 9.37126173765742
0

0101000
+433 0 -432 0 *
Ve
1e-07
55.312725 32.939274 0
0 0

0101101
*
Ed
 1e-07 1 1 0
1  1164 0 0 10.207642
0

0101000
+432 0 -430 0 *
Ed
 1e-07 1 1 0
1  1165 0 0 1.35864124399711
0

0101000
+430 0 -433 0 *
Wi

0101100
+431 0 +429 0 +428 0 *
Fa
0  1e-07 366 0

0111000
+427 0 *
Ve
1e-07
53.137314 33.335785 0
0 0

0101101
*
Ve
1e-07
53.137314 32.273785 0
0 0

0101101
*
Ed
 1e-07 1 1 0
1  1166 0 0 1.062
0

0101000
+425 0 -424 0 *
Ve
1e-07
54.103973 32.273785 0
0 0

0101101
*
Ed
 1e-07 1 1 0
1  1167 0 0 0.966659
0

0101000
+424 0 -422 0 *
Ed
 1e-07 1 1 0
1  1168 0 0 1.43606184486637
0

0101000
+422 0 -425 0 *
Wi

0101100
+423 0 +421 0 +420 0 *
Fa
0  1e-07 367 0

0111000
+419 0 *
Ve
1e-07
52.512489 33.511192 0
0 0

0101101
*
Ve
1e-07
52.512489 33.443989 0
0 0

0101101
*
Ed
 1e-07 1 1 0
1  1169 0 0 0.0672029999999992
0

0101000
+417 0 -416 0 *
Ve
1e-07
53.03307 33.335785 0
0 0

0101101
*
Ed
 1e-07 1 1 0
1  1170 0 0 0.531707328496608
0

0101000
+416 0 -414 0 *
Ed
 1e-07 1 1 0
1  1171 0 0 0.549337959010662
0

0101000
+414 0 -417 0 *
Wi

0101100
+415 0 +413 0 +412 0 *
Fa
0  1e-07 368 0

0111000
+411 0 *
Ve
1e-07
53.03307 33.335785 0
0 0

0101101
*
Ve
1e-07
52.512489 33.443989 0
0 0

0101101
*
Ed
 1e-07 1 1 0
1  1172 0 0 0.531707328496608
0

0101000
+409 0 -408 0 *
Ve
1e-07
52.287964 33.443989 0
0 0

0101101
*
Ed
 1e-07 1 1 0
1  1173 0 0 0.224525
0

0101000
+408 0 -406 0 *
Ed
 1e-07 1 1 0
1  1174 0 0 0.752921680423668
0

0101000
+406 0 -409 0 *
Wi

0101100
+407 0 +405 0 +404 0 *
Fa
0  1e-07 369 0

0111000
+403 0 *
Ve
1e-07
53.137314 33.335785 0
0 0

0101101
*
Ve
1e-07
52.512489 33.511192 0
0 0

0101101
*
Ed
 1e-07 1 1 0
1  1175 0 0 0.648979118519234
0

0101000
+401 0 -400 0 *
Ve
1e-07
53.03307 33.335785 0
0 0

0101101
*
Ed
 1e-07 1 1 0
1  1176 0 0 0.549337959010662
0

0101000
+400 0 -398 0 *
Ed
 1e-07 1 1 0
1  1177 0 0 0.104244000000001
0

0101000
+398 0 -401 0 *
Wi

0101100
+399 0 +397 0 +396 0 *
Fa
0  1e-07 370 0

0111000
+395 0 *
Ve
1e-07
54.103973 32.273785 0
0 0

0101101
*
Ve
1e-07
54.103973 33.443989 0
0 0

0101101
*
Ed
 1e-07 1 1 0
1  1178 0 0 1.17020400000001
0

0101000
+393 0 -392 0 *
Ve
1e-07
53.733494 33.443989 0
0 0

0101101
*
Ed
 1e-07 1 1 0
1  1179 0 0 0.370479000000003
0

0101000
+392 0 -390 0 *
Ed
 1e-07 1 1 0
1  1180 0 0 1.22744942505059
0

0101000
+390 0 -393 0 *
Wi

0101100
+391 0 +389 0 +388 0 *
Fa
0  1e-07 371 0

0111000
+387 0 *
Ve
1e-07
54.103973 32.273785 0
0 0

0101101
*
Ve
1e-07
53.733494 33.443989 0
0 0

0101101
*
Ed
 1e-07 1 1 0
1  1181 0 0 1.22744942505059
0

0101000
+385 0 -384 0 *
Ve
1e-07
53.137314 33.335785 0
0 0

0101101
*
Ed
 1e-07 1 1 0
1  1182 0 0 0.605919712516433
0

0101000
+384 0 -382 0 *
Ed
 1e-07 1 1 0
1  1183 0 0 1.43606184486637
0

0101000
+382 0 -385 0 *
Wi

0101100
+383 0 +381 0 +380 0 *
Fa
0  1e-07 372 0

0111000
+379 0 *
Ve
1e-07
54.288376 32.046741 0
0 0

0101101
*
Ve
1e-07
54.846188 34.401634 0
0 0

0101101
*
Ed
 1e-07 1 1 0
1  1184 0 0 2.42005687304927
0

0101000
+377 0 -376 0 *
Ve
1e-07
54.288376 36.405811 0
0 0

0101101
*
Ed
 1e-07 1 1 0
1  1185 0 0 2.08035566061984
0

0101000
+376 0 -374 0 *
Ed
 1e-07 1 1 0
1  1186 0 0 4.35907
0

0101000
+374 0 -377 0 *
Wi

0101100
+375 0 +373 0 +372 0 *
Fa
0  1e-07 373 0

0111000
+371 0 *
Ve
1e-07
52.512489 33.511192 0
0 0

0101101
*
Ve
1e-07
53.137314 33.335785 0
0 0

0101101
*
Ed
 1e-07 1 1 0
1  1187 0 0 0.648979118519234
0

0101000
+369 0 -368 0 *
Ve
1e-07
53.733494 33.443989 0
0 0

0101101
*
Ed
 1e-07 1 1 0
1  1188 0 0 0.605919712516433
0

0101000
+368 0 -366 0 *
Ed
 1e-07 1 1 0
1  1189 0 0 1.22285299739339
0

0101000
+366 0 -369 0 *
Wi

0101100
+367 0 +365 0 +364 0 *
Fa
0  1e-07 374 0

0111000
+363 0 *
Ve
1e-07
51.747974 27.483185 0
0 0

0101101
*
Ve
1e-07
54.288376 32.046741 0
0 0

0101101
*
Ed
 1e-07 1 1 0
1  1190 0 0 5.22299585360165
0

0101000
+361 0 -360 0 *
Ve
1e-07
52.083481 32.046741 0
0 0

0101101
*
Ed
 1e-07 1 1 0
1  1191 0 0 2.204895
0

0101000
+360 0 -358 0 *
Ed
 1e-07 1 1 0
1  1192 0 0 4.57587240995474
0

0101000
+358 0 -361 0 *
Wi

0101100
+359 0 +357 0 +356 0 *
Fa
0  1e-07 375 0

0111000
+355 0 *
Ve
1e-07
53.733494 33.443989 0
0 0

0101101
*
Ve
1e-07
52.992237 36.210213 0
0 0

0101101
*
Ed
 1e-07 1 1 0
1  1193 0 0 2.86381863221556
0

0101000
+353 0 -352 0 *
Ve
1e-07
52.512489 33.511192 0
0 0

0101101
*
Ed
 1e-07 1 1 0
1  1194 0 0 2.74132677766534
0

0101000
+352 0 -350 0 *
Ed
 1e-07 1 1 0
1  1195 0 0 1.22285299739339
0

0101000
+350 0 -353 0 *
Wi

0101100
+351 0 +349 0 +348 0 *
Fa
0  1e-07 376 0

0111000
+347 0 *
Ve
1e-07
57.60619 27.446154 0
0 0

0101101
*
Ve
1e-07
57.60619 28.81148 0
0 0

0101101
*
Ed
 1e-07 1 1 0
1  1196 0 0 1.365326
0

0101000
+345 0 -344 0 *
Ve
1e-07
56.831051 28.81148 0
0 0

0101101
*
Ed
 1e-07 1 1 0
1  1197 0 0 0.775138999999996
0

0101000
+344 0 -342 0 *
Ve
1e-07
56.831051 27.446154 0
0 0

0101101
*
Ed
 1e-07 1 1 0
1  1198 0 0 1.365326
0

0101000
+342 0 -340 0 *
Ed
 1e-07 1 1 0
1  1199 0 0 0.775138999999996
0

0101000
+340 0 -345 0 *
Wi

0101100
+343 0 +341 0 +339 0 +338 0 *
Fa
0  1e-07 377 0

0111000
+337 0 *
Ve
1e-07
57.60619 28.81148 0
0 0

0101101
*
Ve
1e-07
57.60619 27.446154 0
0 0

0101101
*
Ed
 1e-07 1 1 0
1  1200 0 0 1.365326
0

0101000
+335 0 -334 0 *
Ve
1e-07
58.096165 27.446154 0
0 0

0101101
*
Ed
 1e-07 1 1 0
1  1201 0 0 0.489975000000001
0

0101000
+334 0 -332 0 *
Ve
1e-07
58.096165 28.81148 0
0 0

0101101
*
Ed
 1e-07 1 1 0
1  1202 0 0 1.365326
0

0101000
+332 0 -330 0 *
Ed
 1e-07 1 1 0
1  1203 0 0 0.489975000000001
0

0101000
+330 0 -335 0 *
Wi

0101100
+333 0 +331 0 +329 0 +328 0 *
Fa
0  1e-07 378 0

0111000
+327 0 *
Ve
1e-07
57.60619 28.81148 0
0 0

0101101
*
Ve
1e-07
57.60619 29.229214 0
0 0

0101101
*
Ed
 1e-07 1 1 0
1  1204 0 0 0.417733999999999
0

0101000
+325 0 -324 0 *
Ve
1e-07
56.831051 29.229214 0
0 0

0101101
*
Ed
 1e-07 1 1 0
1  1205 0 0 0.775138999999996
0

0101000
+324 0 -322 0 *
Ve
1e-07
56.831051 28.81148 0
0 0

0101101
*
Ed
 1e-07 1 1 0
1  1206 0 0 0.417733999999999
0

0101000
+322 0 -320 0 *
Ed
 1e-07 1 1 0
1  1207 0 0 0.775138999999996
0

0101000
+320 0 -325 0 *
Wi

0101100
+323 0 +321 0 +319 0 +318 0 *
Fa
0  1e-07 379 0

0111000
+317 0 *
Ve
1e-07
59.386536 29.942562 0
0 0

0101101
*
Ve
1e-07
58.376572 32.939274 0
0 0

0101101
*
Ed
 1e-07 1 1 0
1  1208 0 0 3.16232668967645
0

0101000
+315 0 -314 0 *
Ve
1e-07
58.376572 24.572628 0
0 0

0101101
*
Ed
 1e-07 1 1 0
1  1209 0 0 8.366646
0

0101000
+314 0 -312 0 *
Ed
 1e-07 1 1 0
1  1210 0 0 5.46408441055333
0

0101000
+312 0 -315 0 *
Wi

0101100
+313 0 +311 0 +310 0 *
Fa
0  1e-07 380 0

0111000
+309 0 *
Ve
1e-07
59.642315 29.071627 0
0 0

0101101
*
Ve
1e-07
60.90414 26.872986 0
0 0

0101101
*
Ed
 1e-07 1 1 0
1  1211 0 0 2.53499991666784
0

0101000
+307 0 -306 0 *
Ve
1e-07
61.50095 29.071627 0
0 0

0101101
*
Ed
 1e-07 1 1 0
1  1212 0 0 2.27820201540184
0

0101000
+306 0 -304 0 *
Ed
 1e-07 1 1 0
1  1213 0 0 1.858635
0

0101000
+304 0 -307 0 *
Wi

0101100
+305 0 +303 0 +302 0 *
Fa
0  1e-07 381 0

0111000
+301 0 *
Ve
1e-07
58.000767 31.399323 0
0 0

0101101
*
Ve
1e-07
55.790203 31.399323 0
0 0

0101101
*
Ed
 1e-07 1 1 0
1  1214 0 0 2.21056400000001
0

0101000
+299 0 -298 0 *
Ve
1e-07
56.831051 29.229214 0
0 0

0101101
*
Ed
 1e-07 1 1 0
1  1215 0 0 2.40681067618228
0

0101000
+298 0 -296 0 *
Ve
1e-07
57.60619 29.229214 0
0 0

0101101
*
Ed
 1e-07 1 1 0
1  1216 0 0 0.775138999999996
0

0101000
+296 0 -294 0 *
Ed
 1e-07 1 1 0
1  1217 0 0 2.20568902631581
0

0101000
+294 0 -299 0 *
Wi

0101100
+297 0 +295 0 +293 0 +292 0 *
Fa
0  1e-07 382 0

0111000
+291 0 *
Ve
1e-07
57.60619 29.229214 0
0 0

0101101
*
Ve
1e-07
58.000767 29.229214 0
0 0

0101101
*
Ed
 1e-07 1 1 0
1  1218 0 0 0.394577000000005
0

0101000
+289 0 -288 0 *
Ve
1e-07
58.000767 31.399323 0
0 0

0101101
*
Ed
 1e-07 1 1 0
1  1219 0 0 2.170109
0

0101000
+288 0 -286 0 *
Ed
 1e-07 1 1 0
1  1220 0 0 2.20568902631581
0

0101000
+286 0 -289 0 *
Wi

0101100
+287 0 +285 0 +284 0 *
Fa
0  1e-07 383 0

0111000
+283 0 *
Ve
1e-07
56.831051 29.229214 0
0 0

0101101
*
Ve
1e-07
55.790203 31.399323 0
0 0

0101101
*
Ed
 1e-07 1 1 0
1  1221 0 0 2.40681067618228
0

0101000
+281 0 -280 0 *
Ve
1e-07
55.790203 29.229214 0
0 0

0101101
*
Ed
 1e-07 1 1 0
1  1222 0 0 2.170109
0

0101000
+280 0 -278 0 *
Ed
 1e-07 1 1 0
1  1223 0 0 1.040848
0

0101000
+278 0 -281 0 *
Wi

0101100
+279 0 +277 0 +276 0 *
Fa
0  1e-07 384 0

0111000
+275 0 *
Ve
1e-07
59.386536 29.942562 0
0 0

0101101
*
Ve
1e-07
61.168465 29.942562 0
0 0

0101101
*
Ed
 1e-07 1 1 0
1  1224 0 0 1.781929
0

0101000
+273 0 -272 0 *
Ve
1e-07
58.376572 32.939274 0
0 0

0101101
*
Ed
 1e-07 1 1 0
1  1225 0 0 4.09572329807483
0

0101000
+272 0 -270 0 *
Ed
 1e-07 1 1 0
1  1226 0 0 3.16232668967645
0

0101000
+270 0 -273 0 *
Wi

0101100
+271 0 +269 0 +268 0 *
Fa
0  1e-07 385 0

0111000
+267 0 *
Ve
1e-07
58.376572 32.939274 0
0 0

0101101
*
Ve
1e-07
61.168465 29.942562 0
0 0

0101101
*
Ed
 1e-07 1 1 0
1  1227 0 0 4.09572329807483
0

0101000
+265 0 -264 0 *
Ve
1e-07
60.157448 34.401634 0
0 0

0101101
*
Ed
 1e-07 1 1 0
1  1228 0 0 4.57225092000352
0

0101000
+264 0 -262 0 *
Ed
 1e-07 1 1 0
1  1229 0 0 2.30434721710423
0

0101000
+262 0 -265 0 *
Wi

0101100
+263 0 +261 0 +260 0 *
Fa
0  1e-07 386 0

0111000
+259 0 *
Ve
1e-07
58.376572 32.939274 0
0 0

0101101
*
Ve
1e-07
54.846188 34.401634 0
0 0

0101101
*
Ed
 1e-07 1 1 0
1  1230 0 0 3.82127046374057
0

0101000
+257 0 -256 0 *
Ve
1e-07
55.312725 32.939274 0
0 0

0101101
*
Ed
 1e-07 1 1 0
1  1231 0 0 1.53497672359193
0

0101000
+256 0 -254 0 *
Ed
 1e-07 1 1 0
1  1232 0 0 3.063847
0

0101000
+254 0 -257 0 *
Wi

0101100
+255 0 +253 0 +252 0 *
Fa
0  1e-07 387 0

0111000
+251 0 *
Ve
1e-07
52.992237 36.405811 0
0 0

0101101
*
Ve
1e-07
52.992237 36.210213 0
0 0

0101101
*
Ed
 1e-07 1 1 0
1  1233 0 0 0.195597999999997
0

0101000
+249 0 -248 0 *
Ve
1e-07
53.733494 36.405811 0
0 0

0101101
*
Ed
 1e-07 1 1 0
1  1234 0 0 0.766629322197498
0

0101000
+248 0 -246 0 *
Ed
 1e-07 1 1 0
1  1235 0 0 0.741256999999997
0

0101000
+246 0 -249 0 *
Wi

0101100
+247 0 +245 0 +244 0 *
Fa
0  1e-07 388 0

0111000
+243 0 *
Ve
1e-07
53.733494 36.405811 0
0 0

0101101
*
Ve
1e-07
52.992237 36.210213 0
0 0

0101101
*
Ed
 1e-07 1 1 0
1  1236 0 0 0.766629322197498
0

0101000
+241 0 -240 0 *
Ve
1e-07
53.733494 33.443989 0
0 0

0101101
*
Ed
 1e-07 1 1 0
1  1237 0 0 2.86381863221556
0

0101000
+240 0 -238 0 *
Ed
 1e-07 1 1 0
1  1238 0 0 2.961822
0

0101000
+238 0 -241 0 *
Wi

0101100
+239 0 +237 0 +236 0 *
Fa
0  1e-07 389 0

0111000
+235 0 *
Ve
1e-07
54.846188 37.021675 0
0 0

0101101
*
Ve
1e-07
52.992237 36.405811 0
0 0

0101101
*
Ed
 1e-07 1 1 0
1  1239 0 0 1.95356668094462
0

0101000
+233 0 -232 0 *
Ve
1e-07
53.733494 36.405811 0
0 0

0101101
*
Ed
 1e-07 1 1 0
1  1240 0 0 0.741256999999997
0

0101000
+232 0 -230 0 *
Ed
 1e-07 1 1 0
1  1241 0 0 1.27176114271981
0

0101000
+230 0 -233 0 *
Wi

0101100
+231 0 +229 0 +228 0 *
Fa
0  1e-07 390 0

0111000
+227 0 *
Ve
1e-07
55.154537 34.680763 0
0 0

0101101
*
Ve
1e-07
59.307846 34.680763 0
0 0

0101101
*
Ed
 1e-07 1 1 0
1  1242 0 0 4.153309
0

0101000
+225 0 -224 0 *
Ve
1e-07
57.387585 36.578354 0
0 0

0101101
*
Ed
 1e-07 1 1 0
1  1243 0 0 2.69967663089526
0

0101000
+224 0 -222 0 *
Ve
1e-07
55.154537 36.578354 0
0 0

0101101
*
Ed
 1e-07 1 1 0
1  1244 0 0 2.233048
0

0101000
+222 0 -220 0 *
Ed
 1e-07 1 1 0
1  1245 0 0 1.897591
0

0101000
+220 0 -225 0 *
Wi

0101100
+223 0 +221 0 +219 0 +218 0 *
Fa
0  1e-07 391 0

0111000
+217 0 *
Ve
1e-07
58.376572 32.939274 0
0 0

0101101
*
Ve
1e-07
60.157448 34.401634 0
0 0

0101101
*
Ed
 1e-07 1 1 0
1  1246 0 0 2.30434721710423
0

0101000
+215 0 -214 0 *
Ve
1e-07
54.846188 34.401634 0
0 0

0101101
*
Ed
 1e-07 1 1 0
1  1247 0 0 5.31126
0

0101000
+214 0 -212 0 *
Ed
 1e-07 1 1 0
1  1248 0 0 3.82127046374057
0

0101000
+212 0 -215 0 *
Wi

0101100
+213 0 +211 0 +210 0 *
Fa
0  1e-07 392 0

0111000
+209 0 *
Ve
1e-07
52.992237 36.210213 0
0 0

0101101
*
Ve
1e-07
51.339619 36.210213 0
0 0

0101101
*
Ed
 1e-07 1 1 0
1  1249 0 0 1.652618
0

0101000
+207 0 -206 0 *
Ve
1e-07
52.083481 33.511192 0
0 0

0101101
*
Ed
 1e-07 1 1 0
1  1250 0 0 2.79965087707111
0

0101000
+206 0 -204 0 *
Ed
 1e-07 1 1 0
1  1251 0 0 2.84790305768596
0

0101000
+204 0 -207 0 *
Wi

0101100
+205 0 +203 0 +202 0 *
Fa
0  1e-07 393 0

0111000
+201 0 *
Ve
1e-07
54.846188 37.021675 0
0 0

0101101
*
Ve
1e-07
53.733494 36.405811 0
0 0

0101101
*
Ed
 1e-07 1 1 0
1  1252 0 0 1.27176114271981
0

0101000
+199 0 -198 0 *
Ve
1e-07
54.288376 36.405811 0
0 0

0101101
*
Ed
 1e-07 1 1 0
1  1253 0 0 0.554881999999999
0

0101000
+198 0 -196 0 *
Ed
 1e-07 1 1 0
1  1254 0 0 0.830928813942567
0

0101000
+196 0 -199 0 *
Wi

0101100
+197 0 +195 0 +194 0 *
Fa
0  1e-07 394 0

0111000
+193 0 *
Ve
1e-07
54.846188 34.401634 0
0 0

0101101
*
Ve
1e-07
54.846188 37.021675 0
0 0

0101101
*
Ed
 1e-07 1 1 0
1  1255 0 0 2.620041
0

0101000
+191 0 -190 0 *
Ve
1e-07
54.288376 36.405811 0
0 0

0101101
*
Ed
 1e-07 1 1 0
1  1256 0 0 0.830928813942567
0

0101000
+190 0 -188 0 *
Ed
 1e-07 1 1 0
1  1257 0 0 2.08035566061984
0

0101000
+188 0 -191 0 *
Wi

0101100
+189 0 +187 0 +186 0 *
Fa
0  1e-07 395 0

0111000
+185 0 *
Ve
1e-07
59.307846 34.680763 0
0 0

0101101
*
Ve
1e-07
59.307846 36.578354 0
0 0

0101101
*
Ed
 1e-07 1 1 0
1  1258 0 0 1.897591
0

0101000
+183 0 -182 0 *
Ve
1e-07
58.376572 36.578354 0
0 0

0101101
*
Ed
 1e-07 1 1 0
1  1259 0 0 0.931273999999995
0

0101000
+182 0 -180 0 *
Ed
 1e-07 1 1 0
1  1260 0 0 2.11379347769762
0

0101000
+180 0 -183 0 *
Wi

0101100
+181 0 +179 0 +178 0 *
Fa
0  1e-07 396 0

0111000
+177 0 *
Ve
1e-07
63.955338 38.17831 0
0 0

0101101
*
Ve
1e-07
57.387585 37.021675 0
0 0

0101101
*
Ed
 1e-07 1 1 0
1  1261 0 0 6.66882178441094
0

0101000
+175 0 -174 0 *
Ve
1e-07
58.376572 37.021675 0
0 0

0101101
*
Ed
 1e-07 1 1 0
1  1262 0 0 0.988987000000002
0

0101000
+174 0 -172 0 *
Ed
 1e-07 1 1 0
1  1263 0 0 5.69740595411464
0

0101000
+172 0 -175 0 *
Wi

0101100
+173 0 +171 0 +170 0 *
Fa
0  1e-07 397 0

0111000
+169 0 *
Ve
1e-07
58.376572 36.578354 0
0 0

0101101
*
Ve
1e-07
58.376572 37.021675 0
0 0

0101101
*
Ed
 1e-07 1 1 0
1  1264 0 0 0.443321000000005
0

0101000
+167 0 -166 0 *
Ve
1e-07
57.387585 37.021675 0
0 0

0101101
*
Ed
 1e-07 1 1 0
1  1265 0 0 0.988987000000002
0

0101000
+166 0 -164 0 *
Ve
1e-07
57.387585 36.578354 0
0 0

0101101
*
Ed
 1e-07 1 1 0
1  1266 0 0 0.443321000000005
0

0101000
+164 0 -162 0 *
Ed
 1e-07 1 1 0
1  1267 0 0 0.988987000000002
0

0101000
+162 0 -167 0 *
Wi

0101100
+165 0 +163 0 +161 0 +160 0 *
Fa
0  1e-07 398 0

0111000
+159 0 *
Ve
1e-07
58.376572 36.578354 0
0 0

0101101
*
Ve
1e-07
57.387585 36.578354 0
0 0

0101101
*
Ed
 1e-07 1 1 0
1  1268 0 0 0.988987000000002
0

0101000
+157 0 -156 0 *
Ve
1e-07
59.307846 34.680763 0
0 0

0101101
*
Ed
 1e-07 1 1 0
1  1269 0 0 2.69967663089526
0

0101000
+156 0 -154 0 *
Ed
 1e-07 1 1 0
1  1270 0 0 2.11379347769762
0

0101000
+154 0 -157 0 *
Wi

0101100
+155 0 +153 0 +152 0 *
Fa
0  1e-07 399 0

0111000
+151 0 *
Ve
1e-07
63.955338 38.17831 0
0 0

0101101
*
Ve
1e-07
54.846188 37.021675 0
0 0

0101101
*
Ed
 1e-07 1 1 0
1  1271 0 0 9.1822882902752
0

0101000
+149 0 -148 0 *
Ve
1e-07
57.387585 37.021675 0
0 0

0101101
*
Ed
 1e-07 1 1 0
1  1272 0 0 2.541397
0

0101000
+148 0 -146 0 *
Ed
 1e-07 1 1 0
1  1273 0 0 6.66882178441094
0

0101000
+146 0 -149 0 *
Wi

0101100
+147 0 +145 0 +144 0 *
Fa
0  1e-07 400 0

0111000
+143 0 *
Ve
1e-07
50.646679 36.405811 0
0 0

0101101
*
Ve
1e-07
52.992237 36.405811 0
0 0

0101101
*
Ed
 1e-07 1 1 0
1  1274 0 0 2.345558
0

0101000
+141 0 -140 0 *
Ve
1e-07
54.846188 37.021675 0
0 0

0101101
*
Ed
 1e-07 1 1 0
1  1275 0 0 1.95356668094462
0

0101000
+140 0 -138 0 *
Ed
 1e-07 1 1 0
1  1276 0 0 4.24442744166713
0

0101000
+138 0 -141 0 *
Wi

0101100
+139 0 +137 0 +136 0 *
Fa
0  1e-07 401 0

0111000
+135 0 *
Ve
1e-07
61.168465 35.00584 0
0 0

0101101
*
Ve
1e-07
72.615967 35.00584 0
0 0

0101101
*
Ed
 1e-07 1 1 0
1  1277 0 0 11.447502
0

0101000
+133 0 -132 0 *
Ve
1e-07
72.615967 36.118656 0
0 0

0101101
*
Ed
 1e-07 1 1 0
1  1278 0 0 1.112816
0

0101000
+132 0 -130 0 *
Ve
1e-07
63.955338 36.118656 0
0 0

0101101
*
Ed
 1e-07 1 1 0
1  1279 0 0 8.660629
0

0101000
+130 0 -128 0 *
Ed
 1e-07 1 1 0
1  1280 0 0 3.00083664466845
0

0101000
+128 0 -133 0 *
Wi

0101100
+131 0 +129 0 +127 0 +126 0 *
Fa
0  1e-07 402 0

0111000
+125 0 *
Ve
1e-07
61.168465 29.942562 0
0 0

0101101
*
Ve
1e-07
61.168465 35.00584 0
0 0

0101101
*
Ed
 1e-07 1 1 0
1  1281 0 0 5.063278
0

0101000
+123 0 -122 0 *
Ve
1e-07
60.157448 34.401634 0
0 0

0101101
*
Ed
 1e-07 1 1 0
1  1282 0 0 1.1778031519422
0

0101000
+122 0 -120 0 *
Ed
 1e-07 1 1 0
1  1283 0 0 4.57225092000352
0

0101000
+120 0 -123 0 *
Wi

0101100
+121 0 +119 0 +118 0 *
Fa
0  1e-07 403 0

0111000
+117 0 *
Ve
1e-07
63.955338 36.118656 0
0 0

0101101
*
Ve
1e-07
60.157448 37.021675 0
0 0

0101101
*
Ed
 1e-07 1 1 0
1  1284 0 0 3.90376891816882
0

0101000
+115 0 -114 0 *
Ve
1e-07
61.168465 35.00584 0
0 0

0101101
*
Ed
 1e-07 1 1 0
1  1285 0 0 2.2551598882372
0

0101000
+114 0 -112 0 *
Ed
 1e-07 1 1 0
1  1286 0 0 3.00083664466845
0

0101000
+112 0 -115 0 *
Wi

0101100
+113 0 +111 0 +110 0 *
Fa
0  1e-07 404 0

0111000
+109 0 *
Ve
1e-07
64.176674 37.015434 0
0 0

0101101
*
Ve
1e-07
64.176674 36.357922 0
0 0

0101101
*
Ed
 1e-07 1 1 0
1  1287 0 0 0.657511999999997
0

0101000
+107 0 -106 0 *
Ve
1e-07
67.286369 36.357922 0
0 0

0101101
*
Ed
 1e-07 1 1 0
1  1288 0 0 3.10969499999999
0

0101000
+106 0 -104 0 *
Ed
 1e-07 1 1 0
1  1289 0 0 3.17844695144797
0

0101000
+104 0 -107 0 *
Wi

0101100
+105 0 +103 0 +102 0 *
Fa
0  1e-07 405 0

0111000
+101 0 *
Ve
1e-07
63.955338 37.716419 0
0 0

0101101
*
Ve
1e-07
60.157448 37.021675 0
0 0

0101101
*
Ed
 1e-07 1 1 0
1  1290 0 0 3.86091150865129
0

0101000
+99 0 -98 0 *
Ve
1e-07
63.955338 37.015434 0
0 0

0101101
*
Ed
 1e-07 1 1 0
1  1291 0 0 3.7978951278545
0

0101000
+98 0 -96 0 *
Ed
 1e-07 1 1 0
1  1292 0 0 0.700985000000003
0

0101000
+96 0 -99 0 *
Wi

0101100
+97 0 +95 0 +94 0 *
Fa
0  1e-07 406 0

0111000
+93 0 *
Ve
1e-07
63.955338 36.118656 0
0 0

0101101
*
Ve
1e-07
63.955338 37.015434 0
0 0

0101101
*
Ed
 1e-07 1 1 0
1  1293 0 0 0.896777999999998
0

0101000
+91 0 -90 0 *
Ve
1e-07
60.157448 37.021675 0
0 0

0101101
*
Ed
 1e-07 1 1 0
1  1294 0 0 3.7978951278545
0

0101000
+90 0 -88 0 *
Ed
 1e-07 1 1 0
1  1295 0 0 3.90376891816882
0

0101000
+88 0 -91 0 *
Wi

0101100
+89 0 +87 0 +86 0 *
Fa
0  1e-07 407 0

0111000
+85 0 *
Ve
1e-07
60.157448 37.021675 0
0 0

0101101
*
Ve
1e-07
63.955338 37.716419 0
0 0

0101101
*
Ed
 1e-07 1 1 0
1  1296 0 0 3.86091150865129
0

0101000
+83 0 -82 0 *
Ve
1e-07
63.955338 38.17831 0
0 0

0101101
*
Ed
 1e-07 1 1 0
1  1297 0 0 0.461891000000001
0

0101000
+82 0 -80 0 *
Ed
 1e-07 1 1 0
1  1298 0 0 3.97010994499207
0

0101000
+80 0 -83 0 *
Wi

0101100
+81 0 +79 0 +78 0 *
Fa
0  1e-07 408 0

0111000
+77 0 *
Ve
1e-07
64.176674 37.716419 0
0 0

0101101
*
Ve
1e-07
63.955338 37.716419 0
0 0

0101101
*
Ed
 1e-07 1 1 0
1  1299 0 0 0.221336000000008
0

0101000
+75 0 -74 0 *
Ve
1e-07
63.955338 37.015434 0
0 0

0101101
*
Ed
 1e-07 1 1 0
1  1300 0 0 0.700985000000003
0

0101000
+74 0 -72 0 *
Ve
1e-07
64.176674 37.015434 0
0 0

0101101
*
Ed
 1e-07 1 1 0
1  1301 0 0 0.221336000000008
0

0101000
+72 0 -70 0 *
Ed
 1e-07 1 1 0
1  1302 0 0 0.700985000000003
0

0101000
+70 0 -75 0 *
Wi

0101100
+73 0 +71 0 +69 0 +68 0 *
Fa
0  1e-07 409 0

0111000
+67 0 *
Ve
1e-07
58.376572 37.021675 0
0 0

0101101
*
Ve
1e-07
60.157448 37.021675 0
0 0

0101101
*
Ed
 1e-07 1 1 0
1  1303 0 0 1.780876
0

0101000
+65 0 -64 0 *
Ve
1e-07
63.955338 38.17831 0
0 0

0101101
*
Ed
 1e-07 1 1 0
1  1304 0 0 3.97010994499207
0

0101000
+64 0 -62 0 *
Ed
 1e-07 1 1 0
1  1305 0 0 5.69740595411464
0

0101000
+62 0 -65 0 *
Wi

0101100
+63 0 +61 0 +60 0 *
Fa
0  1e-07 410 0

0111000
+59 0 *
Ve
1e-07
67.286369 38.17831 0
0 0

0101101
*
Ve
1e-07
64.176674 37.716419 0
0 0

0101101
*
Ed
 1e-07 1 1 0
1  1306 0 0 3.14381079088833
0

0101000
+57 0 -56 0 *
Ve
1e-07
64.176674 37.015434 0
0 0

0101101
*
Ed
 1e-07 1 1 0
1  1307 0 0 0.700985000000003
0

0101000
+56 0 -54 0 *
Ed
 1e-07 1 1 0
1  1308 0 0 3.32001258798832
0

0101000
+54 0 -57 0 *
Wi

0101100
+55 0 +53 0 +52 0 *
Fa
0  1e-07 411 0

0111000
+51 0 *
Ve
1e-07
64.176674 37.716419 0
0 0

0101101
*
Ve
1e-07
67.286369 38.17831 0
0 0

0101101
*
Ed
 1e-07 1 1 0
1  1309 0 0 3.14381079088833
0

0101000
+49 0 -48 0 *
Ve
1e-07
64.176674 38.17831 0
0 0

0101101
*
Ed
 1e-07 1 1 0
1  1310 0 0 3.10969499999999
0

0101000
+48 0 -46 0 *
Ed
 1e-07 1 1 0
1  1311 0 0 0.461891000000001
0

0101000
+46 0 -49 0 *
Wi

0101100
+47 0 +45 0 +44 0 *
Fa
0  1e-07 412 0

0111000
+43 0 *
Ve
1e-07
67.286369 38.17831 0
0 0

0101101
*
Ve
1e-07
64.176674 37.015434 0
0 0

0101101
*
Ed
 1e-07 1 1 0
1  1312 0 0 3.32001258798832
0

0101000
+41 0 -40 0 *
Ve
1e-07
67.286369 36.357922 0
0 0

0101101
*
Ed
 1e-07 1 1 0
1  1313 0 0 3.17844695144797
0

0101000
+40 0 -38 0 *
Ed
 1e-07 1 1 0
1  1314 0 0 1.820388
0

0101000
+38 0 -41 0 *
Wi

0101100
+39 0 +37 0 +36 0 *
Fa
0  1e-07 413 0

0111000
+35 0 *
Ve
1e-07
61.168465 35.00584 0
0 0

0101101
*
Ve
1e-07
60.157448 37.021675 0
0 0

0101101
*
Ed
 1e-07 1 1 0
1  1315 0 0 2.2551598882372
0

0101000
+33 0 -32 0 *
Ve
1e-07
60.157448 34.401634 0
0 0

0101101
*
Ed
 1e-07 1 1 0
1  1316 0 0 2.620041
0

0101000
+32 0 -30 0 *
Ed
 1e-07 1 1 0
1  1317 0 0 1.1778031519422
0

0101000
+30 0 -33 0 *
Wi

0101100
+31 0 +29 0 +28 0 *
Fa
0  1e-07 414 0

0111000
+27 0 *
Ve
1e-07
54.846188 37.021675 0
0 0

0101101
*
Ve
1e-07
63.955338 38.17831 0
0 0

0101101
*
Ed
 1e-07 1 1 0
1  1318 0 0 9.1822882902752
0

0101000
+25 0 -24 0 *
Ve
1e-07
36.774666 38.17831 0
0 0

0101101
*
Ed
 1e-07 1 1 0
1  1319 0 0 27.180672
0

0101000
+24 0 -22 0 *
Ed
 1e-07 1 1 0
1  1320 0 0 18.1084983341996
0

0101000
+22 0 -25 0 *
Wi

0101100
+23 0 +21 0 +20 0 *
Fa
0  1e-07 415 0

0111000
+19 0 *
Ve
1e-07
52.287964 33.443989 0
0 0

0101101
*
Ve
1e-07
52.287964 32.273785 0
0 0

0101101
*
Ed
 1e-07 1 1 0
1  1321 0 0 1.17020400000001
0

0101000
+17 0 -16 0 *
Ve
1e-07
53.03307 33.335785 0
0 0

0101101
*
Ed
 1e-07 1 1 0
1  1322 0 0 1.29731528597948
0

0101000
+16 0 -14 0 *
Ed
 1e-07 1 1 0
1  1323 0 0 0.752921680423668
0

0101000
+14 0 -17 0 *
Wi

0101100
+15 0 +13 0 +12 0 *
Fa
0  1e-07 416 0

0111000
+11 0 *
Ve
1e-07
44.112698 36.405811 0
0 0

0101101
*
Ve
1e-07
36.774666 38.17831 0
0 0

0101101
*
Ed
 1e-07 1 1 0
1  1324 0 0 7.54907056120321
0

0101000
+9 0 -8 0 *
Ve
1e-07
43.271873 36.405811 0
0 0

0101101
*
Ed
 1e-07 1 1 0
1  1325 0 0 6.73464561100656
0

0101000
+8 0 -6 0 *
Ed
 1e-07 1 1 0
1  1326 0 0 0.840825000000002
0

0101000
+6 0 -9 0 *
Wi

0101100
+7 0 +5 0 +4 0 *
Fa
0  1e-07 417 0

0111000
+3 0 *
Co

1100000
+3478 0 +3470 0 +3462 0 +3454 0 +3446 0 +3438 0 +3428 0 +3420 0 +3410 0 +3402 0 
+3394 0 +3386 0 +3378 0 +3370 0 +3360 0 +3352 0 +3344 0 +3334 0 +3326 0 +3316 0 
+3308 0 +3298 0 +3290 0 +3282 0 +3274 0 +3266 0 +3256 0 +3246 0 +3238 0 +3228 0 
+3218 0 +3210 0 +3200 0 +3192 0 +3184 0 +3176 0 +3166 0 +3156 0 +3148 0 +3138 0 
+3130 0 +3122 0 +3114 0 +3106 0 +3098 0 +3090 0 +3082 0 +3074 0 +3066 0 +3058 0 
+3050 0 +3042 0 +3034 0 +3026 0 +3018 0 +3008 0 +3000 0 +2992 0 +2984 0 +2974 0 
+2966 0 +2958 0 +2950 0 +2942 0 +2934 0 +2926 0 +2916 0 +2908 0 +2898 0 +2890 0 
+2880 0 +2872 0 +2862 0 +2852 0 +2844 0 +2836 0 +2828 0 +2820 0 +2810 0 +2802 0 
+2792 0 +2784 0 +2776 0 +2768 0 +2760 0 +2752 0 +2744 0 +2734 0 +2726 0 +2718 0 
+2710 0 +2702 0 +2694 0 +2686 0 +2678 0 +2670 0 +2662 0 +2654 0 +2646 0 +2638 0 
+2630 0 +2622 0 +2614 0 +2606 0 +2598 0 +2590 0 +2582 0 +2572 0 +2564 0 +2556 0 
+2548 0 +2540 0 +2532 0 +2522 0 +2514 0 +2506 0 +2498 0 +2488 0 +2480 0 +2472 0 
+2462 0 +2454 0 +2446 0 +2438 0 +2430 0 +2420 0 +2412 0 +2404 0 +2396 0 +2388 0 
+2380 0 +2372 0 +2364 0 +2356 0 +2348 0 +2340 0 +2330 0 +2322 0 +2312 0 +2304 0 
+2296 0 +2288 0 +2280 0 +2272 0 +2262 0 +2254 0 +2246 0 +2236 0 +2228 0 +2220 0 
+2210 0 +2202 0 +2194 0 +2186 0 +2178 0 +2170 0 +2162 0 +2154 0 +2146 0 +2136 0 
+2126 0 +2118 0 +2110 0 +2102 0 +2094 0 +2086 0 +2078 0 +2070 0 +2062 0 +2054 0 
+2046 0 +2038 0 +2030 0 +2022 0 +2014 0 +2006 0 +1998 0 +1990 0 +1982 0 +1974 0 
+1966 0 +1956 0 +1948 0 +1940 0 +1932 0 +1924 0 +1916 0 +1908 0 +1900 0 +1892 0 
+1884 0 +1874 0 +1866 0 +1858 0 +1850 0 +1842 0 +1834 0 +1826 0 +1818 0 +1810 0 
+1802 0 +1794 0 +1784 0 +1776 0 +1768 0 +1760 0 +1752 0 +1744 0 +1736 0 +1728 0 
+1720 0 +1712 0 +1704 0 +1694 0 +1686 0 +1678 0 +1670 0 +1662 0 +1654 0 +1644 0 
+1636 0 +1628 0 +1620 0 +1612 0 +1604 0 +1596 0 +1588 0 +1580 0 +1572 0 +1564 0 
+1556 0 +1546 0 +1538 0 +1528 0 +1520 0 +1512 0 +1504 0 +1496 0 +1488 0 +1478 0 
+1468 0 +1460 0 +1450 0 +1442 0 +1432 0 +1422 0 +1414 0 +1406 0 +1396 0 +1386 0 
+1378 0 +1370 0 +1362 0 +1354 0 +1346 0 +1336 0 +1328 0 +1320 0 +1312 0 +1304 0 
+1296 0 +1288 0 +1280 0 +1272 0 +1262 0 +1252 0 +1244 0 +1236 0 +1228 0 +1220 0 
+1212 0 +1204 0 +1196 0 +1188 0 +1180 0 +1172 0 +1164 0 +1156 0 +1148 0 +1138 0 
+1130 0 +1122 0 +1112 0 +1102 0 +1092 0 +1082 0 +1072 0 +1064 0 +1056 0 +1048 0 
+1038 0 +1030 0 +1022 0 +1014 0 +1006 0 +998 0 +990 0 +980 0 +970 0 +962 0 
+954 0 +946 0 +938 0 +930 0 +922 0 +914 0 +906 0 +898 0 +890 0 +882 0 
+874 0 +866 0 +858 0 +850 0 +842 0 +832 0 +824 0 +816 0 +808 0 +798 0 
+790 0 +782 0 +774 0 +766 0 +758 0 +750 0 +742 0 +734 0 +726 0 +718 0 
+710 0 +702 0 +694 0 +686 0 +678 0 +670 0 +662 0 +654 0 +646 0 +638 0 
+630 0 +620 0 +612 0 +604 0 +596 0 +588 0 +580 0 +572 0 +564 0 +556 0 
+548 0 +540 0 +530 0 +522 0 +514 0 +506 0 +498 0 +490 0 +482 0 +474 0 
+466 0 +458 0 +450 0 +442 0 +434 0 +426 0 +418 0 +410 0 +402 0 +394 0 
+386 0 +378 0 +370 0 +362 0 +354 0 +346 0 +336 0 +326 0 +316 0 +308 0 
+300 0 +290 0 +282 0 +274 0 +266 0 +258 0 +250 0 +242 0 +234 0 +226 0 
+216 0 +208 0 +200 0 +192 0 +184 0 +176 0 +168 0 +158 0 +150 0 +142 0 
+134 0 +124 0 +116 0 +108 0 +100 0 +92 0 +84 0 +76 0 +66 0 +58 0 
+50 0 +42 0 +34 0 +26 0 +18 0 +10 0 +2 0 *

+1 0 