
CASCADE Topology V3, (c) Open Cascade
Locations 0
Curve2ds 476
1 19.694936852026657 -2.4715023346528611 0 1 
1 19.694936852026657 -2.4715023346528611 0 1 
1 19.694936852026657 -2.1936113346528607 1 0 
1 19.694936852026657 -2.1936113346528607 1 0 
1 21.080091852026662 -2.1936113346528607 0 1 
1 21.080091852026662 -2.1936113346528607 0 1 
1 21.080091852026662 -1.5718633346528605 1 0 
1 21.080091852026662 -1.5718633346528605 1 0 
1 21.378412852026663 -1.5718633346528605 0 -1 
1 21.378412852026663 -1.5718633346528605 0 -1 
1 21.378412852026663 -2.4715023346528611 -1 0 
1 21.378412852026663 -2.4715023346528611 -1 0 
1 1.354101852026659 6.843606665347135 -1 0 
1 1.354101852026659 6.843606665347135 -1 0 
1 0.81290285202666013 6.843606665347135 0 1 
1 0.81290285202666013 6.843606665347135 0 1 
1 0.81290285202666013 11.202676665347138 1 0 
1 0.81290285202666013 11.202676665347138 1 0 
1 3.1584608520266571 11.202676665347138 0 -1 
1 3.1584608520266571 11.202676665347138 0 -1 
1 3.1584608520266571 11.007078665347141 -1 0 
1 3.1584608520266571 11.007078665347141 -1 0 
1 1.354101852026659 11.007078665347141 0 -1 
1 1.354101852026659 11.007078665347141 0 -1 
1 15.289804852026663 7.0706506653471344 1 0 
1 15.289804852026663 7.0706506653471344 1 0 
1 16.034910852026663 7.0706506653471344 0 1 
1 16.034910852026663 7.0706506653471344 0 1 
1 16.034910852026663 8.1326506653471391 1 0 
1 16.034910852026663 8.1326506653471391 1 0 
1 16.139154852026664 8.1326506653471391 0 -1 
1 16.139154852026664 8.1326506653471391 0 -1 
1 16.139154852026664 7.0706506653471344 1 0 
1 16.139154852026664 7.0706506653471344 1 0 
1 17.105813852026664 7.0706506653471344 0 1 
1 17.105813852026664 7.0706506653471344 0 1 
1 17.105813852026664 8.2408546653471397 -1 0 
1 17.105813852026664 8.2408546653471397 -1 0 
1 16.735334852026661 8.2408546653471397 0 1 
1 16.735334852026661 8.2408546653471397 0 1 
1 16.735334852026661 11.202676665347138 1 0 
1 16.735334852026661 11.202676665347138 1 0 
1 17.29021685202666 11.202676665347138 0 -1 
1 17.29021685202666 11.202676665347138 0 -1 
1 17.29021685202666 6.843606665347135 -1 0 
1 17.29021685202666 6.843606665347135 -1 0 
1 15.085321852026659 6.843606665347135 0 1 
1 15.085321852026659 6.843606665347135 0 1 
1 15.085321852026659 8.308057665347139 1 0 
1 15.085321852026659 8.308057665347139 1 0 
1 15.514329852026663 8.308057665347139 0 -1 
1 15.514329852026663 8.308057665347139 0 -1 
1 15.514329852026663 8.2408546653471397 -1 0 
1 15.514329852026663 8.2408546653471397 -1 0 
1 15.289804852026663 8.2408546653471397 0 -1 
1 15.289804852026663 8.2408546653471397 0 -1 
1 6.2737138520266598 11.202676665347138 0 -1 
1 6.2737138520266598 11.202676665347138 0 -1 
1 6.2737138520266598 11.007078665347141 -1 0 
1 6.2737138520266598 11.007078665347141 -1 0 
1 4.621095852026663 11.007078665347141 0 -1 
1 4.621095852026663 11.007078665347141 0 -1 
1 4.621095852026663 6.843606665347135 -1 0 
1 4.621095852026663 6.843606665347135 -1 0 
1 2.043725852026661 6.843606665347135 0 1 
1 2.043725852026661 6.843606665347135 0 1 
1 2.043725852026661 8.308057665347139 1 0 
1 2.043725852026661 8.308057665347139 1 0 
1 2.4727308520266575 8.308057665347139 0 -1 
1 2.4727308520266575 8.308057665347139 0 -1 
1 2.4727308520266575 8.2408546653471397 -1 0 
1 2.4727308520266575 8.2408546653471397 -1 0 
1 2.2482058520266577 8.2408546653471397 0 -1 
1 2.2482058520266577 8.2408546653471397 0 -1 
1 2.2482058520266577 7.0706506653471344 1 0 
1 2.2482058520266577 7.0706506653471344 1 0 
1 3.1864108520266612 7.0706506653471344 0 1 
1 3.1864108520266612 7.0706506653471344 0 1 
1 3.1864108520266612 8.1326506653471391 1 0 
1 3.1864108520266612 8.1326506653471391 1 0 
1 3.29065585202666 8.1326506653471391 0 -1 
1 3.29065585202666 8.1326506653471391 0 -1 
1 3.29065585202666 7.0706506653471344 1 0 
1 3.29065585202666 7.0706506653471344 1 0 
1 4.2368798520266608 7.0706506653471344 0 1 
1 4.2368798520266608 7.0706506653471344 0 1 
1 4.2368798520266608 8.2408546653471397 -1 0 
1 4.2368798520266608 8.2408546653471397 -1 0 
1 3.9281558520266628 8.2408546653471397 0 1 
1 3.9281558520266628 8.2408546653471397 0 1 
1 3.9281558520266628 11.202676665347138 1 0 
1 3.9281558520266628 11.202676665347138 1 0 
1 12.906778852026662 7.0706506653471344 0 1 
1 12.906778852026662 7.0706506653471344 0 1 
1 12.906778852026662 8.1326506653471391 1 0 
1 12.906778852026662 8.1326506653471391 1 0 
1 13.011022852026663 8.1326506653471391 0 -1 
1 13.011022852026663 8.1326506653471391 0 -1 
1 13.011022852026663 7.0706506653471344 1 0 
1 13.011022852026663 7.0706506653471344 1 0 
1 13.957246852026664 7.0706506653471344 0 1 
1 13.957246852026664 7.0706506653471344 0 1 
1 13.957246852026664 8.2408546653471397 -1 0 
1 13.957246852026664 8.2408546653471397 -1 0 
1 13.648519852026659 8.2408546653471397 0 1 
1 13.648519852026659 8.2408546653471397 0 1 
1 13.648519852026659 11.202676665347138 1 0 
1 13.648519852026659 11.202676665347138 1 0 
1 15.994077852026663 11.202676665347138 0 -1 
1 15.994077852026663 11.202676665347138 0 -1 
1 15.994077852026663 11.007078665347141 -1 0 
1 15.994077852026663 11.007078665347141 -1 0 
1 14.341459852026659 11.007078665347141 0 -1 
1 14.341459852026659 11.007078665347141 0 -1 
1 14.341459852026659 6.843606665347135 -1 0 
1 14.341459852026659 6.843606665347135 -1 0 
1 11.764089852026657 6.843606665347135 0 1 
1 11.764089852026657 6.843606665347135 0 1 
1 11.764089852026657 8.308057665347139 1 0 
1 11.764089852026657 8.308057665347139 1 0 
1 12.193097852026661 8.308057665347139 0 -1 
1 12.193097852026661 8.308057665347139 0 -1 
1 12.193097852026661 8.2408546653471397 -1 0 
1 12.193097852026661 8.2408546653471397 -1 0 
1 11.968572852026661 8.2408546653471397 0 -1 
1 11.968572852026661 8.2408546653471397 0 -1 
1 11.968572852026661 7.0706506653471344 1 0 
1 11.968572852026661 7.0706506653471344 1 0 
1 9.4600968520266591 11.202676665347138 0 -1 
1 9.4600968520266591 11.202676665347138 0 -1 
1 9.4600968520266591 11.007078665347141 -1 0 
1 9.4600968520266591 11.007078665347141 -1 0 
1 7.8074778520266577 11.007078665347141 0 -1 
1 7.8074778520266577 11.007078665347141 0 -1 
1 7.8074778520266577 6.843606665347135 -1 0 
1 7.8074778520266577 6.843606665347135 -1 0 
1 5.2301088520266603 6.843606665347135 0 1 
1 5.2301088520266603 6.843606665347135 0 1 
1 5.2301088520266603 8.308057665347139 1 0 
1 5.2301088520266603 8.308057665347139 1 0 
1 5.6591168520266635 8.308057665347139 0 -1 
1 5.6591168520266635 8.308057665347139 0 -1 
1 5.6591168520266635 8.2408546653471397 -1 0 
1 5.6591168520266635 8.2408546653471397 -1 0 
1 5.4345878520266595 8.2408546653471397 0 -1 
1 5.4345878520266595 8.2408546653471397 0 -1 
1 5.4345878520266595 7.0706506653471344 1 0 
1 5.4345878520266595 7.0706506653471344 1 0 
1 6.3727938520266605 7.0706506653471344 0 1 
1 6.3727938520266605 7.0706506653471344 0 1 
1 6.3727938520266605 8.1326506653471391 1 0 
1 6.3727938520266605 8.1326506653471391 1 0 
1 6.4770418520266588 8.1326506653471391 0 -1 
1 6.4770418520266588 8.1326506653471391 0 -1 
1 6.4770418520266588 7.0706506653471344 1 0 
1 6.4770418520266588 7.0706506653471344 1 0 
1 7.4232658520266597 7.0706506653471344 0 1 
1 7.4232658520266597 7.0706506653471344 0 1 
1 7.4232658520266597 8.2408546653471397 -1 0 
1 7.4232658520266597 8.2408546653471397 -1 0 
1 7.1145388520266621 8.2408546653471397 0 1 
1 7.1145388520266621 8.2408546653471397 0 1 
1 7.1145388520266621 11.202676665347138 1 0 
1 7.1145388520266621 11.202676665347138 1 0 
1 12.727086852026659 11.202676665347138 0 -1 
1 12.727086852026659 11.202676665347138 0 -1 
1 12.727086852026659 11.007078665347141 -1 0 
1 12.727086852026659 11.007078665347141 -1 0 
1 11.074468852026662 11.007078665347141 0 -1 
1 11.074468852026662 11.007078665347141 0 -1 
1 11.074468852026662 6.843606665347135 -1 0 
1 11.074468852026662 6.843606665347135 -1 0 
1 8.4970988520266602 6.843606665347135 0 1 
1 8.4970988520266602 6.843606665347135 0 1 
1 8.4970988520266602 8.308057665347139 1 0 
1 8.4970988520266602 8.308057665347139 1 0 
1 8.9261078520266608 8.308057665347139 0 -1 
1 8.9261078520266608 8.308057665347139 0 -1 
1 8.9261078520266608 8.2408546653471397 -1 0 
1 8.9261078520266608 8.2408546653471397 -1 0 
1 8.7015788520266639 8.2408546653471397 0 -1 
1 8.7015788520266639 8.2408546653471397 0 -1 
1 8.7015788520266639 7.0706506653471344 1 0 
1 8.7015788520266639 7.0706506653471344 1 0 
1 9.6397878520266573 7.0706506653471344 0 1 
1 9.6397878520266573 7.0706506653471344 0 1 
1 9.6397878520266573 8.1326506653471391 1 0 
1 9.6397878520266573 8.1326506653471391 1 0 
1 9.7440318520266587 8.1326506653471391 0 -1 
1 9.7440318520266587 8.1326506653471391 0 -1 
1 9.7440318520266587 7.0706506653471344 1 0 
1 9.7440318520266587 7.0706506653471344 1 0 
1 10.690256852026657 7.0706506653471344 0 1 
1 10.690256852026657 7.0706506653471344 0 1 
1 10.690256852026657 8.2408546653471397 -1 0 
1 10.690256852026657 8.2408546653471397 -1 0 
1 10.381528852026662 8.2408546653471397 0 1 
1 10.381528852026662 8.2408546653471397 0 1 
1 10.381528852026662 11.202676665347138 1 0 
1 10.381528852026662 11.202676665347138 1 0 
1 6.5227378520266583 2.5964186653471373 0 -1 
1 6.5227378520266583 2.5964186653471373 0 -1 
1 6.5227378520266583 -2.3801383346528624 -1 0 
1 6.5227378520266583 -2.3801383346528624 -1 0 
1 4.0426848520266603 -2.3801383346528624 0 1 
1 4.0426848520266603 -2.3801383346528624 0 1 
1 4.0426848520266603 1.5467776653471361 1 0 
1 4.0426848520266603 1.5467776653471361 1 0 
1 4.9370708520266575 1.5467776653471361 0 -1 
1 4.9370708520266575 1.5467776653471361 0 -1 
1 4.9370708520266575 -0.42176633465286173 -1 0 
1 4.9370708520266575 -0.42176633465286173 -1 0 
1 4.3962008520266593 -0.42176633465286173 0 -1 
1 4.3962008520266593 -0.42176633465286173 0 -1 
1 4.3962008520266593 -1.8790773346528624 1 0 
1 4.3962008520266593 -1.8790773346528624 1 0 
1 5.6190358520266628 -1.8790773346528624 0 1 
1 5.6190358520266628 -1.8790773346528624 0 1 
1 5.6190358520266628 2.2342986653471364 -1 0 
1 5.6190358520266628 2.2342986653471364 -1 0 
1 4.0426848520266603 2.2342986653471364 0 1 
1 4.0426848520266603 2.2342986653471364 0 1 
1 4.0426848520266603 2.5964186653471373 1 0 
1 4.0426848520266603 2.5964186653471373 1 0 
1 21.378412852026663 11.81854066534714 1 0 
1 21.378412852026663 11.81854066534714 1 0 
1 23.159288852026663 11.81854066534714 0 -1 
1 23.159288852026663 11.81854066534714 0 -1 
1 23.159288852026663 9.1984996653471391 -1 0 
1 23.159288852026663 9.1984996653471391 -1 0 
1 17.848028852026658 9.1984996653471391 0 1 
1 17.848028852026658 9.1984996653471391 0 1 
1 17.848028852026658 11.81854066534714 1 0 
1 17.848028852026658 11.81854066534714 1 0 
1 20.389425852026662 11.81854066534714 0 -1 
1 20.389425852026662 11.81854066534714 0 -1 
1 20.389425852026662 11.375219665347135 -1 0 
1 20.389425852026662 11.375219665347135 -1 0 
1 18.156377852026658 11.375219665347135 0 -1 
1 18.156377852026658 11.375219665347135 0 -1 
1 18.156377852026658 9.4776286653471367 1 0 
1 18.156377852026658 9.4776286653471367 1 0 
1 22.309686852026658 9.4776286653471367 0 1 
1 22.309686852026658 9.4776286653471367 0 1 
1 22.309686852026658 11.375219665347135 -1 0 
1 22.309686852026658 11.375219665347135 -1 0 
1 21.378412852026663 11.375219665347135 0 1 
1 21.378412852026663 11.375219665347135 0 1 
1 7.751336852026661 -5.8595353346528611 0 -1 
1 7.751336852026661 -5.8595353346528611 0 -1 
1 7.751336852026661 -8.3727373346528609 -1 0 
1 7.751336852026661 -8.3727373346528609 -1 0 
1 5.4878108520266622 -8.3727373346528609 0 1 
1 5.4878108520266622 -8.3727373346528609 0 1 
1 5.4878108520266622 -7.9062493346528626 1 0 
1 5.4878108520266622 -7.9062493346528626 1 0 
1 7.3896388520266569 -7.9062493346528626 0 1 
1 7.3896388520266569 -7.9062493346528626 0 1 
1 7.3896388520266569 -6.5709283346528622 -1 0 
1 7.3896388520266569 -6.5709283346528622 -1 0 
1 5.6161558520266581 -6.5709283346528622 0 -1 
1 5.6161558520266581 -6.5709283346528622 0 -1 
1 5.6161558520266581 -7.2531663346528639 -1 0 
1 5.6161558520266581 -7.2531663346528639 -1 0 
1 4.548562852026663 -7.2531663346528639 0 1 
1 4.548562852026663 -7.2531663346528639 0 1 
1 4.548562852026663 -6.5709283346528622 -1 0 
1 4.548562852026663 -6.5709283346528622 -1 0 
1 2.7925818520266574 -6.5709283346528622 0 -1 
1 2.7925818520266574 -6.5709283346528622 0 -1 
1 2.7925818520266574 -7.9062493346528626 1 0 
1 2.7925818520266574 -7.9062493346528626 1 0 
1 4.72941385202666 -7.9062493346528626 0 -1 
1 4.72941385202666 -7.9062493346528626 0 -1 
1 4.72941385202666 -8.3727373346528609 -1 0 
1 4.72941385202666 -8.3727373346528609 -1 0 
1 2.4775528520266619 -8.3727373346528609 0 1 
1 2.4775528520266619 -8.3727373346528609 0 1 
1 2.4775528520266619 -5.8595353346528611 1 0 
1 2.4775528520266619 -5.8595353346528611 1 0 
1 8.5111908520266581 -0.23187433465286134 0 1 
1 8.5111908520266581 -0.23187433465286134 0 1 
1 8.5111908520266581 2.2800506653471366 1 0 
1 8.5111908520266581 2.2800506653471366 1 0 
1 10.306268852026662 2.2800506653471366 0 -1 
1 10.306268852026662 2.2800506653471366 0 -1 
1 10.306268852026662 1.9153216653471361 -1 0 
1 10.306268852026662 1.9153216653471361 -1 0 
1 8.9702588520266602 1.9153216653471361 0 -1 
1 8.9702588520266602 1.9153216653471361 0 -1 
1 8.9702588520266602 0.26815666534713856 1 0 
1 8.9702588520266602 0.26815666534713856 1 0 
1 10.170900852026662 0.26815666534713856 0 1 
1 10.170900852026662 0.26815666534713856 0 1 
1 10.170900852026662 1.0034986653471378 1 0 
1 10.170900852026662 1.0034986653471378 1 0 
1 11.147893852026662 1.0034986653471378 0 -1 
1 11.147893852026662 1.0034986653471378 0 -1 
1 11.147893852026662 0.26815666534713856 1 0 
1 11.147893852026662 0.26815666534713856 1 0 
1 12.277906852026661 0.26815666534713856 0 1 
1 12.277906852026661 0.26815666534713856 0 1 
1 12.277906852026661 1.0034986653471378 1 0 
1 12.277906852026661 1.0034986653471378 1 0 
1 13.219587852026663 1.0034986653471378 0 -1 
1 13.219587852026663 1.0034986653471378 0 -1 
1 13.219587852026663 0.26815666534713856 1 0 
1 13.219587852026663 0.26815666534713856 1 0 
1 14.41433885202666 0.26815666534713856 0 1 
1 14.41433885202666 0.26815666534713856 0 1 
1 14.41433885202666 1.9153216653471361 -1 0 
1 14.41433885202666 1.9153216653471361 -1 0 
1 10.988984852026661 1.9153216653471361 0 1 
1 10.988984852026661 1.9153216653471361 0 1 
1 10.988984852026661 2.2800506653471366 1 0 
1 10.988984852026661 2.2800506653471366 1 0 
1 14.74981485202666 2.2800506653471366 0 -1 
1 14.74981485202666 2.2800506653471366 0 -1 
1 14.74981485202666 -0.23187433465286134 -1 0 
1 14.74981485202666 -0.23187433465286134 -1 0 
1 0.71959185202666021 0.10431166534713654 -1 0 
1 0.71959185202666021 0.10431166534713654 -1 0 
1 -6.2859021479733386 0.10431166534713654 0 1 
1 -6.2859021479733386 0.10431166534713654 0 1 
1 -6.2859021479733386 3.3215406653471362 1 0 
1 -6.2859021479733386 3.3215406653471362 1 0 
1 0.71959185202666021 3.3215406653471362 0 -1 
1 0.71959185202666021 3.3215406653471362 0 -1 
1 0.71959185202666021 1.4669036653471395 -1 0 
1 0.71959185202666021 1.4669036653471395 -1 0 
1 -1.7796651479733399 1.4669036653471395 0 1 
1 -1.7796651479733399 1.4669036653471395 0 1 
1 -1.7796651479733399 2.7821826653471362 -1 0 
1 -1.7796651479733399 2.7821826653471362 -1 0 
1 -5.575885147973338 2.7821826653471362 0 -1 
1 -5.575885147973338 2.7821826653471362 0 -1 
1 -5.575885147973338 0.776144665347136 1 0 
1 -5.575885147973338 0.776144665347136 1 0 
1 0.71959185202666021 0.776144665347136 0 -1 
1 0.71959185202666021 0.776144665347136 0 -1 
1 -1.1805471479733427 -2.083864334652862 -1 0 
1 -1.1805471479733427 -2.083864334652862 -1 0 
1 -3.393770147973342 -2.083864334652862 0 -1 
1 -3.393770147973342 -2.083864334652862 0 -1 
1 -3.393770147973342 -4.3151563346528619 1 0 
1 -3.393770147973342 -4.3151563346528619 1 0 
1 -1.8533151479733405 -4.3151563346528619 0 -1 
1 -1.8533151479733405 -4.3151563346528619 0 -1 
1 -1.8533151479733405 -8.5948483346528626 1 0 
1 -1.8533151479733405 -8.5948483346528626 1 0 
1 -1.1805471479733427 -8.5948483346528626 0 1 
1 -1.1805471479733427 -8.5948483346528626 0 1 
1 -1.1805471479733427 -7.9003903346528617 1 0 
1 -1.1805471479733427 -7.9003903346528617 1 0 
1 -0.80979314797333757 -7.9003903346528617 0 -1 
1 -0.80979314797333757 -7.9003903346528617 0 -1 
1 -0.80979314797333757 -8.9231893346528608 -1 0 
1 -0.80979314797333757 -8.9231893346528608 -1 0 
1 -4.0653551479733423 -8.9231893346528608 0 1 
1 -4.0653551479733423 -8.9231893346528608 0 1 
1 -4.0653551479733423 -1.5074463346528617 1 0 
1 -4.0653551479733423 -1.5074463346528617 1 0 
1 -0.80979314797333757 -1.5074463346528617 0 -1 
1 -0.80979314797333757 -1.5074463346528617 0 -1 
1 -0.80979314797333757 -7.1972463346528635 -1 0 
1 -0.80979314797333757 -7.1972463346528635 -1 0 
1 -1.1805471479733427 -7.1972463346528635 0 1 
1 -1.1805471479733427 -7.1972463346528635 0 1 
1 15.570051852026658 -8.986690334652863 -1 0 
1 15.570051852026658 -8.986690334652863 -1 0 
1 12.191778852026658 -8.986690334652863 0 1 
1 12.191778852026658 -8.986690334652863 0 1 
1 12.191778852026658 -2.4427903346528623 1 0 
1 12.191778852026658 -2.4427903346528623 1 0 
1 15.570051852026658 -2.4427903346528623 0 -1 
1 15.570051852026658 -2.4427903346528623 0 -1 
1 15.570051852026658 -7.9619503346528617 -1 0 
1 15.570051852026658 -7.9619503346528617 -1 0 
1 15.116380852026658 -7.9619503346528617 0 1 
1 15.116380852026658 -7.9619503346528617 0 1 
1 15.116380852026658 -7.5641233346528622 1 0 
1 15.116380852026658 -7.5641233346528622 1 0 
1 15.251012852026662 -7.5641233346528622 0 1 
1 15.251012852026662 -7.5641233346528622 0 1 
1 15.251012852026662 -6.4115923346528625 -1 0 
1 15.251012852026662 -6.4115923346528625 -1 0 
1 14.384736852026663 -6.4115923346528625 0 -1 
1 14.384736852026663 -6.4115923346528625 0 -1 
1 14.384736852026663 -7.5524213346528626 1 0 
1 14.384736852026663 -7.5524213346528626 1 0 
1 14.648126852026664 -7.5524213346528626 0 -1 
1 14.648126852026664 -7.5524213346528626 0 -1 
1 14.648126852026664 -7.9619503346528617 -1 0 
1 14.648126852026664 -7.9619503346528617 -1 0 
1 13.95746785202666 -7.9619503346528617 0 1 
1 13.95746785202666 -7.9619503346528617 0 1 
1 13.95746785202666 -5.9880063346528623 1 0 
1 13.95746785202666 -5.9880063346528623 1 0 
1 15.251012852026662 -5.9880063346528623 0 1 
1 15.251012852026662 -5.9880063346528623 0 1 
1 15.251012852026662 -2.9691963346528638 -1 0 
1 15.251012852026662 -2.9691963346528638 -1 0 
1 13.290250852026659 -2.9691963346528638 0 -1 
1 13.290250852026659 -2.9691963346528638 0 -1 
1 13.290250852026659 -8.6279673346528618 1 0 
1 13.290250852026659 -8.6279673346528618 1 0 
1 15.570051852026658 -8.6279673346528618 0 -1 
1 15.570051852026658 -8.6279673346528618 0 -1 
1 19.832891852026663 3.6083456653471373 -1 0 
1 19.832891852026663 3.6083456653471373 -1 0 
1 18.739820852026661 3.6083456653471373 0 -1 
1 18.739820852026661 3.6083456653471373 0 -1 
1 18.739820852026661 2.2430196653471377 1 0 
1 18.739820852026661 2.2430196653471377 1 0 
1 19.832891852026663 2.2430196653471377 0 -1 
1 19.832891852026663 2.2430196653471377 0 -1 
1 19.832891852026663 2.1031516653471378 -1 0 
1 19.832891852026663 2.1031516653471378 -1 0 
1 18.739820852026661 2.1031516653471378 0 -1 
1 18.739820852026661 2.1031516653471378 0 -1 
1 18.739820852026661 -0.35558533465286146 1 0 
1 18.739820852026661 -0.35558533465286146 1 0 
1 19.832891852026663 -0.35558533465286146 0 -1 
1 19.832891852026663 -0.35558533465286146 0 -1 
1 19.832891852026663 -0.5584833346528626 -1 0 
1 19.832891852026663 -0.5584833346528626 -1 0 
1 18.739820852026661 -0.5584833346528626 0 -1 
1 18.739820852026661 -0.5584833346528626 0 -1 
1 18.739820852026661 -2.1936113346528607 1 0 
1 18.739820852026661 -2.1936113346528607 1 0 
1 18.80959885202666 -2.1936113346528607 0 -1 
1 18.80959885202666 -2.1936113346528607 0 -1 
1 18.80959885202666 -2.4715023346528611 -1 0 
1 18.80959885202666 -2.4715023346528611 -1 0 
1 18.314565852026661 -2.4715023346528611 0 1 
1 18.314565852026661 -2.4715023346528611 0 1 
1 18.314565852026661 7.7361396653471353 1 0 
1 18.314565852026661 7.7361396653471353 1 0 
1 21.378412852026663 7.7361396653471353 0 -1 
1 21.378412852026663 7.7361396653471353 0 -1 
1 21.378412852026663 -0.63050633465286055 -1 0 
1 21.378412852026663 -0.63050633465286055 -1 0 
1 21.080091852026662 -0.63050633465286055 0 1 
1 21.080091852026662 -0.63050633465286055 0 1 
1 21.080091852026662 -0.5584833346528626 -1 0 
1 21.080091852026662 -0.5584833346528626 -1 0 
1 20.608030852026658 -0.5584833346528626 0 1 
1 20.608030852026658 -0.5584833346528626 0 1 
1 20.608030852026658 -0.35558533465286146 1 0 
1 20.608030852026658 -0.35558533465286146 1 0 
1 21.09800585202666 -0.35558533465286146 0 1 
1 21.09800585202666 -0.35558533465286146 0 1 
1 21.09800585202666 2.1031516653471378 -1 0 
1 21.09800585202666 2.1031516653471378 -1 0 
1 20.608030852026658 2.1031516653471378 0 1 
1 20.608030852026658 2.1031516653471378 0 1 
1 20.608030852026658 2.2430196653471377 1 0 
1 20.608030852026658 2.2430196653471377 1 0 
1 21.09800585202666 2.2430196653471377 0 1 
1 21.09800585202666 2.2430196653471377 0 1 
1 21.09800585202666 3.6083456653471373 -1 0 
1 21.09800585202666 3.6083456653471373 -1 0 
1 20.608030852026658 3.6083456653471373 0 1 
1 20.608030852026658 3.6083456653471373 0 1 
1 20.608030852026658 4.0260796653471367 1 0 
1 20.608030852026658 4.0260796653471367 1 0 
1 21.002607852026664 4.0260796653471367 0 1 
1 21.002607852026664 4.0260796653471367 0 1 
1 21.002607852026664 6.1961886653471367 -1 0 
1 21.002607852026664 6.1961886653471367 -1 0 
1 18.792043852026659 6.1961886653471367 0 -1 
1 18.792043852026659 6.1961886653471367 0 -1 
1 18.792043852026659 4.0260796653471367 1 0 
1 18.792043852026659 4.0260796653471367 1 0 
1 19.832891852026663 4.0260796653471367 0 -1 
1 19.832891852026663 4.0260796653471367 0 -1 
Curves 464
1 63.955337999999998 36.118656000000001 0 0 1 0 
1 63.955337999999998 37.015433999999999 0 1 0 0 
1 64.176674000000006 37.015433999999999 0 0 -1 0 
1 64.176674000000006 36.357922000000002 0 1 0 0 
1 67.286368999999993 36.357922000000002 0 0 1 0 
1 67.286368999999993 38.178310000000003 0 -1 0 0 
1 64.176674000000006 38.178310000000003 0 0 -1 0 
1 64.176674000000006 37.716419000000002 0 -1 0 0 
1 63.955337999999998 37.716419000000002 0 0 1 0 
1 63.955337999999998 38.178310000000003 0 -1 0 0 
1 36.774666000000003 38.178310000000003 0 0 -1 0 
1 36.774666000000003 32.903717 0 -1 0 0 
1 35.427719000000003 32.903717 0 0 1 0 
1 35.427719000000003 33.420704000000001 0 1 0 0 
1 36.491421000000003 33.420704000000001 0 0 1 0 
1 36.491421000000003 34.205120000000001 0 -1 0 0 
1 35.591602000000002 34.205120000000001 0 0 1 0 
1 35.591602000000002 34.385902000000002 0 1 0 0 
1 36.491421000000003 34.385902000000002 0 0 1 0 
1 36.491421000000003 35.178936 0 -1 0 0 
1 35.591602000000002 35.178936 0 0 1 0 
1 35.591602000000002 35.359718000000001 0 1 0 0 
1 36.491421000000003 35.359718000000001 0 0 1 0 
1 36.491421000000003 36.104118 0 -1 0 0 
1 33.609707 36.104118 0 0 -1 0 
1 33.609707 33.420704000000001 0 1 0 0 
1 34.678493000000003 33.420704000000001 0 0 -1 0 
1 34.678493000000003 32.903717 0 -1 0 0 
1 33.277203 32.903717 0 0 1 0 
1 33.277203 36.405697000000004 0 1 0 0 
1 36.491421000000003 36.405697000000004 0 0 1 0 
1 36.491421000000003 38.178310000000003 0 -1 0 0 
1 35.191916999999997 38.178310000000003 0 0 -1 0 
1 35.191916999999997 37.489860999999998 0 -1 0 0 
1 34.915596000000001 37.489860999999998 0 0 1 0 
1 34.915596000000001 38.178310000000003 0 -1 0 0 
1 32.385868000000002 38.178310000000003 0 0 -1 0 
1 32.385868000000002 37.400390999999999 0 1 0 0 
1 33.304355999999999 37.400390999999999 0 0 1 0 
1 33.304355999999999 37.715485000000001 0 1 0 0 
1 33.650734 37.715485000000001 0 0 -1 0 
1 33.650734 37.120303999999997 0 -1 0 0 
1 32.109546999999999 37.120303999999997 0 0 1 0 
1 32.109546999999999 38.178310000000003 0 -1 0 0 
1 31.004251 38.178310000000003 0 0 -1 0 
1 31.004251 37.489860999999998 0 -1 0 0 
1 30.727927999999999 37.489860999999998 0 0 1 0 
1 30.727927999999999 38.178310000000003 0 -1 0 0 
1 29.457087000000001 38.178310000000003 0 0 -1 0 
1 29.457087000000001 36.405697000000004 0 1 0 0 
1 32.376559999999998 36.405697000000004 0 0 -1 0 
1 32.376559999999998 32.92107 0 -1 0 0 
1 31.23218 32.92107 0 0 1 0 
1 31.23218 33.487335000000002 0 1 0 0 
1 32.073078000000002 33.487335000000002 0 0 1 0 
1 32.073078000000002 34.191589 0 -1 0 0 
1 31.453468000000001 34.191589 0 0 1 0 
1 31.453468000000001 34.400139000000003 0 1 0 0 
1 32.073078000000002 34.400139000000003 0 0 1 0 
1 32.073078000000002 35.202724000000003 0 -1 0 0 
1 31.453468000000001 35.202724000000003 0 0 1 0 
1 31.453468000000001 35.38599 0 1 0 0 
1 32.073078000000002 35.38599 0 0 1 0 
1 32.073078000000002 36.131701999999997 0 -1 0 0 
1 29.457087000000001 36.131701999999997 0 0 -1 0 
1 29.457087000000001 33.487335000000002 0 1 0 0 
1 30.502281 33.487335000000002 0 0 -1 0 
1 30.502281 32.92107 0 -1 0 0 
1 29.125171999999999 32.92107 0 0 1 0 
1 29.125171999999999 33.983910000000002 0 -1 0 0 
1 13.941692 33.983910000000002 0 0 -1 0 
1 13.941692 32.933639999999997 0 1 0 0 
1 15.192838999999999 32.933639999999997 0 0 -1 0 
1 15.192838999999999 31.580334000000001 0 -1 0 0 
1 14.397943 31.580334000000001 0 0 1 0 
1 14.397943 31.824801999999998 0 1 0 0 
1 14.860904 31.824801999999998 0 0 1 0 
1 14.860904 32.549477000000003 0 -1 0 0 
1 13.941692 32.549477000000003 0 0 -1 0 
1 13.941692 28.093515 0 1 0 0 
1 16.642638999999999 28.093515 0 0 -1 0 
1 16.642638999999999 27.045794000000001 0 1 0 0 
1 18.957443000000001 27.045794000000001 0 0 1 0 
1 18.957443000000001 28.006205000000001 0 1 0 0 
1 19.429137999999998 28.006205000000001 0 0 -1 0 
1 19.429137999999998 27.045794000000001 0 1 0 0 
1 21.735209000000001 27.045794000000001 0 0 1 0 
1 21.735209000000001 28.041129999999999 0 1 0 0 
1 22.145759999999999 28.041129999999999 0 0 -1 0 
1 22.145759999999999 27.045794000000001 0 1 0 0 
1 24.514171999999999 27.045794000000001 0 0 1 0 
1 24.514171999999999 29.729434999999999 0 -1 0 0 
1 22.145759999999999 29.729434999999999 0 0 -1 0 
1 22.145759999999999 28.770277 0 -1 0 0 
1 21.735209000000001 28.770277 0 0 1 0 
1 21.735209000000001 29.729434999999999 0 -1 0 0 
1 19.429137999999998 29.729434999999999 0 0 -1 0 
1 19.429137999999998 28.770277 0 -1 0 0 
1 18.975467999999999 28.770277 0 0 1 0 
1 18.975467999999999 29.729434999999999 0 -1 0 0 
1 16.626080000000002 29.729434999999999 0 0 -1 0 
1 16.626080000000002 28.770277 0 -1 0 0 
1 16.184946 28.770277 0 0 1 0 
1 16.184946 31.550922 0 -1 0 0 
1 15.85956 31.550922 0 0 1 0 
1 15.85956 32.933639999999997 0 1 0 0 
1 25.269863000000001 32.933639999999997 0 0 -1 0 
1 25.269863000000001 31.489407 0 -1 0 0 
1 24.514171999999999 31.489407 0 0 1 0 
1 24.514171999999999 32.549477000000003 0 -1 0 0 
1 22.145759999999999 32.549477000000003 0 0 -1 0 
1 22.145759999999999 31.608132999999999 0 -1 0 0 
1 21.735209000000001 31.608132999999999 0 0 1 0 
1 21.735209000000001 32.549477000000003 0 -1 0 0 
1 19.429137999999998 32.549477000000003 0 0 -1 0 
1 19.429137999999998 31.608132999999999 0 -1 0 0 
1 18.975467999999999 31.608132999999999 0 0 1 0 
1 18.975467999999999 32.549477000000003 0 -1 0 0 
1 16.626080000000002 32.549477000000003 0 0 -1 0 
1 16.626080000000002 29.888361 0 1 0 0 
1 18.975467999999999 29.888361 0 0 1 0 
1 18.975467999999999 30.847518999999998 0 1 0 0 
1 19.429137999999998 30.847518999999998 0 0 -1 0 
1 19.429137999999998 29.888361 0 1 0 0 
1 21.735209000000001 29.888361 0 0 1 0 
1 21.735209000000001 30.847518999999998 0 1 0 0 
1 22.145759999999999 30.847518999999998 0 0 -1 0 
1 22.145759999999999 29.888361 0 1 0 0 
1 24.514171999999999 29.888361 0 0 1 0 
1 24.514171999999999 30.843312999999998 0 1 0 0 
1 24.94219 30.843312999999998 0 0 -1 0 
1 24.94219 28.014465000000001 0 1 0 0 
1 27.335609000000002 28.014465000000001 0 0 1 0 
1 27.335609000000002 32.558205000000001 0 -1 0 0 
1 26.383482000000001 32.558205000000001 0 0 -1 0 
1 26.383482000000001 31.786263000000002 0 1 0 0 
1 26.750359 31.786263000000002 0 0 -1 0 
1 26.750359 31.489407 0 -1 0 0 
1 26.025345000000002 31.489407 0 0 1 0 
1 26.025345000000002 32.933639999999997 0 1 0 0 
1 27.711220000000001 32.933639999999997 0 0.0010341074128277104 -0.99999946531078643 0 
1 27.717742999999999 26.625788 0 -1 0 0 
1 13.409496000000001 26.625788 0 -0.0048723967526103692 -0.99998812980449181 0 
1 13.350405 14.498225 0 1 0 0 
1 18.326836 14.498225 0 0 -1 0 
1 18.326836 13.660833 0 -1 0 0 
1 13.820271 13.660833 0 0 -1 0 
1 13.820271 11.005240000000001 0 1 0 0 
1 16.817388999999999 11.005240000000001 0 0 1 0 
1 16.817388999999999 12.856457000000001 0 1 0 0 
1 18.326836 12.856457000000001 0 0 -1 0 
1 18.326836 10.499552 0 1 0 0 
1 23.123816999999999 10.499552 0 0 1 0 
1 23.123816999999999 13.691566 0 1 0 0 
1 27.621964999999999 13.691566 0 0 -1 0 
1 27.621964999999999 13.30925 0 -1 0 0 
1 23.593031 13.30925 0 0 -1 0 
1 23.593031 10.835732999999999 0 1 0 0 
1 24.816994000000001 10.835732999999999 0 0 1 0 
1 24.816994000000001 11.783874000000001 0 1 0 0 
1 25.847176000000001 11.783874000000001 0 0 -1 0 
1 25.847176000000001 10.810245999999999 0 1 0 0 
1 27.183354999999999 10.810245999999999 0 0 1 0 
1 27.183354999999999 12.614770999999999 0 1 0 0 
1 27.657647999999998 12.614770999999999 0 0 -1 0 
1 27.657647999999998 10.499552 0 1 0 0 
1 32.932803999999997 10.499552 0 0 1 0 
1 32.932803999999997 13.691566 0 1 0 0 
1 39.456425000000003 13.691566 0 0 -1 0 
1 39.456425000000003 13.131577 0 -1 0 0 
1 33.489398999999999 13.131577 0 0 -1 0 
1 33.489398999999999 10.956332 0 1 0 0 
1 38.474196999999997 10.956332 0 0 1 0 
1 38.474196999999997 12.483108 0 1 0 0 
1 39.456425000000003 12.483108 0 0 -1 0 
1 39.456425000000003 10.499552 0 1 0 0 
1 44.720806000000003 10.499552 0 0 1 0 
1 44.720806000000003 14.324603 0 1 0 0 
1 49.189937999999998 14.324603 0 0 -1 0 
1 49.189937999999998 13.691566 0 -1 0 0 
1 45.187362999999998 13.691566 0 0 -1 0 
1 45.187362999999998 10.886317 0 1 0 0 
1 48.780673999999998 10.886317 0 0 1 0 
1 48.780673999999998 11.817111000000001 0 -1 0 0 
1 47.970340999999998 11.817111000000001 0 0 1 0 
1 47.970340999999998 12.872011000000001 0 1 0 0 
1 49.189937999999998 12.872011000000001 0 0 -1 0 
1 49.189937999999998 10.499552 0 1 0 0 
1 54.332642 10.499552 0 0 1 0 
1 54.332642 13.691566 0 1 0 0 
1 54.775131000000002 13.691566 0 0 -1 0 
1 54.775131000000002 10.880933000000001 0 1 0 0 
1 61.232196999999999 10.880933000000001 0 0 1 0 
1 61.232196999999999 13.145485000000001 0 -1 0 0 
1 56.364815 13.145485000000001 0 0 -1 0 
1 56.364815 11.623665000000001 0 -1 0 0 
1 55.471642000000003 11.623665000000001 0 0 1 0 
1 55.471642000000003 13.691566 0 1 0 0 
1 61.805793999999999 13.691566 0 0 1 0 
1 61.805793999999999 15.341217 0 -1 0 0 
1 59.926108999999997 15.341217 0 0 1 0 
1 59.926108999999997 20.426075000000001 0 -1 0 0 
1 58.182155999999999 20.426075000000001 0 0 -1 0 
1 58.182155999999999 16.046976000000001 0 1 0 0 
1 59.126441999999997 16.046976000000001 0 0 -1 0 
1 59.126441999999997 15.341217 0 -1 0 0 
1 57.850380000000001 15.341217 0 0 1 0 
1 57.850380000000001 20.791708 0 1 0 0 
1 60.172817000000002 20.791708 0 0 -1 0 
1 60.172817000000002 18.002689 0 1 0 0 
1 61.176654999999997 18.002689 0 0 1 0 
1 61.176654999999997 25.978189 0 -1 0 0 
1 60.904139999999998 25.978189 0 0 1 0 
1 60.904139999999998 26.872986000000001 0 1 0 0 
1 61.500950000000003 26.872986000000001 0 0 1 0 
1 61.500950000000003 29.071626999999999 0 -1 0 0 
1 59.642315000000004 29.071626999999999 0 0 -1 0 
1 59.642315000000004 26.872986000000001 0 1 0 0 
1 60.153866000000001 26.872986000000001 0 0 -1 0 
1 60.153866000000001 26.020797999999999 0 -1 0 0 
1 59.386536 26.020797999999999 0 0 1 0 
1 59.386536 29.942561999999999 0 1 0 0 
1 61.168464999999998 29.942561999999999 0 0 1 0 
1 61.168464999999998 35.005839999999999 0 1 0 0 
1 72.615966999999998 35.005839999999999 0 0 1 0 
1 72.615966999999998 36.118656000000001 0 -1 0 0 
1 56.693095999999997 22.731632000000001 0 0 1 0 
1 56.693095999999997 23.009523000000002 0 1 0 0 
1 58.078251000000002 23.009523000000002 0 0 1 0 
1 58.078251000000002 23.631271000000002 0 1 0 0 
1 58.376572000000003 23.631271000000002 0 0 -1 0 
1 58.376572000000003 22.731632000000001 0 -1 0 0 
1 38.352260999999999 32.046740999999997 0 -1 0 0 
1 37.811062 32.046740999999997 0 0 1 0 
1 37.811062 36.405811 0 1 0 0 
1 40.156619999999997 36.405811 0 0 -1 0 
1 40.156619999999997 36.210213000000003 0 -1 0 0 
1 38.352260999999999 36.210213000000003 0 0 -1 0 
1 52.287964000000002 32.273784999999997 0 1 0 0 
1 53.033070000000002 32.273784999999997 0 0 1 0 
1 53.033070000000002 33.335785000000001 0 1 0 0 
1 53.137314000000003 33.335785000000001 0 0 -1 0 
1 53.137314000000003 32.273784999999997 0 1 0 0 
1 54.103973000000003 32.273784999999997 0 0 1 0 
1 54.103973000000003 33.443989000000002 0 -1 0 0 
1 53.733494 33.443989000000002 0 0 1 0 
1 53.733494 36.405811 0 1 0 0 
1 54.288376 36.405811 0 0 -1 0 
1 54.288376 32.046740999999997 0 -1 0 0 
1 52.083480999999999 32.046740999999997 0 0 1 0 
1 52.083480999999999 33.511192000000001 0 1 0 0 
1 52.512489000000002 33.511192000000001 0 0 -1 0 
1 52.512489000000002 33.443989000000002 0 -1 0 0 
1 52.287964000000002 33.443989000000002 0 0 -1 0 
1 43.271872999999999 36.405811 0 0 -1 0 
1 43.271872999999999 36.210213000000003 0 -1 0 0 
1 41.619255000000003 36.210213000000003 0 0 -1 0 
1 41.619255000000003 32.046740999999997 0 -1 0 0 
1 39.041885000000001 32.046740999999997 0 0 1 0 
1 39.041885000000001 33.511192000000001 0 1 0 0 
1 39.470889999999997 33.511192000000001 0 0 -1 0 
1 39.470889999999997 33.443989000000002 0 -1 0 0 
1 39.246364999999997 33.443989000000002 0 0 -1 0 
1 39.246364999999997 32.273784999999997 0 1 0 0 
1 40.184570000000001 32.273784999999997 0 0 1 0 
1 40.184570000000001 33.335785000000001 0 1 0 0 
1 40.288815 33.335785000000001 0 0 -1 0 
1 40.288815 32.273784999999997 0 1 0 0 
1 41.235039 32.273784999999997 0 0 1 0 
1 41.235039 33.443989000000002 0 -1 0 0 
1 40.926315000000002 33.443989000000002 0 0 1 0 
1 40.926315000000002 36.405811 0 1 0 0 
1 49.904938000000001 32.273784999999997 0 0 1 0 
1 49.904938000000001 33.335785000000001 0 1 0 0 
1 50.009182000000003 33.335785000000001 0 0 -1 0 
1 50.009182000000003 32.273784999999997 0 1 0 0 
1 50.955406000000004 32.273784999999997 0 0 1 0 
1 50.955406000000004 33.443989000000002 0 -1 0 0 
1 50.646678999999999 33.443989000000002 0 0 1 0 
1 50.646678999999999 36.405811 0 1 0 0 
1 52.992237000000003 36.405811 0 0 -1 0 
1 52.992237000000003 36.210213000000003 0 -1 0 0 
1 51.339618999999999 36.210213000000003 0 0 -1 0 
1 51.339618999999999 32.046740999999997 0 -1 0 0 
1 48.762248999999997 32.046740999999997 0 0 1 0 
1 48.762248999999997 33.511192000000001 0 1 0 0 
1 49.191257 33.511192000000001 0 0 -1 0 
1 49.191257 33.443989000000002 0 -1 0 0 
1 48.966732 33.443989000000002 0 0 -1 0 
1 48.966732 32.273784999999997 0 1 0 0 
1 46.458255999999999 36.405811 0 0 -1 0 
1 46.458255999999999 36.210213000000003 0 -1 0 0 
1 44.805636999999997 36.210213000000003 0 0 -1 0 
1 44.805636999999997 32.046740999999997 0 -1 0 0 
1 42.228268 32.046740999999997 0 0 1 0 
1 42.228268 33.511192000000001 0 1 0 0 
1 42.657276000000003 33.511192000000001 0 0 -1 0 
1 42.657276000000003 33.443989000000002 0 -1 0 0 
1 42.432746999999999 33.443989000000002 0 0 -1 0 
1 42.432746999999999 32.273784999999997 0 1 0 0 
1 43.370953 32.273784999999997 0 0 1 0 
1 43.370953 33.335785000000001 0 1 0 0 
1 43.475200999999998 33.335785000000001 0 0 -1 0 
1 43.475200999999998 32.273784999999997 0 1 0 0 
1 44.421424999999999 32.273784999999997 0 0 1 0 
1 44.421424999999999 33.443989000000002 0 -1 0 0 
1 44.112698000000002 33.443989000000002 0 0 1 0 
1 44.112698000000002 36.405811 0 1 0 0 
1 49.725245999999999 36.405811 0 0 -1 0 
1 49.725245999999999 36.210213000000003 0 -1 0 0 
1 48.072628000000002 36.210213000000003 0 0 -1 0 
1 48.072628000000002 32.046740999999997 0 -1 0 0 
1 45.495258 32.046740999999997 0 0 1 0 
1 45.495258 33.511192000000001 0 1 0 0 
1 45.924267 33.511192000000001 0 0 -1 0 
1 45.924267 33.443989000000002 0 -1 0 0 
1 45.699738000000004 33.443989000000002 0 0 -1 0 
1 45.699738000000004 32.273784999999997 0 1 0 0 
1 46.637946999999997 32.273784999999997 0 0 1 0 
1 46.637946999999997 33.335785000000001 0 1 0 0 
1 46.742190999999998 33.335785000000001 0 0 -1 0 
1 46.742190999999998 32.273784999999997 0 1 0 0 
1 47.688415999999997 32.273784999999997 0 0 1 0 
1 47.688415999999997 33.443989000000002 0 -1 0 0 
1 47.379688000000002 33.443989000000002 0 0 1 0 
1 47.379688000000002 36.405811 0 1 0 0 
1 43.520896999999998 27.799553 0 0 -1 0 
1 43.520896999999998 22.822996 0 -1 0 0 
1 41.040844 22.822996 0 0 1 0 
1 41.040844 26.749911999999998 0 1 0 0 
1 41.935229999999997 26.749911999999998 0 0 -1 0 
1 41.935229999999997 24.781368000000001 0 -1 0 0 
1 41.394359999999999 24.781368000000001 0 0 -1 0 
1 41.394359999999999 23.324057 0 1 0 0 
1 42.617195000000002 23.324057 0 0 1 0 
1 42.617195000000002 27.437432999999999 0 -1 0 0 
1 41.040844 27.437432999999999 0 0 1 0 
1 41.040844 27.799553 0 1 0 0 
1 58.376572000000003 37.021675000000002 0 1 0 0 
1 60.157448000000002 37.021675000000002 0 0 -1 0 
1 60.157448000000002 34.401634000000001 0 -1 0 0 
1 54.846187999999998 34.401634000000001 0 0 1 0 
1 54.846187999999998 37.021675000000002 0 1 0 0 
1 57.387585000000001 37.021675000000002 0 0 -1 0 
1 57.387585000000001 36.578353999999997 0 -1 0 0 
1 55.154536999999998 36.578353999999997 0 0 -1 0 
1 55.154536999999998 34.680762999999999 0 1 0 0 
1 59.307845999999998 34.680762999999999 0 0 1 0 
1 59.307845999999998 36.578353999999997 0 -1 0 0 
1 58.376572000000003 36.578353999999997 0 0 1 0 
1 44.749496000000001 19.343599000000001 0 0 -1 0 
1 44.749496000000001 16.830397000000001 0 -1 0 0 
1 42.485970000000002 16.830397000000001 0 0 1 0 
1 42.485970000000002 17.296885 0 1 0 0 
1 44.387797999999997 17.296885 0 0 1 0 
1 44.387797999999997 18.632206 0 -1 0 0 
1 42.614314999999998 18.632206 0 0 -1 0 
1 42.614314999999998 17.949967999999998 0 -1 0 0 
1 41.546722000000003 17.949967999999998 0 0 1 0 
1 41.546722000000003 18.632206 0 -1 0 0 
1 39.790740999999997 18.632206 0 0 -1 0 
1 39.790740999999997 17.296885 0 1 0 0 
1 41.727573 17.296885 0 0 -1 0 
1 41.727573 16.830397000000001 0 -1 0 0 
1 39.475712000000001 16.830397000000001 0 0 1 0 
1 39.475712000000001 19.343599000000001 0 1 0 0 
1 45.509349999999998 24.971260000000001 0 0 1 0 
1 45.509349999999998 27.483184999999999 0 1 0 0 
1 47.304428000000001 27.483184999999999 0 0 -1 0 
1 47.304428000000001 27.118455999999998 0 -1 0 0 
1 45.968418 27.118455999999998 0 0 -1 0 
1 45.968418 25.471291000000001 0 1 0 0 
1 47.169060000000002 25.471291000000001 0 0 1 0 
1 47.169060000000002 26.206633 0 1 0 0 
1 48.146053000000002 26.206633 0 0 -1 0 
1 48.146053000000002 25.471291000000001 0 1 0 0 
1 49.276066 25.471291000000001 0 0 1 0 
1 49.276066 26.206633 0 1 0 0 
1 50.217747000000003 26.206633 0 0 -1 0 
1 50.217747000000003 25.471291000000001 0 1 0 0 
1 51.412497999999999 25.471291000000001 0 0 1 0 
1 51.412497999999999 27.118455999999998 0 -1 0 0 
1 47.987144000000001 27.118455999999998 0 0 1 0 
1 47.987144000000001 27.483184999999999 0 1 0 0 
1 51.747973999999999 27.483184999999999 0 0 -1 0 
1 51.747973999999999 24.971260000000001 0 -1 0 0 
1 37.717751 25.307445999999999 0 -1 0 0 
1 30.712257000000001 25.307445999999999 0 0 1 0 
1 30.712257000000001 28.524674999999998 0 1 0 0 
1 37.717751 28.524674999999998 0 0 -1 0 
1 37.717751 26.670038000000002 0 -1 0 0 
1 35.218494 26.670038000000002 0 0 1 0 
1 35.218494 27.985316999999998 0 -1 0 0 
1 31.422274000000002 27.985316999999998 0 0 -1 0 
1 31.422274000000002 25.979278999999998 0 1 0 0 
1 37.717751 25.979278999999998 0 0 -1 0 
1 35.817611999999997 23.11927 0 -1 0 0 
1 33.604388999999998 23.11927 0 0 -1 0 
1 33.604388999999998 20.887978 0 1 0 0 
1 35.144843999999999 20.887978 0 0 -1 0 
1 35.144843999999999 16.608286 0 1 0 0 
1 35.817611999999997 16.608286 0 0 1 0 
1 35.817611999999997 17.302744000000001 0 1 0 0 
1 36.188366000000002 17.302744000000001 0 0 -1 0 
1 36.188366000000002 16.279945000000001 0 -1 0 0 
1 32.932803999999997 16.279945000000001 0 0 1 0 
1 32.932803999999997 23.695688000000001 0 1 0 0 
1 36.188366000000002 23.695688000000001 0 0 -1 0 
1 36.188366000000002 18.005887999999999 0 -1 0 0 
1 35.817611999999997 18.005887999999999 0 0 1 0 
1 52.568210999999998 16.216443999999999 0 -1 0 0 
1 49.189937999999998 16.216443999999999 0 0 1 0 
1 49.189937999999998 22.760344 0 1 0 0 
1 52.568210999999998 22.760344 0 0 -1 0 
1 52.568210999999998 17.241184000000001 0 -1 0 0 
1 52.114539999999998 17.241184000000001 0 0 1 0 
1 52.114539999999998 17.639011 0 1 0 0 
1 52.249172000000002 17.639011 0 0 1 0 
1 52.249172000000002 18.791542 0 -1 0 0 
1 51.382896000000002 18.791542 0 0 -1 0 
1 51.382896000000002 17.650713 0 1 0 0 
1 51.646286000000003 17.650713 0 0 -1 0 
1 51.646286000000003 17.241184000000001 0 -1 0 0 
1 50.955627 17.241184000000001 0 0 1 0 
1 50.955627 19.215128 0 1 0 0 
1 52.249172000000002 19.215128 0 0 1 0 
1 52.249172000000002 22.233937999999998 0 -1 0 0 
1 50.288409999999999 22.233937999999998 0 0 -1 0 
1 50.288409999999999 16.575167 0 1 0 0 
1 52.568210999999998 16.575167 0 0 -1 0 
1 56.831051000000002 28.81148 0 -1 0 0 
1 55.73798 28.81148 0 0 -1 0 
1 55.73798 27.446154 0 1 0 0 
1 56.831051000000002 27.446154 0 0 -1 0 
1 56.831051000000002 27.306286 0 -1 0 0 
1 55.73798 27.306286 0 0 -1 0 
1 55.73798 24.847549000000001 0 1 0 0 
1 56.831051000000002 24.847549000000001 0 0 -1 0 
1 56.831051000000002 24.644651 0 -1 0 0 
1 55.73798 24.644651 0 0 -1 0 
1 55.73798 23.009523000000002 0 1 0 0 
1 55.807758 23.009523000000002 0 0 -1 0 
1 55.807758 22.731632000000001 0 -1 0 0 
1 55.312725 22.731632000000001 0 0 1 0 
1 55.312725 32.939273999999997 0 1 0 0 
1 58.376572000000003 32.939273999999997 0 0 -1 0 
1 58.376572000000003 24.572628000000002 0 -1 0 0 
1 58.078251000000002 24.572628000000002 0 0 1 0 
1 58.078251000000002 24.644651 0 -1 0 0 
1 57.606189999999998 24.644651 0 0 1 0 
1 57.606189999999998 24.847549000000001 0 1 0 0 
1 58.096164999999999 24.847549000000001 0 0 1 0 
1 58.096164999999999 27.306286 0 -1 0 0 
1 57.606189999999998 27.306286 0 0 1 0 
1 57.606189999999998 27.446154 0 1 0 0 
1 58.096164999999999 27.446154 0 0 1 0 
1 58.096164999999999 28.81148 0 -1 0 0 
1 57.606189999999998 28.81148 0 0 1 0 
1 57.606189999999998 29.229213999999999 0 1 0 0 
1 58.000767000000003 29.229213999999999 0 0 1 0 
1 58.000767000000003 31.399322999999999 0 -1 0 0 
1 55.790202999999998 31.399322999999999 0 0 -1 0 
1 55.790202999999998 29.229213999999999 0 1 0 0 
1 56.831051000000002 29.229213999999999 0 0 -1 0 
Polygon3D 0
PolygonOnTriangulations 0
Surfaces 31
1 36.99815914797334 25.203134334652862 0 0 0 1 1 0 -0 -0 1 0 
1 36.99815914797334 25.203134334652862 0 0 0 1 1 0 -0 -0 1 0 
1 36.99815914797334 25.203134334652862 0 0 0 1 1 0 -0 -0 1 0 
1 36.99815914797334 25.203134334652862 0 0 0 1 1 0 -0 -0 1 0 
1 36.99815914797334 25.203134334652862 0 0 0 1 1 0 -0 -0 1 0 
1 36.99815914797334 25.203134334652862 0 0 0 1 1 0 -0 -0 1 0 
1 36.99815914797334 25.203134334652862 0 0 0 1 1 0 -0 -0 1 0 
1 36.99815914797334 25.203134334652862 0 0 0 1 1 0 -0 -0 1 0 
1 36.99815914797334 25.203134334652862 0 0 0 1 1 0 -0 -0 1 0 
1 36.99815914797334 25.203134334652862 0 0 0 1 1 0 -0 -0 1 0 
1 36.99815914797334 25.203134334652862 0 0 0 1 1 0 -0 -0 1 0 
1 36.99815914797334 25.203134334652862 0 0 0 1 1 0 -0 -0 1 0 
1 36.99815914797334 25.203134334652862 0 0 0 1 1 0 -0 -0 1 0 
1 36.99815914797334 25.203134334652862 0 0 0 1 1 0 -0 -0 1 0 
1 36.99815914797334 25.203134334652862 0 0 0 1 1 0 -0 -0 1 0 
1 36.99815914797334 25.203134334652862 0 0 0 1 1 0 -0 -0 1 0 
1 36.99815914797334 25.203134334652862 0 0 0 1 1 0 -0 -0 1 0 
1 36.99815914797334 25.203134334652862 0 0 0 1 1 0 -0 -0 1 0 
1 36.99815914797334 25.203134334652862 0 0 0 1 1 0 -0 -0 1 0 
1 36.99815914797334 25.203134334652862 0 0 0 1 1 0 -0 -0 1 0 
1 36.99815914797334 25.203134334652862 0 0 0 1 1 0 -0 -0 1 0 
1 36.99815914797334 25.203134334652862 0 0 0 1 1 0 -0 -0 1 0 
1 36.99815914797334 25.203134334652862 0 0 0 1 1 0 -0 -0 1 0 
1 36.99815914797334 25.203134334652862 0 0 0 1 1 0 -0 -0 1 0 
1 36.99815914797334 25.203134334652862 0 0 0 1 1 0 -0 -0 1 0 
1 36.99815914797334 25.203134334652862 0 0 0 1 1 0 -0 -0 1 0 
1 36.99815914797334 25.203134334652862 0 0 0 1 1 0 -0 -0 1 0 
1 36.99815914797334 25.203134334652862 0 0 0 1 1 0 -0 -0 1 0 
1 36.99815914797334 25.203134334652862 0 0 0 1 1 0 -0 -0 1 0 
1 36.99815914797334 25.203134334652862 0 0 0 1 1 0 -0 -0 1 0 
1 36.99815914797334 25.203134334652862 0 0 0 1 1 0 -0 -0 1 0 
Triangulations 0

TShapes 945
Ve
1e-07
63.955338 36.118656 0
0 0

0101101
*
Ve
1e-07
63.955338 37.015434 0
0 0

0101101
*
Ed
 1e-07 1 1 0
1  1 0 0 0.896777999999998
0

0101000
+945 0 -944 0 *
Ve
1e-07
64.176674 37.015434 0
0 0

0101101
*
Ed
 1e-07 1 1 0
1  2 0 0 0.221336000000008
0

0101000
+944 0 -942 0 *
Ve
1e-07
64.176674 36.357922 0
0 0

0101101
*
Ed
 1e-07 1 1 0
1  3 0 0 0.657511999999997
0

0101000
+942 0 -940 0 *
Ve
1e-07
67.286369 36.357922 0
0 0

0101101
*
Ed
 1e-07 1 1 0
1  4 0 0 3.10969499999999
0

0101000
+940 0 -938 0 *
Ve
1e-07
67.286369 38.17831 0
0 0

0101101
*
Ed
 1e-07 1 1 0
1  5 0 0 1.820388
0

0101000
+938 0 -936 0 *
Ve
1e-07
64.176674 38.17831 0
0 0

0101101
*
Ed
 1e-07 1 1 0
1  6 0 0 3.10969499999999
0

0101000
+936 0 -934 0 *
Ve
1e-07
64.176674 37.716419 0
0 0

0101101
*
Ed
 1e-07 1 1 0
1  7 0 0 0.461891000000001
0

0101000
+934 0 -932 0 *
Ve
1e-07
63.955338 37.716419 0
0 0

0101101
*
Ed
 1e-07 1 1 0
1  8 0 0 0.221336000000008
0

0101000
+932 0 -930 0 *
Ve
1e-07
63.955338 38.17831 0
0 0

0101101
*
Ed
 1e-07 1 1 0
1  9 0 0 0.461891000000001
0

0101000
+930 0 -928 0 *
Ve
1e-07
36.774666 38.17831 0
0 0

0101101
*
Ed
 1e-07 1 1 0
1  10 0 0 27.180672
0

0101000
+928 0 -926 0 *
Ve
1e-07
36.774666 32.903717 0
0 0

0101101
*
Ed
 1e-07 1 1 0
1  11 0 0 5.274593
0

0101000
+926 0 -924 0 *
Ve
1e-07
35.427719 32.903717 0
0 0

0101101
*
Ed
 1e-07 1 1 0
1  12 0 0 1.346947
0

0101000
+924 0 -922 0 *
Ve
1e-07
35.427719 33.420704 0
0 0

0101101
*
Ed
 1e-07 1 1 0
1  13 0 0 0.516987
0

0101000
+922 0 -920 0 *
Ve
1e-07
36.491421 33.420704 0
0 0

0101101
*
Ed
 1e-07 1 1 0
1  14 0 0 1.063702
0

0101000
+920 0 -918 0 *
Ve
1e-07
36.491421 34.20512 0
0 0

0101101
*
Ed
 1e-07 1 1 0
1  15 0 0 0.784416
0

0101000
+918 0 -916 0 *
Ve
1e-07
35.591602 34.20512 0
0 0

0101101
*
Ed
 1e-07 1 1 0
1  16 0 0 0.899819000000001
0

0101000
+916 0 -914 0 *
Ve
1e-07
35.591602 34.385902 0
0 0

0101101
*
Ed
 1e-07 1 1 0
1  17 0 0 0.180782000000001
0

0101000
+914 0 -912 0 *
Ve
1e-07
36.491421 34.385902 0
0 0

0101101
*
Ed
 1e-07 1 1 0
1  18 0 0 0.899819000000001
0

0101000
+912 0 -910 0 *
Ve
1e-07
36.491421 35.178936 0
0 0

0101101
*
Ed
 1e-07 1 1 0
1  19 0 0 0.793033999999999
0

0101000
+910 0 -908 0 *
Ve
1e-07
35.591602 35.178936 0
0 0

0101101
*
Ed
 1e-07 1 1 0
1  20 0 0 0.899819000000001
0

0101000
+908 0 -906 0 *
Ve
1e-07
35.591602 35.359718 0
0 0

0101101
*
Ed
 1e-07 1 1 0
1  21 0 0 0.180782000000001
0

0101000
+906 0 -904 0 *
Ve
1e-07
36.491421 35.359718 0
0 0

0101101
*
Ed
 1e-07 1 1 0
1  22 0 0 0.899819000000001
0

0101000
+904 0 -902 0 *
Ve
1e-07
36.491421 36.104118 0
0 0

0101101
*
Ed
 1e-07 1 1 0
1  23 0 0 0.744399999999999
0

0101000
+902 0 -900 0 *
Ve
1e-07
33.609707 36.104118 0
0 0

0101101
*
Ed
 1e-07 1 1 0
1  24 0 0 2.881714
0

0101000
+900 0 -898 0 *
Ve
1e-07
33.609707 33.420704 0
0 0

0101101
*
Ed
 1e-07 1 1 0
1  25 0 0 2.683414
0

0101000
+898 0 -896 0 *
Ve
1e-07
34.678493 33.420704 0
0 0

0101101
*
Ed
 1e-07 1 1 0
1  26 0 0 1.068786
0

0101000
+896 0 -894 0 *
Ve
1e-07
34.678493 32.903717 0
0 0

0101101
*
Ed
 1e-07 1 1 0
1  27 0 0 0.516987
0

0101000
+894 0 -892 0 *
Ve
1e-07
33.277203 32.903717 0
0 0

0101101
*
Ed
 1e-07 1 1 0
1  28 0 0 1.40129
0

0101000
+892 0 -890 0 *
Ve
1e-07
33.277203 36.405697 0
0 0

0101101
*
Ed
 1e-07 1 1 0
1  29 0 0 3.50198
0

0101000
+890 0 -888 0 *
Ve
1e-07
36.491421 36.405697 0
0 0

0101101
*
Ed
 1e-07 1 1 0
1  30 0 0 3.214218
0

0101000
+888 0 -886 0 *
Ve
1e-07
36.491421 38.17831 0
0 0

0101101
*
Ed
 1e-07 1 1 0
1  31 0 0 1.772613
0

0101000
+886 0 -884 0 *
Ve
1e-07
35.191917 38.17831 0
0 0

0101101
*
Ed
 1e-07 1 1 0
1  32 0 0 1.29950400000001
0

0101000
+884 0 -882 0 *
Ve
1e-07
35.191917 37.489861 0
0 0

0101101
*
Ed
 1e-07 1 1 0
1  33 0 0 0.688449000000006
0

0101000
+882 0 -880 0 *
Ve
1e-07
34.915596 37.489861 0
0 0

0101101
*
Ed
 1e-07 1 1 0
1  34 0 0 0.276320999999996
0

0101000
+880 0 -878 0 *
Ve
1e-07
34.915596 38.17831 0
0 0

0101101
*
Ed
 1e-07 1 1 0
1  35 0 0 0.688449000000006
0

0101000
+878 0 -876 0 *
Ve
1e-07
32.385868 38.17831 0
0 0

0101101
*
Ed
 1e-07 1 1 0
1  36 0 0 2.529728
0

0101000
+876 0 -874 0 *
Ve
1e-07
32.385868 37.400391 0
0 0

0101101
*
Ed
 1e-07 1 1 0
1  37 0 0 0.777919000000004
0

0101000
+874 0 -872 0 *
Ve
1e-07
33.304356 37.400391 0
0 0

0101101
*
Ed
 1e-07 1 1 0
1  38 0 0 0.918487999999996
0

0101000
+872 0 -870 0 *
Ve
1e-07
33.304356 37.715485 0
0 0

0101101
*
Ed
 1e-07 1 1 0
1  39 0 0 0.315094000000002
0

0101000
+870 0 -868 0 *
Ve
1e-07
33.650734 37.715485 0
0 0

0101101
*
Ed
 1e-07 1 1 0
1  40 0 0 0.346378000000001
0

0101000
+868 0 -866 0 *
Ve
1e-07
33.650734 37.120304 0
0 0

0101101
*
Ed
 1e-07 1 1 0
1  41 0 0 0.595181000000004
0

0101000
+866 0 -864 0 *
Ve
1e-07
32.109547 37.120304 0
0 0

0101101
*
Ed
 1e-07 1 1 0
1  42 0 0 1.541187
0

0101000
+864 0 -862 0 *
Ve
1e-07
32.109547 38.17831 0
0 0

0101101
*
Ed
 1e-07 1 1 0
1  43 0 0 1.05800600000001
0

0101000
+862 0 -860 0 *
Ve
1e-07
31.004251 38.17831 0
0 0

0101101
*
Ed
 1e-07 1 1 0
1  44 0 0 1.105296
0

0101000
+860 0 -858 0 *
Ve
1e-07
31.004251 37.489861 0
0 0

0101101
*
Ed
 1e-07 1 1 0
1  45 0 0 0.688449000000006
0

0101000
+858 0 -856 0 *
Ve
1e-07
30.727928 37.489861 0
0 0

0101101
*
Ed
 1e-07 1 1 0
1  46 0 0 0.276323000000001
0

0101000
+856 0 -854 0 *
Ve
1e-07
30.727928 38.17831 0
0 0

0101101
*
Ed
 1e-07 1 1 0
1  47 0 0 0.688449000000006
0

0101000
+854 0 -852 0 *
Ve
1e-07
29.457087 38.17831 0
0 0

0101101
*
Ed
 1e-07 1 1 0
1  48 0 0 1.270841
0

0101000
+852 0 -850 0 *
Ve
1e-07
29.457087 36.405697 0
0 0

0101101
*
Ed
 1e-07 1 1 0
1  49 0 0 1.772613
0

0101000
+850 0 -848 0 *
Ve
1e-07
32.37656 36.405697 0
0 0

0101101
*
Ed
 1e-07 1 1 0
1  50 0 0 2.919473
0

0101000
+848 0 -846 0 *
Ve
1e-07
32.37656 32.92107 0
0 0

0101101
*
Ed
 1e-07 1 1 0
1  51 0 0 3.484627
0

0101000
+846 0 -844 0 *
Ve
1e-07
31.23218 32.92107 0
0 0

0101101
*
Ed
 1e-07 1 1 0
1  52 0 0 1.14438
0

0101000
+844 0 -842 0 *
Ve
1e-07
31.23218 33.487335 0
0 0

0101101
*
Ed
 1e-07 1 1 0
1  53 0 0 0.566265000000001
0

0101000
+842 0 -840 0 *
Ve
1e-07
32.073078 33.487335 0
0 0

0101101
*
Ed
 1e-07 1 1 0
1  54 0 0 0.840898000000003
0

0101000
+840 0 -838 0 *
Ve
1e-07
32.073078 34.191589 0
0 0

0101101
*
Ed
 1e-07 1 1 0
1  55 0 0 0.704253999999999
0

0101000
+838 0 -836 0 *
Ve
1e-07
31.453468 34.191589 0
0 0

0101101
*
Ed
 1e-07 1 1 0
1  56 0 0 0.619610000000002
0

0101000
+836 0 -834 0 *
Ve
1e-07
31.453468 34.400139 0
0 0

0101101
*
Ed
 1e-07 1 1 0
1  57 0 0 0.208550000000002
0

0101000
+834 0 -832 0 *
Ve
1e-07
32.073078 34.400139 0
0 0

0101101
*
Ed
 1e-07 1 1 0
1  58 0 0 0.619610000000002
0

0101000
+832 0 -830 0 *
Ve
1e-07
32.073078 35.202724 0
0 0

0101101
*
Ed
 1e-07 1 1 0
1  59 0 0 0.802585000000001
0

0101000
+830 0 -828 0 *
Ve
1e-07
31.453468 35.202724 0
0 0

0101101
*
Ed
 1e-07 1 1 0
1  60 0 0 0.619610000000002
0

0101000
+828 0 -826 0 *
Ve
1e-07
31.453468 35.38599 0
0 0

0101101
*
Ed
 1e-07 1 1 0
1  61 0 0 0.183265999999996
0

0101000
+826 0 -824 0 *
Ve
1e-07
32.073078 35.38599 0
0 0

0101101
*
Ed
 1e-07 1 1 0
1  62 0 0 0.619610000000002
0

0101000
+824 0 -822 0 *
Ve
1e-07
32.073078 36.131702 0
0 0

0101101
*
Ed
 1e-07 1 1 0
1  63 0 0 0.745711999999997
0

0101000
+822 0 -820 0 *
Ve
1e-07
29.457087 36.131702 0
0 0

0101101
*
Ed
 1e-07 1 1 0
1  64 0 0 2.615991
0

0101000
+820 0 -818 0 *
Ve
1e-07
29.457087 33.487335 0
0 0

0101101
*
Ed
 1e-07 1 1 0
1  65 0 0 2.644367
0

0101000
+818 0 -816 0 *
Ve
1e-07
30.502281 33.487335 0
0 0

0101101
*
Ed
 1e-07 1 1 0
1  66 0 0 1.045194
0

0101000
+816 0 -814 0 *
Ve
1e-07
30.502281 32.92107 0
0 0

0101101
*
Ed
 1e-07 1 1 0
1  67 0 0 0.566265000000001
0

0101000
+814 0 -812 0 *
Ve
1e-07
29.125172 32.92107 0
0 0

0101101
*
Ed
 1e-07 1 1 0
1  68 0 0 1.377109
0

0101000
+812 0 -810 0 *
Ve
1e-07
29.125172 33.98391 0
0 0

0101101
*
Ed
 1e-07 1 1 0
1  69 0 0 1.06284
0

0101000
+810 0 -808 0 *
Ve
1e-07
13.941692 33.98391 0
0 0

0101101
*
Ed
 1e-07 1 1 0
1  70 0 0 15.18348
0

0101000
+808 0 -806 0 *
Ve
1e-07
13.941692 32.93364 0
0 0

0101101
*
Ed
 1e-07 1 1 0
1  71 0 0 1.05027
0

0101000
+806 0 -804 0 *
Ve
1e-07
15.192839 32.93364 0
0 0

0101101
*
Ed
 1e-07 1 1 0
1  72 0 0 1.251147
0

0101000
+804 0 -802 0 *
Ve
1e-07
15.192839 31.580334 0
0 0

0101101
*
Ed
 1e-07 1 1 0
1  73 0 0 1.353306
0

0101000
+802 0 -800 0 *
Ve
1e-07
14.397943 31.580334 0
0 0

0101101
*
Ed
 1e-07 1 1 0
1  74 0 0 0.794896
0

0101000
+800 0 -798 0 *
Ve
1e-07
14.397943 31.824802 0
0 0

0101101
*
Ed
 1e-07 1 1 0
1  75 0 0 0.244467999999998
0

0101000
+798 0 -796 0 *
Ve
1e-07
14.860904 31.824802 0
0 0

0101101
*
Ed
 1e-07 1 1 0
1  76 0 0 0.462961
0

0101000
+796 0 -794 0 *
Ve
1e-07
14.860904 32.549477 0
0 0

0101101
*
Ed
 1e-07 1 1 0
1  77 0 0 0.724675000000005
0

0101000
+794 0 -792 0 *
Ve
1e-07
13.941692 32.549477 0
0 0

0101101
*
Ed
 1e-07 1 1 0
1  78 0 0 0.919212
0

0101000
+792 0 -790 0 *
Ve
1e-07
13.941692 28.093515 0
0 0

0101101
*
Ed
 1e-07 1 1 0
1  79 0 0 4.455962
0

0101000
+790 0 -788 0 *
Ve
1e-07
16.642639 28.093515 0
0 0

0101101
*
Ed
 1e-07 1 1 0
1  80 0 0 2.700947
0

0101000
+788 0 -786 0 *
Ve
1e-07
16.642639 27.045794 0
0 0

0101101
*
Ed
 1e-07 1 1 0
1  81 0 0 1.047721
0

0101000
+786 0 -784 0 *
Ve
1e-07
18.957443 27.045794 0
0 0

0101101
*
Ed
 1e-07 1 1 0
1  82 0 0 2.314804
0

0101000
+784 0 -782 0 *
Ve
1e-07
18.957443 28.006205 0
0 0

0101101
*
Ed
 1e-07 1 1 0
1  83 0 0 0.960411000000001
0

0101000
+782 0 -780 0 *
Ve
1e-07
19.429138 28.006205 0
0 0

0101101
*
Ed
 1e-07 1 1 0
1  84 0 0 0.471694999999997
0

0101000
+780 0 -778 0 *
Ve
1e-07
19.429138 27.045794 0
0 0

0101101
*
Ed
 1e-07 1 1 0
1  85 0 0 0.960411000000001
0

0101000
+778 0 -776 0 *
Ve
1e-07
21.735209 27.045794 0
0 0

0101101
*
Ed
 1e-07 1 1 0
1  86 0 0 2.306071
0

0101000
+776 0 -774 0 *
Ve
1e-07
21.735209 28.04113 0
0 0

0101101
*
Ed
 1e-07 1 1 0
1  87 0 0 0.995335999999998
0

0101000
+774 0 -772 0 *
Ve
1e-07
22.14576 28.04113 0
0 0

0101101
*
Ed
 1e-07 1 1 0
1  88 0 0 0.410550999999998
0

0101000
+772 0 -770 0 *
Ve
1e-07
22.14576 27.045794 0
0 0

0101101
*
Ed
 1e-07 1 1 0
1  89 0 0 0.995335999999998
0

0101000
+770 0 -768 0 *
Ve
1e-07
24.514172 27.045794 0
0 0

0101101
*
Ed
 1e-07 1 1 0
1  90 0 0 2.368412
0

0101000
+768 0 -766 0 *
Ve
1e-07
24.514172 29.729435 0
0 0

0101101
*
Ed
 1e-07 1 1 0
1  91 0 0 2.683641
0

0101000
+766 0 -764 0 *
Ve
1e-07
22.14576 29.729435 0
0 0

0101101
*
Ed
 1e-07 1 1 0
1  92 0 0 2.368412
0

0101000
+764 0 -762 0 *
Ve
1e-07
22.14576 28.770277 0
0 0

0101101
*
Ed
 1e-07 1 1 0
1  93 0 0 0.959157999999999
0

0101000
+762 0 -760 0 *
Ve
1e-07
21.735209 28.770277 0
0 0

0101101
*
Ed
 1e-07 1 1 0
1  94 0 0 0.410550999999998
0

0101000
+760 0 -758 0 *
Ve
1e-07
21.735209 29.729435 0
0 0

0101101
*
Ed
 1e-07 1 1 0
1  95 0 0 0.959157999999999
0

0101000
+758 0 -756 0 *
Ve
1e-07
19.429138 29.729435 0
0 0

0101101
*
Ed
 1e-07 1 1 0
1  96 0 0 2.306071
0

0101000
+756 0 -754 0 *
Ve
1e-07
19.429138 28.770277 0
0 0

0101101
*
Ed
 1e-07 1 1 0
1  97 0 0 0.959157999999999
0

0101000
+754 0 -752 0 *
Ve
1e-07
18.975468 28.770277 0
0 0

0101101
*
Ed
 1e-07 1 1 0
1  98 0 0 0.453669999999999
0

0101000
+752 0 -750 0 *
Ve
1e-07
18.975468 29.729435 0
0 0

0101101
*
Ed
 1e-07 1 1 0
1  99 0 0 0.959157999999999
0

0101000
+750 0 -748 0 *
Ve
1e-07
16.62608 29.729435 0
0 0

0101101
*
Ed
 1e-07 1 1 0
1  100 0 0 2.349388
0

0101000
+748 0 -746 0 *
Ve
1e-07
16.62608 28.770277 0
0 0

0101101
*
Ed
 1e-07 1 1 0
1  101 0 0 0.959157999999999
0

0101000
+746 0 -744 0 *
Ve
1e-07
16.184946 28.770277 0
0 0

0101101
*
Ed
 1e-07 1 1 0
1  102 0 0 0.441134000000002
0

0101000
+744 0 -742 0 *
Ve
1e-07
16.184946 31.550922 0
0 0

0101101
*
Ed
 1e-07 1 1 0
1  103 0 0 2.780645
0

0101000
+742 0 -740 0 *
Ve
1e-07
15.85956 31.550922 0
0 0

0101101
*
Ed
 1e-07 1 1 0
1  104 0 0 0.325386
0

0101000
+740 0 -738 0 *
Ve
1e-07
15.85956 32.93364 0
0 0

0101101
*
Ed
 1e-07 1 1 0
1  105 0 0 1.382718
0

0101000
+738 0 -736 0 *
Ve
1e-07
25.269863 32.93364 0
0 0

0101101
*
Ed
 1e-07 1 1 0
1  106 0 0 9.410303
0

0101000
+736 0 -734 0 *
Ve
1e-07
25.269863 31.489407 0
0 0

0101101
*
Ed
 1e-07 1 1 0
1  107 0 0 1.444233
0

0101000
+734 0 -732 0 *
Ve
1e-07
24.514172 31.489407 0
0 0

0101101
*
Ed
 1e-07 1 1 0
1  108 0 0 0.755691000000002
0

0101000
+732 0 -730 0 *
Ve
1e-07
24.514172 32.549477 0
0 0

0101101
*
Ed
 1e-07 1 1 0
1  109 0 0 1.06007
0

0101000
+730 0 -728 0 *
Ve
1e-07
22.14576 32.549477 0
0 0

0101101
*
Ed
 1e-07 1 1 0
1  110 0 0 2.368412
0

0101000
+728 0 -726 0 *
Ve
1e-07
22.14576 31.608133 0
0 0

0101101
*
Ed
 1e-07 1 1 0
1  111 0 0 0.941344000000004
0

0101000
+726 0 -724 0 *
Ve
1e-07
21.735209 31.608133 0
0 0

0101101
*
Ed
 1e-07 1 1 0
1  112 0 0 0.410550999999998
0

0101000
+724 0 -722 0 *
Ve
1e-07
21.735209 32.549477 0
0 0

0101101
*
Ed
 1e-07 1 1 0
1  113 0 0 0.941344000000004
0

0101000
+722 0 -720 0 *
Ve
1e-07
19.429138 32.549477 0
0 0

0101101
*
Ed
 1e-07 1 1 0
1  114 0 0 2.306071
0

0101000
+720 0 -718 0 *
Ve
1e-07
19.429138 31.608133 0
0 0

0101101
*
Ed
 1e-07 1 1 0
1  115 0 0 0.941344000000004
0

0101000
+718 0 -716 0 *
Ve
1e-07
18.975468 31.608133 0
0 0

0101101
*
Ed
 1e-07 1 1 0
1  116 0 0 0.453669999999999
0

0101000
+716 0 -714 0 *
Ve
1e-07
18.975468 32.549477 0
0 0

0101101
*
Ed
 1e-07 1 1 0
1  117 0 0 0.941344000000004
0

0101000
+714 0 -712 0 *
Ve
1e-07
16.62608 32.549477 0
0 0

0101101
*
Ed
 1e-07 1 1 0
1  118 0 0 2.349388
0

0101000
+712 0 -710 0 *
Ve
1e-07
16.62608 29.888361 0
0 0

0101101
*
Ed
 1e-07 1 1 0
1  119 0 0 2.661116
0

0101000
+710 0 -708 0 *
Ve
1e-07
18.975468 29.888361 0
0 0

0101101
*
Ed
 1e-07 1 1 0
1  120 0 0 2.349388
0

0101000
+708 0 -706 0 *
Ve
1e-07
18.975468 30.847519 0
0 0

0101101
*
Ed
 1e-07 1 1 0
1  121 0 0 0.959157999999999
0

0101000
+706 0 -704 0 *
Ve
1e-07
19.429138 30.847519 0
0 0

0101101
*
Ed
 1e-07 1 1 0
1  122 0 0 0.453669999999999
0

0101000
+704 0 -702 0 *
Ve
1e-07
19.429138 29.888361 0
0 0

0101101
*
Ed
 1e-07 1 1 0
1  123 0 0 0.959157999999999
0

0101000
+702 0 -700 0 *
Ve
1e-07
21.735209 29.888361 0
0 0

0101101
*
Ed
 1e-07 1 1 0
1  124 0 0 2.306071
0

0101000
+700 0 -698 0 *
Ve
1e-07
21.735209 30.847519 0
0 0

0101101
*
Ed
 1e-07 1 1 0
1  125 0 0 0.959157999999999
0

0101000
+698 0 -696 0 *
Ve
1e-07
22.14576 30.847519 0
0 0

0101101
*
Ed
 1e-07 1 1 0
1  126 0 0 0.410550999999998
0

0101000
+696 0 -694 0 *
Ve
1e-07
22.14576 29.888361 0
0 0

0101101
*
Ed
 1e-07 1 1 0
1  127 0 0 0.959157999999999
0

0101000
+694 0 -692 0 *
Ve
1e-07
24.514172 29.888361 0
0 0

0101101
*
Ed
 1e-07 1 1 0
1  128 0 0 2.368412
0

0101000
+692 0 -690 0 *
Ve
1e-07
24.514172 30.843313 0
0 0

0101101
*
Ed
 1e-07 1 1 0
1  129 0 0 0.954951999999999
0

0101000
+690 0 -688 0 *
Ve
1e-07
24.94219 30.843313 0
0 0

0101101
*
Ed
 1e-07 1 1 0
1  130 0 0 0.428018000000002
0

0101000
+688 0 -686 0 *
Ve
1e-07
24.94219 28.014465 0
0 0

0101101
*
Ed
 1e-07 1 1 0
1  131 0 0 2.828848
0

0101000
+686 0 -684 0 *
Ve
1e-07
27.335609 28.014465 0
0 0

0101101
*
Ed
 1e-07 1 1 0
1  132 0 0 2.393419
0

0101000
+684 0 -682 0 *
Ve
1e-07
27.335609 32.558205 0
0 0

0101101
*
Ed
 1e-07 1 1 0
1  133 0 0 4.54374
0

0101000
+682 0 -680 0 *
Ve
1e-07
26.383482 32.558205 0
0 0

0101101
*
Ed
 1e-07 1 1 0
1  134 0 0 0.952127000000001
0

0101000
+680 0 -678 0 *
Ve
1e-07
26.383482 31.786263 0
0 0

0101101
*
Ed
 1e-07 1 1 0
1  135 0 0 0.771941999999999
0

0101000
+678 0 -676 0 *
Ve
1e-07
26.750359 31.786263 0
0 0

0101101
*
Ed
 1e-07 1 1 0
1  136 0 0 0.366876999999999
0

0101000
+676 0 -674 0 *
Ve
1e-07
26.750359 31.489407 0
0 0

0101101
*
Ed
 1e-07 1 1 0
1  137 0 0 0.296856000000002
0

0101000
+674 0 -672 0 *
Ve
1e-07
26.025345 31.489407 0
0 0

0101101
*
Ed
 1e-07 1 1 0
1  138 0 0 0.725013999999998
0

0101000
+672 0 -670 0 *
Ve
1e-07
26.025345 32.93364 0
0 0

0101101
*
Ed
 1e-07 1 1 0
1  139 0 0 1.444233
0

0101000
+670 0 -668 0 *
Ve
1e-07
27.71122 32.93364 0
0 0

0101101
*
Ed
 1e-07 1 1 0
1  140 0 0 1.685875
0

0101000
+668 0 -666 0 *
Ve
1e-07
27.717743 26.625788 0
0 0

0101101
*
Ed
 1e-07 1 1 0
1  141 0 0 6.30785537274223
0

0101000
+666 0 -664 0 *
Ve
1e-07
13.409496 26.625788 0
0 0

0101101
*
Ed
 1e-07 1 1 0
1  142 0 0 14.308247
0

0101000
+664 0 -662 0 *
Ve
1e-07
13.350405 14.498225 0
0 0

0101101
*
Ed
 1e-07 1 1 0
1  143 0 0 12.1277069582527
0

0101000
+662 0 -660 0 *
Ve
1e-07
18.326836 14.498225 0
0 0

0101101
*
Ed
 1e-07 1 1 0
1  144 0 0 4.976431
0

0101000
+660 0 -658 0 *
Ve
1e-07
18.326836 13.660833 0
0 0

0101101
*
Ed
 1e-07 1 1 0
1  145 0 0 0.837391999999999
0

0101000
+658 0 -656 0 *
Ve
1e-07
13.820271 13.660833 0
0 0

0101101
*
Ed
 1e-07 1 1 0
1  146 0 0 4.506565
0

0101000
+656 0 -654 0 *
Ve
1e-07
13.820271 11.00524 0
0 0

0101101
*
Ed
 1e-07 1 1 0
1  147 0 0 2.655593
0

0101000
+654 0 -652 0 *
Ve
1e-07
16.817389 11.00524 0
0 0

0101101
*
Ed
 1e-07 1 1 0
1  148 0 0 2.997118
0

0101000
+652 0 -650 0 *
Ve
1e-07
16.817389 12.856457 0
0 0

0101101
*
Ed
 1e-07 1 1 0
1  149 0 0 1.851217
0

0101000
+650 0 -648 0 *
Ve
1e-07
18.326836 12.856457 0
0 0

0101101
*
Ed
 1e-07 1 1 0
1  150 0 0 1.509447
0

0101000
+648 0 -646 0 *
Ve
1e-07
18.326836 10.499552 0
0 0

0101101
*
Ed
 1e-07 1 1 0
1  151 0 0 2.356905
0

0101000
+646 0 -644 0 *
Ve
1e-07
23.123817 10.499552 0
0 0

0101101
*
Ed
 1e-07 1 1 0
1  152 0 0 4.796981
0

0101000
+644 0 -642 0 *
Ve
1e-07
23.123817 13.691566 0
0 0

0101101
*
Ed
 1e-07 1 1 0
1  153 0 0 3.192014
0

0101000
+642 0 -640 0 *
Ve
1e-07
27.621965 13.691566 0
0 0

0101101
*
Ed
 1e-07 1 1 0
1  154 0 0 4.498148
0

0101000
+640 0 -638 0 *
Ve
1e-07
27.621965 13.30925 0
0 0

0101101
*
Ed
 1e-07 1 1 0
1  155 0 0 0.382315999999999
0

0101000
+638 0 -636 0 *
Ve
1e-07
23.593031 13.30925 0
0 0

0101101
*
Ed
 1e-07 1 1 0
1  156 0 0 4.028934
0

0101000
+636 0 -634 0 *
Ve
1e-07
23.593031 10.835733 0
0 0

0101101
*
Ed
 1e-07 1 1 0
1  157 0 0 2.473517
0

0101000
+634 0 -632 0 *
Ve
1e-07
24.816994 10.835733 0
0 0

0101101
*
Ed
 1e-07 1 1 0
1  158 0 0 1.223963
0

0101000
+632 0 -630 0 *
Ve
1e-07
24.816994 11.783874 0
0 0

0101101
*
Ed
 1e-07 1 1 0
1  159 0 0 0.948141000000001
0

0101000
+630 0 -628 0 *
Ve
1e-07
25.847176 11.783874 0
0 0

0101101
*
Ed
 1e-07 1 1 0
1  160 0 0 1.030182
0

0101000
+628 0 -626 0 *
Ve
1e-07
25.847176 10.810246 0
0 0

0101101
*
Ed
 1e-07 1 1 0
1  161 0 0 0.973628000000001
0

0101000
+626 0 -624 0 *
Ve
1e-07
27.183355 10.810246 0
0 0

0101101
*
Ed
 1e-07 1 1 0
1  162 0 0 1.336179
0

0101000
+624 0 -622 0 *
Ve
1e-07
27.183355 12.614771 0
0 0

0101101
*
Ed
 1e-07 1 1 0
1  163 0 0 1.804525
0

0101000
+622 0 -620 0 *
Ve
1e-07
27.657648 12.614771 0
0 0

0101101
*
Ed
 1e-07 1 1 0
1  164 0 0 0.474292999999999
0

0101000
+620 0 -618 0 *
Ve
1e-07
27.657648 10.499552 0
0 0

0101101
*
Ed
 1e-07 1 1 0
1  165 0 0 2.115219
0

0101000
+618 0 -616 0 *
Ve
1e-07
32.932804 10.499552 0
0 0

0101101
*
Ed
 1e-07 1 1 0
1  166 0 0 5.275156
0

0101000
+616 0 -614 0 *
Ve
1e-07
32.932804 13.691566 0
0 0

0101101
*
Ed
 1e-07 1 1 0
1  167 0 0 3.192014
0

0101000
+614 0 -612 0 *
Ve
1e-07
39.456425 13.691566 0
0 0

0101101
*
Ed
 1e-07 1 1 0
1  168 0 0 6.52362100000001
0

0101000
+612 0 -610 0 *
Ve
1e-07
39.456425 13.131577 0
0 0

0101101
*
Ed
 1e-07 1 1 0
1  169 0 0 0.559989
0

0101000
+610 0 -608 0 *
Ve
1e-07
33.489399 13.131577 0
0 0

0101101
*
Ed
 1e-07 1 1 0
1  170 0 0 5.967026
0

0101000
+608 0 -606 0 *
Ve
1e-07
33.489399 10.956332 0
0 0

0101101
*
Ed
 1e-07 1 1 0
1  171 0 0 2.175245
0

0101000
+606 0 -604 0 *
Ve
1e-07
38.474197 10.956332 0
0 0

0101101
*
Ed
 1e-07 1 1 0
1  172 0 0 4.984798
0

0101000
+604 0 -602 0 *
Ve
1e-07
38.474197 12.483108 0
0 0

0101101
*
Ed
 1e-07 1 1 0
1  173 0 0 1.526776
0

0101000
+602 0 -600 0 *
Ve
1e-07
39.456425 12.483108 0
0 0

0101101
*
Ed
 1e-07 1 1 0
1  174 0 0 0.982228000000006
0

0101000
+600 0 -598 0 *
Ve
1e-07
39.456425 10.499552 0
0 0

0101101
*
Ed
 1e-07 1 1 0
1  175 0 0 1.983556
0

0101000
+598 0 -596 0 *
Ve
1e-07
44.720806 10.499552 0
0 0

0101101
*
Ed
 1e-07 1 1 0
1  176 0 0 5.264381
0

0101000
+596 0 -594 0 *
Ve
1e-07
44.720806 14.324603 0
0 0

0101101
*
Ed
 1e-07 1 1 0
1  177 0 0 3.825051
0

0101000
+594 0 -592 0 *
Ve
1e-07
49.189938 14.324603 0
0 0

0101101
*
Ed
 1e-07 1 1 0
1  178 0 0 4.46913199999999
0

0101000
+592 0 -590 0 *
Ve
1e-07
49.189938 13.691566 0
0 0

0101101
*
Ed
 1e-07 1 1 0
1  179 0 0 0.633037
0

0101000
+590 0 -588 0 *
Ve
1e-07
45.187363 13.691566 0
0 0

0101101
*
Ed
 1e-07 1 1 0
1  180 0 0 4.002575
0

0101000
+588 0 -586 0 *
Ve
1e-07
45.187363 10.886317 0
0 0

0101101
*
Ed
 1e-07 1 1 0
1  181 0 0 2.805249
0

0101000
+586 0 -584 0 *
Ve
1e-07
48.780674 10.886317 0
0 0

0101101
*
Ed
 1e-07 1 1 0
1  182 0 0 3.593311
0

0101000
+584 0 -582 0 *
Ve
1e-07
48.780674 11.817111 0
0 0

0101101
*
Ed
 1e-07 1 1 0
1  183 0 0 0.930794000000001
0

0101000
+582 0 -580 0 *
Ve
1e-07
47.970341 11.817111 0
0 0

0101101
*
Ed
 1e-07 1 1 0
1  184 0 0 0.810333
0

0101000
+580 0 -578 0 *
Ve
1e-07
47.970341 12.872011 0
0 0

0101101
*
Ed
 1e-07 1 1 0
1  185 0 0 1.0549
0

0101000
+578 0 -576 0 *
Ve
1e-07
49.189938 12.872011 0
0 0

0101101
*
Ed
 1e-07 1 1 0
1  186 0 0 1.219597
0

0101000
+576 0 -574 0 *
Ve
1e-07
49.189938 10.499552 0
0 0

0101101
*
Ed
 1e-07 1 1 0
1  187 0 0 2.372459
0

0101000
+574 0 -572 0 *
Ve
1e-07
54.332642 10.499552 0
0 0

0101101
*
Ed
 1e-07 1 1 0
1  188 0 0 5.142704
0

0101000
+572 0 -570 0 *
Ve
1e-07
54.332642 13.691566 0
0 0

0101101
*
Ed
 1e-07 1 1 0
1  189 0 0 3.192014
0

0101000
+570 0 -568 0 *
Ve
1e-07
54.775131 13.691566 0
0 0

0101101
*
Ed
 1e-07 1 1 0
1  190 0 0 0.442489000000002
0

0101000
+568 0 -566 0 *
Ve
1e-07
54.775131 10.880933 0
0 0

0101101
*
Ed
 1e-07 1 1 0
1  191 0 0 2.810633
0

0101000
+566 0 -564 0 *
Ve
1e-07
61.232197 10.880933 0
0 0

0101101
*
Ed
 1e-07 1 1 0
1  192 0 0 6.457066
0

0101000
+564 0 -562 0 *
Ve
1e-07
61.232197 13.145485 0
0 0

0101101
*
Ed
 1e-07 1 1 0
1  193 0 0 2.264552
0

0101000
+562 0 -560 0 *
Ve
1e-07
56.364815 13.145485 0
0 0

0101101
*
Ed
 1e-07 1 1 0
1  194 0 0 4.867382
0

0101000
+560 0 -558 0 *
Ve
1e-07
56.364815 11.623665 0
0 0

0101101
*
Ed
 1e-07 1 1 0
1  195 0 0 1.52182
0

0101000
+558 0 -556 0 *
Ve
1e-07
55.471642 11.623665 0
0 0

0101101
*
Ed
 1e-07 1 1 0
1  196 0 0 0.893172999999997
0

0101000
+556 0 -554 0 *
Ve
1e-07
55.471642 13.691566 0
0 0

0101101
*
Ed
 1e-07 1 1 0
1  197 0 0 2.067901
0

0101000
+554 0 -552 0 *
Ve
1e-07
61.805794 13.691566 0
0 0

0101101
*
Ed
 1e-07 1 1 0
1  198 0 0 6.334152
0

0101000
+552 0 -550 0 *
Ve
1e-07
61.805794 15.341217 0
0 0

0101101
*
Ed
 1e-07 1 1 0
1  199 0 0 1.649651
0

0101000
+550 0 -548 0 *
Ve
1e-07
59.926109 15.341217 0
0 0

0101101
*
Ed
 1e-07 1 1 0
1  200 0 0 1.879685
0

0101000
+548 0 -546 0 *
Ve
1e-07
59.926109 20.426075 0
0 0

0101101
*
Ed
 1e-07 1 1 0
1  201 0 0 5.084858
0

0101000
+546 0 -544 0 *
Ve
1e-07
58.182156 20.426075 0
0 0

0101101
*
Ed
 1e-07 1 1 0
1  202 0 0 1.743953
0

0101000
+544 0 -542 0 *
Ve
1e-07
58.182156 16.046976 0
0 0

0101101
*
Ed
 1e-07 1 1 0
1  203 0 0 4.379099
0

0101000
+542 0 -540 0 *
Ve
1e-07
59.126442 16.046976 0
0 0

0101101
*
Ed
 1e-07 1 1 0
1  204 0 0 0.944285999999998
0

0101000
+540 0 -538 0 *
Ve
1e-07
59.126442 15.341217 0
0 0

0101101
*
Ed
 1e-07 1 1 0
1  205 0 0 0.705759
0

0101000
+538 0 -536 0 *
Ve
1e-07
57.85038 15.341217 0
0 0

0101101
*
Ed
 1e-07 1 1 0
1  206 0 0 1.276062
0

0101000
+536 0 -534 0 *
Ve
1e-07
57.85038 20.791708 0
0 0

0101101
*
Ed
 1e-07 1 1 0
1  207 0 0 5.450491
0

0101000
+534 0 -532 0 *
Ve
1e-07
60.172817 20.791708 0
0 0

0101101
*
Ed
 1e-07 1 1 0
1  208 0 0 2.322437
0

0101000
+532 0 -530 0 *
Ve
1e-07
60.172817 18.002689 0
0 0

0101101
*
Ed
 1e-07 1 1 0
1  209 0 0 2.789019
0

0101000
+530 0 -528 0 *
Ve
1e-07
61.176655 18.002689 0
0 0

0101101
*
Ed
 1e-07 1 1 0
1  210 0 0 1.00383799999999
0

0101000
+528 0 -526 0 *
Ve
1e-07
61.176655 25.978189 0
0 0

0101101
*
Ed
 1e-07 1 1 0
1  211 0 0 7.9755
0

0101000
+526 0 -524 0 *
Ve
1e-07
60.90414 25.978189 0
0 0

0101101
*
Ed
 1e-07 1 1 0
1  212 0 0 0.272514999999999
0

0101000
+524 0 -522 0 *
Ve
1e-07
60.90414 26.872986 0
0 0

0101101
*
Ed
 1e-07 1 1 0
1  213 0 0 0.894797000000001
0

0101000
+522 0 -520 0 *
Ve
1e-07
61.50095 26.872986 0
0 0

0101101
*
Ed
 1e-07 1 1 0
1  214 0 0 0.596810000000005
0

0101000
+520 0 -518 0 *
Ve
1e-07
61.50095 29.071627 0
0 0

0101101
*
Ed
 1e-07 1 1 0
1  215 0 0 2.198641
0

0101000
+518 0 -516 0 *
Ve
1e-07
59.642315 29.071627 0
0 0

0101101
*
Ed
 1e-07 1 1 0
1  216 0 0 1.858635
0

0101000
+516 0 -514 0 *
Ve
1e-07
59.642315 26.872986 0
0 0

0101101
*
Ed
 1e-07 1 1 0
1  217 0 0 2.198641
0

0101000
+514 0 -512 0 *
Ve
1e-07
60.153866 26.872986 0
0 0

0101101
*
Ed
 1e-07 1 1 0
1  218 0 0 0.511550999999997
0

0101000
+512 0 -510 0 *
Ve
1e-07
60.153866 26.020798 0
0 0

0101101
*
Ed
 1e-07 1 1 0
1  219 0 0 0.852188000000002
0

0101000
+510 0 -508 0 *
Ve
1e-07
59.386536 26.020798 0
0 0

0101101
*
Ed
 1e-07 1 1 0
1  220 0 0 0.767330000000001
0

0101000
+508 0 -506 0 *
Ve
1e-07
59.386536 29.942562 0
0 0

0101101
*
Ed
 1e-07 1 1 0
1  221 0 0 3.921764
0

0101000
+506 0 -504 0 *
Ve
1e-07
61.168465 29.942562 0
0 0

0101101
*
Ed
 1e-07 1 1 0
1  222 0 0 1.781929
0

0101000
+504 0 -502 0 *
Ve
1e-07
61.168465 35.00584 0
0 0

0101101
*
Ed
 1e-07 1 1 0
1  223 0 0 5.063278
0

0101000
+502 0 -500 0 *
Ve
1e-07
72.615967 35.00584 0
0 0

0101101
*
Ed
 1e-07 1 1 0
1  224 0 0 11.447502
0

0101000
+500 0 -498 0 *
Ve
1e-07
72.615967 36.118656 0
0 0

0101101
*
Ed
 1e-07 1 1 0
1  225 0 0 1.112816
0

0101000
+498 0 -496 0 *
Ed
 1e-07 1 1 0
1  226 0 0 8.660629
0

0101000
+496 0 -945 0 *
Wi

0101100
+943 0 +941 0 +939 0 +937 0 +935 0 +933 0 +931 0 +929 0 +927 0 +925 0 
+923 0 +921 0 +919 0 +917 0 +915 0 +913 0 +911 0 +909 0 +907 0 +905 0 
+903 0 +901 0 +899 0 +897 0 +895 0 +893 0 +891 0 +889 0 +887 0 +885 0 
+883 0 +881 0 +879 0 +877 0 +875 0 +873 0 +871 0 +869 0 +867 0 +865 0 
+863 0 +861 0 +859 0 +857 0 +855 0 +853 0 +851 0 +849 0 +847 0 +845 0 
+843 0 +841 0 +839 0 +837 0 +835 0 +833 0 +831 0 +829 0 +827 0 +825 0 
+823 0 +821 0 +819 0 +817 0 +815 0 +813 0 +811 0 +809 0 +807 0 +805 0 
+803 0 +801 0 +799 0 +797 0 +795 0 +793 0 +791 0 +789 0 +787 0 +785 0 
+783 0 +781 0 +779 0 +777 0 +775 0 +773 0 +771 0 +769 0 +767 0 +765 0 
+763 0 +761 0 +759 0 +757 0 +755 0 +753 0 +751 0 +749 0 +747 0 +745 0 
+743 0 +741 0 +739 0 +737 0 +735 0 +733 0 +731 0 +729 0 +727 0 +725 0 
+723 0 +721 0 +719 0 +717 0 +715 0 +713 0 +711 0 +709 0 +707 0 +705 0 
+703 0 +701 0 +699 0 +697 0 +695 0 +693 0 +691 0 +689 0 +687 0 +685 0 
+683 0 +681 0 +679 0 +677 0 +675 0 +673 0 +671 0 +669 0 +667 0 +665 0 
+663 0 +661 0 +659 0 +657 0 +655 0 +653 0 +651 0 +649 0 +647 0 +645 0 
+643 0 +641 0 +639 0 +637 0 +635 0 +633 0 +631 0 +629 0 +627 0 +625 0 
+623 0 +621 0 +619 0 +617 0 +615 0 +613 0 +611 0 +609 0 +607 0 +605 0 
+603 0 +601 0 +599 0 +597 0 +595 0 +593 0 +591 0 +589 0 +587 0 +585 0 
+583 0 +581 0 +579 0 +577 0 +575 0 +573 0 +571 0 +569 0 +567 0 +565 0 
+563 0 +561 0 +559 0 +557 0 +555 0 +553 0 +551 0 +549 0 +547 0 +545 0 
+543 0 +541 0 +539 0 +537 0 +535 0 +533 0 +531 0 +529 0 +527 0 +525 0 
+523 0 +521 0 +519 0 +517 0 +515 0 +513 0 +511 0 +509 0 +507 0 +505 0 
+503 0 +501 0 +499 0 +497 0 +495 0 +494 0 *
Ve
1e-07
56.693096 22.731632 0
0 0

0101101
*
Ve
1e-07
56.693096 23.009523 0
0 0

0101101
*
Ed
 1e-07 1 1 0
1  227 0 0 0.277891
2  1 2 0 0 0.277891
2  2 3 0 0 0.277891
0

0101000
+492 0 -491 0 *
Ve
1e-07
58.078251 23.009523 0
0 0

0101101
*
Ed
 1e-07 1 1 0
1  228 0 0 1.385155
2  3 2 0 0 1.385155
2  4 3 0 0 1.385155
0

0101000
+491 0 -489 0 *
Ve
1e-07
58.078251 23.631271 0
0 0

0101101
*
Ed
 1e-07 1 1 0
1  229 0 0 0.621748
2  5 2 0 0 0.621748
2  6 3 0 0 0.621748
0

0101000
+489 0 -487 0 *
Ve
1e-07
58.376572 23.631271 0
0 0

0101101
*
Ed
 1e-07 1 1 0
1  230 0 0 0.298321000000001
2  7 2 0 0 0.298321000000001
2  8 3 0 0 0.298321000000001
0

0101000
+487 0 -485 0 *
Ve
1e-07
58.376572 22.731632 0
0 0

0101101
*
Ed
 1e-07 1 1 0
1  231 0 0 0.899639000000001
2  9 2 0 0 0.899639000000001
2  10 3 0 0 0.899639000000001
0

0101000
+485 0 -483 0 *
Ed
 1e-07 1 1 0
1  232 0 0 1.68347600000001
2  11 2 0 0 1.68347600000001
2  12 3 0 0 1.68347600000001
0

0101000
+483 0 -492 0 *
Wi

0101100
+490 0 +488 0 +486 0 +484 0 +482 0 +481 0 *
Ve
1e-07
38.352261 32.046741 0
0 0

0101101
*
Ve
1e-07
37.811062 32.046741 0
0 0

0101101
*
Ed
 1e-07 1 1 0
1  233 0 0 0.541198999999999
2  13 4 0 0 0.541198999999999
2  14 5 0 0 0.541198999999999
0

0101000
+479 0 -478 0 *
Ve
1e-07
37.811062 36.405811 0
0 0

0101101
*
Ed
 1e-07 1 1 0
1  234 0 0 4.35907
2  15 4 0 0 4.35907
2  16 5 0 0 4.35907
0

0101000
+478 0 -476 0 *
Ve
1e-07
40.15662 36.405811 0
0 0

0101101
*
Ed
 1e-07 1 1 0
1  235 0 0 2.345558
2  17 4 0 0 2.345558
2  18 5 0 0 2.345558
0

0101000
+476 0 -474 0 *
Ve
1e-07
40.15662 36.210213 0
0 0

0101101
*
Ed
 1e-07 1 1 0
1  236 0 0 0.195597999999997
2  19 4 0 0 0.195597999999997
2  20 5 0 0 0.195597999999997
0

0101000
+474 0 -472 0 *
Ve
1e-07
38.352261 36.210213 0
0 0

0101101
*
Ed
 1e-07 1 1 0
1  237 0 0 1.804359
2  21 4 0 0 1.804359
2  22 5 0 0 1.804359
0

0101000
+472 0 -470 0 *
Ed
 1e-07 1 1 0
1  238 0 0 4.16347200000001
2  23 4 0 0 4.16347200000001
2  24 5 0 0 4.16347200000001
0

0101000
+470 0 -479 0 *
Wi

0101100
+477 0 +475 0 +473 0 +471 0 +469 0 +468 0 *
Ve
1e-07
52.287964 32.273785 0
0 0

0101101
*
Ve
1e-07
53.03307 32.273785 0
0 0

0101101
*
Ed
 1e-07 1 1 0
1  239 0 0 0.745106
2  25 6 0 0 0.745106
2  26 7 0 0 0.745106
0

0101000
+466 0 -465 0 *
Ve
1e-07
53.03307 33.335785 0
0 0

0101101
*
Ed
 1e-07 1 1 0
1  240 0 0 1.062
2  27 6 0 0 1.062
2  28 7 0 0 1.062
0

0101000
+465 0 -463 0 *
Ve
1e-07
53.137314 33.335785 0
0 0

0101101
*
Ed
 1e-07 1 1 0
1  241 0 0 0.104244000000001
2  29 6 0 0 0.104244000000001
2  30 7 0 0 0.104244000000001
0

0101000
+463 0 -461 0 *
Ve
1e-07
53.137314 32.273785 0
0 0

0101101
*
Ed
 1e-07 1 1 0
1  242 0 0 1.062
2  31 6 0 0 1.062
2  32 7 0 0 1.062
0

0101000
+461 0 -459 0 *
Ve
1e-07
54.103973 32.273785 0
0 0

0101101
*
Ed
 1e-07 1 1 0
1  243 0 0 0.966659
2  33 6 0 0 0.966659
2  34 7 0 0 0.966659
0

0101000
+459 0 -457 0 *
Ve
1e-07
54.103973 33.443989 0
0 0

0101101
*
Ed
 1e-07 1 1 0
1  244 0 0 1.17020400000001
2  35 6 0 0 1.17020400000001
2  36 7 0 0 1.17020400000001
0

0101000
+457 0 -455 0 *
Ve
1e-07
53.733494 33.443989 0
0 0

0101101
*
Ed
 1e-07 1 1 0
1  245 0 0 0.370479000000003
2  37 6 0 0 0.370479000000003
2  38 7 0 0 0.370479000000003
0

0101000
+455 0 -453 0 *
Ve
1e-07
53.733494 36.405811 0
0 0

0101101
*
Ed
 1e-07 1 1 0
1  246 0 0 2.961822
2  39 6 0 0 2.961822
2  40 7 0 0 2.961822
0

0101000
+453 0 -451 0 *
Ve
1e-07
54.288376 36.405811 0
0 0

0101101
*
Ed
 1e-07 1 1 0
1  247 0 0 0.554881999999999
2  41 6 0 0 0.554881999999999
2  42 7 0 0 0.554881999999999
0

0101000
+451 0 -449 0 *
Ve
1e-07
54.288376 32.046741 0
0 0

0101101
*
Ed
 1e-07 1 1 0
1  248 0 0 4.35907
2  43 6 0 0 4.35907
2  44 7 0 0 4.35907
0

0101000
+449 0 -447 0 *
Ve
1e-07
52.083481 32.046741 0
0 0

0101101
*
Ed
 1e-07 1 1 0
1  249 0 0 2.204895
2  45 6 0 0 2.204895
2  46 7 0 0 2.204895
0

0101000
+447 0 -445 0 *
Ve
1e-07
52.083481 33.511192 0
0 0

0101101
*
Ed
 1e-07 1 1 0
1  250 0 0 1.464451
2  47 6 0 0 1.464451
2  48 7 0 0 1.464451
0

0101000
+445 0 -443 0 *
Ve
1e-07
52.512489 33.511192 0
0 0

0101101
*
Ed
 1e-07 1 1 0
1  251 0 0 0.429008000000003
2  49 6 0 0 0.429008000000003
2  50 7 0 0 0.429008000000003
0

0101000
+443 0 -441 0 *
Ve
1e-07
52.512489 33.443989 0
0 0

0101101
*
Ed
 1e-07 1 1 0
1  252 0 0 0.0672029999999992
2  51 6 0 0 0.0672029999999992
2  52 7 0 0 0.0672029999999992
0

0101000
+441 0 -439 0 *
Ve
1e-07
52.287964 33.443989 0
0 0

0101101
*
Ed
 1e-07 1 1 0
1  253 0 0 0.224525
2  53 6 0 0 0.224525
2  54 7 0 0 0.224525
0

0101000
+439 0 -437 0 *
Ed
 1e-07 1 1 0
1  254 0 0 1.17020400000001
2  55 6 0 0 1.17020400000001
2  56 7 0 0 1.17020400000001
0

0101000
+437 0 -466 0 *
Wi

0101100
+464 0 +462 0 +460 0 +458 0 +456 0 +454 0 +452 0 +450 0 +448 0 +446 0 
+444 0 +442 0 +440 0 +438 0 +436 0 +435 0 *
Ve
1e-07
43.271873 36.405811 0
0 0

0101101
*
Ve
1e-07
43.271873 36.210213 0
0 0

0101101
*
Ed
 1e-07 1 1 0
1  255 0 0 0.195597999999997
2  57 8 0 0 0.195597999999997
2  58 9 0 0 0.195597999999997
0

0101000
+433 0 -432 0 *
Ve
1e-07
41.619255 36.210213 0
0 0

0101101
*
Ed
 1e-07 1 1 0
1  256 0 0 1.652618
2  59 8 0 0 1.652618
2  60 9 0 0 1.652618
0

0101000
+432 0 -430 0 *
Ve
1e-07
41.619255 32.046741 0
0 0

0101101
*
Ed
 1e-07 1 1 0
1  257 0 0 4.16347200000001
2  61 8 0 0 4.16347200000001
2  62 9 0 0 4.16347200000001
0

0101000
+430 0 -428 0 *
Ve
1e-07
39.041885 32.046741 0
0 0

0101101
*
Ed
 1e-07 1 1 0
1  258 0 0 2.57737
2  63 8 0 0 2.57737
2  64 9 0 0 2.57737
0

0101000
+428 0 -426 0 *
Ve
1e-07
39.041885 33.511192 0
0 0

0101101
*
Ed
 1e-07 1 1 0
1  259 0 0 1.464451
2  65 8 0 0 1.464451
2  66 9 0 0 1.464451
0

0101000
+426 0 -424 0 *
Ve
1e-07
39.47089 33.511192 0
0 0

0101101
*
Ed
 1e-07 1 1 0
1  260 0 0 0.429004999999997
2  67 8 0 0 0.429004999999997
2  68 9 0 0 0.429004999999997
0

0101000
+424 0 -422 0 *
Ve
1e-07
39.47089 33.443989 0
0 0

0101101
*
Ed
 1e-07 1 1 0
1  261 0 0 0.0672029999999992
2  69 8 0 0 0.0672029999999992
2  70 9 0 0 0.0672029999999992
0

0101000
+422 0 -420 0 *
Ve
1e-07
39.246365 33.443989 0
0 0

0101101
*
Ed
 1e-07 1 1 0
1  262 0 0 0.224525
2  71 8 0 0 0.224525
2  72 9 0 0 0.224525
0

0101000
+420 0 -418 0 *
Ve
1e-07
39.246365 32.273785 0
0 0

0101101
*
Ed
 1e-07 1 1 0
1  263 0 0 1.17020400000001
2  73 8 0 0 1.17020400000001
2  74 9 0 0 1.17020400000001
0

0101000
+418 0 -416 0 *
Ve
1e-07
40.18457 32.273785 0
0 0

0101101
*
Ed
 1e-07 1 1 0
1  264 0 0 0.938205000000004
2  75 8 0 0 0.938205000000004
2  76 9 0 0 0.938205000000004
0

0101000
+416 0 -414 0 *
Ve
1e-07
40.18457 33.335785 0
0 0

0101101
*
Ed
 1e-07 1 1 0
1  265 0 0 1.062
2  77 8 0 0 1.062
2  78 9 0 0 1.062
0

0101000
+414 0 -412 0 *
Ve
1e-07
40.288815 33.335785 0
0 0

0101101
*
Ed
 1e-07 1 1 0
1  266 0 0 0.104244999999999
2  79 8 0 0 0.104244999999999
2  80 9 0 0 0.104244999999999
0

0101000
+412 0 -410 0 *
Ve
1e-07
40.288815 32.273785 0
0 0

0101101
*
Ed
 1e-07 1 1 0
1  267 0 0 1.062
2  81 8 0 0 1.062
2  82 9 0 0 1.062
0

0101000
+410 0 -408 0 *
Ve
1e-07
41.235039 32.273785 0
0 0

0101101
*
Ed
 1e-07 1 1 0
1  268 0 0 0.946224000000001
2  83 8 0 0 0.946224000000001
2  84 9 0 0 0.946224000000001
0

0101000
+408 0 -406 0 *
Ve
1e-07
41.235039 33.443989 0
0 0

0101101
*
Ed
 1e-07 1 1 0
1  269 0 0 1.17020400000001
2  85 8 0 0 1.17020400000001
2  86 9 0 0 1.17020400000001
0

0101000
+406 0 -404 0 *
Ve
1e-07
40.926315 33.443989 0
0 0

0101101
*
Ed
 1e-07 1 1 0
1  270 0 0 0.308723999999998
2  87 8 0 0 0.308723999999998
2  88 9 0 0 0.308723999999998
0

0101000
+404 0 -402 0 *
Ve
1e-07
40.926315 36.405811 0
0 0

0101101
*
Ed
 1e-07 1 1 0
1  271 0 0 2.961822
2  89 8 0 0 2.961822
2  90 9 0 0 2.961822
0

0101000
+402 0 -400 0 *
Ed
 1e-07 1 1 0
1  272 0 0 2.345558
2  91 8 0 0 2.345558
2  92 9 0 0 2.345558
0

0101000
+400 0 -433 0 *
Wi

0101100
+431 0 +429 0 +427 0 +425 0 +423 0 +421 0 +419 0 +417 0 +415 0 +413 0 
+411 0 +409 0 +407 0 +405 0 +403 0 +401 0 +399 0 +398 0 *
Ve
1e-07
49.904938 32.273785 0
0 0

0101101
*
Ve
1e-07
49.904938 33.335785 0
0 0

0101101
*
Ed
 1e-07 1 1 0
1  273 0 0 1.062
2  93 10 0 0 1.062
2  94 11 0 0 1.062
0

0101000
+396 0 -395 0 *
Ve
1e-07
50.009182 33.335785 0
0 0

0101101
*
Ed
 1e-07 1 1 0
1  274 0 0 0.104244000000001
2  95 10 0 0 0.104244000000001
2  96 11 0 0 0.104244000000001
0

0101000
+395 0 -393 0 *
Ve
1e-07
50.009182 32.273785 0
0 0

0101101
*
Ed
 1e-07 1 1 0
1  275 0 0 1.062
2  97 10 0 0 1.062
2  98 11 0 0 1.062
0

0101000
+393 0 -391 0 *
Ve
1e-07
50.955406 32.273785 0
0 0

0101101
*
Ed
 1e-07 1 1 0
1  276 0 0 0.946224000000001
2  99 10 0 0 0.946224000000001
2  100 11 0 0 0.946224000000001
0

0101000
+391 0 -389 0 *
Ve
1e-07
50.955406 33.443989 0
0 0

0101101
*
Ed
 1e-07 1 1 0
1  277 0 0 1.17020400000001
2  101 10 0 0 1.17020400000001
2  102 11 0 0 1.17020400000001
0

0101000
+389 0 -387 0 *
Ve
1e-07
50.646679 33.443989 0
0 0

0101101
*
Ed
 1e-07 1 1 0
1  278 0 0 0.308727000000005
2  103 10 0 0 0.308727000000005
2  104 11 0 0 0.308727000000005
0

0101000
+387 0 -385 0 *
Ve
1e-07
50.646679 36.405811 0
0 0

0101101
*
Ed
 1e-07 1 1 0
1  279 0 0 2.961822
2  105 10 0 0 2.961822
2  106 11 0 0 2.961822
0

0101000
+385 0 -383 0 *
Ve
1e-07
52.992237 36.405811 0
0 0

0101101
*
Ed
 1e-07 1 1 0
1  280 0 0 2.345558
2  107 10 0 0 2.345558
2  108 11 0 0 2.345558
0

0101000
+383 0 -381 0 *
Ve
1e-07
52.992237 36.210213 0
0 0

0101101
*
Ed
 1e-07 1 1 0
1  281 0 0 0.195597999999997
2  109 10 0 0 0.195597999999997
2  110 11 0 0 0.195597999999997
0

0101000
+381 0 -379 0 *
Ve
1e-07
51.339619 36.210213 0
0 0

0101101
*
Ed
 1e-07 1 1 0
1  282 0 0 1.652618
2  111 10 0 0 1.652618
2  112 11 0 0 1.652618
0

0101000
+379 0 -377 0 *
Ve
1e-07
51.339619 32.046741 0
0 0

0101101
*
Ed
 1e-07 1 1 0
1  283 0 0 4.16347200000001
2  113 10 0 0 4.16347200000001
2  114 11 0 0 4.16347200000001
0

0101000
+377 0 -375 0 *
Ve
1e-07
48.762249 32.046741 0
0 0

0101101
*
Ed
 1e-07 1 1 0
1  284 0 0 2.57737
2  115 10 0 0 2.57737
2  116 11 0 0 2.57737
0

0101000
+375 0 -373 0 *
Ve
1e-07
48.762249 33.511192 0
0 0

0101101
*
Ed
 1e-07 1 1 0
1  285 0 0 1.464451
2  117 10 0 0 1.464451
2  118 11 0 0 1.464451
0

0101000
+373 0 -371 0 *
Ve
1e-07
49.191257 33.511192 0
0 0

0101101
*
Ed
 1e-07 1 1 0
1  286 0 0 0.429008000000003
2  119 10 0 0 0.429008000000003
2  120 11 0 0 0.429008000000003
0

0101000
+371 0 -369 0 *
Ve
1e-07
49.191257 33.443989 0
0 0

0101101
*
Ed
 1e-07 1 1 0
1  287 0 0 0.0672029999999992
2  121 10 0 0 0.0672029999999992
2  122 11 0 0 0.0672029999999992
0

0101000
+369 0 -367 0 *
Ve
1e-07
48.966732 33.443989 0
0 0

0101101
*
Ed
 1e-07 1 1 0
1  288 0 0 0.224525
2  123 10 0 0 0.224525
2  124 11 0 0 0.224525
0

0101000
+367 0 -365 0 *
Ve
1e-07
48.966732 32.273785 0
0 0

0101101
*
Ed
 1e-07 1 1 0
1  289 0 0 1.17020400000001
2  125 10 0 0 1.17020400000001
2  126 11 0 0 1.17020400000001
0

0101000
+365 0 -363 0 *
Ed
 1e-07 1 1 0
1  290 0 0 0.938206000000001
2  127 10 0 0 0.938206000000001
2  128 11 0 0 0.938206000000001
0

0101000
+363 0 -396 0 *
Wi

0101100
+394 0 +392 0 +390 0 +388 0 +386 0 +384 0 +382 0 +380 0 +378 0 +376 0 
+374 0 +372 0 +370 0 +368 0 +366 0 +364 0 +362 0 +361 0 *
Ve
1e-07
46.458256 36.405811 0
0 0

0101101
*
Ve
1e-07
46.458256 36.210213 0
0 0

0101101
*
Ed
 1e-07 1 1 0
1  291 0 0 0.195597999999997
2  129 12 0 0 0.195597999999997
2  130 13 0 0 0.195597999999997
0

0101000
+359 0 -358 0 *
Ve
1e-07
44.805637 36.210213 0
0 0

0101101
*
Ed
 1e-07 1 1 0
1  292 0 0 1.652619
2  131 12 0 0 1.652619
2  132 13 0 0 1.652619
0

0101000
+358 0 -356 0 *
Ve
1e-07
44.805637 32.046741 0
0 0

0101101
*
Ed
 1e-07 1 1 0
1  293 0 0 4.16347200000001
2  133 12 0 0 4.16347200000001
2  134 13 0 0 4.16347200000001
0

0101000
+356 0 -354 0 *
Ve
1e-07
42.228268 32.046741 0
0 0

0101101
*
Ed
 1e-07 1 1 0
1  294 0 0 2.577369
2  135 12 0 0 2.577369
2  136 13 0 0 2.577369
0

0101000
+354 0 -352 0 *
Ve
1e-07
42.228268 33.511192 0
0 0

0101101
*
Ed
 1e-07 1 1 0
1  295 0 0 1.464451
2  137 12 0 0 1.464451
2  138 13 0 0 1.464451
0

0101000
+352 0 -350 0 *
Ve
1e-07
42.657276 33.511192 0
0 0

0101101
*
Ed
 1e-07 1 1 0
1  296 0 0 0.429008000000003
2  139 12 0 0 0.429008000000003
2  140 13 0 0 0.429008000000003
0

0101000
+350 0 -348 0 *
Ve
1e-07
42.657276 33.443989 0
0 0

0101101
*
Ed
 1e-07 1 1 0
1  297 0 0 0.0672029999999992
2  141 12 0 0 0.0672029999999992
2  142 13 0 0 0.0672029999999992
0

0101000
+348 0 -346 0 *
Ve
1e-07
42.432747 33.443989 0
0 0

0101101
*
Ed
 1e-07 1 1 0
1  298 0 0 0.224529000000004
2  143 12 0 0 0.224529000000004
2  144 13 0 0 0.224529000000004
0

0101000
+346 0 -344 0 *
Ve
1e-07
42.432747 32.273785 0
0 0

0101101
*
Ed
 1e-07 1 1 0
1  299 0 0 1.17020400000001
2  145 12 0 0 1.17020400000001
2  146 13 0 0 1.17020400000001
0

0101000
+344 0 -342 0 *
Ve
1e-07
43.370953 32.273785 0
0 0

0101101
*
Ed
 1e-07 1 1 0
1  300 0 0 0.938206000000001
2  147 12 0 0 0.938206000000001
2  148 13 0 0 0.938206000000001
0

0101000
+342 0 -340 0 *
Ve
1e-07
43.370953 33.335785 0
0 0

0101101
*
Ed
 1e-07 1 1 0
1  301 0 0 1.062
2  149 12 0 0 1.062
2  150 13 0 0 1.062
0

0101000
+340 0 -338 0 *
Ve
1e-07
43.475201 33.335785 0
0 0

0101101
*
Ed
 1e-07 1 1 0
1  302 0 0 0.104247999999998
2  151 12 0 0 0.104247999999998
2  152 13 0 0 0.104247999999998
0

0101000
+338 0 -336 0 *
Ve
1e-07
43.475201 32.273785 0
0 0

0101101
*
Ed
 1e-07 1 1 0
1  303 0 0 1.062
2  153 12 0 0 1.062
2  154 13 0 0 1.062
0

0101000
+336 0 -334 0 *
Ve
1e-07
44.421425 32.273785 0
0 0

0101101
*
Ed
 1e-07 1 1 0
1  304 0 0 0.946224000000001
2  155 12 0 0 0.946224000000001
2  156 13 0 0 0.946224000000001
0

0101000
+334 0 -332 0 *
Ve
1e-07
44.421425 33.443989 0
0 0

0101101
*
Ed
 1e-07 1 1 0
1  305 0 0 1.17020400000001
2  157 12 0 0 1.17020400000001
2  158 13 0 0 1.17020400000001
0

0101000
+332 0 -330 0 *
Ve
1e-07
44.112698 33.443989 0
0 0

0101101
*
Ed
 1e-07 1 1 0
1  306 0 0 0.308726999999998
2  159 12 0 0 0.308726999999998
2  160 13 0 0 0.308726999999998
0

0101000
+330 0 -328 0 *
Ve
1e-07
44.112698 36.405811 0
0 0

0101101
*
Ed
 1e-07 1 1 0
1  307 0 0 2.961822
2  161 12 0 0 2.961822
2  162 13 0 0 2.961822
0

0101000
+328 0 -326 0 *
Ed
 1e-07 1 1 0
1  308 0 0 2.345558
2  163 12 0 0 2.345558
2  164 13 0 0 2.345558
0

0101000
+326 0 -359 0 *
Wi

0101100
+357 0 +355 0 +353 0 +351 0 +349 0 +347 0 +345 0 +343 0 +341 0 +339 0 
+337 0 +335 0 +333 0 +331 0 +329 0 +327 0 +325 0 +324 0 *
Ve
1e-07
49.725246 36.405811 0
0 0

0101101
*
Ve
1e-07
49.725246 36.210213 0
0 0

0101101
*
Ed
 1e-07 1 1 0
1  309 0 0 0.195597999999997
2  165 14 0 0 0.195597999999997
2  166 15 0 0 0.195597999999997
0

0101000
+322 0 -321 0 *
Ve
1e-07
48.072628 36.210213 0
0 0

0101101
*
Ed
 1e-07 1 1 0
1  310 0 0 1.652618
2  167 14 0 0 1.652618
2  168 15 0 0 1.652618
0

0101000
+321 0 -319 0 *
Ve
1e-07
48.072628 32.046741 0
0 0

0101101
*
Ed
 1e-07 1 1 0
1  311 0 0 4.16347200000001
2  169 14 0 0 4.16347200000001
2  170 15 0 0 4.16347200000001
0

0101000
+319 0 -317 0 *
Ve
1e-07
45.495258 32.046741 0
0 0

0101101
*
Ed
 1e-07 1 1 0
1  312 0 0 2.57737
2  171 14 0 0 2.57737
2  172 15 0 0 2.57737
0

0101000
+317 0 -315 0 *
Ve
1e-07
45.495258 33.511192 0
0 0

0101101
*
Ed
 1e-07 1 1 0
1  313 0 0 1.464451
2  173 14 0 0 1.464451
2  174 15 0 0 1.464451
0

0101000
+315 0 -313 0 *
Ve
1e-07
45.924267 33.511192 0
0 0

0101101
*
Ed
 1e-07 1 1 0
1  314 0 0 0.429009000000001
2  175 14 0 0 0.429009000000001
2  176 15 0 0 0.429009000000001
0

0101000
+313 0 -311 0 *
Ve
1e-07
45.924267 33.443989 0
0 0

0101101
*
Ed
 1e-07 1 1 0
1  315 0 0 0.0672029999999992
2  177 14 0 0 0.0672029999999992
2  178 15 0 0 0.0672029999999992
0

0101000
+311 0 -309 0 *
Ve
1e-07
45.699738 33.443989 0
0 0

0101101
*
Ed
 1e-07 1 1 0
1  316 0 0 0.224528999999997
2  179 14 0 0 0.224528999999997
2  180 15 0 0 0.224528999999997
0

0101000
+309 0 -307 0 *
Ve
1e-07
45.699738 32.273785 0
0 0

0101101
*
Ed
 1e-07 1 1 0
1  317 0 0 1.17020400000001
2  181 14 0 0 1.17020400000001
2  182 15 0 0 1.17020400000001
0

0101000
+307 0 -305 0 *
Ve
1e-07
46.637947 32.273785 0
0 0

0101101
*
Ed
 1e-07 1 1 0
1  318 0 0 0.938208999999993
2  183 14 0 0 0.938208999999993
2  184 15 0 0 0.938208999999993
0

0101000
+305 0 -303 0 *
Ve
1e-07
46.637947 33.335785 0
0 0

0101101
*
Ed
 1e-07 1 1 0
1  319 0 0 1.062
2  185 14 0 0 1.062
2  186 15 0 0 1.062
0

0101000
+303 0 -301 0 *
Ve
1e-07
46.742191 33.335785 0
0 0

0101101
*
Ed
 1e-07 1 1 0
1  320 0 0 0.104244000000001
2  187 14 0 0 0.104244000000001
2  188 15 0 0 0.104244000000001
0

0101000
+301 0 -299 0 *
Ve
1e-07
46.742191 32.273785 0
0 0

0101101
*
Ed
 1e-07 1 1 0
1  321 0 0 1.062
2  189 14 0 0 1.062
2  190 15 0 0 1.062
0

0101000
+299 0 -297 0 *
Ve
1e-07
47.688416 32.273785 0
0 0

0101101
*
Ed
 1e-07 1 1 0
1  322 0 0 0.946224999999998
2  191 14 0 0 0.946224999999998
2  192 15 0 0 0.946224999999998
0

0101000
+297 0 -295 0 *
Ve
1e-07
47.688416 33.443989 0
0 0

0101101
*
Ed
 1e-07 1 1 0
1  323 0 0 1.17020400000001
2  193 14 0 0 1.17020400000001
2  194 15 0 0 1.17020400000001
0

0101000
+295 0 -293 0 *
Ve
1e-07
47.379688 33.443989 0
0 0

0101101
*
Ed
 1e-07 1 1 0
1  324 0 0 0.308727999999995
2  195 14 0 0 0.308727999999995
2  196 15 0 0 0.308727999999995
0

0101000
+293 0 -291 0 *
Ve
1e-07
47.379688 36.405811 0
0 0

0101101
*
Ed
 1e-07 1 1 0
1  325 0 0 2.961822
2  197 14 0 0 2.961822
2  198 15 0 0 2.961822
0

0101000
+291 0 -289 0 *
Ed
 1e-07 1 1 0
1  326 0 0 2.345558
2  199 14 0 0 2.345558
2  200 15 0 0 2.345558
0

0101000
+289 0 -322 0 *
Wi

0101100
+320 0 +318 0 +316 0 +314 0 +312 0 +310 0 +308 0 +306 0 +304 0 +302 0 
+300 0 +298 0 +296 0 +294 0 +292 0 +290 0 +288 0 +287 0 *
Ve
1e-07
43.520897 27.799553 0
0 0

0101101
*
Ve
1e-07
43.520897 22.822996 0
0 0

0101101
*
Ed
 1e-07 1 1 0
1  327 0 0 4.976557
2  201 16 0 0 4.976557
2  202 17 0 0 4.976557
0

0101000
+285 0 -284 0 *
Ve
1e-07
41.040844 22.822996 0
0 0

0101101
*
Ed
 1e-07 1 1 0
1  328 0 0 2.480053
2  203 16 0 0 2.480053
2  204 17 0 0 2.480053
0

0101000
+284 0 -282 0 *
Ve
1e-07
41.040844 26.749912 0
0 0

0101101
*
Ed
 1e-07 1 1 0
1  329 0 0 3.926916
2  205 16 0 0 3.926916
2  206 17 0 0 3.926916
0

0101000
+282 0 -280 0 *
Ve
1e-07
41.93523 26.749912 0
0 0

0101101
*
Ed
 1e-07 1 1 0
1  330 0 0 0.894385999999997
2  207 16 0 0 0.894385999999997
2  208 17 0 0 0.894385999999997
0

0101000
+280 0 -278 0 *
Ve
1e-07
41.93523 24.781368 0
0 0

0101101
*
Ed
 1e-07 1 1 0
1  331 0 0 1.968544
2  209 16 0 0 1.968544
2  210 17 0 0 1.968544
0

0101000
+278 0 -276 0 *
Ve
1e-07
41.39436 24.781368 0
0 0

0101101
*
Ed
 1e-07 1 1 0
1  332 0 0 0.540869999999998
2  211 16 0 0 0.540869999999998
2  212 17 0 0 0.540869999999998
0

0101000
+276 0 -274 0 *
Ve
1e-07
41.39436 23.324057 0
0 0

0101101
*
Ed
 1e-07 1 1 0
1  333 0 0 1.457311
2  213 16 0 0 1.457311
2  214 17 0 0 1.457311
0

0101000
+274 0 -272 0 *
Ve
1e-07
42.617195 23.324057 0
0 0

0101101
*
Ed
 1e-07 1 1 0
1  334 0 0 1.222835
2  215 16 0 0 1.222835
2  216 17 0 0 1.222835
0

0101000
+272 0 -270 0 *
Ve
1e-07
42.617195 27.437433 0
0 0

0101101
*
Ed
 1e-07 1 1 0
1  335 0 0 4.113376
2  217 16 0 0 4.113376
2  218 17 0 0 4.113376
0

0101000
+270 0 -268 0 *
Ve
1e-07
41.040844 27.437433 0
0 0

0101101
*
Ed
 1e-07 1 1 0
1  336 0 0 1.576351
2  219 16 0 0 1.576351
2  220 17 0 0 1.576351
0

0101000
+268 0 -266 0 *
Ve
1e-07
41.040844 27.799553 0
0 0

0101101
*
Ed
 1e-07 1 1 0
1  337 0 0 0.362120000000001
2  221 16 0 0 0.362120000000001
2  222 17 0 0 0.362120000000001
0

0101000
+266 0 -264 0 *
Ed
 1e-07 1 1 0
1  338 0 0 2.480053
2  223 16 0 0 2.480053
2  224 17 0 0 2.480053
0

0101000
+264 0 -285 0 *
Wi

0101100
+283 0 +281 0 +279 0 +277 0 +275 0 +273 0 +271 0 +269 0 +267 0 +265 0 
+263 0 +262 0 *
Ve
1e-07
58.376572 37.021675 0
0 0

0101101
*
Ve
1e-07
60.157448 37.021675 0
0 0

0101101
*
Ed
 1e-07 1 1 0
1  339 0 0 1.780876
2  225 18 0 0 1.780876
2  226 19 0 0 1.780876
0

0101000
+260 0 -259 0 *
Ve
1e-07
60.157448 34.401634 0
0 0

0101101
*
Ed
 1e-07 1 1 0
1  340 0 0 2.620041
2  227 18 0 0 2.620041
2  228 19 0 0 2.620041
0

0101000
+259 0 -257 0 *
Ve
1e-07
54.846188 34.401634 0
0 0

0101101
*
Ed
 1e-07 1 1 0
1  341 0 0 5.31126
2  229 18 0 0 5.31126
2  230 19 0 0 5.31126
0

0101000
+257 0 -255 0 *
Ve
1e-07
54.846188 37.021675 0
0 0

0101101
*
Ed
 1e-07 1 1 0
1  342 0 0 2.620041
2  231 18 0 0 2.620041
2  232 19 0 0 2.620041
0

0101000
+255 0 -253 0 *
Ve
1e-07
57.387585 37.021675 0
0 0

0101101
*
Ed
 1e-07 1 1 0
1  343 0 0 2.541397
2  233 18 0 0 2.541397
2  234 19 0 0 2.541397
0

0101000
+253 0 -251 0 *
Ve
1e-07
57.387585 36.578354 0
0 0

0101101
*
Ed
 1e-07 1 1 0
1  344 0 0 0.443321000000005
2  235 18 0 0 0.443321000000005
2  236 19 0 0 0.443321000000005
0

0101000
+251 0 -249 0 *
Ve
1e-07
55.154537 36.578354 0
0 0

0101101
*
Ed
 1e-07 1 1 0
1  345 0 0 2.233048
2  237 18 0 0 2.233048
2  238 19 0 0 2.233048
0

0101000
+249 0 -247 0 *
Ve
1e-07
55.154537 34.680763 0
0 0

0101101
*
Ed
 1e-07 1 1 0
1  346 0 0 1.897591
2  239 18 0 0 1.897591
2  240 19 0 0 1.897591
0

0101000
+247 0 -245 0 *
Ve
1e-07
59.307846 34.680763 0
0 0

0101101
*
Ed
 1e-07 1 1 0
1  347 0 0 4.153309
2  241 18 0 0 4.153309
2  242 19 0 0 4.153309
0

0101000
+245 0 -243 0 *
Ve
1e-07
59.307846 36.578354 0
0 0

0101101
*
Ed
 1e-07 1 1 0
1  348 0 0 1.897591
2  243 18 0 0 1.897591
2  244 19 0 0 1.897591
0

0101000
+243 0 -241 0 *
Ve
1e-07
58.376572 36.578354 0
0 0

0101101
*
Ed
 1e-07 1 1 0
1  349 0 0 0.931273999999995
2  245 18 0 0 0.931273999999995
2  246 19 0 0 0.931273999999995
0

0101000
+241 0 -239 0 *
Ed
 1e-07 1 1 0
1  350 0 0 0.443321000000005
2  247 18 0 0 0.443321000000005
2  248 19 0 0 0.443321000000005
0

0101000
+239 0 -260 0 *
Wi

0101100
+258 0 +256 0 +254 0 +252 0 +250 0 +248 0 +246 0 +244 0 +242 0 +240 0 
+238 0 +237 0 *
Ve
1e-07
44.749496 19.343599 0
0 0

0101101
*
Ve
1e-07
44.749496 16.830397 0
0 0

0101101
*
Ed
 1e-07 1 1 0
1  351 0 0 2.513202
2  249 20 0 0 2.513202
2  250 21 0 0 2.513202
0

0101000
+235 0 -234 0 *
Ve
1e-07
42.48597 16.830397 0
0 0

0101101
*
Ed
 1e-07 1 1 0
1  352 0 0 2.263526
2  251 20 0 0 2.263526
2  252 21 0 0 2.263526
0

0101000
+234 0 -232 0 *
Ve
1e-07
42.48597 17.296885 0
0 0

0101101
*
Ed
 1e-07 1 1 0
1  353 0 0 0.466487999999998
2  253 20 0 0 0.466487999999998
2  254 21 0 0 0.466487999999998
0

0101000
+232 0 -230 0 *
Ve
1e-07
44.387798 17.296885 0
0 0

0101101
*
Ed
 1e-07 1 1 0
1  354 0 0 1.90182799999999
2  255 20 0 0 1.90182799999999
2  256 21 0 0 1.90182799999999
0

0101000
+230 0 -228 0 *
Ve
1e-07
44.387798 18.632206 0
0 0

0101101
*
Ed
 1e-07 1 1 0
1  355 0 0 1.335321
2  257 20 0 0 1.335321
2  258 21 0 0 1.335321
0

0101000
+228 0 -226 0 *
Ve
1e-07
42.614315 18.632206 0
0 0

0101101
*
Ed
 1e-07 1 1 0
1  356 0 0 1.773483
2  259 20 0 0 1.773483
2  260 21 0 0 1.773483
0

0101000
+226 0 -224 0 *
Ve
1e-07
42.614315 17.949968 0
0 0

0101101
*
Ed
 1e-07 1 1 0
1  357 0 0 0.682238000000002
2  261 20 0 0 0.682238000000002
2  262 21 0 0 0.682238000000002
0

0101000
+224 0 -222 0 *
Ve
1e-07
41.546722 17.949968 0
0 0

0101101
*
Ed
 1e-07 1 1 0
1  358 0 0 1.067593
2  263 20 0 0 1.067593
2  264 21 0 0 1.067593
0

0101000
+222 0 -220 0 *
Ve
1e-07
41.546722 18.632206 0
0 0

0101101
*
Ed
 1e-07 1 1 0
1  359 0 0 0.682238000000002
2  265 20 0 0 0.682238000000002
2  266 21 0 0 0.682238000000002
0

0101000
+220 0 -218 0 *
Ve
1e-07
39.790741 18.632206 0
0 0

0101101
*
Ed
 1e-07 1 1 0
1  360 0 0 1.75598100000001
2  267 20 0 0 1.75598100000001
2  268 21 0 0 1.75598100000001
0

0101000
+218 0 -216 0 *
Ve
1e-07
39.790741 17.296885 0
0 0

0101101
*
Ed
 1e-07 1 1 0
1  361 0 0 1.335321
2  269 20 0 0 1.335321
2  270 21 0 0 1.335321
0

0101000
+216 0 -214 0 *
Ve
1e-07
41.727573 17.296885 0
0 0

0101101
*
Ed
 1e-07 1 1 0
1  362 0 0 1.936832
2  271 20 0 0 1.936832
2  272 21 0 0 1.936832
0

0101000
+214 0 -212 0 *
Ve
1e-07
41.727573 16.830397 0
0 0

0101101
*
Ed
 1e-07 1 1 0
1  363 0 0 0.466487999999998
2  273 20 0 0 0.466487999999998
2  274 21 0 0 0.466487999999998
0

0101000
+212 0 -210 0 *
Ve
1e-07
39.475712 16.830397 0
0 0

0101101
*
Ed
 1e-07 1 1 0
1  364 0 0 2.251861
2  275 20 0 0 2.251861
2  276 21 0 0 2.251861
0

0101000
+210 0 -208 0 *
Ve
1e-07
39.475712 19.343599 0
0 0

0101101
*
Ed
 1e-07 1 1 0
1  365 0 0 2.513202
2  277 20 0 0 2.513202
2  278 21 0 0 2.513202
0

0101000
+208 0 -206 0 *
Ed
 1e-07 1 1 0
1  366 0 0 5.273784
2  279 20 0 0 5.273784
2  280 21 0 0 5.273784
0

0101000
+206 0 -235 0 *
Wi

0101100
+233 0 +231 0 +229 0 +227 0 +225 0 +223 0 +221 0 +219 0 +217 0 +215 0 
+213 0 +211 0 +209 0 +207 0 +205 0 +204 0 *
Ve
1e-07
45.50935 24.97126 0
0 0

0101101
*
Ve
1e-07
45.50935 27.483185 0
0 0

0101101
*
Ed
 1e-07 1 1 0
1  367 0 0 2.511925
2  281 22 0 0 2.511925
2  282 23 0 0 2.511925
0

0101000
+202 0 -201 0 *
Ve
1e-07
47.304428 27.483185 0
0 0

0101101
*
Ed
 1e-07 1 1 0
1  368 0 0 1.795078
2  283 22 0 0 1.795078
2  284 23 0 0 1.795078
0

0101000
+201 0 -199 0 *
Ve
1e-07
47.304428 27.118456 0
0 0

0101101
*
Ed
 1e-07 1 1 0
1  369 0 0 0.364729000000001
2  285 22 0 0 0.364729000000001
2  286 23 0 0 0.364729000000001
0

0101000
+199 0 -197 0 *
Ve
1e-07
45.968418 27.118456 0
0 0

0101101
*
Ed
 1e-07 1 1 0
1  370 0 0 1.33601
2  287 22 0 0 1.33601
2  288 23 0 0 1.33601
0

0101000
+197 0 -195 0 *
Ve
1e-07
45.968418 25.471291 0
0 0

0101101
*
Ed
 1e-07 1 1 0
1  371 0 0 1.647165
2  289 22 0 0 1.647165
2  290 23 0 0 1.647165
0

0101000
+195 0 -193 0 *
Ve
1e-07
47.16906 25.471291 0
0 0

0101101
*
Ed
 1e-07 1 1 0
1  372 0 0 1.200642
2  291 22 0 0 1.200642
2  292 23 0 0 1.200642
0

0101000
+193 0 -191 0 *
Ve
1e-07
47.16906 26.206633 0
0 0

0101101
*
Ed
 1e-07 1 1 0
1  373 0 0 0.735341999999999
2  293 22 0 0 0.735341999999999
2  294 23 0 0 0.735341999999999
0

0101000
+191 0 -189 0 *
Ve
1e-07
48.146053 26.206633 0
0 0

0101101
*
Ed
 1e-07 1 1 0
1  374 0 0 0.976993
2  295 22 0 0 0.976993
2  296 23 0 0 0.976993
0

0101000
+189 0 -187 0 *
Ve
1e-07
48.146053 25.471291 0
0 0

0101101
*
Ed
 1e-07 1 1 0
1  375 0 0 0.735341999999999
2  297 22 0 0 0.735341999999999
2  298 23 0 0 0.735341999999999
0

0101000
+187 0 -185 0 *
Ve
1e-07
49.276066 25.471291 0
0 0

0101101
*
Ed
 1e-07 1 1 0
1  376 0 0 1.130013
2  299 22 0 0 1.130013
2  300 23 0 0 1.130013
0

0101000
+185 0 -183 0 *
Ve
1e-07
49.276066 26.206633 0
0 0

0101101
*
Ed
 1e-07 1 1 0
1  377 0 0 0.735341999999999
2  301 22 0 0 0.735341999999999
2  302 23 0 0 0.735341999999999
0

0101000
+183 0 -181 0 *
Ve
1e-07
50.217747 26.206633 0
0 0

0101101
*
Ed
 1e-07 1 1 0
1  378 0 0 0.941681000000003
2  303 22 0 0 0.941681000000003
2  304 23 0 0 0.941681000000003
0

0101000
+181 0 -179 0 *
Ve
1e-07
50.217747 25.471291 0
0 0

0101101
*
Ed
 1e-07 1 1 0
1  379 0 0 0.735341999999999
2  305 22 0 0 0.735341999999999
2  306 23 0 0 0.735341999999999
0

0101000
+179 0 -177 0 *
Ve
1e-07
51.412498 25.471291 0
0 0

0101101
*
Ed
 1e-07 1 1 0
1  380 0 0 1.194751
2  307 22 0 0 1.194751
2  308 23 0 0 1.194751
0

0101000
+177 0 -175 0 *
Ve
1e-07
51.412498 27.118456 0
0 0

0101101
*
Ed
 1e-07 1 1 0
1  381 0 0 1.647165
2  309 22 0 0 1.647165
2  310 23 0 0 1.647165
0

0101000
+175 0 -173 0 *
Ve
1e-07
47.987144 27.118456 0
0 0

0101101
*
Ed
 1e-07 1 1 0
1  382 0 0 3.425354
2  311 22 0 0 3.425354
2  312 23 0 0 3.425354
0

0101000
+173 0 -171 0 *
Ve
1e-07
47.987144 27.483185 0
0 0

0101101
*
Ed
 1e-07 1 1 0
1  383 0 0 0.364729000000001
2  313 22 0 0 0.364729000000001
2  314 23 0 0 0.364729000000001
0

0101000
+171 0 -169 0 *
Ve
1e-07
51.747974 27.483185 0
0 0

0101101
*
Ed
 1e-07 1 1 0
1  384 0 0 3.76083
2  315 22 0 0 3.76083
2  316 23 0 0 3.76083
0

0101000
+169 0 -167 0 *
Ve
1e-07
51.747974 24.97126 0
0 0

0101101
*
Ed
 1e-07 1 1 0
1  385 0 0 2.511925
2  317 22 0 0 2.511925
2  318 23 0 0 2.511925
0

0101000
+167 0 -165 0 *
Ed
 1e-07 1 1 0
1  386 0 0 6.238624
2  319 22 0 0 6.238624
2  320 23 0 0 6.238624
0

0101000
+165 0 -202 0 *
Wi

0101100
+200 0 +198 0 +196 0 +194 0 +192 0 +190 0 +188 0 +186 0 +184 0 +182 0 
+180 0 +178 0 +176 0 +174 0 +172 0 +170 0 +168 0 +166 0 +164 0 +163 0 
*
Ve
1e-07
37.717751 25.307446 0
0 0

0101101
*
Ve
1e-07
30.712257 25.307446 0
0 0

0101101
*
Ed
 1e-07 1 1 0
1  387 0 0 7.005494
2  321 24 0 0 7.005494
2  322 25 0 0 7.005494
0

0101000
+161 0 -160 0 *
Ve
1e-07
30.712257 28.524675 0
0 0

0101101
*
Ed
 1e-07 1 1 0
1  388 0 0 3.217229
2  323 24 0 0 3.217229
2  324 25 0 0 3.217229
0

0101000
+160 0 -158 0 *
Ve
1e-07
37.717751 28.524675 0
0 0

0101101
*
Ed
 1e-07 1 1 0
1  389 0 0 7.005494
2  325 24 0 0 7.005494
2  326 25 0 0 7.005494
0

0101000
+158 0 -156 0 *
Ve
1e-07
37.717751 26.670038 0
0 0

0101101
*
Ed
 1e-07 1 1 0
1  390 0 0 1.854637
2  327 24 0 0 1.854637
2  328 25 0 0 1.854637
0

0101000
+156 0 -154 0 *
Ve
1e-07
35.218494 26.670038 0
0 0

0101101
*
Ed
 1e-07 1 1 0
1  391 0 0 2.499257
2  329 24 0 0 2.499257
2  330 25 0 0 2.499257
0

0101000
+154 0 -152 0 *
Ve
1e-07
35.218494 27.985317 0
0 0

0101101
*
Ed
 1e-07 1 1 0
1  392 0 0 1.315279
2  331 24 0 0 1.315279
2  332 25 0 0 1.315279
0

0101000
+152 0 -150 0 *
Ve
1e-07
31.422274 27.985317 0
0 0

0101101
*
Ed
 1e-07 1 1 0
1  393 0 0 3.79622
2  333 24 0 0 3.79622
2  334 25 0 0 3.79622
0

0101000
+150 0 -148 0 *
Ve
1e-07
31.422274 25.979279 0
0 0

0101101
*
Ed
 1e-07 1 1 0
1  394 0 0 2.006038
2  335 24 0 0 2.006038
2  336 25 0 0 2.006038
0

0101000
+148 0 -146 0 *
Ve
1e-07
37.717751 25.979279 0
0 0

0101101
*
Ed
 1e-07 1 1 0
1  395 0 0 6.295477
2  337 24 0 0 6.295477
2  338 25 0 0 6.295477
0

0101000
+146 0 -144 0 *
Ed
 1e-07 1 1 0
1  396 0 0 0.671832999999999
2  339 24 0 0 0.671832999999999
2  340 25 0 0 0.671832999999999
0

0101000
+144 0 -161 0 *
Wi

0101100
+159 0 +157 0 +155 0 +153 0 +151 0 +149 0 +147 0 +145 0 +143 0 +142 0 
*
Ve
1e-07
35.817612 23.11927 0
0 0

0101101
*
Ve
1e-07
33.604389 23.11927 0
0 0

0101101
*
Ed
 1e-07 1 1 0
1  397 0 0 2.213223
2  341 26 0 0 2.213223
2  342 27 0 0 2.213223
0

0101000
+140 0 -139 0 *
Ve
1e-07
33.604389 20.887978 0
0 0

0101101
*
Ed
 1e-07 1 1 0
1  398 0 0 2.231292
2  343 26 0 0 2.231292
2  344 27 0 0 2.231292
0

0101000
+139 0 -137 0 *
Ve
1e-07
35.144844 20.887978 0
0 0

0101101
*
Ed
 1e-07 1 1 0
1  399 0 0 1.540455
2  345 26 0 0 1.540455
2  346 27 0 0 1.540455
0

0101000
+137 0 -135 0 *
Ve
1e-07
35.144844 16.608286 0
0 0

0101101
*
Ed
 1e-07 1 1 0
1  400 0 0 4.279692
2  347 26 0 0 4.279692
2  348 27 0 0 4.279692
0

0101000
+135 0 -133 0 *
Ve
1e-07
35.817612 16.608286 0
0 0

0101101
*
Ed
 1e-07 1 1 0
1  401 0 0 0.672767999999998
2  349 26 0 0 0.672767999999998
2  350 27 0 0 0.672767999999998
0

0101000
+133 0 -131 0 *
Ve
1e-07
35.817612 17.302744 0
0 0

0101101
*
Ed
 1e-07 1 1 0
1  402 0 0 0.694458000000001
2  351 26 0 0 0.694458000000001
2  352 27 0 0 0.694458000000001
0

0101000
+131 0 -129 0 *
Ve
1e-07
36.188366 17.302744 0
0 0

0101101
*
Ed
 1e-07 1 1 0
1  403 0 0 0.370754000000005
2  353 26 0 0 0.370754000000005
2  354 27 0 0 0.370754000000005
0

0101000
+129 0 -127 0 *
Ve
1e-07
36.188366 16.279945 0
0 0

0101101
*
Ed
 1e-07 1 1 0
1  404 0 0 1.022799
2  355 26 0 0 1.022799
2  356 27 0 0 1.022799
0

0101000
+127 0 -125 0 *
Ve
1e-07
32.932804 16.279945 0
0 0

0101101
*
Ed
 1e-07 1 1 0
1  405 0 0 3.255562
2  357 26 0 0 3.255562
2  358 27 0 0 3.255562
0

0101000
+125 0 -123 0 *
Ve
1e-07
32.932804 23.695688 0
0 0

0101101
*
Ed
 1e-07 1 1 0
1  406 0 0 7.415743
2  359 26 0 0 7.415743
2  360 27 0 0 7.415743
0

0101000
+123 0 -121 0 *
Ve
1e-07
36.188366 23.695688 0
0 0

0101101
*
Ed
 1e-07 1 1 0
1  407 0 0 3.255562
2  361 26 0 0 3.255562
2  362 27 0 0 3.255562
0

0101000
+121 0 -119 0 *
Ve
1e-07
36.188366 18.005888 0
0 0

0101101
*
Ed
 1e-07 1 1 0
1  408 0 0 5.6898
2  363 26 0 0 5.6898
2  364 27 0 0 5.6898
0

0101000
+119 0 -117 0 *
Ve
1e-07
35.817612 18.005888 0
0 0

0101101
*
Ed
 1e-07 1 1 0
1  409 0 0 0.370754000000005
2  365 26 0 0 0.370754000000005
2  366 27 0 0 0.370754000000005
0

0101000
+117 0 -115 0 *
Ed
 1e-07 1 1 0
1  410 0 0 5.113382
2  367 26 0 0 5.113382
2  368 27 0 0 5.113382
0

0101000
+115 0 -140 0 *
Wi

0101100
+138 0 +136 0 +134 0 +132 0 +130 0 +128 0 +126 0 +124 0 +122 0 +120 0 
+118 0 +116 0 +114 0 +113 0 *
Ve
1e-07
52.568211 16.216444 0
0 0

0101101
*
Ve
1e-07
49.189938 16.216444 0
0 0

0101101
*
Ed
 1e-07 1 1 0
1  411 0 0 3.378273
2  369 28 0 0 3.378273
2  370 29 0 0 3.378273
0

0101000
+111 0 -110 0 *
Ve
1e-07
49.189938 22.760344 0
0 0

0101101
*
Ed
 1e-07 1 1 0
1  412 0 0 6.5439
2  371 28 0 0 6.5439
2  372 29 0 0 6.5439
0

0101000
+110 0 -108 0 *
Ve
1e-07
52.568211 22.760344 0
0 0

0101101
*
Ed
 1e-07 1 1 0
1  413 0 0 3.378273
2  373 28 0 0 3.378273
2  374 29 0 0 3.378273
0

0101000
+108 0 -106 0 *
Ve
1e-07
52.568211 17.241184 0
0 0

0101101
*
Ed
 1e-07 1 1 0
1  414 0 0 5.51916
2  375 28 0 0 5.51916
2  376 29 0 0 5.51916
0

0101000
+106 0 -104 0 *
Ve
1e-07
52.11454 17.241184 0
0 0

0101101
*
Ed
 1e-07 1 1 0
1  415 0 0 0.453671
2  377 28 0 0 0.453671
2  378 29 0 0 0.453671
0

0101000
+104 0 -102 0 *
Ve
1e-07
52.11454 17.639011 0
0 0

0101101
*
Ed
 1e-07 1 1 0
1  416 0 0 0.397826999999999
2  379 28 0 0 0.397826999999999
2  380 29 0 0 0.397826999999999
0

0101000
+102 0 -100 0 *
Ve
1e-07
52.249172 17.639011 0
0 0

0101101
*
Ed
 1e-07 1 1 0
1  417 0 0 0.134632000000003
2  381 28 0 0 0.134632000000003
2  382 29 0 0 0.134632000000003
0

0101000
+100 0 -98 0 *
Ve
1e-07
52.249172 18.791542 0
0 0

0101101
*
Ed
 1e-07 1 1 0
1  418 0 0 1.152531
2  383 28 0 0 1.152531
2  384 29 0 0 1.152531
0

0101000
+98 0 -96 0 *
Ve
1e-07
51.382896 18.791542 0
0 0

0101101
*
Ed
 1e-07 1 1 0
1  419 0 0 0.866275999999999
2  385 28 0 0 0.866275999999999
2  386 29 0 0 0.866275999999999
0

0101000
+96 0 -94 0 *
Ve
1e-07
51.382896 17.650713 0
0 0

0101101
*
Ed
 1e-07 1 1 0
1  420 0 0 1.140829
2  387 28 0 0 1.140829
2  388 29 0 0 1.140829
0

0101000
+94 0 -92 0 *
Ve
1e-07
51.646286 17.650713 0
0 0

0101101
*
Ed
 1e-07 1 1 0
1  421 0 0 0.263390000000001
2  389 28 0 0 0.263390000000001
2  390 29 0 0 0.263390000000001
0

0101000
+92 0 -90 0 *
Ve
1e-07
51.646286 17.241184 0
0 0

0101101
*
Ed
 1e-07 1 1 0
1  422 0 0 0.409528999999999
2  391 28 0 0 0.409528999999999
2  392 29 0 0 0.409528999999999
0

0101000
+90 0 -88 0 *
Ve
1e-07
50.955627 17.241184 0
0 0

0101101
*
Ed
 1e-07 1 1 0
1  423 0 0 0.690659000000004
2  393 28 0 0 0.690659000000004
2  394 29 0 0 0.690659000000004
0

0101000
+88 0 -86 0 *
Ve
1e-07
50.955627 19.215128 0
0 0

0101101
*
Ed
 1e-07 1 1 0
1  424 0 0 1.973944
2  395 28 0 0 1.973944
2  396 29 0 0 1.973944
0

0101000
+86 0 -84 0 *
Ve
1e-07
52.249172 19.215128 0
0 0

0101101
*
Ed
 1e-07 1 1 0
1  425 0 0 1.293545
2  397 28 0 0 1.293545
2  398 29 0 0 1.293545
0

0101000
+84 0 -82 0 *
Ve
1e-07
52.249172 22.233938 0
0 0

0101101
*
Ed
 1e-07 1 1 0
1  426 0 0 3.01881
2  399 28 0 0 3.01881
2  400 29 0 0 3.01881
0

0101000
+82 0 -80 0 *
Ve
1e-07
50.28841 22.233938 0
0 0

0101101
*
Ed
 1e-07 1 1 0
1  427 0 0 1.960762
2  401 28 0 0 1.960762
2  402 29 0 0 1.960762
0

0101000
+80 0 -78 0 *
Ve
1e-07
50.28841 16.575167 0
0 0

0101101
*
Ed
 1e-07 1 1 0
1  428 0 0 5.658771
2  403 28 0 0 5.658771
2  404 29 0 0 5.658771
0

0101000
+78 0 -76 0 *
Ve
1e-07
52.568211 16.575167 0
0 0

0101101
*
Ed
 1e-07 1 1 0
1  429 0 0 2.279801
2  405 28 0 0 2.279801
2  406 29 0 0 2.279801
0

0101000
+76 0 -74 0 *
Ed
 1e-07 1 1 0
1  430 0 0 0.358723000000001
2  407 28 0 0 0.358723000000001
2  408 29 0 0 0.358723000000001
0

0101000
+74 0 -111 0 *
Wi

0101100
+109 0 +107 0 +105 0 +103 0 +101 0 +99 0 +97 0 +95 0 +93 0 +91 0 
+89 0 +87 0 +85 0 +83 0 +81 0 +79 0 +77 0 +75 0 +73 0 +72 0 
*
Ve
1e-07
56.831051 28.81148 0
0 0

0101101
*
Ve
1e-07
55.73798 28.81148 0
0 0

0101101
*
Ed
 1e-07 1 1 0
1  431 0 0 1.093071
2  409 30 0 0 1.093071
2  410 31 0 0 1.093071
0

0101000
+70 0 -69 0 *
Ve
1e-07
55.73798 27.446154 0
0 0

0101101
*
Ed
 1e-07 1 1 0
1  432 0 0 1.365326
2  411 30 0 0 1.365326
2  412 31 0 0 1.365326
0

0101000
+69 0 -67 0 *
Ve
1e-07
56.831051 27.446154 0
0 0

0101101
*
Ed
 1e-07 1 1 0
1  433 0 0 1.093071
2  413 30 0 0 1.093071
2  414 31 0 0 1.093071
0

0101000
+67 0 -65 0 *
Ve
1e-07
56.831051 27.306286 0
0 0

0101101
*
Ed
 1e-07 1 1 0
1  434 0 0 0.139868
2  415 30 0 0 0.139868
2  416 31 0 0 0.139868
0

0101000
+65 0 -63 0 *
Ve
1e-07
55.73798 27.306286 0
0 0

0101101
*
Ed
 1e-07 1 1 0
1  435 0 0 1.093071
2  417 30 0 0 1.093071
2  418 31 0 0 1.093071
0

0101000
+63 0 -61 0 *
Ve
1e-07
55.73798 24.847549 0
0 0

0101101
*
Ed
 1e-07 1 1 0
1  436 0 0 2.458737
2  419 30 0 0 2.458737
2  420 31 0 0 2.458737
0

0101000
+61 0 -59 0 *
Ve
1e-07
56.831051 24.847549 0
0 0

0101101
*
Ed
 1e-07 1 1 0
1  437 0 0 1.093071
2  421 30 0 0 1.093071
2  422 31 0 0 1.093071
0

0101000
+59 0 -57 0 *
Ve
1e-07
56.831051 24.644651 0
0 0

0101101
*
Ed
 1e-07 1 1 0
1  438 0 0 0.202898000000001
2  423 30 0 0 0.202898000000001
2  424 31 0 0 0.202898000000001
0

0101000
+57 0 -55 0 *
Ve
1e-07
55.73798 24.644651 0
0 0

0101101
*
Ed
 1e-07 1 1 0
1  439 0 0 1.093071
2  425 30 0 0 1.093071
2  426 31 0 0 1.093071
0

0101000
+55 0 -53 0 *
Ve
1e-07
55.73798 23.009523 0
0 0

0101101
*
Ed
 1e-07 1 1 0
1  440 0 0 1.635128
2  427 30 0 0 1.635128
2  428 31 0 0 1.635128
0

0101000
+53 0 -51 0 *
Ve
1e-07
55.807758 23.009523 0
0 0

0101101
*
Ed
 1e-07 1 1 0
1  441 0 0 0.0697779999999995
2  429 30 0 0 0.0697779999999995
2  430 31 0 0 0.0697779999999995
0

0101000
+51 0 -49 0 *
Ve
1e-07
55.807758 22.731632 0
0 0

0101101
*
Ed
 1e-07 1 1 0
1  442 0 0 0.277891
2  431 30 0 0 0.277891
2  432 31 0 0 0.277891
0

0101000
+49 0 -47 0 *
Ve
1e-07
55.312725 22.731632 0
0 0

0101101
*
Ed
 1e-07 1 1 0
1  443 0 0 0.495032999999999
2  433 30 0 0 0.495032999999999
2  434 31 0 0 0.495032999999999
0

0101000
+47 0 -45 0 *
Ve
1e-07
55.312725 32.939274 0
0 0

0101101
*
Ed
 1e-07 1 1 0
1  444 0 0 10.207642
2  435 30 0 0 10.207642
2  436 31 0 0 10.207642
0

0101000
+45 0 -43 0 *
Ve
1e-07
58.376572 32.939274 0
0 0

0101101
*
Ed
 1e-07 1 1 0
1  445 0 0 3.063847
2  437 30 0 0 3.063847
2  438 31 0 0 3.063847
0

0101000
+43 0 -41 0 *
Ve
1e-07
58.376572 24.572628 0
0 0

0101101
*
Ed
 1e-07 1 1 0
1  446 0 0 8.366646
2  439 30 0 0 8.366646
2  440 31 0 0 8.366646
0

0101000
+41 0 -39 0 *
Ve
1e-07
58.078251 24.572628 0
0 0

0101101
*
Ed
 1e-07 1 1 0
1  447 0 0 0.298321000000001
2  441 30 0 0 0.298321000000001
2  442 31 0 0 0.298321000000001
0

0101000
+39 0 -37 0 *
Ve
1e-07
58.078251 24.644651 0
0 0

0101101
*
Ed
 1e-07 1 1 0
1  448 0 0 0.0720229999999979
2  443 30 0 0 0.0720229999999979
2  444 31 0 0 0.0720229999999979
0

0101000
+37 0 -35 0 *
Ve
1e-07
57.60619 24.644651 0
0 0

0101101
*
Ed
 1e-07 1 1 0
1  449 0 0 0.472061000000004
2  445 30 0 0 0.472061000000004
2  446 31 0 0 0.472061000000004
0

0101000
+35 0 -33 0 *
Ve
1e-07
57.60619 24.847549 0
0 0

0101101
*
Ed
 1e-07 1 1 0
1  450 0 0 0.202898000000001
2  447 30 0 0 0.202898000000001
2  448 31 0 0 0.202898000000001
0

0101000
+33 0 -31 0 *
Ve
1e-07
58.096165 24.847549 0
0 0

0101101
*
Ed
 1e-07 1 1 0
1  451 0 0 0.489975000000001
2  449 30 0 0 0.489975000000001
2  450 31 0 0 0.489975000000001
0

0101000
+31 0 -29 0 *
Ve
1e-07
58.096165 27.306286 0
0 0

0101101
*
Ed
 1e-07 1 1 0
1  452 0 0 2.458737
2  451 30 0 0 2.458737
2  452 31 0 0 2.458737
0

0101000
+29 0 -27 0 *
Ve
1e-07
57.60619 27.306286 0
0 0

0101101
*
Ed
 1e-07 1 1 0
1  453 0 0 0.489975000000001
2  453 30 0 0 0.489975000000001
2  454 31 0 0 0.489975000000001
0

0101000
+27 0 -25 0 *
Ve
1e-07
57.60619 27.446154 0
0 0

0101101
*
Ed
 1e-07 1 1 0
1  454 0 0 0.139868
2  455 30 0 0 0.139868
2  456 31 0 0 0.139868
0

0101000
+25 0 -23 0 *
Ve
1e-07
58.096165 27.446154 0
0 0

0101101
*
Ed
 1e-07 1 1 0
1  455 0 0 0.489975000000001
2  457 30 0 0 0.489975000000001
2  458 31 0 0 0.489975000000001
0

0101000
+23 0 -21 0 *
Ve
1e-07
58.096165 28.81148 0
0 0

0101101
*
Ed
 1e-07 1 1 0
1  456 0 0 1.365326
2  459 30 0 0 1.365326
2  460 31 0 0 1.365326
0

0101000
+21 0 -19 0 *
Ve
1e-07
57.60619 28.81148 0
0 0

0101101
*
Ed
 1e-07 1 1 0
1  457 0 0 0.489975000000001
2  461 30 0 0 0.489975000000001
2  462 31 0 0 0.489975000000001
0

0101000
+19 0 -17 0 *
Ve
1e-07
57.60619 29.229214 0
0 0

0101101
*
Ed
 1e-07 1 1 0
1  458 0 0 0.417733999999999
2  463 30 0 0 0.417733999999999
2  464 31 0 0 0.417733999999999
0

0101000
+17 0 -15 0 *
Ve
1e-07
58.000767 29.229214 0
0 0

0101101
*
Ed
 1e-07 1 1 0
1  459 0 0 0.394577000000005
2  465 30 0 0 0.394577000000005
2  466 31 0 0 0.394577000000005
0

0101000
+15 0 -13 0 *
Ve
1e-07
58.000767 31.399323 0
0 0

0101101
*
Ed
 1e-07 1 1 0
1  460 0 0 2.170109
2  467 30 0 0 2.170109
2  468 31 0 0 2.170109
0

0101000
+13 0 -11 0 *
Ve
1e-07
55.790203 31.399323 0
0 0

0101101
*
Ed
 1e-07 1 1 0
1  461 0 0 2.21056400000001
2  469 30 0 0 2.21056400000001
2  470 31 0 0 2.21056400000001
0

0101000
+11 0 -9 0 *
Ve
1e-07
55.790203 29.229214 0
0 0

0101101
*
Ed
 1e-07 1 1 0
1  462 0 0 2.170109
2  471 30 0 0 2.170109
2  472 31 0 0 2.170109
0

0101000
+9 0 -7 0 *
Ve
1e-07
56.831051 29.229214 0
0 0

0101101
*
Ed
 1e-07 1 1 0
1  463 0 0 1.040848
2  473 30 0 0 1.040848
2  474 31 0 0 1.040848
0

0101000
+7 0 -5 0 *
Ed
 1e-07 1 1 0
1  464 0 0 0.417733999999999
2  475 30 0 0 0.417733999999999
2  476 31 0 0 0.417733999999999
0

0101000
+5 0 -70 0 *
Wi

0101100
+68 0 +66 0 +64 0 +62 0 +60 0 +58 0 +56 0 +54 0 +52 0 +50 0 
+48 0 +46 0 +44 0 +42 0 +40 0 +38 0 +36 0 +34 0 +32 0 +30 0 
+28 0 +26 0 +24 0 +22 0 +20 0 +18 0 +16 0 +14 0 +12 0 +10 0 
+8 0 +6 0 +4 0 +3 0 *
Fa
0  1e-07 1 0

1111000
+493 0 +480 0 +467 0 +434 0 +397 0 +360 0 +323 0 +286 0 +261 0 +236 0 
+203 0 +162 0 +141 0 +112 0 +71 0 +2 0 *

+1 0 