# Rhino

g object_1
v 50 0 -50
v 50 0 -60
v 50 -2 -50
v 50 -2 -60
v 60 0 -60
v 60 -2 -60
v 60 0 -50
v 60 -2 -50
vt 0.10000000149011612 0
vt 0.10000000149011612 0.5
vt 0.19853515923023224 0
vt 0.19853515923023224 0.5
vt 0 0
vt 0 0.5
vt 0.098535157740116119 0
vt 0.098535157740116119 0.5
vt 0.30000001192092896 0
vt 0.30000001192092896 0.5
vt 0.39853516221046448 0
vt 0.39853516221046448 0.5
vt 0.20000000298023224 0
vt 0.20000000298023224 0.5
vt 0.29853516817092896 0
vt 0.29853516817092896 0.5
vt 0.89853513240814209 0.5
vt 0.40000000596046448 0.5
vt 0.89853513240814209 0.99853515625
vt 0.40000000596046448 0.99853515625
vt 0.89853513240814209 0
vt 0.40000000596046448 0
vt 0.89853513240814209 0.49853515625
vt 0.40000000596046448 0.49853515625
vn -1 0 0
vn -1 0 0
vn -1 0 0
vn -1 0 0
vn 0 0 -1
vn 0 0 -1
vn 0 0 -1
vn 0 0 -1
vn 1 0 0
vn 1 0 0
vn 1 0 0
vn 1 0 0
vn 0 0 1
vn 0 0 1
vn 0 0 1
vn 0 0 1
vn 0 -1 0
vn 0 -1 0
vn 0 -1 0
vn 0 -1 0
vn 0 1 0
vn 0 1 0
vn 0 1 0
vn 0 1 0
f 2/2/2 4/4/4 3/3/3 1/1/1
f 5/6/6 6/8/8 4/7/7 2/5/5
f 7/10/10 8/12/12 6/11/11 5/9/9
f 1/14/14 3/16/16 8/15/15 7/13/13
f 3/18/18 4/17/17 6/19/19 8/20/20
f 1/22/22 7/24/24 5/23/23 2/21/21
g object_2
v 50 0 -40
v 50 0 -50
v 50 -2 -40
v 50 -2 -50
v 60 0 -50
v 60 -2 -50
v 60 0 -40
v 60 -2 -40
vt 0.10000000149011612 0
vt 0.10000000149011612 0.5
vt 0.19853515923023224 0
vt 0.19853515923023224 0.5
vt 0 0
vt 0 0.5
vt 0.098535157740116119 0
vt 0.098535157740116119 0.5
vt 0.30000001192092896 0
vt 0.30000001192092896 0.5
vt 0.39853516221046448 0
vt 0.39853516221046448 0.5
vt 0.20000000298023224 0
vt 0.20000000298023224 0.5
vt 0.29853516817092896 0
vt 0.29853516817092896 0.5
vt 0.89853513240814209 0.5
vt 0.40000000596046448 0.5
vt 0.89853513240814209 0.99853515625
vt 0.40000000596046448 0.99853515625
vt 0.89853513240814209 0
vt 0.40000000596046448 0
vt 0.89853513240814209 0.49853515625
vt 0.40000000596046448 0.49853515625
vn -1 0 0
vn -1 0 0
vn -1 0 0
vn -1 0 0
vn 0 0 -1
vn 0 0 -1
vn 0 0 -1
vn 0 0 -1
vn 1 0 0
vn 1 0 0
vn 1 0 0
vn 1 0 0
vn 0 0 1
vn 0 0 1
vn 0 0 1
vn 0 0 1
vn 0 -1 0
vn 0 -1 0
vn 0 -1 0
vn 0 -1 0
vn 0 1 0
vn 0 1 0
vn 0 1 0
vn 0 1 0
f 10/26/26 12/28/28 11/27/27 9/25/25
f 13/30/30 14/32/32 12/31/31 10/29/29
f 15/34/34 16/36/36 14/35/35 13/33/33
f 9/38/38 11/40/40 16/39/39 15/37/37
f 11/42/42 12/41/41 14/43/43 16/44/44
f 9/46/46 15/48/48 13/47/47 10/45/45
g object_3
v 50 0 -30
v 50 0 -40
v 50 -2 -30
v 50 -2 -40
v 60 0 -40
v 60 -2 -40
v 60 0 -30
v 60 -2 -30
vt 0.10000000149011612 0
vt 0.10000000149011612 0.5
vt 0.19853515923023224 0
vt 0.19853515923023224 0.5
vt 0 0
vt 0 0.5
vt 0.098535157740116119 0
vt 0.098535157740116119 0.5
vt 0.30000001192092896 0
vt 0.30000001192092896 0.5
vt 0.39853516221046448 0
vt 0.39853516221046448 0.5
vt 0.20000000298023224 0
vt 0.20000000298023224 0.5
vt 0.29853516817092896 0
vt 0.29853516817092896 0.5
vt 0.89853513240814209 0.5
vt 0.40000000596046448 0.5
vt 0.89853513240814209 0.99853515625
vt 0.40000000596046448 0.99853515625
vt 0.89853513240814209 0
vt 0.40000000596046448 0
vt 0.89853513240814209 0.49853515625
vt 0.40000000596046448 0.49853515625
vn -1 0 0
vn -1 0 0
vn -1 0 0
vn -1 0 0
vn 0 0 -1
vn 0 0 -1
vn 0 0 -1
vn 0 0 -1
vn 1 0 0
vn 1 0 0
vn 1 0 0
vn 1 0 0
vn 0 0 1
vn 0 0 1
vn 0 0 1
vn 0 0 1
vn 0 -1 0
vn 0 -1 0
vn 0 -1 0
vn 0 -1 0
vn 0 1 0
vn 0 1 0
vn 0 1 0
vn 0 1 0
f 18/50/50 20/52/52 19/51/51 17/49/49
f 21/54/54 22/56/56 20/55/55 18/53/53
f 23/58/58 24/60/60 22/59/59 21/57/57
f 17/62/62 19/64/64 24/63/63 23/61/61
f 19/66/66 20/65/65 22/67/67 24/68/68
f 17/70/70 23/72/72 21/71/71 18/69/69
g object_4
v 50 0 -20
v 50 0 -30
v 50 -2 -20
v 50 -2 -30
v 60 0 -30
v 60 -2 -30
v 60 0 -20
v 60 -2 -20
vt 0.10000000149011612 0
vt 0.10000000149011612 0.5
vt 0.19853515923023224 0
vt 0.19853515923023224 0.5
vt 0 0
vt 0 0.5
vt 0.098535157740116119 0
vt 0.098535157740116119 0.5
vt 0.30000001192092896 0
vt 0.30000001192092896 0.5
vt 0.39853516221046448 0
vt 0.39853516221046448 0.5
vt 0.20000000298023224 0
vt 0.20000000298023224 0.5
vt 0.29853516817092896 0
vt 0.29853516817092896 0.5
vt 0.89853513240814209 0.5
vt 0.40000000596046448 0.5
vt 0.89853513240814209 0.99853515625
vt 0.40000000596046448 0.99853515625
vt 0.89853513240814209 0
vt 0.40000000596046448 0
vt 0.89853513240814209 0.49853515625
vt 0.40000000596046448 0.49853515625
vn -1 0 0
vn -1 0 0
vn -1 0 0
vn -1 0 0
vn 0 0 -1
vn 0 0 -1
vn 0 0 -1
vn 0 0 -1
vn 1 0 0
vn 1 0 0
vn 1 0 0
vn 1 0 0
vn 0 0 1
vn 0 0 1
vn 0 0 1
vn 0 0 1
vn 0 -1 0
vn 0 -1 0
vn 0 -1 0
vn 0 -1 0
vn 0 1 0
vn 0 1 0
vn 0 1 0
vn 0 1 0
f 26/74/74 28/76/76 27/75/75 25/73/73
f 29/78/78 30/80/80 28/79/79 26/77/77
f 31/82/82 32/84/84 30/83/83 29/81/81
f 25/86/86 27/88/88 32/87/87 31/85/85
f 27/90/90 28/89/89 30/91/91 32/92/92
f 25/94/94 31/96/96 29/95/95 26/93/93
g object_5
v 50 0 -10
v 50 0 -20
v 50 -2 -10
v 50 -2 -20
v 60 0 -20
v 60 -2 -20
v 60 0 -10
v 60 -2 -10
vt 0.10000000149011612 0
vt 0.10000000149011612 0.5
vt 0.19853515923023224 0
vt 0.19853515923023224 0.5
vt 0 0
vt 0 0.5
vt 0.098535157740116119 0
vt 0.098535157740116119 0.5
vt 0.30000001192092896 0
vt 0.30000001192092896 0.5
vt 0.39853516221046448 0
vt 0.39853516221046448 0.5
vt 0.20000000298023224 0
vt 0.20000000298023224 0.5
vt 0.29853516817092896 0
vt 0.29853516817092896 0.5
vt 0.89853513240814209 0.5
vt 0.40000000596046448 0.5
vt 0.89853513240814209 0.99853515625
vt 0.40000000596046448 0.99853515625
vt 0.89853513240814209 0
vt 0.40000000596046448 0
vt 0.89853513240814209 0.49853515625
vt 0.40000000596046448 0.49853515625
vn -1 0 0
vn -1 0 0
vn -1 0 0
vn -1 0 0
vn 0 0 -1
vn 0 0 -1
vn 0 0 -1
vn 0 0 -1
vn 1 0 0
vn 1 0 0
vn 1 0 0
vn 1 0 0
vn 0 0 1
vn 0 0 1
vn 0 0 1
vn 0 0 1
vn 0 -1 0
vn 0 -1 0
vn 0 -1 0
vn 0 -1 0
vn 0 1 0
vn 0 1 0
vn 0 1 0
vn 0 1 0
f 34/98/98 36/100/100 35/99/99 33/97/97
f 37/102/102 38/104/104 36/103/103 34/101/101
f 39/106/106 40/108/108 38/107/107 37/105/105
f 33/110/110 35/112/112 40/111/111 39/109/109
f 35/114/114 36/113/113 38/115/115 40/116/116
f 33/118/118 39/120/120 37/119/119 34/117/117
g object_6
v 50 0 0
v 50 0 -10
v 50 -2 0
v 50 -2 -10
v 60 0 -10
v 60 -2 -10
v 60 0 0
v 60 -2 0
vt 0.10000000149011612 0
vt 0.10000000149011612 0.5
vt 0.19853515923023224 0
vt 0.19853515923023224 0.5
vt 0 0
vt 0 0.5
vt 0.098535157740116119 0
vt 0.098535157740116119 0.5
vt 0.30000001192092896 0
vt 0.30000001192092896 0.5
vt 0.39853516221046448 0
vt 0.39853516221046448 0.5
vt 0.20000000298023224 0
vt 0.20000000298023224 0.5
vt 0.29853516817092896 0
vt 0.29853516817092896 0.5
vt 0.89853513240814209 0.5
vt 0.40000000596046448 0.5
vt 0.89853513240814209 0.99853515625
vt 0.40000000596046448 0.99853515625
vt 0.89853513240814209 0
vt 0.40000000596046448 0
vt 0.89853513240814209 0.49853515625
vt 0.40000000596046448 0.49853515625
vn -1 0 0
vn -1 0 0
vn -1 0 0
vn -1 0 0
vn 0 0 -1
vn 0 0 -1
vn 0 0 -1
vn 0 0 -1
vn 1 0 0
vn 1 0 0
vn 1 0 0
vn 1 0 0
vn 0 0 1
vn 0 0 1
vn 0 0 1
vn 0 0 1
vn 0 -1 0
vn 0 -1 0
vn 0 -1 0
vn 0 -1 0
vn 0 1 0
vn 0 1 0
vn 0 1 0
vn 0 1 0
f 42/122/122 44/124/124 43/123/123 41/121/121
f 45/126/126 46/128/128 44/127/127 42/125/125
f 47/130/130 48/132/132 46/131/131 45/129/129
f 41/134/134 43/136/136 48/135/135 47/133/133
f 43/138/138 44/137/137 46/139/139 48/140/140
f 41/142/142 47/144/144 45/143/143 42/141/141
g object_7
v 40 0 -50
v 40 0 -60
v 40 -2 -50
v 40 -2 -60
v 50 0 -60
v 50 -2 -60
v 50 0 -50
v 50 -2 -50
vt 0.10000000149011612 0
vt 0.10000000149011612 0.5
vt 0.19853515923023224 0
vt 0.19853515923023224 0.5
vt 0 0
vt 0 0.5
vt 0.098535157740116119 0
vt 0.098535157740116119 0.5
vt 0.30000001192092896 0
vt 0.30000001192092896 0.5
vt 0.39853516221046448 0
vt 0.39853516221046448 0.5
vt 0.20000000298023224 0
vt 0.20000000298023224 0.5
vt 0.29853516817092896 0
vt 0.29853516817092896 0.5
vt 0.89853513240814209 0.5
vt 0.40000000596046448 0.5
vt 0.89853513240814209 0.99853515625
vt 0.40000000596046448 0.99853515625
vt 0.89853513240814209 0
vt 0.40000000596046448 0
vt 0.89853513240814209 0.49853515625
vt 0.40000000596046448 0.49853515625
vn -1 0 0
vn -1 0 0
vn -1 0 0
vn -1 0 0
vn 0 0 -1
vn 0 0 -1
vn 0 0 -1
vn 0 0 -1
vn 1 0 0
vn 1 0 0
vn 1 0 0
vn 1 0 0
vn 0 0 1
vn 0 0 1
vn 0 0 1
vn 0 0 1
vn 0 -1 0
vn 0 -1 0
vn 0 -1 0
vn 0 -1 0
vn 0 1 0
vn 0 1 0
vn 0 1 0
vn 0 1 0
f 50/146/146 52/148/148 51/147/147 49/145/145
f 53/150/150 54/152/152 52/151/151 50/149/149
f 55/154/154 56/156/156 54/155/155 53/153/153
f 49/158/158 51/160/160 56/159/159 55/157/157
f 51/162/162 52/161/161 54/163/163 56/164/164
f 49/166/166 55/168/168 53/167/167 50/165/165
g object_8
v 40 0 -40
v 40 0 -50
v 40 -2 -40
v 40 -2 -50
v 50 0 -50
v 50 -2 -50
v 50 0 -40
v 50 -2 -40
vt 0.10000000149011612 0
vt 0.10000000149011612 0.5
vt 0.19853515923023224 0
vt 0.19853515923023224 0.5
vt 0 0
vt 0 0.5
vt 0.098535157740116119 0
vt 0.098535157740116119 0.5
vt 0.30000001192092896 0
vt 0.30000001192092896 0.5
vt 0.39853516221046448 0
vt 0.39853516221046448 0.5
vt 0.20000000298023224 0
vt 0.20000000298023224 0.5
vt 0.29853516817092896 0
vt 0.29853516817092896 0.5
vt 0.89853513240814209 0.5
vt 0.40000000596046448 0.5
vt 0.89853513240814209 0.99853515625
vt 0.40000000596046448 0.99853515625
vt 0.89853513240814209 0
vt 0.40000000596046448 0
vt 0.89853513240814209 0.49853515625
vt 0.40000000596046448 0.49853515625
vn -1 0 0
vn -1 0 0
vn -1 0 0
vn -1 0 0
vn 0 0 -1
vn 0 0 -1
vn 0 0 -1
vn 0 0 -1
vn 1 0 0
vn 1 0 0
vn 1 0 0
vn 1 0 0
vn 0 0 1
vn 0 0 1
vn 0 0 1
vn 0 0 1
vn 0 -1 0
vn 0 -1 0
vn 0 -1 0
vn 0 -1 0
vn 0 1 0
vn 0 1 0
vn 0 1 0
vn 0 1 0
f 58/170/170 60/172/172 59/171/171 57/169/169
f 61/174/174 62/176/176 60/175/175 58/173/173
f 63/178/178 64/180/180 62/179/179 61/177/177
f 57/182/182 59/184/184 64/183/183 63/181/181
f 59/186/186 60/185/185 62/187/187 64/188/188
f 57/190/190 63/192/192 61/191/191 58/189/189
g object_9
v 40 0 -30
v 40 0 -40
v 40 -2 -30
v 40 -2 -40
v 50 0 -40
v 50 -2 -40
v 50 0 -30
v 50 -2 -30
vt 0.10000000149011612 0
vt 0.10000000149011612 0.5
vt 0.19853515923023224 0
vt 0.19853515923023224 0.5
vt 0 0
vt 0 0.5
vt 0.098535157740116119 0
vt 0.098535157740116119 0.5
vt 0.30000001192092896 0
vt 0.30000001192092896 0.5
vt 0.39853516221046448 0
vt 0.39853516221046448 0.5
vt 0.20000000298023224 0
vt 0.20000000298023224 0.5
vt 0.29853516817092896 0
vt 0.29853516817092896 0.5
vt 0.89853513240814209 0.5
vt 0.40000000596046448 0.5
vt 0.89853513240814209 0.99853515625
vt 0.40000000596046448 0.99853515625
vt 0.89853513240814209 0
vt 0.40000000596046448 0
vt 0.89853513240814209 0.49853515625
vt 0.40000000596046448 0.49853515625
vn -1 0 0
vn -1 0 0
vn -1 0 0
vn -1 0 0
vn 0 0 -1
vn 0 0 -1
vn 0 0 -1
vn 0 0 -1
vn 1 0 0
vn 1 0 0
vn 1 0 0
vn 1 0 0
vn 0 0 1
vn 0 0 1
vn 0 0 1
vn 0 0 1
vn 0 -1 0
vn 0 -1 0
vn 0 -1 0
vn 0 -1 0
vn 0 1 0
vn 0 1 0
vn 0 1 0
vn 0 1 0
f 66/194/194 68/196/196 67/195/195 65/193/193
f 69/198/198 70/200/200 68/199/199 66/197/197
f 71/202/202 72/204/204 70/203/203 69/201/201
f 65/206/206 67/208/208 72/207/207 71/205/205
f 67/210/210 68/209/209 70/211/211 72/212/212
f 65/214/214 71/216/216 69/215/215 66/213/213
g object_10
v 40 0 -20
v 40 0 -30
v 40 -2 -20
v 40 -2 -30
v 50 0 -30
v 50 -2 -30
v 50 0 -20
v 50 -2 -20
vt 0.10000000149011612 0
vt 0.10000000149011612 0.5
vt 0.19853515923023224 0
vt 0.19853515923023224 0.5
vt 0 0
vt 0 0.5
vt 0.098535157740116119 0
vt 0.098535157740116119 0.5
vt 0.30000001192092896 0
vt 0.30000001192092896 0.5
vt 0.39853516221046448 0
vt 0.39853516221046448 0.5
vt 0.20000000298023224 0
vt 0.20000000298023224 0.5
vt 0.29853516817092896 0
vt 0.29853516817092896 0.5
vt 0.89853513240814209 0.5
vt 0.40000000596046448 0.5
vt 0.89853513240814209 0.99853515625
vt 0.40000000596046448 0.99853515625
vt 0.89853513240814209 0
vt 0.40000000596046448 0
vt 0.89853513240814209 0.49853515625
vt 0.40000000596046448 0.49853515625
vn -1 0 0
vn -1 0 0
vn -1 0 0
vn -1 0 0
vn 0 0 -1
vn 0 0 -1
vn 0 0 -1
vn 0 0 -1
vn 1 0 0
vn 1 0 0
vn 1 0 0
vn 1 0 0
vn 0 0 1
vn 0 0 1
vn 0 0 1
vn 0 0 1
vn 0 -1 0
vn 0 -1 0
vn 0 -1 0
vn 0 -1 0
vn 0 1 0
vn 0 1 0
vn 0 1 0
vn 0 1 0
f 74/218/218 76/220/220 75/219/219 73/217/217
f 77/222/222 78/224/224 76/223/223 74/221/221
f 79/226/226 80/228/228 78/227/227 77/225/225
f 73/230/230 75/232/232 80/231/231 79/229/229
f 75/234/234 76/233/233 78/235/235 80/236/236
f 73/238/238 79/240/240 77/239/239 74/237/237
g object_11
v 40 0 -10
v 40 0 -20
v 40 -2 -10
v 40 -2 -20
v 50 0 -20
v 50 -2 -20
v 50 0 -10
v 50 -2 -10
vt 0.10000000149011612 0
vt 0.10000000149011612 0.5
vt 0.19853515923023224 0
vt 0.19853515923023224 0.5
vt 0 0
vt 0 0.5
vt 0.098535157740116119 0
vt 0.098535157740116119 0.5
vt 0.30000001192092896 0
vt 0.30000001192092896 0.5
vt 0.39853516221046448 0
vt 0.39853516221046448 0.5
vt 0.20000000298023224 0
vt 0.20000000298023224 0.5
vt 0.29853516817092896 0
vt 0.29853516817092896 0.5
vt 0.89853513240814209 0.5
vt 0.40000000596046448 0.5
vt 0.89853513240814209 0.99853515625
vt 0.40000000596046448 0.99853515625
vt 0.89853513240814209 0
vt 0.40000000596046448 0
vt 0.89853513240814209 0.49853515625
vt 0.40000000596046448 0.49853515625
vn -1 0 0
vn -1 0 0
vn -1 0 0
vn -1 0 0
vn 0 0 -1
vn 0 0 -1
vn 0 0 -1
vn 0 0 -1
vn 1 0 0
vn 1 0 0
vn 1 0 0
vn 1 0 0
vn 0 0 1
vn 0 0 1
vn 0 0 1
vn 0 0 1
vn 0 -1 0
vn 0 -1 0
vn 0 -1 0
vn 0 -1 0
vn 0 1 0
vn 0 1 0
vn 0 1 0
vn 0 1 0
f 82/242/242 84/244/244 83/243/243 81/241/241
f 85/246/246 86/248/248 84/247/247 82/245/245
f 87/250/250 88/252/252 86/251/251 85/249/249
f 81/254/254 83/256/256 88/255/255 87/253/253
f 83/258/258 84/257/257 86/259/259 88/260/260
f 81/262/262 87/264/264 85/263/263 82/261/261
g object_12
v 40 0 0
v 40 0 -10
v 40 -2 0
v 40 -2 -10
v 50 0 -10
v 50 -2 -10
v 50 0 0
v 50 -2 0
vt 0.10000000149011612 0
vt 0.10000000149011612 0.5
vt 0.19853515923023224 0
vt 0.19853515923023224 0.5
vt 0 0
vt 0 0.5
vt 0.098535157740116119 0
vt 0.098535157740116119 0.5
vt 0.30000001192092896 0
vt 0.30000001192092896 0.5
vt 0.39853516221046448 0
vt 0.39853516221046448 0.5
vt 0.20000000298023224 0
vt 0.20000000298023224 0.5
vt 0.29853516817092896 0
vt 0.29853516817092896 0.5
vt 0.89853513240814209 0.5
vt 0.40000000596046448 0.5
vt 0.89853513240814209 0.99853515625
vt 0.40000000596046448 0.99853515625
vt 0.89853513240814209 0
vt 0.40000000596046448 0
vt 0.89853513240814209 0.49853515625
vt 0.40000000596046448 0.49853515625
vn -1 0 0
vn -1 0 0
vn -1 0 0
vn -1 0 0
vn 0 0 -1
vn 0 0 -1
vn 0 0 -1
vn 0 0 -1
vn 1 0 0
vn 1 0 0
vn 1 0 0
vn 1 0 0
vn 0 0 1
vn 0 0 1
vn 0 0 1
vn 0 0 1
vn 0 -1 0
vn 0 -1 0
vn 0 -1 0
vn 0 -1 0
vn 0 1 0
vn 0 1 0
vn 0 1 0
vn 0 1 0
f 90/266/266 92/268/268 91/267/267 89/265/265
f 93/270/270 94/272/272 92/271/271 90/269/269
f 95/274/274 96/276/276 94/275/275 93/273/273
f 89/278/278 91/280/280 96/279/279 95/277/277
f 91/282/282 92/281/281 94/283/283 96/284/284
f 89/286/286 95/288/288 93/287/287 90/285/285
g object_13
v 30 0 -50
v 30 0 -60
v 30 -2 -50
v 30 -2 -60
v 40 0 -60
v 40 -2 -60
v 40 0 -50
v 40 -2 -50
vt 0.10000000149011612 0
vt 0.10000000149011612 0.5
vt 0.19853515923023224 0
vt 0.19853515923023224 0.5
vt 0 0
vt 0 0.5
vt 0.098535157740116119 0
vt 0.098535157740116119 0.5
vt 0.30000001192092896 0
vt 0.30000001192092896 0.5
vt 0.39853516221046448 0
vt 0.39853516221046448 0.5
vt 0.20000000298023224 0
vt 0.20000000298023224 0.5
vt 0.29853516817092896 0
vt 0.29853516817092896 0.5
vt 0.89853513240814209 0.5
vt 0.40000000596046448 0.5
vt 0.89853513240814209 0.99853515625
vt 0.40000000596046448 0.99853515625
vt 0.89853513240814209 0
vt 0.40000000596046448 0
vt 0.89853513240814209 0.49853515625
vt 0.40000000596046448 0.49853515625
vn -1 0 0
vn -1 0 0
vn -1 0 0
vn -1 0 0
vn 0 0 -1
vn 0 0 -1
vn 0 0 -1
vn 0 0 -1
vn 1 0 0
vn 1 0 0
vn 1 0 0
vn 1 0 0
vn 0 0 1
vn 0 0 1
vn 0 0 1
vn 0 0 1
vn 0 -1 0
vn 0 -1 0
vn 0 -1 0
vn 0 -1 0
vn 0 1 0
vn 0 1 0
vn 0 1 0
vn 0 1 0
f 98/290/290 100/292/292 99/291/291 97/289/289
f 101/294/294 102/296/296 100/295/295 98/293/293
f 103/298/298 104/300/300 102/299/299 101/297/297
f 97/302/302 99/304/304 104/303/303 103/301/301
f 99/306/306 100/305/305 102/307/307 104/308/308
f 97/310/310 103/312/312 101/311/311 98/309/309
g object_14
v 30 0 -40
v 30 0 -50
v 30 -2 -40
v 30 -2 -50
v 40 0 -50
v 40 -2 -50
v 40 0 -40
v 40 -2 -40
vt 0.10000000149011612 0
vt 0.10000000149011612 0.5
vt 0.19853515923023224 0
vt 0.19853515923023224 0.5
vt 0 0
vt 0 0.5
vt 0.098535157740116119 0
vt 0.098535157740116119 0.5
vt 0.30000001192092896 0
vt 0.30000001192092896 0.5
vt 0.39853516221046448 0
vt 0.39853516221046448 0.5
vt 0.20000000298023224 0
vt 0.20000000298023224 0.5
vt 0.29853516817092896 0
vt 0.29853516817092896 0.5
vt 0.89853513240814209 0.5
vt 0.40000000596046448 0.5
vt 0.89853513240814209 0.99853515625
vt 0.40000000596046448 0.99853515625
vt 0.89853513240814209 0
vt 0.40000000596046448 0
vt 0.89853513240814209 0.49853515625
vt 0.40000000596046448 0.49853515625
vn -1 0 0
vn -1 0 0
vn -1 0 0
vn -1 0 0
vn 0 0 -1
vn 0 0 -1
vn 0 0 -1
vn 0 0 -1
vn 1 0 0
vn 1 0 0
vn 1 0 0
vn 1 0 0
vn 0 0 1
vn 0 0 1
vn 0 0 1
vn 0 0 1
vn 0 -1 0
vn 0 -1 0
vn 0 -1 0
vn 0 -1 0
vn 0 1 0
vn 0 1 0
vn 0 1 0
vn 0 1 0
f 106/314/314 108/316/316 107/315/315 105/313/313
f 109/318/318 110/320/320 108/319/319 106/317/317
f 111/322/322 112/324/324 110/323/323 109/321/321
f 105/326/326 107/328/328 112/327/327 111/325/325
f 107/330/330 108/329/329 110/331/331 112/332/332
f 105/334/334 111/336/336 109/335/335 106/333/333
g object_15
v 30 0 -30
v 30 0 -40
v 30 -2 -30
v 30 -2 -40
v 40 0 -40
v 40 -2 -40
v 40 0 -30
v 40 -2 -30
vt 0.10000000149011612 0
vt 0.10000000149011612 0.5
vt 0.19853515923023224 0
vt 0.19853515923023224 0.5
vt 0 0
vt 0 0.5
vt 0.098535157740116119 0
vt 0.098535157740116119 0.5
vt 0.30000001192092896 0
vt 0.30000001192092896 0.5
vt 0.39853516221046448 0
vt 0.39853516221046448 0.5
vt 0.20000000298023224 0
vt 0.20000000298023224 0.5
vt 0.29853516817092896 0
vt 0.29853516817092896 0.5
vt 0.89853513240814209 0.5
vt 0.40000000596046448 0.5
vt 0.89853513240814209 0.99853515625
vt 0.40000000596046448 0.99853515625
vt 0.89853513240814209 0
vt 0.40000000596046448 0
vt 0.89853513240814209 0.49853515625
vt 0.40000000596046448 0.49853515625
vn -1 0 0
vn -1 0 0
vn -1 0 0
vn -1 0 0
vn 0 0 -1
vn 0 0 -1
vn 0 0 -1
vn 0 0 -1
vn 1 0 0
vn 1 0 0
vn 1 0 0
vn 1 0 0
vn 0 0 1
vn 0 0 1
vn 0 0 1
vn 0 0 1
vn 0 -1 0
vn 0 -1 0
vn 0 -1 0
vn 0 -1 0
vn 0 1 0
vn 0 1 0
vn 0 1 0
vn 0 1 0
f 114/338/338 116/340/340 115/339/339 113/337/337
f 117/342/342 118/344/344 116/343/343 114/341/341
f 119/346/346 120/348/348 118/347/347 117/345/345
f 113/350/350 115/352/352 120/351/351 119/349/349
f 115/354/354 116/353/353 118/355/355 120/356/356
f 113/358/358 119/360/360 117/359/359 114/357/357
g object_16
v 30 0 -20
v 30 0 -30
v 30 -2 -20
v 30 -2 -30
v 40 0 -30
v 40 -2 -30
v 40 0 -20
v 40 -2 -20
vt 0.10000000149011612 0
vt 0.10000000149011612 0.5
vt 0.19853515923023224 0
vt 0.19853515923023224 0.5
vt 0 0
vt 0 0.5
vt 0.098535157740116119 0
vt 0.098535157740116119 0.5
vt 0.30000001192092896 0
vt 0.30000001192092896 0.5
vt 0.39853516221046448 0
vt 0.39853516221046448 0.5
vt 0.20000000298023224 0
vt 0.20000000298023224 0.5
vt 0.29853516817092896 0
vt 0.29853516817092896 0.5
vt 0.89853513240814209 0.5
vt 0.40000000596046448 0.5
vt 0.89853513240814209 0.99853515625
vt 0.40000000596046448 0.99853515625
vt 0.89853513240814209 0
vt 0.40000000596046448 0
vt 0.89853513240814209 0.49853515625
vt 0.40000000596046448 0.49853515625
vn -1 0 0
vn -1 0 0
vn -1 0 0
vn -1 0 0
vn 0 0 -1
vn 0 0 -1
vn 0 0 -1
vn 0 0 -1
vn 1 0 0
vn 1 0 0
vn 1 0 0
vn 1 0 0
vn 0 0 1
vn 0 0 1
vn 0 0 1
vn 0 0 1
vn 0 -1 0
vn 0 -1 0
vn 0 -1 0
vn 0 -1 0
vn 0 1 0
vn 0 1 0
vn 0 1 0
vn 0 1 0
f 122/362/362 124/364/364 123/363/363 121/361/361
f 125/366/366 126/368/368 124/367/367 122/365/365
f 127/370/370 128/372/372 126/371/371 125/369/369
f 121/374/374 123/376/376 128/375/375 127/373/373
f 123/378/378 124/377/377 126/379/379 128/380/380
f 121/382/382 127/384/384 125/383/383 122/381/381
g object_17
v 30 0 -10
v 30 0 -20
v 30 -2 -10
v 30 -2 -20
v 40 0 -20
v 40 -2 -20
v 40 0 -10
v 40 -2 -10
vt 0.10000000149011612 0
vt 0.10000000149011612 0.5
vt 0.19853515923023224 0
vt 0.19853515923023224 0.5
vt 0 0
vt 0 0.5
vt 0.098535157740116119 0
vt 0.098535157740116119 0.5
vt 0.30000001192092896 0
vt 0.30000001192092896 0.5
vt 0.39853516221046448 0
vt 0.39853516221046448 0.5
vt 0.20000000298023224 0
vt 0.20000000298023224 0.5
vt 0.29853516817092896 0
vt 0.29853516817092896 0.5
vt 0.89853513240814209 0.5
vt 0.40000000596046448 0.5
vt 0.89853513240814209 0.99853515625
vt 0.40000000596046448 0.99853515625
vt 0.89853513240814209 0
vt 0.40000000596046448 0
vt 0.89853513240814209 0.49853515625
vt 0.40000000596046448 0.49853515625
vn -1 0 0
vn -1 0 0
vn -1 0 0
vn -1 0 0
vn 0 0 -1
vn 0 0 -1
vn 0 0 -1
vn 0 0 -1
vn 1 0 0
vn 1 0 0
vn 1 0 0
vn 1 0 0
vn 0 0 1
vn 0 0 1
vn 0 0 1
vn 0 0 1
vn 0 -1 0
vn 0 -1 0
vn 0 -1 0
vn 0 -1 0
vn 0 1 0
vn 0 1 0
vn 0 1 0
vn 0 1 0
f 130/386/386 132/388/388 131/387/387 129/385/385
f 133/390/390 134/392/392 132/391/391 130/389/389
f 135/394/394 136/396/396 134/395/395 133/393/393
f 129/398/398 131/400/400 136/399/399 135/397/397
f 131/402/402 132/401/401 134/403/403 136/404/404
f 129/406/406 135/408/408 133/407/407 130/405/405
g object_18
v 30 0 0
v 30 0 -10
v 30 -2 0
v 30 -2 -10
v 40 0 -10
v 40 -2 -10
v 40 0 0
v 40 -2 0
vt 0.10000000149011612 0
vt 0.10000000149011612 0.5
vt 0.19853515923023224 0
vt 0.19853515923023224 0.5
vt 0 0
vt 0 0.5
vt 0.098535157740116119 0
vt 0.098535157740116119 0.5
vt 0.30000001192092896 0
vt 0.30000001192092896 0.5
vt 0.39853516221046448 0
vt 0.39853516221046448 0.5
vt 0.20000000298023224 0
vt 0.20000000298023224 0.5
vt 0.29853516817092896 0
vt 0.29853516817092896 0.5
vt 0.89853513240814209 0.5
vt 0.40000000596046448 0.5
vt 0.89853513240814209 0.99853515625
vt 0.40000000596046448 0.99853515625
vt 0.89853513240814209 0
vt 0.40000000596046448 0
vt 0.89853513240814209 0.49853515625
vt 0.40000000596046448 0.49853515625
vn -1 0 0
vn -1 0 0
vn -1 0 0
vn -1 0 0
vn 0 0 -1
vn 0 0 -1
vn 0 0 -1
vn 0 0 -1
vn 1 0 0
vn 1 0 0
vn 1 0 0
vn 1 0 0
vn 0 0 1
vn 0 0 1
vn 0 0 1
vn 0 0 1
vn 0 -1 0
vn 0 -1 0
vn 0 -1 0
vn 0 -1 0
vn 0 1 0
vn 0 1 0
vn 0 1 0
vn 0 1 0
f 138/410/410 140/412/412 139/411/411 137/409/409
f 141/414/414 142/416/416 140/415/415 138/413/413
f 143/418/418 144/420/420 142/419/419 141/417/417
f 137/422/422 139/424/424 144/423/423 143/421/421
f 139/426/426 140/425/425 142/427/427 144/428/428
f 137/430/430 143/432/432 141/431/431 138/429/429
g object_19
v 20 0 -50
v 20 0 -60
v 20 -2 -50
v 20 -2 -60
v 30 0 -60
v 30 -2 -60
v 30 0 -50
v 30 -2 -50
vt 0.10000000149011612 0
vt 0.10000000149011612 0.5
vt 0.19853515923023224 0
vt 0.19853515923023224 0.5
vt 0 0
vt 0 0.5
vt 0.098535157740116119 0
vt 0.098535157740116119 0.5
vt 0.30000001192092896 0
vt 0.30000001192092896 0.5
vt 0.39853516221046448 0
vt 0.39853516221046448 0.5
vt 0.20000000298023224 0
vt 0.20000000298023224 0.5
vt 0.29853516817092896 0
vt 0.29853516817092896 0.5
vt 0.89853513240814209 0.5
vt 0.40000000596046448 0.5
vt 0.89853513240814209 0.99853515625
vt 0.40000000596046448 0.99853515625
vt 0.89853513240814209 0
vt 0.40000000596046448 0
vt 0.89853513240814209 0.49853515625
vt 0.40000000596046448 0.49853515625
vn -1 0 0
vn -1 0 0
vn -1 0 0
vn -1 0 0
vn 0 0 -1
vn 0 0 -1
vn 0 0 -1
vn 0 0 -1
vn 1 0 0
vn 1 0 0
vn 1 0 0
vn 1 0 0
vn 0 0 1
vn 0 0 1
vn 0 0 1
vn 0 0 1
vn 0 -1 0
vn 0 -1 0
vn 0 -1 0
vn 0 -1 0
vn 0 1 0
vn 0 1 0
vn 0 1 0
vn 0 1 0
f 146/434/434 148/436/436 147/435/435 145/433/433
f 149/438/438 150/440/440 148/439/439 146/437/437
f 151/442/442 152/444/444 150/443/443 149/441/441
f 145/446/446 147/448/448 152/447/447 151/445/445
f 147/450/450 148/449/449 150/451/451 152/452/452
f 145/454/454 151/456/456 149/455/455 146/453/453
g object_20
v 20 0 -40
v 20 0 -50
v 20 -2 -40
v 20 -2 -50
v 30 0 -50
v 30 -2 -50
v 30 0 -40
v 30 -2 -40
vt 0.10000000149011612 0
vt 0.10000000149011612 0.5
vt 0.19853515923023224 0
vt 0.19853515923023224 0.5
vt 0 0
vt 0 0.5
vt 0.098535157740116119 0
vt 0.098535157740116119 0.5
vt 0.30000001192092896 0
vt 0.30000001192092896 0.5
vt 0.39853516221046448 0
vt 0.39853516221046448 0.5
vt 0.20000000298023224 0
vt 0.20000000298023224 0.5
vt 0.29853516817092896 0
vt 0.29853516817092896 0.5
vt 0.89853513240814209 0.5
vt 0.40000000596046448 0.5
vt 0.89853513240814209 0.99853515625
vt 0.40000000596046448 0.99853515625
vt 0.89853513240814209 0
vt 0.40000000596046448 0
vt 0.89853513240814209 0.49853515625
vt 0.40000000596046448 0.49853515625
vn -1 0 0
vn -1 0 0
vn -1 0 0
vn -1 0 0
vn 0 0 -1
vn 0 0 -1
vn 0 0 -1
vn 0 0 -1
vn 1 0 0
vn 1 0 0
vn 1 0 0
vn 1 0 0
vn 0 0 1
vn 0 0 1
vn 0 0 1
vn 0 0 1
vn 0 -1 0
vn 0 -1 0
vn 0 -1 0
vn 0 -1 0
vn 0 1 0
vn 0 1 0
vn 0 1 0
vn 0 1 0
f 154/458/458 156/460/460 155/459/459 153/457/457
f 157/462/462 158/464/464 156/463/463 154/461/461
f 159/466/466 160/468/468 158/467/467 157/465/465
f 153/470/470 155/472/472 160/471/471 159/469/469
f 155/474/474 156/473/473 158/475/475 160/476/476
f 153/478/478 159/480/480 157/479/479 154/477/477
g object_21
v 20 0 -30
v 20 0 -40
v 20 -2 -30
v 20 -2 -40
v 30 0 -40
v 30 -2 -40
v 30 0 -30
v 30 -2 -30
vt 0.10000000149011612 0
vt 0.10000000149011612 0.5
vt 0.19853515923023224 0
vt 0.19853515923023224 0.5
vt 0 0
vt 0 0.5
vt 0.098535157740116119 0
vt 0.098535157740116119 0.5
vt 0.30000001192092896 0
vt 0.30000001192092896 0.5
vt 0.39853516221046448 0
vt 0.39853516221046448 0.5
vt 0.20000000298023224 0
vt 0.20000000298023224 0.5
vt 0.29853516817092896 0
vt 0.29853516817092896 0.5
vt 0.89853513240814209 0.5
vt 0.40000000596046448 0.5
vt 0.89853513240814209 0.99853515625
vt 0.40000000596046448 0.99853515625
vt 0.89853513240814209 0
vt 0.40000000596046448 0
vt 0.89853513240814209 0.49853515625
vt 0.40000000596046448 0.49853515625
vn -1 0 0
vn -1 0 0
vn -1 0 0
vn -1 0 0
vn 0 0 -1
vn 0 0 -1
vn 0 0 -1
vn 0 0 -1
vn 1 0 0
vn 1 0 0
vn 1 0 0
vn 1 0 0
vn 0 0 1
vn 0 0 1
vn 0 0 1
vn 0 0 1
vn 0 -1 0
vn 0 -1 0
vn 0 -1 0
vn 0 -1 0
vn 0 1 0
vn 0 1 0
vn 0 1 0
vn 0 1 0
f 162/482/482 164/484/484 163/483/483 161/481/481
f 165/486/486 166/488/488 164/487/487 162/485/485
f 167/490/490 168/492/492 166/491/491 165/489/489
f 161/494/494 163/496/496 168/495/495 167/493/493
f 163/498/498 164/497/497 166/499/499 168/500/500
f 161/502/502 167/504/504 165/503/503 162/501/501
g object_22
v 20 0 -20
v 20 0 -30
v 20 -2 -20
v 20 -2 -30
v 30 0 -30
v 30 -2 -30
v 30 0 -20
v 30 -2 -20
vt 0.10000000149011612 0
vt 0.10000000149011612 0.5
vt 0.19853515923023224 0
vt 0.19853515923023224 0.5
vt 0 0
vt 0 0.5
vt 0.098535157740116119 0
vt 0.098535157740116119 0.5
vt 0.30000001192092896 0
vt 0.30000001192092896 0.5
vt 0.39853516221046448 0
vt 0.39853516221046448 0.5
vt 0.20000000298023224 0
vt 0.20000000298023224 0.5
vt 0.29853516817092896 0
vt 0.29853516817092896 0.5
vt 0.89853513240814209 0.5
vt 0.40000000596046448 0.5
vt 0.89853513240814209 0.99853515625
vt 0.40000000596046448 0.99853515625
vt 0.89853513240814209 0
vt 0.40000000596046448 0
vt 0.89853513240814209 0.49853515625
vt 0.40000000596046448 0.49853515625
vn -1 0 0
vn -1 0 0
vn -1 0 0
vn -1 0 0
vn 0 0 -1
vn 0 0 -1
vn 0 0 -1
vn 0 0 -1
vn 1 0 0
vn 1 0 0
vn 1 0 0
vn 1 0 0
vn 0 0 1
vn 0 0 1
vn 0 0 1
vn 0 0 1
vn 0 -1 0
vn 0 -1 0
vn 0 -1 0
vn 0 -1 0
vn 0 1 0
vn 0 1 0
vn 0 1 0
vn 0 1 0
f 170/506/506 172/508/508 171/507/507 169/505/505
f 173/510/510 174/512/512 172/511/511 170/509/509
f 175/514/514 176/516/516 174/515/515 173/513/513
f 169/518/518 171/520/520 176/519/519 175/517/517
f 171/522/522 172/521/521 174/523/523 176/524/524
f 169/526/526 175/528/528 173/527/527 170/525/525
g object_23
v 20 0 -10
v 20 0 -20
v 20 -2 -10
v 20 -2 -20
v 30 0 -20
v 30 -2 -20
v 30 0 -10
v 30 -2 -10
vt 0.10000000149011612 0
vt 0.10000000149011612 0.5
vt 0.19853515923023224 0
vt 0.19853515923023224 0.5
vt 0 0
vt 0 0.5
vt 0.098535157740116119 0
vt 0.098535157740116119 0.5
vt 0.30000001192092896 0
vt 0.30000001192092896 0.5
vt 0.39853516221046448 0
vt 0.39853516221046448 0.5
vt 0.20000000298023224 0
vt 0.20000000298023224 0.5
vt 0.29853516817092896 0
vt 0.29853516817092896 0.5
vt 0.89853513240814209 0.5
vt 0.40000000596046448 0.5
vt 0.89853513240814209 0.99853515625
vt 0.40000000596046448 0.99853515625
vt 0.89853513240814209 0
vt 0.40000000596046448 0
vt 0.89853513240814209 0.49853515625
vt 0.40000000596046448 0.49853515625
vn -1 0 0
vn -1 0 0
vn -1 0 0
vn -1 0 0
vn 0 0 -1
vn 0 0 -1
vn 0 0 -1
vn 0 0 -1
vn 1 0 0
vn 1 0 0
vn 1 0 0
vn 1 0 0
vn 0 0 1
vn 0 0 1
vn 0 0 1
vn 0 0 1
vn 0 -1 0
vn 0 -1 0
vn 0 -1 0
vn 0 -1 0
vn 0 1 0
vn 0 1 0
vn 0 1 0
vn 0 1 0
f 178/530/530 180/532/532 179/531/531 177/529/529
f 181/534/534 182/536/536 180/535/535 178/533/533
f 183/538/538 184/540/540 182/539/539 181/537/537
f 177/542/542 179/544/544 184/543/543 183/541/541
f 179/546/546 180/545/545 182/547/547 184/548/548
f 177/550/550 183/552/552 181/551/551 178/549/549
g object_24
v 20 0 0
v 20 0 -10
v 20 -2 0
v 20 -2 -10
v 30 0 -10
v 30 -2 -10
v 30 0 0
v 30 -2 0
vt 0.10000000149011612 0
vt 0.10000000149011612 0.5
vt 0.19853515923023224 0
vt 0.19853515923023224 0.5
vt 0 0
vt 0 0.5
vt 0.098535157740116119 0
vt 0.098535157740116119 0.5
vt 0.30000001192092896 0
vt 0.30000001192092896 0.5
vt 0.39853516221046448 0
vt 0.39853516221046448 0.5
vt 0.20000000298023224 0
vt 0.20000000298023224 0.5
vt 0.29853516817092896 0
vt 0.29853516817092896 0.5
vt 0.89853513240814209 0.5
vt 0.40000000596046448 0.5
vt 0.89853513240814209 0.99853515625
vt 0.40000000596046448 0.99853515625
vt 0.89853513240814209 0
vt 0.40000000596046448 0
vt 0.89853513240814209 0.49853515625
vt 0.40000000596046448 0.49853515625
vn -1 0 0
vn -1 0 0
vn -1 0 0
vn -1 0 0
vn 0 0 -1
vn 0 0 -1
vn 0 0 -1
vn 0 0 -1
vn 1 0 0
vn 1 0 0
vn 1 0 0
vn 1 0 0
vn 0 0 1
vn 0 0 1
vn 0 0 1
vn 0 0 1
vn 0 -1 0
vn 0 -1 0
vn 0 -1 0
vn 0 -1 0
vn 0 1 0
vn 0 1 0
vn 0 1 0
vn 0 1 0
f 186/554/554 188/556/556 187/555/555 185/553/553
f 189/558/558 190/560/560 188/559/559 186/557/557
f 191/562/562 192/564/564 190/563/563 189/561/561
f 185/566/566 187/568/568 192/567/567 191/565/565
f 187/570/570 188/569/569 190/571/571 192/572/572
f 185/574/574 191/576/576 189/575/575 186/573/573
g object_25
v 10 0 -50
v 10 0 -60
v 10 -2 -50
v 10 -2 -60
v 20 0 -60
v 20 -2 -60
v 20 0 -50
v 20 -2 -50
vt 0.10000000149011612 0
vt 0.10000000149011612 0.5
vt 0.19853515923023224 0
vt 0.19853515923023224 0.5
vt 0 0
vt 0 0.5
vt 0.098535157740116119 0
vt 0.098535157740116119 0.5
vt 0.30000001192092896 0
vt 0.30000001192092896 0.5
vt 0.39853516221046448 0
vt 0.39853516221046448 0.5
vt 0.20000000298023224 0
vt 0.20000000298023224 0.5
vt 0.29853516817092896 0
vt 0.29853516817092896 0.5
vt 0.89853513240814209 0.5
vt 0.40000000596046448 0.5
vt 0.89853513240814209 0.99853515625
vt 0.40000000596046448 0.99853515625
vt 0.89853513240814209 0
vt 0.40000000596046448 0
vt 0.89853513240814209 0.49853515625
vt 0.40000000596046448 0.49853515625
vn -1 0 0
vn -1 0 0
vn -1 0 0
vn -1 0 0
vn 0 0 -1
vn 0 0 -1
vn 0 0 -1
vn 0 0 -1
vn 1 0 0
vn 1 0 0
vn 1 0 0
vn 1 0 0
vn 0 0 1
vn 0 0 1
vn 0 0 1
vn 0 0 1
vn 0 -1 0
vn 0 -1 0
vn 0 -1 0
vn 0 -1 0
vn 0 1 0
vn 0 1 0
vn 0 1 0
vn 0 1 0
f 194/578/578 196/580/580 195/579/579 193/577/577
f 197/582/582 198/584/584 196/583/583 194/581/581
f 199/586/586 200/588/588 198/587/587 197/585/585
f 193/590/590 195/592/592 200/591/591 199/589/589
f 195/594/594 196/593/593 198/595/595 200/596/596
f 193/598/598 199/600/600 197/599/599 194/597/597
g object_26
v 10 0 -40
v 10 0 -50
v 10 -2 -40
v 10 -2 -50
v 20 0 -50
v 20 -2 -50
v 20 0 -40
v 20 -2 -40
vt 0.10000000149011612 0
vt 0.10000000149011612 0.5
vt 0.19853515923023224 0
vt 0.19853515923023224 0.5
vt 0 0
vt 0 0.5
vt 0.098535157740116119 0
vt 0.098535157740116119 0.5
vt 0.30000001192092896 0
vt 0.30000001192092896 0.5
vt 0.39853516221046448 0
vt 0.39853516221046448 0.5
vt 0.20000000298023224 0
vt 0.20000000298023224 0.5
vt 0.29853516817092896 0
vt 0.29853516817092896 0.5
vt 0.89853513240814209 0.5
vt 0.40000000596046448 0.5
vt 0.89853513240814209 0.99853515625
vt 0.40000000596046448 0.99853515625
vt 0.89853513240814209 0
vt 0.40000000596046448 0
vt 0.89853513240814209 0.49853515625
vt 0.40000000596046448 0.49853515625
vn -1 0 0
vn -1 0 0
vn -1 0 0
vn -1 0 0
vn 0 0 -1
vn 0 0 -1
vn 0 0 -1
vn 0 0 -1
vn 1 0 0
vn 1 0 0
vn 1 0 0
vn 1 0 0
vn 0 0 1
vn 0 0 1
vn 0 0 1
vn 0 0 1
vn 0 -1 0
vn 0 -1 0
vn 0 -1 0
vn 0 -1 0
vn 0 1 0
vn 0 1 0
vn 0 1 0
vn 0 1 0
f 202/602/602 204/604/604 203/603/603 201/601/601
f 205/606/606 206/608/608 204/607/607 202/605/605
f 207/610/610 208/612/612 206/611/611 205/609/609
f 201/614/614 203/616/616 208/615/615 207/613/613
f 203/618/618 204/617/617 206/619/619 208/620/620
f 201/622/622 207/624/624 205/623/623 202/621/621
g object_27
v 10 0 -30
v 10 0 -40
v 10 -2 -30
v 10 -2 -40
v 20 0 -40
v 20 -2 -40
v 20 0 -30
v 20 -2 -30
vt 0.10000000149011612 0
vt 0.10000000149011612 0.5
vt 0.19853515923023224 0
vt 0.19853515923023224 0.5
vt 0 0
vt 0 0.5
vt 0.098535157740116119 0
vt 0.098535157740116119 0.5
vt 0.30000001192092896 0
vt 0.30000001192092896 0.5
vt 0.39853516221046448 0
vt 0.39853516221046448 0.5
vt 0.20000000298023224 0
vt 0.20000000298023224 0.5
vt 0.29853516817092896 0
vt 0.29853516817092896 0.5
vt 0.89853513240814209 0.5
vt 0.40000000596046448 0.5
vt 0.89853513240814209 0.99853515625
vt 0.40000000596046448 0.99853515625
vt 0.89853513240814209 0
vt 0.40000000596046448 0
vt 0.89853513240814209 0.49853515625
vt 0.40000000596046448 0.49853515625
vn -1 0 0
vn -1 0 0
vn -1 0 0
vn -1 0 0
vn 0 0 -1
vn 0 0 -1
vn 0 0 -1
vn 0 0 -1
vn 1 0 0
vn 1 0 0
vn 1 0 0
vn 1 0 0
vn 0 0 1
vn 0 0 1
vn 0 0 1
vn 0 0 1
vn 0 -1 0
vn 0 -1 0
vn 0 -1 0
vn 0 -1 0
vn 0 1 0
vn 0 1 0
vn 0 1 0
vn 0 1 0
f 210/626/626 212/628/628 211/627/627 209/625/625
f 213/630/630 214/632/632 212/631/631 210/629/629
f 215/634/634 216/636/636 214/635/635 213/633/633
f 209/638/638 211/640/640 216/639/639 215/637/637
f 211/642/642 212/641/641 214/643/643 216/644/644
f 209/646/646 215/648/648 213/647/647 210/645/645
g object_28
v 10 0 -20
v 10 0 -30
v 10 -2 -20
v 10 -2 -30
v 20 0 -30
v 20 -2 -30
v 20 0 -20
v 20 -2 -20
vt 0.10000000149011612 0
vt 0.10000000149011612 0.5
vt 0.19853515923023224 0
vt 0.19853515923023224 0.5
vt 0 0
vt 0 0.5
vt 0.098535157740116119 0
vt 0.098535157740116119 0.5
vt 0.30000001192092896 0
vt 0.30000001192092896 0.5
vt 0.39853516221046448 0
vt 0.39853516221046448 0.5
vt 0.20000000298023224 0
vt 0.20000000298023224 0.5
vt 0.29853516817092896 0
vt 0.29853516817092896 0.5
vt 0.89853513240814209 0.5
vt 0.40000000596046448 0.5
vt 0.89853513240814209 0.99853515625
vt 0.40000000596046448 0.99853515625
vt 0.89853513240814209 0
vt 0.40000000596046448 0
vt 0.89853513240814209 0.49853515625
vt 0.40000000596046448 0.49853515625
vn -1 0 0
vn -1 0 0
vn -1 0 0
vn -1 0 0
vn 0 0 -1
vn 0 0 -1
vn 0 0 -1
vn 0 0 -1
vn 1 0 0
vn 1 0 0
vn 1 0 0
vn 1 0 0
vn 0 0 1
vn 0 0 1
vn 0 0 1
vn 0 0 1
vn 0 -1 0
vn 0 -1 0
vn 0 -1 0
vn 0 -1 0
vn 0 1 0
vn 0 1 0
vn 0 1 0
vn 0 1 0
f 218/650/650 220/652/652 219/651/651 217/649/649
f 221/654/654 222/656/656 220/655/655 218/653/653
f 223/658/658 224/660/660 222/659/659 221/657/657
f 217/662/662 219/664/664 224/663/663 223/661/661
f 219/666/666 220/665/665 222/667/667 224/668/668
f 217/670/670 223/672/672 221/671/671 218/669/669
g object_29
v 10 0 -10
v 10 0 -20
v 10 -2 -10
v 10 -2 -20
v 20 0 -20
v 20 -2 -20
v 20 0 -10
v 20 -2 -10
vt 0.10000000149011612 0
vt 0.10000000149011612 0.5
vt 0.19853515923023224 0
vt 0.19853515923023224 0.5
vt 0 0
vt 0 0.5
vt 0.098535157740116119 0
vt 0.098535157740116119 0.5
vt 0.30000001192092896 0
vt 0.30000001192092896 0.5
vt 0.39853516221046448 0
vt 0.39853516221046448 0.5
vt 0.20000000298023224 0
vt 0.20000000298023224 0.5
vt 0.29853516817092896 0
vt 0.29853516817092896 0.5
vt 0.89853513240814209 0.5
vt 0.40000000596046448 0.5
vt 0.89853513240814209 0.99853515625
vt 0.40000000596046448 0.99853515625
vt 0.89853513240814209 0
vt 0.40000000596046448 0
vt 0.89853513240814209 0.49853515625
vt 0.40000000596046448 0.49853515625
vn -1 0 0
vn -1 0 0
vn -1 0 0
vn -1 0 0
vn 0 0 -1
vn 0 0 -1
vn 0 0 -1
vn 0 0 -1
vn 1 0 0
vn 1 0 0
vn 1 0 0
vn 1 0 0
vn 0 0 1
vn 0 0 1
vn 0 0 1
vn 0 0 1
vn 0 -1 0
vn 0 -1 0
vn 0 -1 0
vn 0 -1 0
vn 0 1 0
vn 0 1 0
vn 0 1 0
vn 0 1 0
f 226/674/674 228/676/676 227/675/675 225/673/673
f 229/678/678 230/680/680 228/679/679 226/677/677
f 231/682/682 232/684/684 230/683/683 229/681/681
f 225/686/686 227/688/688 232/687/687 231/685/685
f 227/690/690 228/689/689 230/691/691 232/692/692
f 225/694/694 231/696/696 229/695/695 226/693/693
g object_30
v 10 0 0
v 10 0 -10
v 10 -2 0
v 10 -2 -10
v 20 0 -10
v 20 -2 -10
v 20 0 0
v 20 -2 0
vt 0.10000000149011612 0
vt 0.10000000149011612 0.5
vt 0.19853515923023224 0
vt 0.19853515923023224 0.5
vt 0 0
vt 0 0.5
vt 0.098535157740116119 0
vt 0.098535157740116119 0.5
vt 0.30000001192092896 0
vt 0.30000001192092896 0.5
vt 0.39853516221046448 0
vt 0.39853516221046448 0.5
vt 0.20000000298023224 0
vt 0.20000000298023224 0.5
vt 0.29853516817092896 0
vt 0.29853516817092896 0.5
vt 0.89853513240814209 0.5
vt 0.40000000596046448 0.5
vt 0.89853513240814209 0.99853515625
vt 0.40000000596046448 0.99853515625
vt 0.89853513240814209 0
vt 0.40000000596046448 0
vt 0.89853513240814209 0.49853515625
vt 0.40000000596046448 0.49853515625
vn -1 0 0
vn -1 0 0
vn -1 0 0
vn -1 0 0
vn 0 0 -1
vn 0 0 -1
vn 0 0 -1
vn 0 0 -1
vn 1 0 0
vn 1 0 0
vn 1 0 0
vn 1 0 0
vn 0 0 1
vn 0 0 1
vn 0 0 1
vn 0 0 1
vn 0 -1 0
vn 0 -1 0
vn 0 -1 0
vn 0 -1 0
vn 0 1 0
vn 0 1 0
vn 0 1 0
vn 0 1 0
f 234/698/698 236/700/700 235/699/699 233/697/697
f 237/702/702 238/704/704 236/703/703 234/701/701
f 239/706/706 240/708/708 238/707/707 237/705/705
f 233/710/710 235/712/712 240/711/711 239/709/709
f 235/714/714 236/713/713 238/715/715 240/716/716
f 233/718/718 239/720/720 237/719/719 234/717/717
g object_31
v 0 0 -50
v 0 0 -60
v 0 -2 -50
v 0 -2 -60
v 10 0 -60
v 10 -2 -60
v 10 0 -50
v 10 -2 -50
vt 0.10000000149011612 0
vt 0.10000000149011612 0.5
vt 0.19853515923023224 0
vt 0.19853515923023224 0.5
vt 0 0
vt 0 0.5
vt 0.098535157740116119 0
vt 0.098535157740116119 0.5
vt 0.30000001192092896 0
vt 0.30000001192092896 0.5
vt 0.39853516221046448 0
vt 0.39853516221046448 0.5
vt 0.20000000298023224 0
vt 0.20000000298023224 0.5
vt 0.29853516817092896 0
vt 0.29853516817092896 0.5
vt 0.89853513240814209 0.5
vt 0.40000000596046448 0.5
vt 0.89853513240814209 0.99853515625
vt 0.40000000596046448 0.99853515625
vt 0.89853513240814209 0
vt 0.40000000596046448 0
vt 0.89853513240814209 0.49853515625
vt 0.40000000596046448 0.49853515625
vn -1 0 0
vn -1 0 0
vn -1 0 0
vn -1 0 0
vn 0 0 -1
vn 0 0 -1
vn 0 0 -1
vn 0 0 -1
vn 1 0 0
vn 1 0 0
vn 1 0 0
vn 1 0 0
vn 0 0 1
vn 0 0 1
vn 0 0 1
vn 0 0 1
vn 0 -1 0
vn 0 -1 0
vn 0 -1 0
vn 0 -1 0
vn 0 1 0
vn 0 1 0
vn 0 1 0
vn 0 1 0
f 242/722/722 244/724/724 243/723/723 241/721/721
f 245/726/726 246/728/728 244/727/727 242/725/725
f 247/730/730 248/732/732 246/731/731 245/729/729
f 241/734/734 243/736/736 248/735/735 247/733/733
f 243/738/738 244/737/737 246/739/739 248/740/740
f 241/742/742 247/744/744 245/743/743 242/741/741
g object_32
v 0 0 -40
v 0 0 -50
v 0 -2 -40
v 0 -2 -50
v 10 0 -50
v 10 -2 -50
v 10 0 -40
v 10 -2 -40
vt 0.10000000149011612 0
vt 0.10000000149011612 0.5
vt 0.19853515923023224 0
vt 0.19853515923023224 0.5
vt 0 0
vt 0 0.5
vt 0.098535157740116119 0
vt 0.098535157740116119 0.5
vt 0.30000001192092896 0
vt 0.30000001192092896 0.5
vt 0.39853516221046448 0
vt 0.39853516221046448 0.5
vt 0.20000000298023224 0
vt 0.20000000298023224 0.5
vt 0.29853516817092896 0
vt 0.29853516817092896 0.5
vt 0.89853513240814209 0.5
vt 0.40000000596046448 0.5
vt 0.89853513240814209 0.99853515625
vt 0.40000000596046448 0.99853515625
vt 0.89853513240814209 0
vt 0.40000000596046448 0
vt 0.89853513240814209 0.49853515625
vt 0.40000000596046448 0.49853515625
vn -1 0 0
vn -1 0 0
vn -1 0 0
vn -1 0 0
vn 0 0 -1
vn 0 0 -1
vn 0 0 -1
vn 0 0 -1
vn 1 0 0
vn 1 0 0
vn 1 0 0
vn 1 0 0
vn 0 0 1
vn 0 0 1
vn 0 0 1
vn 0 0 1
vn 0 -1 0
vn 0 -1 0
vn 0 -1 0
vn 0 -1 0
vn 0 1 0
vn 0 1 0
vn 0 1 0
vn 0 1 0
f 250/746/746 252/748/748 251/747/747 249/745/745
f 253/750/750 254/752/752 252/751/751 250/749/749
f 255/754/754 256/756/756 254/755/755 253/753/753
f 249/758/758 251/760/760 256/759/759 255/757/757
f 251/762/762 252/761/761 254/763/763 256/764/764
f 249/766/766 255/768/768 253/767/767 250/765/765
g object_33
v 0 0 -30
v 0 0 -40
v 0 -2 -30
v 0 -2 -40
v 10 0 -40
v 10 -2 -40
v 10 0 -30
v 10 -2 -30
vt 0.10000000149011612 0
vt 0.10000000149011612 0.5
vt 0.19853515923023224 0
vt 0.19853515923023224 0.5
vt 0 0
vt 0 0.5
vt 0.098535157740116119 0
vt 0.098535157740116119 0.5
vt 0.30000001192092896 0
vt 0.30000001192092896 0.5
vt 0.39853516221046448 0
vt 0.39853516221046448 0.5
vt 0.20000000298023224 0
vt 0.20000000298023224 0.5
vt 0.29853516817092896 0
vt 0.29853516817092896 0.5
vt 0.89853513240814209 0.5
vt 0.40000000596046448 0.5
vt 0.89853513240814209 0.99853515625
vt 0.40000000596046448 0.99853515625
vt 0.89853513240814209 0
vt 0.40000000596046448 0
vt 0.89853513240814209 0.49853515625
vt 0.40000000596046448 0.49853515625
vn -1 0 0
vn -1 0 0
vn -1 0 0
vn -1 0 0
vn 0 0 -1
vn 0 0 -1
vn 0 0 -1
vn 0 0 -1
vn 1 0 0
vn 1 0 0
vn 1 0 0
vn 1 0 0
vn 0 0 1
vn 0 0 1
vn 0 0 1
vn 0 0 1
vn 0 -1 0
vn 0 -1 0
vn 0 -1 0
vn 0 -1 0
vn 0 1 0
vn 0 1 0
vn 0 1 0
vn 0 1 0
f 258/770/770 260/772/772 259/771/771 257/769/769
f 261/774/774 262/776/776 260/775/775 258/773/773
f 263/778/778 264/780/780 262/779/779 261/777/777
f 257/782/782 259/784/784 264/783/783 263/781/781
f 259/786/786 260/785/785 262/787/787 264/788/788
f 257/790/790 263/792/792 261/791/791 258/789/789
g object_34
v 0 0 -20
v 0 0 -30
v 0 -2 -20
v 0 -2 -30
v 10 0 -30
v 10 -2 -30
v 10 0 -20
v 10 -2 -20
vt 0.10000000149011612 0
vt 0.10000000149011612 0.5
vt 0.19853515923023224 0
vt 0.19853515923023224 0.5
vt 0 0
vt 0 0.5
vt 0.098535157740116119 0
vt 0.098535157740116119 0.5
vt 0.30000001192092896 0
vt 0.30000001192092896 0.5
vt 0.39853516221046448 0
vt 0.39853516221046448 0.5
vt 0.20000000298023224 0
vt 0.20000000298023224 0.5
vt 0.29853516817092896 0
vt 0.29853516817092896 0.5
vt 0.89853513240814209 0.5
vt 0.40000000596046448 0.5
vt 0.89853513240814209 0.99853515625
vt 0.40000000596046448 0.99853515625
vt 0.89853513240814209 0
vt 0.40000000596046448 0
vt 0.89853513240814209 0.49853515625
vt 0.40000000596046448 0.49853515625
vn -1 0 0
vn -1 0 0
vn -1 0 0
vn -1 0 0
vn 0 0 -1
vn 0 0 -1
vn 0 0 -1
vn 0 0 -1
vn 1 0 0
vn 1 0 0
vn 1 0 0
vn 1 0 0
vn 0 0 1
vn 0 0 1
vn 0 0 1
vn 0 0 1
vn 0 -1 0
vn 0 -1 0
vn 0 -1 0
vn 0 -1 0
vn 0 1 0
vn 0 1 0
vn 0 1 0
vn 0 1 0
f 266/794/794 268/796/796 267/795/795 265/793/793
f 269/798/798 270/800/800 268/799/799 266/797/797
f 271/802/802 272/804/804 270/803/803 269/801/801
f 265/806/806 267/808/808 272/807/807 271/805/805
f 267/810/810 268/809/809 270/811/811 272/812/812
f 265/814/814 271/816/816 269/815/815 266/813/813
g object_35
v 0 0 -10
v 0 0 -20
v 0 -2 -10
v 0 -2 -20
v 10 0 -20
v 10 -2 -20
v 10 0 -10
v 10 -2 -10
vt 0.10000000149011612 0
vt 0.10000000149011612 0.5
vt 0.19853515923023224 0
vt 0.19853515923023224 0.5
vt 0 0
vt 0 0.5
vt 0.098535157740116119 0
vt 0.098535157740116119 0.5
vt 0.30000001192092896 0
vt 0.30000001192092896 0.5
vt 0.39853516221046448 0
vt 0.39853516221046448 0.5
vt 0.20000000298023224 0
vt 0.20000000298023224 0.5
vt 0.29853516817092896 0
vt 0.29853516817092896 0.5
vt 0.89853513240814209 0.5
vt 0.40000000596046448 0.5
vt 0.89853513240814209 0.99853515625
vt 0.40000000596046448 0.99853515625
vt 0.89853513240814209 0
vt 0.40000000596046448 0
vt 0.89853513240814209 0.49853515625
vt 0.40000000596046448 0.49853515625
vn -1 0 0
vn -1 0 0
vn -1 0 0
vn -1 0 0
vn 0 0 -1
vn 0 0 -1
vn 0 0 -1
vn 0 0 -1
vn 1 0 0
vn 1 0 0
vn 1 0 0
vn 1 0 0
vn 0 0 1
vn 0 0 1
vn 0 0 1
vn 0 0 1
vn 0 -1 0
vn 0 -1 0
vn 0 -1 0
vn 0 -1 0
vn 0 1 0
vn 0 1 0
vn 0 1 0
vn 0 1 0
f 274/818/818 276/820/820 275/819/819 273/817/817
f 277/822/822 278/824/824 276/823/823 274/821/821
f 279/826/826 280/828/828 278/827/827 277/825/825
f 273/830/830 275/832/832 280/831/831 279/829/829
f 275/834/834 276/833/833 278/835/835 280/836/836
f 273/838/838 279/840/840 277/839/839 274/837/837
g object_36
v 0 0 0
v 0 0 -10
v 0 -2 0
v 0 -2 -10
v 10 0 -10
v 10 -2 -10
v 10 0 0
v 10 -2 0
vt 0.10000000149011612 0
vt 0.10000000149011612 0.5
vt 0.19853515923023224 0
vt 0.19853515923023224 0.5
vt 0 0
vt 0 0.5
vt 0.098535157740116119 0
vt 0.098535157740116119 0.5
vt 0.30000001192092896 0
vt 0.30000001192092896 0.5
vt 0.39853516221046448 0
vt 0.39853516221046448 0.5
vt 0.20000000298023224 0
vt 0.20000000298023224 0.5
vt 0.29853516817092896 0
vt 0.29853516817092896 0.5
vt 0.89853513240814209 0.5
vt 0.40000000596046448 0.5
vt 0.89853513240814209 0.99853515625
vt 0.40000000596046448 0.99853515625
vt 0.89853513240814209 0
vt 0.40000000596046448 0
vt 0.89853513240814209 0.49853515625
vt 0.40000000596046448 0.49853515625
vn -1 0 0
vn -1 0 0
vn -1 0 0
vn -1 0 0
vn 0 0 -1
vn 0 0 -1
vn 0 0 -1
vn 0 0 -1
vn 1 0 0
vn 1 0 0
vn 1 0 0
vn 1 0 0
vn 0 0 1
vn 0 0 1
vn 0 0 1
vn 0 0 1
vn 0 -1 0
vn 0 -1 0
vn 0 -1 0
vn 0 -1 0
vn 0 1 0
vn 0 1 0
vn 0 1 0
vn 0 1 0
f 282/842/842 284/844/844 283/843/843 281/841/841
f 285/846/846 286/848/848 284/847/847 282/845/845
f 287/850/850 288/852/852 286/851/851 285/849/849
f 281/854/854 283/856/856 288/855/855 287/853/853
f 283/858/858 284/857/857 286/859/859 288/860/860
f 281/862/862 287/864/864 285/863/863 282/861/861
g object_37
v 17.997749328613281 20 -51.986198425292969
v 17.997749328613281 23 -51.986198425292969
v 24.497749328613281 20 -51.986198425292969
v 24.497749328613281 23 -51.986198425292969
v 24.497749328613281 20 -56.986198425292969
v 24.497749328613281 23 -56.986198425292969
v 17.997749328613281 20 -56.986198425292969
v 17.997749328613281 23 -56.986198425292969
vt 0 0
vt 0 0.61538422107696533
vt 0.28260868787765503 0
vt 0.28260868787765503 0.61538422107696533
vt 0.28260868787765503 0
vt 0.28260868787765503 0.61538422107696533
vt 0.5 0
vt 0.5 0.61538422107696533
vt 0.5 0
vt 0.5 0.61538422107696533
vt 0.78260868787765503 0
vt 0.78260868787765503 0.61538422107696533
vt 0.78260868787765503 0
vt 0.78260868787765503 0.61538422107696533
vt 1 0
vt 1 0.61538422107696533
vt 0.28260868787765503 0.61538487672805786
vt 0 0.61538487672805786
vt 0 1
vt 0.28260868787765503 1
vt 1 1
vt 0.71739131212234497 1
vt 0.71739131212234497 0.61538487672805786
vt 1 0.61538487672805786
vn 0 0 1
vn 0 0 1
vn 0 0 1
vn 0 0 1
vn 1 0 0
vn 1 0 0
vn 1 0 0
vn 1 0 0
vn 0 0 -1
vn 0 0 -1
vn 0 0 -1
vn 0 0 -1
vn -1 0 0
vn -1 0 0
vn -1 0 0
vn -1 0 0
vn 0 -1 0
vn 0 -1 0
vn 0 -1 0
vn 0 -1 0
vn 0 1 0
vn 0 1 0
vn 0 1 0
vn 0 1 0
f 289/881/881 295/884/884 293/883/883 291/882/882
f 294/887/887 296/888/888 290/885/885 292/886/886
f 289/865/865 291/867/867 292/868/868 290/866/866
f 291/869/869 293/871/871 294/872/872 292/870/870
f 293/873/873 295/875/875 296/876/876 294/874/874
f 295/877/877 289/879/879 290/880/880 296/878/878
g object_38
v 17.997749328613281 17 -51.986198425292969
v 17.997749328613281 20 -51.986198425292969
v 24.497749328613281 17 -51.986198425292969
v 24.497749328613281 20 -51.986198425292969
v 24.497749328613281 17 -56.986198425292969
v 24.497749328613281 20 -56.986198425292969
v 17.997749328613281 17 -56.986198425292969
v 17.997749328613281 20 -56.986198425292969
vt 0 0
vt 0 0.61538422107696533
vt 0.28260868787765503 0
vt 0.28260868787765503 0.61538422107696533
vt 0.28260868787765503 0
vt 0.28260868787765503 0.61538422107696533
vt 0.5 0
vt 0.5 0.61538422107696533
vt 0.5 0
vt 0.5 0.61538422107696533
vt 0.78260868787765503 0
vt 0.78260868787765503 0.61538422107696533
vt 0.78260868787765503 0
vt 0.78260868787765503 0.61538422107696533
vt 1 0
vt 1 0.61538422107696533
vt 0.28260868787765503 0.61538487672805786
vt 0 0.61538487672805786
vt 0 1
vt 0.28260868787765503 1
vt 1 1
vt 0.71739131212234497 1
vt 0.71739131212234497 0.61538487672805786
vt 1 0.61538487672805786
vn 0 0 1
vn 0 0 1
vn 0 0 1
vn 0 0 1
vn 1 0 0
vn 1 0 0
vn 1 0 0
vn 1 0 0
vn 0 0 -1
vn 0 0 -1
vn 0 0 -1
vn 0 0 -1
vn -1 0 0
vn -1 0 0
vn -1 0 0
vn -1 0 0
vn 0 -1 0
vn 0 -1 0
vn 0 -1 0
vn 0 -1 0
vn 0 1 0
vn 0 1 0
vn 0 1 0
vn 0 1 0
f 297/905/905 303/908/908 301/907/907 299/906/906
f 302/911/911 304/912/912 298/909/909 300/910/910
f 297/889/889 299/891/891 300/892/892 298/890/890
f 299/893/893 301/895/895 302/896/896 300/894/894
f 301/897/897 303/899/899 304/900/900 302/898/898
f 303/901/901 297/903/903 298/904/904 304/902/902
g object_39
v 17.997749328613281 14 -51.986198425292969
v 17.997749328613281 17 -51.986198425292969
v 24.497749328613281 14 -51.986198425292969
v 24.497749328613281 17 -51.986198425292969
v 24.497749328613281 14 -56.986198425292969
v 24.497749328613281 17 -56.986198425292969
v 17.997749328613281 14 -56.986198425292969
v 17.997749328613281 17 -56.986198425292969
vt 0 0
vt 0 0.61538422107696533
vt 0.28260868787765503 0
vt 0.28260868787765503 0.61538422107696533
vt 0.28260868787765503 0
vt 0.28260868787765503 0.61538422107696533
vt 0.5 0
vt 0.5 0.61538422107696533
vt 0.5 0
vt 0.5 0.61538422107696533
vt 0.78260868787765503 0
vt 0.78260868787765503 0.61538422107696533
vt 0.78260868787765503 0
vt 0.78260868787765503 0.61538422107696533
vt 1 0
vt 1 0.61538422107696533
vt 0.28260868787765503 0.61538487672805786
vt 0 0.61538487672805786
vt 0 1
vt 0.28260868787765503 1
vt 1 1
vt 0.71739131212234497 1
vt 0.71739131212234497 0.61538487672805786
vt 1 0.61538487672805786
vn 0 0 1
vn 0 0 1
vn 0 0 1
vn 0 0 1
vn 1 0 0
vn 1 0 0
vn 1 0 0
vn 1 0 0
vn 0 0 -1
vn 0 0 -1
vn 0 0 -1
vn 0 0 -1
vn -1 0 0
vn -1 0 0
vn -1 0 0
vn -1 0 0
vn 0 -1 0
vn 0 -1 0
vn 0 -1 0
vn 0 -1 0
vn 0 1 0
vn 0 1 0
vn 0 1 0
vn 0 1 0
f 305/929/929 311/932/932 309/931/931 307/930/930
f 310/935/935 312/936/936 306/933/933 308/934/934
f 305/913/913 307/915/915 308/916/916 306/914/914
f 307/917/917 309/919/919 310/920/920 308/918/918
f 309/921/921 311/923/923 312/924/924 310/922/922
f 311/925/925 305/927/927 306/928/928 312/926/926
g object_40
v 17.997749328613281 11 -51.986198425292969
v 17.997749328613281 14 -51.986198425292969
v 24.497749328613281 11 -51.986198425292969
v 24.497749328613281 14 -51.986198425292969
v 24.497749328613281 11 -56.986198425292969
v 24.497749328613281 14 -56.986198425292969
v 17.997749328613281 11 -56.986198425292969
v 17.997749328613281 14 -56.986198425292969
vt 0 0
vt 0 0.61538422107696533
vt 0.28260868787765503 0
vt 0.28260868787765503 0.61538422107696533
vt 0.28260868787765503 0
vt 0.28260868787765503 0.61538422107696533
vt 0.5 0
vt 0.5 0.61538422107696533
vt 0.5 0
vt 0.5 0.61538422107696533
vt 0.78260868787765503 0
vt 0.78260868787765503 0.61538422107696533
vt 0.78260868787765503 0
vt 0.78260868787765503 0.61538422107696533
vt 1 0
vt 1 0.61538422107696533
vt 0.28260868787765503 0.61538487672805786
vt 0 0.61538487672805786
vt 0 1
vt 0.28260868787765503 1
vt 1 1
vt 0.71739131212234497 1
vt 0.71739131212234497 0.61538487672805786
vt 1 0.61538487672805786
vn 0 0 1
vn 0 0 1
vn 0 0 1
vn 0 0 1
vn 1 0 0
vn 1 0 0
vn 1 0 0
vn 1 0 0
vn 0 0 -1
vn 0 0 -1
vn 0 0 -1
vn 0 0 -1
vn -1 0 0
vn -1 0 0
vn -1 0 0
vn -1 0 0
vn 0 -1 0
vn 0 -1 0
vn 0 -1 0
vn 0 -1 0
vn 0 1 0
vn 0 1 0
vn 0 1 0
vn 0 1 0
f 313/953/953 319/956/956 317/955/955 315/954/954
f 318/959/959 320/960/960 314/957/957 316/958/958
f 313/937/937 315/939/939 316/940/940 314/938/938
f 315/941/941 317/943/943 318/944/944 316/942/942
f 317/945/945 319/947/947 320/948/948 318/946/946
f 319/949/949 313/951/951 314/952/952 320/950/950
g object_41
v 17.997749328613281 8 -51.986198425292969
v 17.997749328613281 11 -51.986198425292969
v 24.497749328613281 8 -51.986198425292969
v 24.497749328613281 11 -51.986198425292969
v 24.497749328613281 8 -56.986198425292969
v 24.497749328613281 11 -56.986198425292969
v 17.997749328613281 8 -56.986198425292969
v 17.997749328613281 11 -56.986198425292969
vt 0 0
vt 0 0.61538422107696533
vt 0.28260868787765503 0
vt 0.28260868787765503 0.61538422107696533
vt 0.28260868787765503 0
vt 0.28260868787765503 0.61538422107696533
vt 0.5 0
vt 0.5 0.61538422107696533
vt 0.5 0
vt 0.5 0.61538422107696533
vt 0.78260868787765503 0
vt 0.78260868787765503 0.61538422107696533
vt 0.78260868787765503 0
vt 0.78260868787765503 0.61538422107696533
vt 1 0
vt 1 0.61538422107696533
vt 0.28260868787765503 0.61538487672805786
vt 0 0.61538487672805786
vt 0 1
vt 0.28260868787765503 1
vt 1 1
vt 0.71739131212234497 1
vt 0.71739131212234497 0.61538487672805786
vt 1 0.61538487672805786
vn 0 0 1
vn 0 0 1
vn 0 0 1
vn 0 0 1
vn 1 0 0
vn 1 0 0
vn 1 0 0
vn 1 0 0
vn 0 0 -1
vn 0 0 -1
vn 0 0 -1
vn 0 0 -1
vn -1 0 0
vn -1 0 0
vn -1 0 0
vn -1 0 0
vn 0 -1 0
vn 0 -1 0
vn 0 -1 0
vn 0 -1 0
vn 0 1 0
vn 0 1 0
vn 0 1 0
vn 0 1 0
f 321/977/977 327/980/980 325/979/979 323/978/978
f 326/983/983 328/984/984 322/981/981 324/982/982
f 321/961/961 323/963/963 324/964/964 322/962/962
f 323/965/965 325/967/967 326/968/968 324/966/966
f 325/969/969 327/971/971 328/972/972 326/970/970
f 327/973/973 321/975/975 322/976/976 328/974/974
g object_42
v 11.497749328613281 23 -51.986198425292969
v 11.497749328613281 26 -51.986198425292969
v 17.997749328613281 23 -51.986198425292969
v 17.997749328613281 26 -51.986198425292969
v 17.997749328613281 23 -56.986198425292969
v 17.997749328613281 26 -56.986198425292969
v 11.497749328613281 23 -56.986198425292969
v 11.497749328613281 26 -56.986198425292969
vt 0 0
vt 0 0.61538422107696533
vt 0.28260868787765503 0
vt 0.28260868787765503 0.61538422107696533
vt 0.28260868787765503 0
vt 0.28260868787765503 0.61538422107696533
vt 0.5 0
vt 0.5 0.61538422107696533
vt 0.5 0
vt 0.5 0.61538422107696533
vt 0.78260868787765503 0
vt 0.78260868787765503 0.61538422107696533
vt 0.78260868787765503 0
vt 0.78260868787765503 0.61538422107696533
vt 1 0
vt 1 0.61538422107696533
vt 0.28260868787765503 0.61538487672805786
vt 0 0.61538487672805786
vt 0 1
vt 0.28260868787765503 1
vt 1 1
vt 0.71739131212234497 1
vt 0.71739131212234497 0.61538487672805786
vt 1 0.61538487672805786
vn 0 0 1
vn 0 0 1
vn 0 0 1
vn 0 0 1
vn 1 0 0
vn 1 0 0
vn 1 0 0
vn 1 0 0
vn 0 0 -1
vn 0 0 -1
vn 0 0 -1
vn 0 0 -1
vn -1 0 0
vn -1 0 0
vn -1 0 0
vn -1 0 0
vn 0 -1 0
vn 0 -1 0
vn 0 -1 0
vn 0 -1 0
vn 0 1 0
vn 0 1 0
vn 0 1 0
vn 0 1 0
f 329/1001/1001 335/1004/1004 333/1003/1003 331/1002/1002
f 334/1007/1007 336/1008/1008 330/1005/1005 332/1006/1006
f 329/985/985 331/987/987 332/988/988 330/986/986
f 331/989/989 333/991/991 334/992/992 332/990/990
f 333/993/993 335/995/995 336/996/996 334/994/994
f 335/997/997 329/999/999 330/1000/1000 336/998/998
g object_43
v 11.497749328613281 20 -51.986198425292969
v 11.497749328613281 23 -51.986198425292969
v 17.997749328613281 20 -51.986198425292969
v 17.997749328613281 23 -51.986198425292969
v 17.997749328613281 20 -56.986198425292969
v 17.997749328613281 23 -56.986198425292969
v 11.497749328613281 20 -56.986198425292969
v 11.497749328613281 23 -56.986198425292969
vt 0 0
vt 0 0.61538422107696533
vt 0.28260868787765503 0
vt 0.28260868787765503 0.61538422107696533
vt 0.28260868787765503 0
vt 0.28260868787765503 0.61538422107696533
vt 0.5 0
vt 0.5 0.61538422107696533
vt 0.5 0
vt 0.5 0.61538422107696533
vt 0.78260868787765503 0
vt 0.78260868787765503 0.61538422107696533
vt 0.78260868787765503 0
vt 0.78260868787765503 0.61538422107696533
vt 1 0
vt 1 0.61538422107696533
vt 0.28260868787765503 0.61538487672805786
vt 0 0.61538487672805786
vt 0 1
vt 0.28260868787765503 1
vt 1 1
vt 0.71739131212234497 1
vt 0.71739131212234497 0.61538487672805786
vt 1 0.61538487672805786
vn 0 0 1
vn 0 0 1
vn 0 0 1
vn 0 0 1
vn 1 0 0
vn 1 0 0
vn 1 0 0
vn 1 0 0
vn 0 0 -1
vn 0 0 -1
vn 0 0 -1
vn 0 0 -1
vn -1 0 0
vn -1 0 0
vn -1 0 0
vn -1 0 0
vn 0 -1 0
vn 0 -1 0
vn 0 -1 0
vn 0 -1 0
vn 0 1 0
vn 0 1 0
vn 0 1 0
vn 0 1 0
f 337/1025/1025 343/1028/1028 341/1027/1027 339/1026/1026
f 342/1031/1031 344/1032/1032 338/1029/1029 340/1030/1030
f 337/1009/1009 339/1011/1011 340/1012/1012 338/1010/1010
f 339/1013/1013 341/1015/1015 342/1016/1016 340/1014/1014
f 341/1017/1017 343/1019/1019 344/1020/1020 342/1018/1018
f 343/1021/1021 337/1023/1023 338/1024/1024 344/1022/1022
g object_44
v 11.497749328613281 17 -51.986198425292969
v 11.497749328613281 20 -51.986198425292969
v 17.997749328613281 17 -51.986198425292969
v 17.997749328613281 20 -51.986198425292969
v 17.997749328613281 17 -56.986198425292969
v 17.997749328613281 20 -56.986198425292969
v 11.497749328613281 17 -56.986198425292969
v 11.497749328613281 20 -56.986198425292969
vt 0 0
vt 0 0.61538422107696533
vt 0.28260868787765503 0
vt 0.28260868787765503 0.61538422107696533
vt 0.28260868787765503 0
vt 0.28260868787765503 0.61538422107696533
vt 0.5 0
vt 0.5 0.61538422107696533
vt 0.5 0
vt 0.5 0.61538422107696533
vt 0.78260868787765503 0
vt 0.78260868787765503 0.61538422107696533
vt 0.78260868787765503 0
vt 0.78260868787765503 0.61538422107696533
vt 1 0
vt 1 0.61538422107696533
vt 0.28260868787765503 0.61538487672805786
vt 0 0.61538487672805786
vt 0 1
vt 0.28260868787765503 1
vt 1 1
vt 0.71739131212234497 1
vt 0.71739131212234497 0.61538487672805786
vt 1 0.61538487672805786
vn 0 0 1
vn 0 0 1
vn 0 0 1
vn 0 0 1
vn 1 0 0
vn 1 0 0
vn 1 0 0
vn 1 0 0
vn 0 0 -1
vn 0 0 -1
vn 0 0 -1
vn 0 0 -1
vn -1 0 0
vn -1 0 0
vn -1 0 0
vn -1 0 0
vn 0 -1 0
vn 0 -1 0
vn 0 -1 0
vn 0 -1 0
vn 0 1 0
vn 0 1 0
vn 0 1 0
vn 0 1 0
f 345/1049/1049 351/1052/1052 349/1051/1051 347/1050/1050
f 350/1055/1055 352/1056/1056 346/1053/1053 348/1054/1054
f 345/1033/1033 347/1035/1035 348/1036/1036 346/1034/1034
f 347/1037/1037 349/1039/1039 350/1040/1040 348/1038/1038
f 349/1041/1041 351/1043/1043 352/1044/1044 350/1042/1042
f 351/1045/1045 345/1047/1047 346/1048/1048 352/1046/1046
g object_45
v 11.497749328613281 14 -51.986198425292969
v 11.497749328613281 17 -51.986198425292969
v 17.997749328613281 14 -51.986198425292969
v 17.997749328613281 17 -51.986198425292969
v 17.997749328613281 14 -56.986198425292969
v 17.997749328613281 17 -56.986198425292969
v 11.497749328613281 14 -56.986198425292969
v 11.497749328613281 17 -56.986198425292969
vt 0 0
vt 0 0.61538422107696533
vt 0.28260868787765503 0
vt 0.28260868787765503 0.61538422107696533
vt 0.28260868787765503 0
vt 0.28260868787765503 0.61538422107696533
vt 0.5 0
vt 0.5 0.61538422107696533
vt 0.5 0
vt 0.5 0.61538422107696533
vt 0.78260868787765503 0
vt 0.78260868787765503 0.61538422107696533
vt 0.78260868787765503 0
vt 0.78260868787765503 0.61538422107696533
vt 1 0
vt 1 0.61538422107696533
vt 0.28260868787765503 0.61538487672805786
vt 0 0.61538487672805786
vt 0 1
vt 0.28260868787765503 1
vt 1 1
vt 0.71739131212234497 1
vt 0.71739131212234497 0.61538487672805786
vt 1 0.61538487672805786
vn 0 0 1
vn 0 0 1
vn 0 0 1
vn 0 0 1
vn 1 0 0
vn 1 0 0
vn 1 0 0
vn 1 0 0
vn 0 0 -1
vn 0 0 -1
vn 0 0 -1
vn 0 0 -1
vn -1 0 0
vn -1 0 0
vn -1 0 0
vn -1 0 0
vn 0 -1 0
vn 0 -1 0
vn 0 -1 0
vn 0 -1 0
vn 0 1 0
vn 0 1 0
vn 0 1 0
vn 0 1 0
f 353/1073/1073 359/1076/1076 357/1075/1075 355/1074/1074
f 358/1079/1079 360/1080/1080 354/1077/1077 356/1078/1078
f 353/1057/1057 355/1059/1059 356/1060/1060 354/1058/1058
f 355/1061/1061 357/1063/1063 358/1064/1064 356/1062/1062
f 357/1065/1065 359/1067/1067 360/1068/1068 358/1066/1066
f 359/1069/1069 353/1071/1071 354/1072/1072 360/1070/1070
g object_46
v 9.9977493286132812 26 -24.037010192871094
v 9.9977493286132812 29 -24.037010192871094
v 16.247749328613281 26 -24.037010192871094
v 16.247749328613281 29 -24.037010192871094
v 16.247749328613281 26 -27.986200332641602
v 16.247749328613281 29 -27.986200332641602
v 9.9977493286132812 26 -27.986200332641602
v 9.9977493286132812 29 -27.986200332641602
vt 0 0
vt 0 0.6376347541809082
vt 0.10102663189172745 0
vt 0.10102663189172745 0.6376347541809082
vt 0.10102663189172745 0
vt 0.10102663189172745 0.6376347541809082
vt 0.5 0
vt 0.5 0.6376347541809082
vt 0.5 0
vt 0.5 0.6376347541809082
vt 0.60102665424346924 0
vt 0.60102665424346924 0.6376347541809082
vt 0.60102665424346924 0
vt 0.60102665424346924 0.6376347541809082
vt 1 0
vt 1 0.6376347541809082
vt 0 1
vt 0.30639687180519104 1
vt 0.30639687180519104 0.63763535022735596
vt 0 0.63763535022735596
vt 0.69360309839248657 0.63763535022735596
vt 1 0.63763535022735596
vt 1 1
vt 0.69360309839248657 1
vn 0 0 1
vn 0 0 1
vn 0 0 1
vn 0 0 1
vn 1 0 0
vn 1 0 0
vn 1 0 0
vn 1 0 0
vn 0 0 -1
vn 0 0 -1
vn 0 0 -1
vn 0 0 -1
vn -1 0 0
vn -1 0 0
vn -1 0 0
vn -1 0 0
vn 0 -1 0
vn 0 -1 0
vn 0 -1 0
vn 0 -1 0
vn 0 1 0
vn 0 1 0
vn 0 1 0
vn 0 1 0
f 363/1098/1098 361/1097/1097 367/1100/1100 365/1099/1099
f 368/1104/1104 362/1101/1101 364/1102/1102 366/1103/1103
f 361/1081/1081 363/1083/1083 364/1084/1084 362/1082/1082
f 363/1085/1085 365/1087/1087 366/1088/1088 364/1086/1086
f 365/1089/1089 367/1091/1091 368/1092/1092 366/1090/1090
f 367/1093/1093 361/1095/1095 362/1096/1096 368/1094/1094
g object_47
v 9.9977493286132812 23 -24.037010192871094
v 9.9977493286132812 26 -24.037010192871094
v 16.247749328613281 23 -24.037010192871094
v 16.247749328613281 26 -24.037010192871094
v 16.247749328613281 23 -27.986200332641602
v 16.247749328613281 26 -27.986200332641602
v 9.9977493286132812 23 -27.986200332641602
v 9.9977493286132812 26 -27.986200332641602
vt 0 0
vt 0 0.6376347541809082
vt 0.10102663189172745 0
vt 0.10102663189172745 0.6376347541809082
vt 0.10102663189172745 0
vt 0.10102663189172745 0.6376347541809082
vt 0.5 0
vt 0.5 0.6376347541809082
vt 0.5 0
vt 0.5 0.6376347541809082
vt 0.60102665424346924 0
vt 0.60102665424346924 0.6376347541809082
vt 0.60102665424346924 0
vt 0.60102665424346924 0.6376347541809082
vt 1 0
vt 1 0.6376347541809082
vt 0 1
vt 0.30639687180519104 1
vt 0.30639687180519104 0.63763535022735596
vt 0 0.63763535022735596
vt 0.69360309839248657 0.63763535022735596
vt 1 0.63763535022735596
vt 1 1
vt 0.69360309839248657 1
vn 0 0 1
vn 0 0 1
vn 0 0 1
vn 0 0 1
vn 1 0 0
vn 1 0 0
vn 1 0 0
vn 1 0 0
vn 0 0 -1
vn 0 0 -1
vn 0 0 -1
vn 0 0 -1
vn -1 0 0
vn -1 0 0
vn -1 0 0
vn -1 0 0
vn 0 -1 0
vn 0 -1 0
vn 0 -1 0
vn 0 -1 0
vn 0 1 0
vn 0 1 0
vn 0 1 0
vn 0 1 0
f 371/1122/1122 369/1121/1121 375/1124/1124 373/1123/1123
f 376/1128/1128 370/1125/1125 372/1126/1126 374/1127/1127
f 369/1105/1105 371/1107/1107 372/1108/1108 370/1106/1106
f 371/1109/1109 373/1111/1111 374/1112/1112 372/1110/1110
f 373/1113/1113 375/1115/1115 376/1116/1116 374/1114/1114
f 375/1117/1117 369/1119/1119 370/1120/1120 376/1118/1118
g object_48
v 9.9977493286132812 20 -24.037010192871094
v 9.9977493286132812 23 -24.037010192871094
v 16.247749328613281 20 -24.037010192871094
v 16.247749328613281 23 -24.037010192871094
v 16.247749328613281 20 -27.986200332641602
v 16.247749328613281 23 -27.986200332641602
v 9.9977493286132812 20 -27.986200332641602
v 9.9977493286132812 23 -27.986200332641602
vt 0 0
vt 0 0.6376347541809082
vt 0.10102663189172745 0
vt 0.10102663189172745 0.6376347541809082
vt 0.10102663189172745 0
vt 0.10102663189172745 0.6376347541809082
vt 0.5 0
vt 0.5 0.6376347541809082
vt 0.5 0
vt 0.5 0.6376347541809082
vt 0.60102665424346924 0
vt 0.60102665424346924 0.6376347541809082
vt 0.60102665424346924 0
vt 0.60102665424346924 0.6376347541809082
vt 1 0
vt 1 0.6376347541809082
vt 0 1
vt 0.30639687180519104 1
vt 0.30639687180519104 0.63763535022735596
vt 0 0.63763535022735596
vt 0.69360309839248657 0.63763535022735596
vt 1 0.63763535022735596
vt 1 1
vt 0.69360309839248657 1
vn 0 0 1
vn 0 0 1
vn 0 0 1
vn 0 0 1
vn 1 0 0
vn 1 0 0
vn 1 0 0
vn 1 0 0
vn 0 0 -1
vn 0 0 -1
vn 0 0 -1
vn 0 0 -1
vn -1 0 0
vn -1 0 0
vn -1 0 0
vn -1 0 0
vn 0 -1 0
vn 0 -1 0
vn 0 -1 0
vn 0 -1 0
vn 0 1 0
vn 0 1 0
vn 0 1 0
vn 0 1 0
f 379/1146/1146 377/1145/1145 383/1148/1148 381/1147/1147
f 384/1152/1152 378/1149/1149 380/1150/1150 382/1151/1151
f 377/1129/1129 379/1131/1131 380/1132/1132 378/1130/1130
f 379/1133/1133 381/1135/1135 382/1136/1136 380/1134/1134
f 381/1137/1137 383/1139/1139 384/1140/1140 382/1138/1138
f 383/1141/1141 377/1143/1143 378/1144/1144 384/1142/1142
g object_49
v 9.9977493286132812 17 -24.037010192871094
v 9.9977493286132812 20 -24.037010192871094
v 16.247749328613281 17 -24.037010192871094
v 16.247749328613281 20 -24.037010192871094
v 16.247749328613281 17 -27.986200332641602
v 16.247749328613281 20 -27.986200332641602
v 9.9977493286132812 17 -27.986200332641602
v 9.9977493286132812 20 -27.986200332641602
vt 0 0
vt 0 0.6376347541809082
vt 0.10102663189172745 0
vt 0.10102663189172745 0.6376347541809082
vt 0.10102663189172745 0
vt 0.10102663189172745 0.6376347541809082
vt 0.5 0
vt 0.5 0.6376347541809082
vt 0.5 0
vt 0.5 0.6376347541809082
vt 0.60102665424346924 0
vt 0.60102665424346924 0.6376347541809082
vt 0.60102665424346924 0
vt 0.60102665424346924 0.6376347541809082
vt 1 0
vt 1 0.6376347541809082
vt 0 1
vt 0.30639687180519104 1
vt 0.30639687180519104 0.63763535022735596
vt 0 0.63763535022735596
vt 0.69360309839248657 0.63763535022735596
vt 1 0.63763535022735596
vt 1 1
vt 0.69360309839248657 1
vn 0 0 1
vn 0 0 1
vn 0 0 1
vn 0 0 1
vn 1 0 0
vn 1 0 0
vn 1 0 0
vn 1 0 0
vn 0 0 -1
vn 0 0 -1
vn 0 0 -1
vn 0 0 -1
vn -1 0 0
vn -1 0 0
vn -1 0 0
vn -1 0 0
vn 0 -1 0
vn 0 -1 0
vn 0 -1 0
vn 0 -1 0
vn 0 1 0
vn 0 1 0
vn 0 1 0
vn 0 1 0
f 387/1170/1170 385/1169/1169 391/1172/1172 389/1171/1171
f 392/1176/1176 386/1173/1173 388/1174/1174 390/1175/1175
f 385/1153/1153 387/1155/1155 388/1156/1156 386/1154/1154
f 387/1157/1157 389/1159/1159 390/1160/1160 388/1158/1158
f 389/1161/1161 391/1163/1163 392/1164/1164 390/1162/1162
f 391/1165/1165 385/1167/1167 386/1168/1168 392/1166/1166
g object_50
v 9.9977493286132812 14 -24.037010192871094
v 9.9977493286132812 17 -24.037010192871094
v 16.247749328613281 14 -24.037010192871094
v 16.247749328613281 17 -24.037010192871094
v 16.247749328613281 14 -27.986200332641602
v 16.247749328613281 17 -27.986200332641602
v 9.9977493286132812 14 -27.986200332641602
v 9.9977493286132812 17 -27.986200332641602
vt 0 0
vt 0 0.6376347541809082
vt 0.10102663189172745 0
vt 0.10102663189172745 0.6376347541809082
vt 0.10102663189172745 0
vt 0.10102663189172745 0.6376347541809082
vt 0.5 0
vt 0.5 0.6376347541809082
vt 0.5 0
vt 0.5 0.6376347541809082
vt 0.60102665424346924 0
vt 0.60102665424346924 0.6376347541809082
vt 0.60102665424346924 0
vt 0.60102665424346924 0.6376347541809082
vt 1 0
vt 1 0.6376347541809082
vt 0 1
vt 0.30639687180519104 1
vt 0.30639687180519104 0.63763535022735596
vt 0 0.63763535022735596
vt 0.69360309839248657 0.63763535022735596
vt 1 0.63763535022735596
vt 1 1
vt 0.69360309839248657 1
vn 0 0 1
vn 0 0 1
vn 0 0 1
vn 0 0 1
vn 1 0 0
vn 1 0 0
vn 1 0 0
vn 1 0 0
vn 0 0 -1
vn 0 0 -1
vn 0 0 -1
vn 0 0 -1
vn -1 0 0
vn -1 0 0
vn -1 0 0
vn -1 0 0
vn 0 -1 0
vn 0 -1 0
vn 0 -1 0
vn 0 -1 0
vn 0 1 0
vn 0 1 0
vn 0 1 0
vn 0 1 0
f 395/1194/1194 393/1193/1193 399/1196/1196 397/1195/1195
f 400/1200/1200 394/1197/1197 396/1198/1198 398/1199/1199
f 393/1177/1177 395/1179/1179 396/1180/1180 394/1178/1178
f 395/1181/1181 397/1183/1183 398/1184/1184 396/1182/1182
f 397/1185/1185 399/1187/1187 400/1188/1188 398/1186/1186
f 399/1189/1189 393/1191/1191 394/1192/1192 400/1190/1190
g object_51
v 9.9977493286132812 11 -24.037010192871094
v 9.9977493286132812 14 -24.037010192871094
v 16.247749328613281 11 -24.037010192871094
v 16.247749328613281 14 -24.037010192871094
v 16.247749328613281 11 -27.986200332641602
v 16.247749328613281 14 -27.986200332641602
v 9.9977493286132812 11 -27.986200332641602
v 9.9977493286132812 14 -27.986200332641602
vt 0 0
vt 0 0.6376347541809082
vt 0.10102663189172745 0
vt 0.10102663189172745 0.6376347541809082
vt 0.10102663189172745 0
vt 0.10102663189172745 0.6376347541809082
vt 0.5 0
vt 0.5 0.6376347541809082
vt 0.5 0
vt 0.5 0.6376347541809082
vt 0.60102665424346924 0
vt 0.60102665424346924 0.6376347541809082
vt 0.60102665424346924 0
vt 0.60102665424346924 0.6376347541809082
vt 1 0
vt 1 0.6376347541809082
vt 0 1
vt 0.30639687180519104 1
vt 0.30639687180519104 0.63763535022735596
vt 0 0.63763535022735596
vt 0.69360309839248657 0.63763535022735596
vt 1 0.63763535022735596
vt 1 1
vt 0.69360309839248657 1
vn 0 0 1
vn 0 0 1
vn 0 0 1
vn 0 0 1
vn 1 0 0
vn 1 0 0
vn 1 0 0
vn 1 0 0
vn 0 0 -1
vn 0 0 -1
vn 0 0 -1
vn 0 0 -1
vn -1 0 0
vn -1 0 0
vn -1 0 0
vn -1 0 0
vn 0 -1 0
vn 0 -1 0
vn 0 -1 0
vn 0 -1 0
vn 0 1 0
vn 0 1 0
vn 0 1 0
vn 0 1 0
f 403/1218/1218 401/1217/1217 407/1220/1220 405/1219/1219
f 408/1224/1224 402/1221/1221 404/1222/1222 406/1223/1223
f 401/1201/1201 403/1203/1203 404/1204/1204 402/1202/1202
f 403/1205/1205 405/1207/1207 406/1208/1208 404/1206/1206
f 405/1209/1209 407/1211/1211 408/1212/1212 406/1210/1210
f 407/1213/1213 401/1215/1215 402/1216/1216 408/1214/1214
g object_52
v 9.9977493286132812 8 -24.037010192871094
v 9.9977493286132812 11 -24.037010192871094
v 16.247749328613281 8 -24.037010192871094
v 16.247749328613281 11 -24.037010192871094
v 16.247749328613281 8 -27.986200332641602
v 16.247749328613281 11 -27.986200332641602
v 9.9977493286132812 8 -27.986200332641602
v 9.9977493286132812 11 -27.986200332641602
vt 0 0
vt 0 0.6376347541809082
vt 0.10102663189172745 0
vt 0.10102663189172745 0.6376347541809082
vt 0.10102663189172745 0
vt 0.10102663189172745 0.6376347541809082
vt 0.5 0
vt 0.5 0.6376347541809082
vt 0.5 0
vt 0.5 0.6376347541809082
vt 0.60102665424346924 0
vt 0.60102665424346924 0.6376347541809082
vt 0.60102665424346924 0
vt 0.60102665424346924 0.6376347541809082
vt 1 0
vt 1 0.6376347541809082
vt 0 1
vt 0.30639687180519104 1
vt 0.30639687180519104 0.63763535022735596
vt 0 0.63763535022735596
vt 0.69360309839248657 0.63763535022735596
vt 1 0.63763535022735596
vt 1 1
vt 0.69360309839248657 1
vn 0 0 1
vn 0 0 1
vn 0 0 1
vn 0 0 1
vn 1 0 0
vn 1 0 0
vn 1 0 0
vn 1 0 0
vn 0 0 -1
vn 0 0 -1
vn 0 0 -1
vn 0 0 -1
vn -1 0 0
vn -1 0 0
vn -1 0 0
vn -1 0 0
vn 0 -1 0
vn 0 -1 0
vn 0 -1 0
vn 0 -1 0
vn 0 1 0
vn 0 1 0
vn 0 1 0
vn 0 1 0
f 411/1242/1242 409/1241/1241 415/1244/1244 413/1243/1243
f 416/1248/1248 410/1245/1245 412/1246/1246 414/1247/1247
f 409/1225/1225 411/1227/1227 412/1228/1228 410/1226/1226
f 411/1229/1229 413/1231/1231 414/1232/1232 412/1230/1230
f 413/1233/1233 415/1235/1235 416/1236/1236 414/1234/1234
f 415/1237/1237 409/1239/1239 410/1240/1240 416/1238/1238
g object_53
v 9.9977493286132812 5 -24.037010192871094
v 9.9977493286132812 8 -24.037010192871094
v 16.247749328613281 5 -24.037010192871094
v 16.247749328613281 8 -24.037010192871094
v 16.247749328613281 5 -27.986200332641602
v 16.247749328613281 8 -27.986200332641602
v 9.9977493286132812 5 -27.986200332641602
v 9.9977493286132812 8 -27.986200332641602
vt 0 0
vt 0 0.6376347541809082
vt 0.10102663189172745 0
vt 0.10102663189172745 0.6376347541809082
vt 0.10102663189172745 0
vt 0.10102663189172745 0.6376347541809082
vt 0.5 0
vt 0.5 0.6376347541809082
vt 0.5 0
vt 0.5 0.6376347541809082
vt 0.60102665424346924 0
vt 0.60102665424346924 0.6376347541809082
vt 0.60102665424346924 0
vt 0.60102665424346924 0.6376347541809082
vt 1 0
vt 1 0.6376347541809082
vt 0 1
vt 0.30639687180519104 1
vt 0.30639687180519104 0.63763535022735596
vt 0 0.63763535022735596
vt 0.69360309839248657 0.63763535022735596
vt 1 0.63763535022735596
vt 1 1
vt 0.69360309839248657 1
vn 0 0 1
vn 0 0 1
vn 0 0 1
vn 0 0 1
vn 1 0 0
vn 1 0 0
vn 1 0 0
vn 1 0 0
vn 0 0 -1
vn 0 0 -1
vn 0 0 -1
vn 0 0 -1
vn -1 0 0
vn -1 0 0
vn -1 0 0
vn -1 0 0
vn 0 -1 0
vn 0 -1 0
vn 0 -1 0
vn 0 -1 0
vn 0 1 0
vn 0 1 0
vn 0 1 0
vn 0 1 0
f 419/1266/1266 417/1265/1265 423/1268/1268 421/1267/1267
f 424/1272/1272 418/1269/1269 420/1270/1270 422/1271/1271
f 417/1249/1249 419/1251/1251 420/1252/1252 418/1250/1250
f 419/1253/1253 421/1255/1255 422/1256/1256 420/1254/1254
f 421/1257/1257 423/1259/1259 424/1260/1260 422/1258/1258
f 423/1261/1261 417/1263/1263 418/1264/1264 424/1262/1262
g object_54
v 9.9977493286132812 26 -20.087820053100586
v 9.9977493286132812 29 -20.087820053100586
v 16.247749328613281 26 -20.087820053100586
v 16.247749328613281 29 -20.087820053100586
v 16.247749328613281 26 -24.037010192871094
v 16.247749328613281 29 -24.037010192871094
v 9.9977493286132812 26 -24.037010192871094
v 9.9977493286132812 29 -24.037010192871094
vt 0 0
vt 0 0.6376347541809082
vt 0.10102663189172745 0
vt 0.10102663189172745 0.6376347541809082
vt 0.10102663189172745 0
vt 0.10102663189172745 0.6376347541809082
vt 0.5 0
vt 0.5 0.6376347541809082
vt 0.5 0
vt 0.5 0.6376347541809082
vt 0.60102665424346924 0
vt 0.60102665424346924 0.6376347541809082
vt 0.60102665424346924 0
vt 0.60102665424346924 0.6376347541809082
vt 1 0
vt 1 0.6376347541809082
vt 0 1
vt 0.30639687180519104 1
vt 0.30639687180519104 0.63763535022735596
vt 0 0.63763535022735596
vt 0.69360309839248657 0.63763535022735596
vt 1 0.63763535022735596
vt 1 1
vt 0.69360309839248657 1
vn 0 0 1
vn 0 0 1
vn 0 0 1
vn 0 0 1
vn 1 0 0
vn 1 0 0
vn 1 0 0
vn 1 0 0
vn 0 0 -1
vn 0 0 -1
vn 0 0 -1
vn 0 0 -1
vn -1 0 0
vn -1 0 0
vn -1 0 0
vn -1 0 0
vn 0 -1 0
vn 0 -1 0
vn 0 -1 0
vn 0 -1 0
vn 0 1 0
vn 0 1 0
vn 0 1 0
vn 0 1 0
f 427/1290/1290 425/1289/1289 431/1292/1292 429/1291/1291
f 432/1296/1296 426/1293/1293 428/1294/1294 430/1295/1295
f 425/1273/1273 427/1275/1275 428/1276/1276 426/1274/1274
f 427/1277/1277 429/1279/1279 430/1280/1280 428/1278/1278
f 429/1281/1281 431/1283/1283 432/1284/1284 430/1282/1282
f 431/1285/1285 425/1287/1287 426/1288/1288 432/1286/1286
g object_55
v 9.9977493286132812 23 -20.087820053100586
v 9.9977493286132812 26 -20.087820053100586
v 16.247749328613281 23 -20.087820053100586
v 16.247749328613281 26 -20.087820053100586
v 16.247749328613281 23 -24.037010192871094
v 16.247749328613281 26 -24.037010192871094
v 9.9977493286132812 23 -24.037010192871094
v 9.9977493286132812 26 -24.037010192871094
vt 0 0
vt 0 0.6376347541809082
vt 0.10102663189172745 0
vt 0.10102663189172745 0.6376347541809082
vt 0.10102663189172745 0
vt 0.10102663189172745 0.6376347541809082
vt 0.5 0
vt 0.5 0.6376347541809082
vt 0.5 0
vt 0.5 0.6376347541809082
vt 0.60102665424346924 0
vt 0.60102665424346924 0.6376347541809082
vt 0.60102665424346924 0
vt 0.60102665424346924 0.6376347541809082
vt 1 0
vt 1 0.6376347541809082
vt 0 1
vt 0.30639687180519104 1
vt 0.30639687180519104 0.63763535022735596
vt 0 0.63763535022735596
vt 0.69360309839248657 0.63763535022735596
vt 1 0.63763535022735596
vt 1 1
vt 0.69360309839248657 1
vn 0 0 1
vn 0 0 1
vn 0 0 1
vn 0 0 1
vn 1 0 0
vn 1 0 0
vn 1 0 0
vn 1 0 0
vn 0 0 -1
vn 0 0 -1
vn 0 0 -1
vn 0 0 -1
vn -1 0 0
vn -1 0 0
vn -1 0 0
vn -1 0 0
vn 0 -1 0
vn 0 -1 0
vn 0 -1 0
vn 0 -1 0
vn 0 1 0
vn 0 1 0
vn 0 1 0
vn 0 1 0
f 435/1314/1314 433/1313/1313 439/1316/1316 437/1315/1315
f 440/1320/1320 434/1317/1317 436/1318/1318 438/1319/1319
f 433/1297/1297 435/1299/1299 436/1300/1300 434/1298/1298
f 435/1301/1301 437/1303/1303 438/1304/1304 436/1302/1302
f 437/1305/1305 439/1307/1307 440/1308/1308 438/1306/1306
f 439/1309/1309 433/1311/1311 434/1312/1312 440/1310/1310
g object_56
v 9.9977493286132812 20 -20.087820053100586
v 9.9977493286132812 23 -20.087820053100586
v 16.247749328613281 20 -20.087820053100586
v 16.247749328613281 23 -20.087820053100586
v 16.247749328613281 20 -24.037010192871094
v 16.247749328613281 23 -24.037010192871094
v 9.9977493286132812 20 -24.037010192871094
v 9.9977493286132812 23 -24.037010192871094
vt 0 0
vt 0 0.6376347541809082
vt 0.10102663189172745 0
vt 0.10102663189172745 0.6376347541809082
vt 0.10102663189172745 0
vt 0.10102663189172745 0.6376347541809082
vt 0.5 0
vt 0.5 0.6376347541809082
vt 0.5 0
vt 0.5 0.6376347541809082
vt 0.60102665424346924 0
vt 0.60102665424346924 0.6376347541809082
vt 0.60102665424346924 0
vt 0.60102665424346924 0.6376347541809082
vt 1 0
vt 1 0.6376347541809082
vt 0 1
vt 0.30639687180519104 1
vt 0.30639687180519104 0.63763535022735596
vt 0 0.63763535022735596
vt 0.69360309839248657 0.63763535022735596
vt 1 0.63763535022735596
vt 1 1
vt 0.69360309839248657 1
vn 0 0 1
vn 0 0 1
vn 0 0 1
vn 0 0 1
vn 1 0 0
vn 1 0 0
vn 1 0 0
vn 1 0 0
vn 0 0 -1
vn 0 0 -1
vn 0 0 -1
vn 0 0 -1
vn -1 0 0
vn -1 0 0
vn -1 0 0
vn -1 0 0
vn 0 -1 0
vn 0 -1 0
vn 0 -1 0
vn 0 -1 0
vn 0 1 0
vn 0 1 0
vn 0 1 0
vn 0 1 0
f 443/1338/1338 441/1337/1337 447/1340/1340 445/1339/1339
f 448/1344/1344 442/1341/1341 444/1342/1342 446/1343/1343
f 441/1321/1321 443/1323/1323 444/1324/1324 442/1322/1322
f 443/1325/1325 445/1327/1327 446/1328/1328 444/1326/1326
f 445/1329/1329 447/1331/1331 448/1332/1332 446/1330/1330
f 447/1333/1333 441/1335/1335 442/1336/1336 448/1334/1334
g object_57
v 9.9977493286132812 17 -20.087820053100586
v 9.9977493286132812 20 -20.087820053100586
v 16.247749328613281 17 -20.087820053100586
v 16.247749328613281 20 -20.087820053100586
v 16.247749328613281 17 -24.037010192871094
v 16.247749328613281 20 -24.037010192871094
v 9.9977493286132812 17 -24.037010192871094
v 9.9977493286132812 20 -24.037010192871094
vt 0 0
vt 0 0.6376347541809082
vt 0.10102663189172745 0
vt 0.10102663189172745 0.6376347541809082
vt 0.10102663189172745 0
vt 0.10102663189172745 0.6376347541809082
vt 0.5 0
vt 0.5 0.6376347541809082
vt 0.5 0
vt 0.5 0.6376347541809082
vt 0.60102665424346924 0
vt 0.60102665424346924 0.6376347541809082
vt 0.60102665424346924 0
vt 0.60102665424346924 0.6376347541809082
vt 1 0
vt 1 0.6376347541809082
vt 0 1
vt 0.30639687180519104 1
vt 0.30639687180519104 0.63763535022735596
vt 0 0.63763535022735596
vt 0.69360309839248657 0.63763535022735596
vt 1 0.63763535022735596
vt 1 1
vt 0.69360309839248657 1
vn 0 0 1
vn 0 0 1
vn 0 0 1
vn 0 0 1
vn 1 0 0
vn 1 0 0
vn 1 0 0
vn 1 0 0
vn 0 0 -1
vn 0 0 -1
vn 0 0 -1
vn 0 0 -1
vn -1 0 0
vn -1 0 0
vn -1 0 0
vn -1 0 0
vn 0 -1 0
vn 0 -1 0
vn 0 -1 0
vn 0 -1 0
vn 0 1 0
vn 0 1 0
vn 0 1 0
vn 0 1 0
f 451/1362/1362 449/1361/1361 455/1364/1364 453/1363/1363
f 456/1368/1368 450/1365/1365 452/1366/1366 454/1367/1367
f 449/1345/1345 451/1347/1347 452/1348/1348 450/1346/1346
f 451/1349/1349 453/1351/1351 454/1352/1352 452/1350/1350
f 453/1353/1353 455/1355/1355 456/1356/1356 454/1354/1354
f 455/1357/1357 449/1359/1359 450/1360/1360 456/1358/1358
g object_58
v 9.9977493286132812 14 -20.087820053100586
v 9.9977493286132812 17 -20.087820053100586
v 16.247749328613281 14 -20.087820053100586
v 16.247749328613281 17 -20.087820053100586
v 16.247749328613281 14 -24.037010192871094
v 16.247749328613281 17 -24.037010192871094
v 9.9977493286132812 14 -24.037010192871094
v 9.9977493286132812 17 -24.037010192871094
vt 0 0
vt 0 0.6376347541809082
vt 0.10102663189172745 0
vt 0.10102663189172745 0.6376347541809082
vt 0.10102663189172745 0
vt 0.10102663189172745 0.6376347541809082
vt 0.5 0
vt 0.5 0.6376347541809082
vt 0.5 0
vt 0.5 0.6376347541809082
vt 0.60102665424346924 0
vt 0.60102665424346924 0.6376347541809082
vt 0.60102665424346924 0
vt 0.60102665424346924 0.6376347541809082
vt 1 0
vt 1 0.6376347541809082
vt 0 1
vt 0.30639687180519104 1
vt 0.30639687180519104 0.63763535022735596
vt 0 0.63763535022735596
vt 0.69360309839248657 0.63763535022735596
vt 1 0.63763535022735596
vt 1 1
vt 0.69360309839248657 1
vn 0 0 1
vn 0 0 1
vn 0 0 1
vn 0 0 1
vn 1 0 0
vn 1 0 0
vn 1 0 0
vn 1 0 0
vn 0 0 -1
vn 0 0 -1
vn 0 0 -1
vn 0 0 -1
vn -1 0 0
vn -1 0 0
vn -1 0 0
vn -1 0 0
vn 0 -1 0
vn 0 -1 0
vn 0 -1 0
vn 0 -1 0
vn 0 1 0
vn 0 1 0
vn 0 1 0
vn 0 1 0
f 459/1386/1386 457/1385/1385 463/1388/1388 461/1387/1387
f 464/1392/1392 458/1389/1389 460/1390/1390 462/1391/1391
f 457/1369/1369 459/1371/1371 460/1372/1372 458/1370/1370
f 459/1373/1373 461/1375/1375 462/1376/1376 460/1374/1374
f 461/1377/1377 463/1379/1379 464/1380/1380 462/1378/1378
f 463/1381/1381 457/1383/1383 458/1384/1384 464/1382/1382
g object_59
v 9.9977493286132812 11 -20.087820053100586
v 9.9977493286132812 14 -20.087820053100586
v 16.247749328613281 11 -20.087820053100586
v 16.247749328613281 14 -20.087820053100586
v 16.247749328613281 11 -24.037010192871094
v 16.247749328613281 14 -24.037010192871094
v 9.9977493286132812 11 -24.037010192871094
v 9.9977493286132812 14 -24.037010192871094
vt 0 0
vt 0 0.6376347541809082
vt 0.10102663189172745 0
vt 0.10102663189172745 0.6376347541809082
vt 0.10102663189172745 0
vt 0.10102663189172745 0.6376347541809082
vt 0.5 0
vt 0.5 0.6376347541809082
vt 0.5 0
vt 0.5 0.6376347541809082
vt 0.60102665424346924 0
vt 0.60102665424346924 0.6376347541809082
vt 0.60102665424346924 0
vt 0.60102665424346924 0.6376347541809082
vt 1 0
vt 1 0.6376347541809082
vt 0 1
vt 0.30639687180519104 1
vt 0.30639687180519104 0.63763535022735596
vt 0 0.63763535022735596
vt 0.69360309839248657 0.63763535022735596
vt 1 0.63763535022735596
vt 1 1
vt 0.69360309839248657 1
vn 0 0 1
vn 0 0 1
vn 0 0 1
vn 0 0 1
vn 1 0 0
vn 1 0 0
vn 1 0 0
vn 1 0 0
vn 0 0 -1
vn 0 0 -1
vn 0 0 -1
vn 0 0 -1
vn -1 0 0
vn -1 0 0
vn -1 0 0
vn -1 0 0
vn 0 -1 0
vn 0 -1 0
vn 0 -1 0
vn 0 -1 0
vn 0 1 0
vn 0 1 0
vn 0 1 0
vn 0 1 0
f 467/1410/1410 465/1409/1409 471/1412/1412 469/1411/1411
f 472/1416/1416 466/1413/1413 468/1414/1414 470/1415/1415
f 465/1393/1393 467/1395/1395 468/1396/1396 466/1394/1394
f 467/1397/1397 469/1399/1399 470/1400/1400 468/1398/1398
f 469/1401/1401 471/1403/1403 472/1404/1404 470/1402/1402
f 471/1405/1405 465/1407/1407 466/1408/1408 472/1406/1406
g object_60
v 9.9977493286132812 8 -20.087820053100586
v 9.9977493286132812 11 -20.087820053100586
v 16.247749328613281 8 -20.087820053100586
v 16.247749328613281 11 -20.087820053100586
v 16.247749328613281 8 -24.037010192871094
v 16.247749328613281 11 -24.037010192871094
v 9.9977493286132812 8 -24.037010192871094
v 9.9977493286132812 11 -24.037010192871094
vt 0 0
vt 0 0.6376347541809082
vt 0.10102663189172745 0
vt 0.10102663189172745 0.6376347541809082
vt 0.10102663189172745 0
vt 0.10102663189172745 0.6376347541809082
vt 0.5 0
vt 0.5 0.6376347541809082
vt 0.5 0
vt 0.5 0.6376347541809082
vt 0.60102665424346924 0
vt 0.60102665424346924 0.6376347541809082
vt 0.60102665424346924 0
vt 0.60102665424346924 0.6376347541809082
vt 1 0
vt 1 0.6376347541809082
vt 0 1
vt 0.30639687180519104 1
vt 0.30639687180519104 0.63763535022735596
vt 0 0.63763535022735596
vt 0.69360309839248657 0.63763535022735596
vt 1 0.63763535022735596
vt 1 1
vt 0.69360309839248657 1
vn 0 0 1
vn 0 0 1
vn 0 0 1
vn 0 0 1
vn 1 0 0
vn 1 0 0
vn 1 0 0
vn 1 0 0
vn 0 0 -1
vn 0 0 -1
vn 0 0 -1
vn 0 0 -1
vn -1 0 0
vn -1 0 0
vn -1 0 0
vn -1 0 0
vn 0 -1 0
vn 0 -1 0
vn 0 -1 0
vn 0 -1 0
vn 0 1 0
vn 0 1 0
vn 0 1 0
vn 0 1 0
f 475/1434/1434 473/1433/1433 479/1436/1436 477/1435/1435
f 480/1440/1440 474/1437/1437 476/1438/1438 478/1439/1439
f 473/1417/1417 475/1419/1419 476/1420/1420 474/1418/1418
f 475/1421/1421 477/1423/1423 478/1424/1424 476/1422/1422
f 477/1425/1425 479/1427/1427 480/1428/1428 478/1426/1426
f 479/1429/1429 473/1431/1431 474/1432/1432 480/1430/1430
g object_61
v 9.9977493286132812 5 -20.087820053100586
v 9.9977493286132812 8 -20.087820053100586
v 16.247749328613281 5 -20.087820053100586
v 16.247749328613281 8 -20.087820053100586
v 16.247749328613281 5 -24.037010192871094
v 16.247749328613281 8 -24.037010192871094
v 9.9977493286132812 5 -24.037010192871094
v 9.9977493286132812 8 -24.037010192871094
vt 0 0
vt 0 0.6376347541809082
vt 0.10102663189172745 0
vt 0.10102663189172745 0.6376347541809082
vt 0.10102663189172745 0
vt 0.10102663189172745 0.6376347541809082
vt 0.5 0
vt 0.5 0.6376347541809082
vt 0.5 0
vt 0.5 0.6376347541809082
vt 0.60102665424346924 0
vt 0.60102665424346924 0.6376347541809082
vt 0.60102665424346924 0
vt 0.60102665424346924 0.6376347541809082
vt 1 0
vt 1 0.6376347541809082
vt 0 1
vt 0.30639687180519104 1
vt 0.30639687180519104 0.63763535022735596
vt 0 0.63763535022735596
vt 0.69360309839248657 0.63763535022735596
vt 1 0.63763535022735596
vt 1 1
vt 0.69360309839248657 1
vn 0 0 1
vn 0 0 1
vn 0 0 1
vn 0 0 1
vn 1 0 0
vn 1 0 0
vn 1 0 0
vn 1 0 0
vn 0 0 -1
vn 0 0 -1
vn 0 0 -1
vn 0 0 -1
vn -1 0 0
vn -1 0 0
vn -1 0 0
vn -1 0 0
vn 0 -1 0
vn 0 -1 0
vn 0 -1 0
vn 0 -1 0
vn 0 1 0
vn 0 1 0
vn 0 1 0
vn 0 1 0
f 483/1458/1458 481/1457/1457 487/1460/1460 485/1459/1459
f 488/1464/1464 482/1461/1461 484/1462/1462 486/1463/1463
f 481/1441/1441 483/1443/1443 484/1444/1444 482/1442/1442
f 483/1445/1445 485/1447/1447 486/1448/1448 484/1446/1446
f 485/1449/1449 487/1451/1451 488/1452/1452 486/1450/1450
f 487/1453/1453 481/1455/1455 482/1456/1456 488/1454/1454
g object_62
v 9.9977493286132812 23 -16.138629913330078
v 9.9977493286132812 26 -16.138629913330078
v 16.247749328613281 23 -16.138629913330078
v 16.247749328613281 26 -16.138629913330078
v 16.247749328613281 23 -20.087820053100586
v 16.247749328613281 26 -20.087820053100586
v 9.9977493286132812 23 -20.087820053100586
v 9.9977493286132812 26 -20.087820053100586
vt 0 0
vt 0 0.6376347541809082
vt 0.10102663189172745 0
vt 0.10102663189172745 0.6376347541809082
vt 0.10102663189172745 0
vt 0.10102663189172745 0.6376347541809082
vt 0.5 0
vt 0.5 0.6376347541809082
vt 0.5 0
vt 0.5 0.6376347541809082
vt 0.60102665424346924 0
vt 0.60102665424346924 0.6376347541809082
vt 0.60102665424346924 0
vt 0.60102665424346924 0.6376347541809082
vt 1 0
vt 1 0.6376347541809082
vt 0 1
vt 0.30639687180519104 1
vt 0.30639687180519104 0.63763535022735596
vt 0 0.63763535022735596
vt 0.69360309839248657 0.63763535022735596
vt 1 0.63763535022735596
vt 1 1
vt 0.69360309839248657 1
vn 0 0 1
vn 0 0 1
vn 0 0 1
vn 0 0 1
vn 1 0 0
vn 1 0 0
vn 1 0 0
vn 1 0 0
vn 0 0 -1
vn 0 0 -1
vn 0 0 -1
vn 0 0 -1
vn -1 0 0
vn -1 0 0
vn -1 0 0
vn -1 0 0
vn 0 -1 0
vn 0 -1 0
vn 0 -1 0
vn 0 -1 0
vn 0 1 0
vn 0 1 0
vn 0 1 0
vn 0 1 0
f 491/1482/1482 489/1481/1481 495/1484/1484 493/1483/1483
f 496/1488/1488 490/1485/1485 492/1486/1486 494/1487/1487
f 489/1465/1465 491/1467/1467 492/1468/1468 490/1466/1466
f 491/1469/1469 493/1471/1471 494/1472/1472 492/1470/1470
f 493/1473/1473 495/1475/1475 496/1476/1476 494/1474/1474
f 495/1477/1477 489/1479/1479 490/1480/1480 496/1478/1478
g object_63
v 9.9977493286132812 20 -16.138629913330078
v 9.9977493286132812 23 -16.138629913330078
v 16.247749328613281 20 -16.138629913330078
v 16.247749328613281 23 -16.138629913330078
v 16.247749328613281 20 -20.087820053100586
v 16.247749328613281 23 -20.087820053100586
v 9.9977493286132812 20 -20.087820053100586
v 9.9977493286132812 23 -20.087820053100586
vt 0 0
vt 0 0.6376347541809082
vt 0.10102663189172745 0
vt 0.10102663189172745 0.6376347541809082
vt 0.10102663189172745 0
vt 0.10102663189172745 0.6376347541809082
vt 0.5 0
vt 0.5 0.6376347541809082
vt 0.5 0
vt 0.5 0.6376347541809082
vt 0.60102665424346924 0
vt 0.60102665424346924 0.6376347541809082
vt 0.60102665424346924 0
vt 0.60102665424346924 0.6376347541809082
vt 1 0
vt 1 0.6376347541809082
vt 0 1
vt 0.30639687180519104 1
vt 0.30639687180519104 0.63763535022735596
vt 0 0.63763535022735596
vt 0.69360309839248657 0.63763535022735596
vt 1 0.63763535022735596
vt 1 1
vt 0.69360309839248657 1
vn 0 0 1
vn 0 0 1
vn 0 0 1
vn 0 0 1
vn 1 0 0
vn 1 0 0
vn 1 0 0
vn 1 0 0
vn 0 0 -1
vn 0 0 -1
vn 0 0 -1
vn 0 0 -1
vn -1 0 0
vn -1 0 0
vn -1 0 0
vn -1 0 0
vn 0 -1 0
vn 0 -1 0
vn 0 -1 0
vn 0 -1 0
vn 0 1 0
vn 0 1 0
vn 0 1 0
vn 0 1 0
f 499/1506/1506 497/1505/1505 503/1508/1508 501/1507/1507
f 504/1512/1512 498/1509/1509 500/1510/1510 502/1511/1511
f 497/1489/1489 499/1491/1491 500/1492/1492 498/1490/1490
f 499/1493/1493 501/1495/1495 502/1496/1496 500/1494/1494
f 501/1497/1497 503/1499/1499 504/1500/1500 502/1498/1498
f 503/1501/1501 497/1503/1503 498/1504/1504 504/1502/1502
g object_64
v 9.9977493286132812 17 -16.138629913330078
v 9.9977493286132812 20 -16.138629913330078
v 16.247749328613281 17 -16.138629913330078
v 16.247749328613281 20 -16.138629913330078
v 16.247749328613281 17 -20.087820053100586
v 16.247749328613281 20 -20.087820053100586
v 9.9977493286132812 17 -20.087820053100586
v 9.9977493286132812 20 -20.087820053100586
vt 0 0
vt 0 0.6376347541809082
vt 0.10102663189172745 0
vt 0.10102663189172745 0.6376347541809082
vt 0.10102663189172745 0
vt 0.10102663189172745 0.6376347541809082
vt 0.5 0
vt 0.5 0.6376347541809082
vt 0.5 0
vt 0.5 0.6376347541809082
vt 0.60102665424346924 0
vt 0.60102665424346924 0.6376347541809082
vt 0.60102665424346924 0
vt 0.60102665424346924 0.6376347541809082
vt 1 0
vt 1 0.6376347541809082
vt 0 1
vt 0.30639687180519104 1
vt 0.30639687180519104 0.63763535022735596
vt 0 0.63763535022735596
vt 0.69360309839248657 0.63763535022735596
vt 1 0.63763535022735596
vt 1 1
vt 0.69360309839248657 1
vn 0 0 1
vn 0 0 1
vn 0 0 1
vn 0 0 1
vn 1 0 0
vn 1 0 0
vn 1 0 0
vn 1 0 0
vn 0 0 -1
vn 0 0 -1
vn 0 0 -1
vn 0 0 -1
vn -1 0 0
vn -1 0 0
vn -1 0 0
vn -1 0 0
vn 0 -1 0
vn 0 -1 0
vn 0 -1 0
vn 0 -1 0
vn 0 1 0
vn 0 1 0
vn 0 1 0
vn 0 1 0
f 507/1530/1530 505/1529/1529 511/1532/1532 509/1531/1531
f 512/1536/1536 506/1533/1533 508/1534/1534 510/1535/1535
f 505/1513/1513 507/1515/1515 508/1516/1516 506/1514/1514
f 507/1517/1517 509/1519/1519 510/1520/1520 508/1518/1518
f 509/1521/1521 511/1523/1523 512/1524/1524 510/1522/1522
f 511/1525/1525 505/1527/1527 506/1528/1528 512/1526/1526
g object_65
v 9.9977493286132812 14 -16.138629913330078
v 9.9977493286132812 17 -16.138629913330078
v 16.247749328613281 14 -16.138629913330078
v 16.247749328613281 17 -16.138629913330078
v 16.247749328613281 14 -20.087820053100586
v 16.247749328613281 17 -20.087820053100586
v 9.9977493286132812 14 -20.087820053100586
v 9.9977493286132812 17 -20.087820053100586
vt 0 0
vt 0 0.6376347541809082
vt 0.10102663189172745 0
vt 0.10102663189172745 0.6376347541809082
vt 0.10102663189172745 0
vt 0.10102663189172745 0.6376347541809082
vt 0.5 0
vt 0.5 0.6376347541809082
vt 0.5 0
vt 0.5 0.6376347541809082
vt 0.60102665424346924 0
vt 0.60102665424346924 0.6376347541809082
vt 0.60102665424346924 0
vt 0.60102665424346924 0.6376347541809082
vt 1 0
vt 1 0.6376347541809082
vt 0 1
vt 0.30639687180519104 1
vt 0.30639687180519104 0.63763535022735596
vt 0 0.63763535022735596
vt 0.69360309839248657 0.63763535022735596
vt 1 0.63763535022735596
vt 1 1
vt 0.69360309839248657 1
vn 0 0 1
vn 0 0 1
vn 0 0 1
vn 0 0 1
vn 1 0 0
vn 1 0 0
vn 1 0 0
vn 1 0 0
vn 0 0 -1
vn 0 0 -1
vn 0 0 -1
vn 0 0 -1
vn -1 0 0
vn -1 0 0
vn -1 0 0
vn -1 0 0
vn 0 -1 0
vn 0 -1 0
vn 0 -1 0
vn 0 -1 0
vn 0 1 0
vn 0 1 0
vn 0 1 0
vn 0 1 0
f 515/1554/1554 513/1553/1553 519/1556/1556 517/1555/1555
f 520/1560/1560 514/1557/1557 516/1558/1558 518/1559/1559
f 513/1537/1537 515/1539/1539 516/1540/1540 514/1538/1538
f 515/1541/1541 517/1543/1543 518/1544/1544 516/1542/1542
f 517/1545/1545 519/1547/1547 520/1548/1548 518/1546/1546
f 519/1549/1549 513/1551/1551 514/1552/1552 520/1550/1550
g object_66
v 9.9977493286132812 11 -16.138629913330078
v 9.9977493286132812 14 -16.138629913330078
v 16.247749328613281 11 -16.138629913330078
v 16.247749328613281 14 -16.138629913330078
v 16.247749328613281 11 -20.087820053100586
v 16.247749328613281 14 -20.087820053100586
v 9.9977493286132812 11 -20.087820053100586
v 9.9977493286132812 14 -20.087820053100586
vt 0 0
vt 0 0.6376347541809082
vt 0.10102663189172745 0
vt 0.10102663189172745 0.6376347541809082
vt 0.10102663189172745 0
vt 0.10102663189172745 0.6376347541809082
vt 0.5 0
vt 0.5 0.6376347541809082
vt 0.5 0
vt 0.5 0.6376347541809082
vt 0.60102665424346924 0
vt 0.60102665424346924 0.6376347541809082
vt 0.60102665424346924 0
vt 0.60102665424346924 0.6376347541809082
vt 1 0
vt 1 0.6376347541809082
vt 0 1
vt 0.30639687180519104 1
vt 0.30639687180519104 0.63763535022735596
vt 0 0.63763535022735596
vt 0.69360309839248657 0.63763535022735596
vt 1 0.63763535022735596
vt 1 1
vt 0.69360309839248657 1
vn 0 0 1
vn 0 0 1
vn 0 0 1
vn 0 0 1
vn 1 0 0
vn 1 0 0
vn 1 0 0
vn 1 0 0
vn 0 0 -1
vn 0 0 -1
vn 0 0 -1
vn 0 0 -1
vn -1 0 0
vn -1 0 0
vn -1 0 0
vn -1 0 0
vn 0 -1 0
vn 0 -1 0
vn 0 -1 0
vn 0 -1 0
vn 0 1 0
vn 0 1 0
vn 0 1 0
vn 0 1 0
f 523/1578/1578 521/1577/1577 527/1580/1580 525/1579/1579
f 528/1584/1584 522/1581/1581 524/1582/1582 526/1583/1583
f 521/1561/1561 523/1563/1563 524/1564/1564 522/1562/1562
f 523/1565/1565 525/1567/1567 526/1568/1568 524/1566/1566
f 525/1569/1569 527/1571/1571 528/1572/1572 526/1570/1570
f 527/1573/1573 521/1575/1575 522/1576/1576 528/1574/1574
g object_67
v 9.9977493286132812 8 -16.138629913330078
v 9.9977493286132812 11 -16.138629913330078
v 16.247749328613281 8 -16.138629913330078
v 16.247749328613281 11 -16.138629913330078
v 16.247749328613281 8 -20.087820053100586
v 16.247749328613281 11 -20.087820053100586
v 9.9977493286132812 8 -20.087820053100586
v 9.9977493286132812 11 -20.087820053100586
vt 0 0
vt 0 0.6376347541809082
vt 0.10102663189172745 0
vt 0.10102663189172745 0.6376347541809082
vt 0.10102663189172745 0
vt 0.10102663189172745 0.6376347541809082
vt 0.5 0
vt 0.5 0.6376347541809082
vt 0.5 0
vt 0.5 0.6376347541809082
vt 0.60102665424346924 0
vt 0.60102665424346924 0.6376347541809082
vt 0.60102665424346924 0
vt 0.60102665424346924 0.6376347541809082
vt 1 0
vt 1 0.6376347541809082
vt 0 1
vt 0.30639687180519104 1
vt 0.30639687180519104 0.63763535022735596
vt 0 0.63763535022735596
vt 0.69360309839248657 0.63763535022735596
vt 1 0.63763535022735596
vt 1 1
vt 0.69360309839248657 1
vn 0 0 1
vn 0 0 1
vn 0 0 1
vn 0 0 1
vn 1 0 0
vn 1 0 0
vn 1 0 0
vn 1 0 0
vn 0 0 -1
vn 0 0 -1
vn 0 0 -1
vn 0 0 -1
vn -1 0 0
vn -1 0 0
vn -1 0 0
vn -1 0 0
vn 0 -1 0
vn 0 -1 0
vn 0 -1 0
vn 0 -1 0
vn 0 1 0
vn 0 1 0
vn 0 1 0
vn 0 1 0
f 531/1602/1602 529/1601/1601 535/1604/1604 533/1603/1603
f 536/1608/1608 530/1605/1605 532/1606/1606 534/1607/1607
f 529/1585/1585 531/1587/1587 532/1588/1588 530/1586/1586
f 531/1589/1589 533/1591/1591 534/1592/1592 532/1590/1590
f 533/1593/1593 535/1595/1595 536/1596/1596 534/1594/1594
f 535/1597/1597 529/1599/1599 530/1600/1600 536/1598/1598
g object_68
v 9.9977493286132812 5 -16.138629913330078
v 9.9977493286132812 8 -16.138629913330078
v 16.247749328613281 5 -16.138629913330078
v 16.247749328613281 8 -16.138629913330078
v 16.247749328613281 5 -20.087820053100586
v 16.247749328613281 8 -20.087820053100586
v 9.9977493286132812 5 -20.087820053100586
v 9.9977493286132812 8 -20.087820053100586
vt 0 0
vt 0 0.6376347541809082
vt 0.10102663189172745 0
vt 0.10102663189172745 0.6376347541809082
vt 0.10102663189172745 0
vt 0.10102663189172745 0.6376347541809082
vt 0.5 0
vt 0.5 0.6376347541809082
vt 0.5 0
vt 0.5 0.6376347541809082
vt 0.60102665424346924 0
vt 0.60102665424346924 0.6376347541809082
vt 0.60102665424346924 0
vt 0.60102665424346924 0.6376347541809082
vt 1 0
vt 1 0.6376347541809082
vt 0 1
vt 0.30639687180519104 1
vt 0.30639687180519104 0.63763535022735596
vt 0 0.63763535022735596
vt 0.69360309839248657 0.63763535022735596
vt 1 0.63763535022735596
vt 1 1
vt 0.69360309839248657 1
vn 0 0 1
vn 0 0 1
vn 0 0 1
vn 0 0 1
vn 1 0 0
vn 1 0 0
vn 1 0 0
vn 1 0 0
vn 0 0 -1
vn 0 0 -1
vn 0 0 -1
vn 0 0 -1
vn -1 0 0
vn -1 0 0
vn -1 0 0
vn -1 0 0
vn 0 -1 0
vn 0 -1 0
vn 0 -1 0
vn 0 -1 0
vn 0 1 0
vn 0 1 0
vn 0 1 0
vn 0 1 0
f 539/1626/1626 537/1625/1625 543/1628/1628 541/1627/1627
f 544/1632/1632 538/1629/1629 540/1630/1630 542/1631/1631
f 537/1609/1609 539/1611/1611 540/1612/1612 538/1610/1610
f 539/1613/1613 541/1615/1615 542/1616/1616 540/1614/1614
f 541/1617/1617 543/1619/1619 544/1620/1620 542/1618/1618
f 543/1621/1621 537/1623/1623 538/1624/1624 544/1622/1622
g object_69
v 9.9977493286132812 23 -12.18943977355957
v 9.9977493286132812 26 -12.18943977355957
v 16.247749328613281 23 -12.18943977355957
v 16.247749328613281 26 -12.18943977355957
v 16.247749328613281 23 -16.138629913330078
v 16.247749328613281 26 -16.138629913330078
v 9.9977493286132812 23 -16.138629913330078
v 9.9977493286132812 26 -16.138629913330078
vt 0 0
vt 0 0.6376347541809082
vt 0.10102663189172745 0
vt 0.10102663189172745 0.6376347541809082
vt 0.10102663189172745 0
vt 0.10102663189172745 0.6376347541809082
vt 0.5 0
vt 0.5 0.6376347541809082
vt 0.5 0
vt 0.5 0.6376347541809082
vt 0.60102665424346924 0
vt 0.60102665424346924 0.6376347541809082
vt 0.60102665424346924 0
vt 0.60102665424346924 0.6376347541809082
vt 1 0
vt 1 0.6376347541809082
vt 0 1
vt 0.30639687180519104 1
vt 0.30639687180519104 0.63763535022735596
vt 0 0.63763535022735596
vt 0.69360309839248657 0.63763535022735596
vt 1 0.63763535022735596
vt 1 1
vt 0.69360309839248657 1
vn 0 0 1
vn 0 0 1
vn 0 0 1
vn 0 0 1
vn 1 0 0
vn 1 0 0
vn 1 0 0
vn 1 0 0
vn 0 0 -1
vn 0 0 -1
vn 0 0 -1
vn 0 0 -1
vn -1 0 0
vn -1 0 0
vn -1 0 0
vn -1 0 0
vn 0 -1 0
vn 0 -1 0
vn 0 -1 0
vn 0 -1 0
vn 0 1 0
vn 0 1 0
vn 0 1 0
vn 0 1 0
f 547/1650/1650 545/1649/1649 551/1652/1652 549/1651/1651
f 552/1656/1656 546/1653/1653 548/1654/1654 550/1655/1655
f 545/1633/1633 547/1635/1635 548/1636/1636 546/1634/1634
f 547/1637/1637 549/1639/1639 550/1640/1640 548/1638/1638
f 549/1641/1641 551/1643/1643 552/1644/1644 550/1642/1642
f 551/1645/1645 545/1647/1647 546/1648/1648 552/1646/1646
g object_70
v 9.9977493286132812 20 -12.18943977355957
v 9.9977493286132812 23 -12.18943977355957
v 16.247749328613281 20 -12.18943977355957
v 16.247749328613281 23 -12.18943977355957
v 16.247749328613281 20 -16.138629913330078
v 16.247749328613281 23 -16.138629913330078
v 9.9977493286132812 20 -16.138629913330078
v 9.9977493286132812 23 -16.138629913330078
vt 0 0
vt 0 0.6376347541809082
vt 0.10102663189172745 0
vt 0.10102663189172745 0.6376347541809082
vt 0.10102663189172745 0
vt 0.10102663189172745 0.6376347541809082
vt 0.5 0
vt 0.5 0.6376347541809082
vt 0.5 0
vt 0.5 0.6376347541809082
vt 0.60102665424346924 0
vt 0.60102665424346924 0.6376347541809082
vt 0.60102665424346924 0
vt 0.60102665424346924 0.6376347541809082
vt 1 0
vt 1 0.6376347541809082
vt 0 1
vt 0.30639687180519104 1
vt 0.30639687180519104 0.63763535022735596
vt 0 0.63763535022735596
vt 0.69360309839248657 0.63763535022735596
vt 1 0.63763535022735596
vt 1 1
vt 0.69360309839248657 1
vn 0 0 1
vn 0 0 1
vn 0 0 1
vn 0 0 1
vn 1 0 0
vn 1 0 0
vn 1 0 0
vn 1 0 0
vn 0 0 -1
vn 0 0 -1
vn 0 0 -1
vn 0 0 -1
vn -1 0 0
vn -1 0 0
vn -1 0 0
vn -1 0 0
vn 0 -1 0
vn 0 -1 0
vn 0 -1 0
vn 0 -1 0
vn 0 1 0
vn 0 1 0
vn 0 1 0
vn 0 1 0
f 555/1674/1674 553/1673/1673 559/1676/1676 557/1675/1675
f 560/1680/1680 554/1677/1677 556/1678/1678 558/1679/1679
f 553/1657/1657 555/1659/1659 556/1660/1660 554/1658/1658
f 555/1661/1661 557/1663/1663 558/1664/1664 556/1662/1662
f 557/1665/1665 559/1667/1667 560/1668/1668 558/1666/1666
f 559/1669/1669 553/1671/1671 554/1672/1672 560/1670/1670
g object_71
v 9.9977493286132812 17 -12.18943977355957
v 9.9977493286132812 20 -12.18943977355957
v 16.247749328613281 17 -12.18943977355957
v 16.247749328613281 20 -12.18943977355957
v 16.247749328613281 17 -16.138629913330078
v 16.247749328613281 20 -16.138629913330078
v 9.9977493286132812 17 -16.138629913330078
v 9.9977493286132812 20 -16.138629913330078
vt 0 0
vt 0 0.6376347541809082
vt 0.10102663189172745 0
vt 0.10102663189172745 0.6376347541809082
vt 0.10102663189172745 0
vt 0.10102663189172745 0.6376347541809082
vt 0.5 0
vt 0.5 0.6376347541809082
vt 0.5 0
vt 0.5 0.6376347541809082
vt 0.60102665424346924 0
vt 0.60102665424346924 0.6376347541809082
vt 0.60102665424346924 0
vt 0.60102665424346924 0.6376347541809082
vt 1 0
vt 1 0.6376347541809082
vt 0 1
vt 0.30639687180519104 1
vt 0.30639687180519104 0.63763535022735596
vt 0 0.63763535022735596
vt 0.69360309839248657 0.63763535022735596
vt 1 0.63763535022735596
vt 1 1
vt 0.69360309839248657 1
vn 0 0 1
vn 0 0 1
vn 0 0 1
vn 0 0 1
vn 1 0 0
vn 1 0 0
vn 1 0 0
vn 1 0 0
vn 0 0 -1
vn 0 0 -1
vn 0 0 -1
vn 0 0 -1
vn -1 0 0
vn -1 0 0
vn -1 0 0
vn -1 0 0
vn 0 -1 0
vn 0 -1 0
vn 0 -1 0
vn 0 -1 0
vn 0 1 0
vn 0 1 0
vn 0 1 0
vn 0 1 0
f 563/1698/1698 561/1697/1697 567/1700/1700 565/1699/1699
f 568/1704/1704 562/1701/1701 564/1702/1702 566/1703/1703
f 561/1681/1681 563/1683/1683 564/1684/1684 562/1682/1682
f 563/1685/1685 565/1687/1687 566/1688/1688 564/1686/1686
f 565/1689/1689 567/1691/1691 568/1692/1692 566/1690/1690
f 567/1693/1693 561/1695/1695 562/1696/1696 568/1694/1694
g object_72
v 9.9977493286132812 14 -12.18943977355957
v 9.9977493286132812 17 -12.18943977355957
v 16.247749328613281 14 -12.18943977355957
v 16.247749328613281 17 -12.18943977355957
v 16.247749328613281 14 -16.138629913330078
v 16.247749328613281 17 -16.138629913330078
v 9.9977493286132812 14 -16.138629913330078
v 9.9977493286132812 17 -16.138629913330078
vt 0 0
vt 0 0.6376347541809082
vt 0.10102663189172745 0
vt 0.10102663189172745 0.6376347541809082
vt 0.10102663189172745 0
vt 0.10102663189172745 0.6376347541809082
vt 0.5 0
vt 0.5 0.6376347541809082
vt 0.5 0
vt 0.5 0.6376347541809082
vt 0.60102665424346924 0
vt 0.60102665424346924 0.6376347541809082
vt 0.60102665424346924 0
vt 0.60102665424346924 0.6376347541809082
vt 1 0
vt 1 0.6376347541809082
vt 0 1
vt 0.30639687180519104 1
vt 0.30639687180519104 0.63763535022735596
vt 0 0.63763535022735596
vt 0.69360309839248657 0.63763535022735596
vt 1 0.63763535022735596
vt 1 1
vt 0.69360309839248657 1
vn 0 0 1
vn 0 0 1
vn 0 0 1
vn 0 0 1
vn 1 0 0
vn 1 0 0
vn 1 0 0
vn 1 0 0
vn 0 0 -1
vn 0 0 -1
vn 0 0 -1
vn 0 0 -1
vn -1 0 0
vn -1 0 0
vn -1 0 0
vn -1 0 0
vn 0 -1 0
vn 0 -1 0
vn 0 -1 0
vn 0 -1 0
vn 0 1 0
vn 0 1 0
vn 0 1 0
vn 0 1 0
f 571/1722/1722 569/1721/1721 575/1724/1724 573/1723/1723
f 576/1728/1728 570/1725/1725 572/1726/1726 574/1727/1727
f 569/1705/1705 571/1707/1707 572/1708/1708 570/1706/1706
f 571/1709/1709 573/1711/1711 574/1712/1712 572/1710/1710
f 573/1713/1713 575/1715/1715 576/1716/1716 574/1714/1714
f 575/1717/1717 569/1719/1719 570/1720/1720 576/1718/1718
g object_73
v 9.9977493286132812 11 -12.18943977355957
v 9.9977493286132812 14 -12.18943977355957
v 16.247749328613281 11 -12.18943977355957
v 16.247749328613281 14 -12.18943977355957
v 16.247749328613281 11 -16.138629913330078
v 16.247749328613281 14 -16.138629913330078
v 9.9977493286132812 11 -16.138629913330078
v 9.9977493286132812 14 -16.138629913330078
vt 0 0
vt 0 0.6376347541809082
vt 0.10102663189172745 0
vt 0.10102663189172745 0.6376347541809082
vt 0.10102663189172745 0
vt 0.10102663189172745 0.6376347541809082
vt 0.5 0
vt 0.5 0.6376347541809082
vt 0.5 0
vt 0.5 0.6376347541809082
vt 0.60102665424346924 0
vt 0.60102665424346924 0.6376347541809082
vt 0.60102665424346924 0
vt 0.60102665424346924 0.6376347541809082
vt 1 0
vt 1 0.6376347541809082
vt 0 1
vt 0.30639687180519104 1
vt 0.30639687180519104 0.63763535022735596
vt 0 0.63763535022735596
vt 0.69360309839248657 0.63763535022735596
vt 1 0.63763535022735596
vt 1 1
vt 0.69360309839248657 1
vn 0 0 1
vn 0 0 1
vn 0 0 1
vn 0 0 1
vn 1 0 0
vn 1 0 0
vn 1 0 0
vn 1 0 0
vn 0 0 -1
vn 0 0 -1
vn 0 0 -1
vn 0 0 -1
vn -1 0 0
vn -1 0 0
vn -1 0 0
vn -1 0 0
vn 0 -1 0
vn 0 -1 0
vn 0 -1 0
vn 0 -1 0
vn 0 1 0
vn 0 1 0
vn 0 1 0
vn 0 1 0
f 579/1746/1746 577/1745/1745 583/1748/1748 581/1747/1747
f 584/1752/1752 578/1749/1749 580/1750/1750 582/1751/1751
f 577/1729/1729 579/1731/1731 580/1732/1732 578/1730/1730
f 579/1733/1733 581/1735/1735 582/1736/1736 580/1734/1734
f 581/1737/1737 583/1739/1739 584/1740/1740 582/1738/1738
f 583/1741/1741 577/1743/1743 578/1744/1744 584/1742/1742
g object_74
v 9.9977493286132812 8 -12.18943977355957
v 9.9977493286132812 11 -12.18943977355957
v 16.247749328613281 8 -12.18943977355957
v 16.247749328613281 11 -12.18943977355957
v 16.247749328613281 8 -16.138629913330078
v 16.247749328613281 11 -16.138629913330078
v 9.9977493286132812 8 -16.138629913330078
v 9.9977493286132812 11 -16.138629913330078
vt 0 0
vt 0 0.6376347541809082
vt 0.10102663189172745 0
vt 0.10102663189172745 0.6376347541809082
vt 0.10102663189172745 0
vt 0.10102663189172745 0.6376347541809082
vt 0.5 0
vt 0.5 0.6376347541809082
vt 0.5 0
vt 0.5 0.6376347541809082
vt 0.60102665424346924 0
vt 0.60102665424346924 0.6376347541809082
vt 0.60102665424346924 0
vt 0.60102665424346924 0.6376347541809082
vt 1 0
vt 1 0.6376347541809082
vt 0 1
vt 0.30639687180519104 1
vt 0.30639687180519104 0.63763535022735596
vt 0 0.63763535022735596
vt 0.69360309839248657 0.63763535022735596
vt 1 0.63763535022735596
vt 1 1
vt 0.69360309839248657 1
vn 0 0 1
vn 0 0 1
vn 0 0 1
vn 0 0 1
vn 1 0 0
vn 1 0 0
vn 1 0 0
vn 1 0 0
vn 0 0 -1
vn 0 0 -1
vn 0 0 -1
vn 0 0 -1
vn -1 0 0
vn -1 0 0
vn -1 0 0
vn -1 0 0
vn 0 -1 0
vn 0 -1 0
vn 0 -1 0
vn 0 -1 0
vn 0 1 0
vn 0 1 0
vn 0 1 0
vn 0 1 0
f 587/1770/1770 585/1769/1769 591/1772/1772 589/1771/1771
f 592/1776/1776 586/1773/1773 588/1774/1774 590/1775/1775
f 585/1753/1753 587/1755/1755 588/1756/1756 586/1754/1754
f 587/1757/1757 589/1759/1759 590/1760/1760 588/1758/1758
f 589/1761/1761 591/1763/1763 592/1764/1764 590/1762/1762
f 591/1765/1765 585/1767/1767 586/1768/1768 592/1766/1766
g object_75
v 9.9977493286132812 5 -12.18943977355957
v 9.9977493286132812 8 -12.18943977355957
v 16.247749328613281 5 -12.18943977355957
v 16.247749328613281 8 -12.18943977355957
v 16.247749328613281 5 -16.138629913330078
v 16.247749328613281 8 -16.138629913330078
v 9.9977493286132812 5 -16.138629913330078
v 9.9977493286132812 8 -16.138629913330078
vt 0 0
vt 0 0.6376347541809082
vt 0.10102663189172745 0
vt 0.10102663189172745 0.6376347541809082
vt 0.10102663189172745 0
vt 0.10102663189172745 0.6376347541809082
vt 0.5 0
vt 0.5 0.6376347541809082
vt 0.5 0
vt 0.5 0.6376347541809082
vt 0.60102665424346924 0
vt 0.60102665424346924 0.6376347541809082
vt 0.60102665424346924 0
vt 0.60102665424346924 0.6376347541809082
vt 1 0
vt 1 0.6376347541809082
vt 0 1
vt 0.30639687180519104 1
vt 0.30639687180519104 0.63763535022735596
vt 0 0.63763535022735596
vt 0.69360309839248657 0.63763535022735596
vt 1 0.63763535022735596
vt 1 1
vt 0.69360309839248657 1
vn 0 0 1
vn 0 0 1
vn 0 0 1
vn 0 0 1
vn 1 0 0
vn 1 0 0
vn 1 0 0
vn 1 0 0
vn 0 0 -1
vn 0 0 -1
vn 0 0 -1
vn 0 0 -1
vn -1 0 0
vn -1 0 0
vn -1 0 0
vn -1 0 0
vn 0 -1 0
vn 0 -1 0
vn 0 -1 0
vn 0 -1 0
vn 0 1 0
vn 0 1 0
vn 0 1 0
vn 0 1 0
f 595/1794/1794 593/1793/1793 599/1796/1796 597/1795/1795
f 600/1800/1800 594/1797/1797 596/1798/1798 598/1799/1799
f 593/1777/1777 595/1779/1779 596/1780/1780 594/1778/1778
f 595/1781/1781 597/1783/1783 598/1784/1784 596/1782/1782
f 597/1785/1785 599/1787/1787 600/1788/1788 598/1786/1786
f 599/1789/1789 593/1791/1791 594/1792/1792 600/1790/1790
g object_76
v 9.9977493286132812 26 -8.2402496337890625
v 9.9977493286132812 29 -8.2402496337890625
v 16.247749328613281 26 -8.2402496337890625
v 16.247749328613281 29 -8.2402496337890625
v 16.247749328613281 26 -12.18943977355957
v 16.247749328613281 29 -12.18943977355957
v 9.9977493286132812 26 -12.18943977355957
v 9.9977493286132812 29 -12.18943977355957
vt 0 0
vt 0 0.6376347541809082
vt 0.10102663189172745 0
vt 0.10102663189172745 0.6376347541809082
vt 0.10102663189172745 0
vt 0.10102663189172745 0.6376347541809082
vt 0.5 0
vt 0.5 0.6376347541809082
vt 0.5 0
vt 0.5 0.6376347541809082
vt 0.60102665424346924 0
vt 0.60102665424346924 0.6376347541809082
vt 0.60102665424346924 0
vt 0.60102665424346924 0.6376347541809082
vt 1 0
vt 1 0.6376347541809082
vt 0 1
vt 0.30639687180519104 1
vt 0.30639687180519104 0.63763535022735596
vt 0 0.63763535022735596
vt 0.69360309839248657 0.63763535022735596
vt 1 0.63763535022735596
vt 1 1
vt 0.69360309839248657 1
vn 0 0 1
vn 0 0 1
vn 0 0 1
vn 0 0 1
vn 1 0 0
vn 1 0 0
vn 1 0 0
vn 1 0 0
vn 0 0 -1
vn 0 0 -1
vn 0 0 -1
vn 0 0 -1
vn -1 0 0
vn -1 0 0
vn -1 0 0
vn -1 0 0
vn 0 -1 0
vn 0 -1 0
vn 0 -1 0
vn 0 -1 0
vn 0 1 0
vn 0 1 0
vn 0 1 0
vn 0 1 0
f 603/1818/1818 601/1817/1817 607/1820/1820 605/1819/1819
f 608/1824/1824 602/1821/1821 604/1822/1822 606/1823/1823
f 601/1801/1801 603/1803/1803 604/1804/1804 602/1802/1802
f 603/1805/1805 605/1807/1807 606/1808/1808 604/1806/1806
f 605/1809/1809 607/1811/1811 608/1812/1812 606/1810/1810
f 607/1813/1813 601/1815/1815 602/1816/1816 608/1814/1814
g object_77
v 9.9977493286132812 23 -8.2402496337890625
v 9.9977493286132812 26 -8.2402496337890625
v 16.247749328613281 23 -8.2402496337890625
v 16.247749328613281 26 -8.2402496337890625
v 16.247749328613281 23 -12.18943977355957
v 16.247749328613281 26 -12.18943977355957
v 9.9977493286132812 23 -12.18943977355957
v 9.9977493286132812 26 -12.18943977355957
vt 0 0
vt 0 0.6376347541809082
vt 0.10102663189172745 0
vt 0.10102663189172745 0.6376347541809082
vt 0.10102663189172745 0
vt 0.10102663189172745 0.6376347541809082
vt 0.5 0
vt 0.5 0.6376347541809082
vt 0.5 0
vt 0.5 0.6376347541809082
vt 0.60102665424346924 0
vt 0.60102665424346924 0.6376347541809082
vt 0.60102665424346924 0
vt 0.60102665424346924 0.6376347541809082
vt 1 0
vt 1 0.6376347541809082
vt 0 1
vt 0.30639687180519104 1
vt 0.30639687180519104 0.63763535022735596
vt 0 0.63763535022735596
vt 0.69360309839248657 0.63763535022735596
vt 1 0.63763535022735596
vt 1 1
vt 0.69360309839248657 1
vn 0 0 1
vn 0 0 1
vn 0 0 1
vn 0 0 1
vn 1 0 0
vn 1 0 0
vn 1 0 0
vn 1 0 0
vn 0 0 -1
vn 0 0 -1
vn 0 0 -1
vn 0 0 -1
vn -1 0 0
vn -1 0 0
vn -1 0 0
vn -1 0 0
vn 0 -1 0
vn 0 -1 0
vn 0 -1 0
vn 0 -1 0
vn 0 1 0
vn 0 1 0
vn 0 1 0
vn 0 1 0
f 611/1842/1842 609/1841/1841 615/1844/1844 613/1843/1843
f 616/1848/1848 610/1845/1845 612/1846/1846 614/1847/1847
f 609/1825/1825 611/1827/1827 612/1828/1828 610/1826/1826
f 611/1829/1829 613/1831/1831 614/1832/1832 612/1830/1830
f 613/1833/1833 615/1835/1835 616/1836/1836 614/1834/1834
f 615/1837/1837 609/1839/1839 610/1840/1840 616/1838/1838
g object_78
v 9.9977493286132812 20 -8.2402496337890625
v 9.9977493286132812 23 -8.2402496337890625
v 16.247749328613281 20 -8.2402496337890625
v 16.247749328613281 23 -8.2402496337890625
v 16.247749328613281 20 -12.18943977355957
v 16.247749328613281 23 -12.18943977355957
v 9.9977493286132812 20 -12.18943977355957
v 9.9977493286132812 23 -12.18943977355957
vt 0 0
vt 0 0.6376347541809082
vt 0.10102663189172745 0
vt 0.10102663189172745 0.6376347541809082
vt 0.10102663189172745 0
vt 0.10102663189172745 0.6376347541809082
vt 0.5 0
vt 0.5 0.6376347541809082
vt 0.5 0
vt 0.5 0.6376347541809082
vt 0.60102665424346924 0
vt 0.60102665424346924 0.6376347541809082
vt 0.60102665424346924 0
vt 0.60102665424346924 0.6376347541809082
vt 1 0
vt 1 0.6376347541809082
vt 0 1
vt 0.30639687180519104 1
vt 0.30639687180519104 0.63763535022735596
vt 0 0.63763535022735596
vt 0.69360309839248657 0.63763535022735596
vt 1 0.63763535022735596
vt 1 1
vt 0.69360309839248657 1
vn 0 0 1
vn 0 0 1
vn 0 0 1
vn 0 0 1
vn 1 0 0
vn 1 0 0
vn 1 0 0
vn 1 0 0
vn 0 0 -1
vn 0 0 -1
vn 0 0 -1
vn 0 0 -1
vn -1 0 0
vn -1 0 0
vn -1 0 0
vn -1 0 0
vn 0 -1 0
vn 0 -1 0
vn 0 -1 0
vn 0 -1 0
vn 0 1 0
vn 0 1 0
vn 0 1 0
vn 0 1 0
f 619/1866/1866 617/1865/1865 623/1868/1868 621/1867/1867
f 624/1872/1872 618/1869/1869 620/1870/1870 622/1871/1871
f 617/1849/1849 619/1851/1851 620/1852/1852 618/1850/1850
f 619/1853/1853 621/1855/1855 622/1856/1856 620/1854/1854
f 621/1857/1857 623/1859/1859 624/1860/1860 622/1858/1858
f 623/1861/1861 617/1863/1863 618/1864/1864 624/1862/1862
g object_79
v 9.9977493286132812 17 -8.2402496337890625
v 9.9977493286132812 20 -8.2402496337890625
v 16.247749328613281 17 -8.2402496337890625
v 16.247749328613281 20 -8.2402496337890625
v 16.247749328613281 17 -12.18943977355957
v 16.247749328613281 20 -12.18943977355957
v 9.9977493286132812 17 -12.18943977355957
v 9.9977493286132812 20 -12.18943977355957
vt 0 0
vt 0 0.6376347541809082
vt 0.10102663189172745 0
vt 0.10102663189172745 0.6376347541809082
vt 0.10102663189172745 0
vt 0.10102663189172745 0.6376347541809082
vt 0.5 0
vt 0.5 0.6376347541809082
vt 0.5 0
vt 0.5 0.6376347541809082
vt 0.60102665424346924 0
vt 0.60102665424346924 0.6376347541809082
vt 0.60102665424346924 0
vt 0.60102665424346924 0.6376347541809082
vt 1 0
vt 1 0.6376347541809082
vt 0 1
vt 0.30639687180519104 1
vt 0.30639687180519104 0.63763535022735596
vt 0 0.63763535022735596
vt 0.69360309839248657 0.63763535022735596
vt 1 0.63763535022735596
vt 1 1
vt 0.69360309839248657 1
vn 0 0 1
vn 0 0 1
vn 0 0 1
vn 0 0 1
vn 1 0 0
vn 1 0 0
vn 1 0 0
vn 1 0 0
vn 0 0 -1
vn 0 0 -1
vn 0 0 -1
vn 0 0 -1
vn -1 0 0
vn -1 0 0
vn -1 0 0
vn -1 0 0
vn 0 -1 0
vn 0 -1 0
vn 0 -1 0
vn 0 -1 0
vn 0 1 0
vn 0 1 0
vn 0 1 0
vn 0 1 0
f 627/1890/1890 625/1889/1889 631/1892/1892 629/1891/1891
f 632/1896/1896 626/1893/1893 628/1894/1894 630/1895/1895
f 625/1873/1873 627/1875/1875 628/1876/1876 626/1874/1874
f 627/1877/1877 629/1879/1879 630/1880/1880 628/1878/1878
f 629/1881/1881 631/1883/1883 632/1884/1884 630/1882/1882
f 631/1885/1885 625/1887/1887 626/1888/1888 632/1886/1886
g object_80
v 9.9977493286132812 14 -8.2402496337890625
v 9.9977493286132812 17 -8.2402496337890625
v 16.247749328613281 14 -8.2402496337890625
v 16.247749328613281 17 -8.2402496337890625
v 16.247749328613281 14 -12.18943977355957
v 16.247749328613281 17 -12.18943977355957
v 9.9977493286132812 14 -12.18943977355957
v 9.9977493286132812 17 -12.18943977355957
vt 0 0
vt 0 0.6376347541809082
vt 0.10102663189172745 0
vt 0.10102663189172745 0.6376347541809082
vt 0.10102663189172745 0
vt 0.10102663189172745 0.6376347541809082
vt 0.5 0
vt 0.5 0.6376347541809082
vt 0.5 0
vt 0.5 0.6376347541809082
vt 0.60102665424346924 0
vt 0.60102665424346924 0.6376347541809082
vt 0.60102665424346924 0
vt 0.60102665424346924 0.6376347541809082
vt 1 0
vt 1 0.6376347541809082
vt 0 1
vt 0.30639687180519104 1
vt 0.30639687180519104 0.63763535022735596
vt 0 0.63763535022735596
vt 0.69360309839248657 0.63763535022735596
vt 1 0.63763535022735596
vt 1 1
vt 0.69360309839248657 1
vn 0 0 1
vn 0 0 1
vn 0 0 1
vn 0 0 1
vn 1 0 0
vn 1 0 0
vn 1 0 0
vn 1 0 0
vn 0 0 -1
vn 0 0 -1
vn 0 0 -1
vn 0 0 -1
vn -1 0 0
vn -1 0 0
vn -1 0 0
vn -1 0 0
vn 0 -1 0
vn 0 -1 0
vn 0 -1 0
vn 0 -1 0
vn 0 1 0
vn 0 1 0
vn 0 1 0
vn 0 1 0
f 635/1914/1914 633/1913/1913 639/1916/1916 637/1915/1915
f 640/1920/1920 634/1917/1917 636/1918/1918 638/1919/1919
f 633/1897/1897 635/1899/1899 636/1900/1900 634/1898/1898
f 635/1901/1901 637/1903/1903 638/1904/1904 636/1902/1902
f 637/1905/1905 639/1907/1907 640/1908/1908 638/1906/1906
f 639/1909/1909 633/1911/1911 634/1912/1912 640/1910/1910
g object_81
v 9.9977493286132812 11 -8.2402496337890625
v 9.9977493286132812 14 -8.2402496337890625
v 16.247749328613281 11 -8.2402496337890625
v 16.247749328613281 14 -8.2402496337890625
v 16.247749328613281 11 -12.18943977355957
v 16.247749328613281 14 -12.18943977355957
v 9.9977493286132812 11 -12.18943977355957
v 9.9977493286132812 14 -12.18943977355957
vt 0 0
vt 0 0.6376347541809082
vt 0.10102663189172745 0
vt 0.10102663189172745 0.6376347541809082
vt 0.10102663189172745 0
vt 0.10102663189172745 0.6376347541809082
vt 0.5 0
vt 0.5 0.6376347541809082
vt 0.5 0
vt 0.5 0.6376347541809082
vt 0.60102665424346924 0
vt 0.60102665424346924 0.6376347541809082
vt 0.60102665424346924 0
vt 0.60102665424346924 0.6376347541809082
vt 1 0
vt 1 0.6376347541809082
vt 0 1
vt 0.30639687180519104 1
vt 0.30639687180519104 0.63763535022735596
vt 0 0.63763535022735596
vt 0.69360309839248657 0.63763535022735596
vt 1 0.63763535022735596
vt 1 1
vt 0.69360309839248657 1
vn 0 0 1
vn 0 0 1
vn 0 0 1
vn 0 0 1
vn 1 0 0
vn 1 0 0
vn 1 0 0
vn 1 0 0
vn 0 0 -1
vn 0 0 -1
vn 0 0 -1
vn 0 0 -1
vn -1 0 0
vn -1 0 0
vn -1 0 0
vn -1 0 0
vn 0 -1 0
vn 0 -1 0
vn 0 -1 0
vn 0 -1 0
vn 0 1 0
vn 0 1 0
vn 0 1 0
vn 0 1 0
f 643/1938/1938 641/1937/1937 647/1940/1940 645/1939/1939
f 648/1944/1944 642/1941/1941 644/1942/1942 646/1943/1943
f 641/1921/1921 643/1923/1923 644/1924/1924 642/1922/1922
f 643/1925/1925 645/1927/1927 646/1928/1928 644/1926/1926
f 645/1929/1929 647/1931/1931 648/1932/1932 646/1930/1930
f 647/1933/1933 641/1935/1935 642/1936/1936 648/1934/1934
g object_82
v 9.9977493286132812 8 -8.2402496337890625
v 9.9977493286132812 11 -8.2402496337890625
v 16.247749328613281 8 -8.2402496337890625
v 16.247749328613281 11 -8.2402496337890625
v 16.247749328613281 8 -12.18943977355957
v 16.247749328613281 11 -12.18943977355957
v 9.9977493286132812 8 -12.18943977355957
v 9.9977493286132812 11 -12.18943977355957
vt 0 0
vt 0 0.6376347541809082
vt 0.10102663189172745 0
vt 0.10102663189172745 0.6376347541809082
vt 0.10102663189172745 0
vt 0.10102663189172745 0.6376347541809082
vt 0.5 0
vt 0.5 0.6376347541809082
vt 0.5 0
vt 0.5 0.6376347541809082
vt 0.60102665424346924 0
vt 0.60102665424346924 0.6376347541809082
vt 0.60102665424346924 0
vt 0.60102665424346924 0.6376347541809082
vt 1 0
vt 1 0.6376347541809082
vt 0 1
vt 0.30639687180519104 1
vt 0.30639687180519104 0.63763535022735596
vt 0 0.63763535022735596
vt 0.69360309839248657 0.63763535022735596
vt 1 0.63763535022735596
vt 1 1
vt 0.69360309839248657 1
vn 0 0 1
vn 0 0 1
vn 0 0 1
vn 0 0 1
vn 1 0 0
vn 1 0 0
vn 1 0 0
vn 1 0 0
vn 0 0 -1
vn 0 0 -1
vn 0 0 -1
vn 0 0 -1
vn -1 0 0
vn -1 0 0
vn -1 0 0
vn -1 0 0
vn 0 -1 0
vn 0 -1 0
vn 0 -1 0
vn 0 -1 0
vn 0 1 0
vn 0 1 0
vn 0 1 0
vn 0 1 0
f 651/1962/1962 649/1961/1961 655/1964/1964 653/1963/1963
f 656/1968/1968 650/1965/1965 652/1966/1966 654/1967/1967
f 649/1945/1945 651/1947/1947 652/1948/1948 650/1946/1946
f 651/1949/1949 653/1951/1951 654/1952/1952 652/1950/1950
f 653/1953/1953 655/1955/1955 656/1956/1956 654/1954/1954
f 655/1957/1957 649/1959/1959 650/1960/1960 656/1958/1958
g object_83
v 9.9977493286132812 5 -8.2402496337890625
v 9.9977493286132812 8 -8.2402496337890625
v 16.247749328613281 5 -8.2402496337890625
v 16.247749328613281 8 -8.2402496337890625
v 16.247749328613281 5 -12.18943977355957
v 16.247749328613281 8 -12.18943977355957
v 9.9977493286132812 5 -12.18943977355957
v 9.9977493286132812 8 -12.18943977355957
vt 0 0
vt 0 0.6376347541809082
vt 0.10102663189172745 0
vt 0.10102663189172745 0.6376347541809082
vt 0.10102663189172745 0
vt 0.10102663189172745 0.6376347541809082
vt 0.5 0
vt 0.5 0.6376347541809082
vt 0.5 0
vt 0.5 0.6376347541809082
vt 0.60102665424346924 0
vt 0.60102665424346924 0.6376347541809082
vt 0.60102665424346924 0
vt 0.60102665424346924 0.6376347541809082
vt 1 0
vt 1 0.6376347541809082
vt 0 1
vt 0.30639687180519104 1
vt 0.30639687180519104 0.63763535022735596
vt 0 0.63763535022735596
vt 0.69360309839248657 0.63763535022735596
vt 1 0.63763535022735596
vt 1 1
vt 0.69360309839248657 1
vn 0 0 1
vn 0 0 1
vn 0 0 1
vn 0 0 1
vn 1 0 0
vn 1 0 0
vn 1 0 0
vn 1 0 0
vn 0 0 -1
vn 0 0 -1
vn 0 0 -1
vn 0 0 -1
vn -1 0 0
vn -1 0 0
vn -1 0 0
vn -1 0 0
vn 0 -1 0
vn 0 -1 0
vn 0 -1 0
vn 0 -1 0
vn 0 1 0
vn 0 1 0
vn 0 1 0
vn 0 1 0
f 659/1986/1986 657/1985/1985 663/1988/1988 661/1987/1987
f 664/1992/1992 658/1989/1989 660/1990/1990 662/1991/1991
f 657/1969/1969 659/1971/1971 660/1972/1972 658/1970/1970
f 659/1973/1973 661/1975/1975 662/1976/1976 660/1974/1974
f 661/1977/1977 663/1979/1979 664/1980/1980 662/1978/1978
f 663/1981/1981 657/1983/1983 658/1984/1984 664/1982/1982
g object_84
v 9.9977493286132812 26 -47.986198425292969
v 9.9977493286132812 29 -47.986198425292969
v 16.247749328613281 26 -47.986198425292969
v 16.247749328613281 29 -47.986198425292969
v 16.247749328613281 26 -51.986198425292969
v 16.247749328613281 29 -51.986198425292969
v 9.9977493286132812 26 -51.986198425292969
v 9.9977493286132812 29 -51.986198425292969
vt 0 0
vt 0 0.63636320829391479
vt 0.10000000149011612 0
vt 0.10000000149011612 0.63636320829391479
vt 0.10000000149011612 0
vt 0.10000000149011612 0.63636320829391479
vt 0.5 0
vt 0.5 0.63636320829391479
vt 0.5 0
vt 0.5 0.63636320829391479
vt 0.60000002384185791 0
vt 0.60000002384185791 0.63636320829391479
vt 0.60000002384185791 0
vt 0.60000002384185791 0.63636320829391479
vt 1 0
vt 1 0.63636320829391479
vt 0 1
vt 0.30487805604934692 1
vt 0.30487805604934692 0.63636386394500732
vt 0 0.63636386394500732
vt 0.69512194395065308 0.63636386394500732
vt 1 0.63636386394500732
vt 1 1
vt 0.69512194395065308 1
vn 0 0 1
vn 0 0 1
vn 0 0 1
vn 0 0 1
vn 1 0 0
vn 1 0 0
vn 1 0 0
vn 1 0 0
vn 0 0 -1
vn 0 0 -1
vn 0 0 -1
vn 0 0 -1
vn -1 0 0
vn -1 0 0
vn -1 0 0
vn -1 0 0
vn 0 -1 0
vn 0 -1 0
vn 0 -1 0
vn 0 -1 0
vn 0 1 0
vn 0 1 0
vn 0 1 0
vn 0 1 0
f 667/2010/2010 665/2009/2009 671/2012/2012 669/2011/2011
f 672/2016/2016 666/2013/2013 668/2014/2014 670/2015/2015
f 665/1993/1993 667/1995/1995 668/1996/1996 666/1994/1994
f 667/1997/1997 669/1999/1999 670/2000/2000 668/1998/1998
f 669/2001/2001 671/2003/2003 672/2004/2004 670/2002/2002
f 671/2005/2005 665/2007/2007 666/2008/2008 672/2006/2006
g object_85
v 9.9977493286132812 23 -47.986198425292969
v 9.9977493286132812 26 -47.986198425292969
v 16.247749328613281 23 -47.986198425292969
v 16.247749328613281 26 -47.986198425292969
v 16.247749328613281 23 -51.986198425292969
v 16.247749328613281 26 -51.986198425292969
v 9.9977493286132812 23 -51.986198425292969
v 9.9977493286132812 26 -51.986198425292969
vt 0 0
vt 0 0.63636320829391479
vt 0.10000000149011612 0
vt 0.10000000149011612 0.63636320829391479
vt 0.10000000149011612 0
vt 0.10000000149011612 0.63636320829391479
vt 0.5 0
vt 0.5 0.63636320829391479
vt 0.5 0
vt 0.5 0.63636320829391479
vt 0.60000002384185791 0
vt 0.60000002384185791 0.63636320829391479
vt 0.60000002384185791 0
vt 0.60000002384185791 0.63636320829391479
vt 1 0
vt 1 0.63636320829391479
vt 0 1
vt 0.30487805604934692 1
vt 0.30487805604934692 0.63636386394500732
vt 0 0.63636386394500732
vt 0.69512194395065308 0.63636386394500732
vt 1 0.63636386394500732
vt 1 1
vt 0.69512194395065308 1
vn 0 0 1
vn 0 0 1
vn 0 0 1
vn 0 0 1
vn 1 0 0
vn 1 0 0
vn 1 0 0
vn 1 0 0
vn 0 0 -1
vn 0 0 -1
vn 0 0 -1
vn 0 0 -1
vn -1 0 0
vn -1 0 0
vn -1 0 0
vn -1 0 0
vn 0 -1 0
vn 0 -1 0
vn 0 -1 0
vn 0 -1 0
vn 0 1 0
vn 0 1 0
vn 0 1 0
vn 0 1 0
f 675/2034/2034 673/2033/2033 679/2036/2036 677/2035/2035
f 680/2040/2040 674/2037/2037 676/2038/2038 678/2039/2039
f 673/2017/2017 675/2019/2019 676/2020/2020 674/2018/2018
f 675/2021/2021 677/2023/2023 678/2024/2024 676/2022/2022
f 677/2025/2025 679/2027/2027 680/2028/2028 678/2026/2026
f 679/2029/2029 673/2031/2031 674/2032/2032 680/2030/2030
g object_86
v 9.9977493286132812 20 -47.986198425292969
v 9.9977493286132812 23 -47.986198425292969
v 16.247749328613281 20 -47.986198425292969
v 16.247749328613281 23 -47.986198425292969
v 16.247749328613281 20 -51.986198425292969
v 16.247749328613281 23 -51.986198425292969
v 9.9977493286132812 20 -51.986198425292969
v 9.9977493286132812 23 -51.986198425292969
vt 0 0
vt 0 0.63636320829391479
vt 0.10000000149011612 0
vt 0.10000000149011612 0.63636320829391479
vt 0.10000000149011612 0
vt 0.10000000149011612 0.63636320829391479
vt 0.5 0
vt 0.5 0.63636320829391479
vt 0.5 0
vt 0.5 0.63636320829391479
vt 0.60000002384185791 0
vt 0.60000002384185791 0.63636320829391479
vt 0.60000002384185791 0
vt 0.60000002384185791 0.63636320829391479
vt 1 0
vt 1 0.63636320829391479
vt 0 1
vt 0.30487805604934692 1
vt 0.30487805604934692 0.63636386394500732
vt 0 0.63636386394500732
vt 0.69512194395065308 0.63636386394500732
vt 1 0.63636386394500732
vt 1 1
vt 0.69512194395065308 1
vn 0 0 1
vn 0 0 1
vn 0 0 1
vn 0 0 1
vn 1 0 0
vn 1 0 0
vn 1 0 0
vn 1 0 0
vn 0 0 -1
vn 0 0 -1
vn 0 0 -1
vn 0 0 -1
vn -1 0 0
vn -1 0 0
vn -1 0 0
vn -1 0 0
vn 0 -1 0
vn 0 -1 0
vn 0 -1 0
vn 0 -1 0
vn 0 1 0
vn 0 1 0
vn 0 1 0
vn 0 1 0
f 683/2058/2058 681/2057/2057 687/2060/2060 685/2059/2059
f 688/2064/2064 682/2061/2061 684/2062/2062 686/2063/2063
f 681/2041/2041 683/2043/2043 684/2044/2044 682/2042/2042
f 683/2045/2045 685/2047/2047 686/2048/2048 684/2046/2046
f 685/2049/2049 687/2051/2051 688/2052/2052 686/2050/2050
f 687/2053/2053 681/2055/2055 682/2056/2056 688/2054/2054
g object_87
v 9.9977493286132812 17 -47.986198425292969
v 9.9977493286132812 20 -47.986198425292969
v 16.247749328613281 17 -47.986198425292969
v 16.247749328613281 20 -47.986198425292969
v 16.247749328613281 17 -51.986198425292969
v 16.247749328613281 20 -51.986198425292969
v 9.9977493286132812 17 -51.986198425292969
v 9.9977493286132812 20 -51.986198425292969
vt 0 0
vt 0 0.63636320829391479
vt 0.10000000149011612 0
vt 0.10000000149011612 0.63636320829391479
vt 0.10000000149011612 0
vt 0.10000000149011612 0.63636320829391479
vt 0.5 0
vt 0.5 0.63636320829391479
vt 0.5 0
vt 0.5 0.63636320829391479
vt 0.60000002384185791 0
vt 0.60000002384185791 0.63636320829391479
vt 0.60000002384185791 0
vt 0.60000002384185791 0.63636320829391479
vt 1 0
vt 1 0.63636320829391479
vt 0 1
vt 0.30487805604934692 1
vt 0.30487805604934692 0.63636386394500732
vt 0 0.63636386394500732
vt 0.69512194395065308 0.63636386394500732
vt 1 0.63636386394500732
vt 1 1
vt 0.69512194395065308 1
vn 0 0 1
vn 0 0 1
vn 0 0 1
vn 0 0 1
vn 1 0 0
vn 1 0 0
vn 1 0 0
vn 1 0 0
vn 0 0 -1
vn 0 0 -1
vn 0 0 -1
vn 0 0 -1
vn -1 0 0
vn -1 0 0
vn -1 0 0
vn -1 0 0
vn 0 -1 0
vn 0 -1 0
vn 0 -1 0
vn 0 -1 0
vn 0 1 0
vn 0 1 0
vn 0 1 0
vn 0 1 0
f 691/2082/2082 689/2081/2081 695/2084/2084 693/2083/2083
f 696/2088/2088 690/2085/2085 692/2086/2086 694/2087/2087
f 689/2065/2065 691/2067/2067 692/2068/2068 690/2066/2066
f 691/2069/2069 693/2071/2071 694/2072/2072 692/2070/2070
f 693/2073/2073 695/2075/2075 696/2076/2076 694/2074/2074
f 695/2077/2077 689/2079/2079 690/2080/2080 696/2078/2078
g object_88
v 9.9977493286132812 14 -47.986198425292969
v 9.9977493286132812 17 -47.986198425292969
v 16.247749328613281 14 -47.986198425292969
v 16.247749328613281 17 -47.986198425292969
v 16.247749328613281 14 -51.986198425292969
v 16.247749328613281 17 -51.986198425292969
v 9.9977493286132812 14 -51.986198425292969
v 9.9977493286132812 17 -51.986198425292969
vt 0 0
vt 0 0.63636320829391479
vt 0.10000000149011612 0
vt 0.10000000149011612 0.63636320829391479
vt 0.10000000149011612 0
vt 0.10000000149011612 0.63636320829391479
vt 0.5 0
vt 0.5 0.63636320829391479
vt 0.5 0
vt 0.5 0.63636320829391479
vt 0.60000002384185791 0
vt 0.60000002384185791 0.63636320829391479
vt 0.60000002384185791 0
vt 0.60000002384185791 0.63636320829391479
vt 1 0
vt 1 0.63636320829391479
vt 0 1
vt 0.30487805604934692 1
vt 0.30487805604934692 0.63636386394500732
vt 0 0.63636386394500732
vt 0.69512194395065308 0.63636386394500732
vt 1 0.63636386394500732
vt 1 1
vt 0.69512194395065308 1
vn 0 0 1
vn 0 0 1
vn 0 0 1
vn 0 0 1
vn 1 0 0
vn 1 0 0
vn 1 0 0
vn 1 0 0
vn 0 0 -1
vn 0 0 -1
vn 0 0 -1
vn 0 0 -1
vn -1 0 0
vn -1 0 0
vn -1 0 0
vn -1 0 0
vn 0 -1 0
vn 0 -1 0
vn 0 -1 0
vn 0 -1 0
vn 0 1 0
vn 0 1 0
vn 0 1 0
vn 0 1 0
f 699/2106/2106 697/2105/2105 703/2108/2108 701/2107/2107
f 704/2112/2112 698/2109/2109 700/2110/2110 702/2111/2111
f 697/2089/2089 699/2091/2091 700/2092/2092 698/2090/2090
f 699/2093/2093 701/2095/2095 702/2096/2096 700/2094/2094
f 701/2097/2097 703/2099/2099 704/2100/2100 702/2098/2098
f 703/2101/2101 697/2103/2103 698/2104/2104 704/2102/2102
g object_89
v 9.9977493286132812 11 -47.986198425292969
v 9.9977493286132812 14 -47.986198425292969
v 16.247749328613281 11 -47.986198425292969
v 16.247749328613281 14 -47.986198425292969
v 16.247749328613281 11 -51.986198425292969
v 16.247749328613281 14 -51.986198425292969
v 9.9977493286132812 11 -51.986198425292969
v 9.9977493286132812 14 -51.986198425292969
vt 0 0
vt 0 0.63636320829391479
vt 0.10000000149011612 0
vt 0.10000000149011612 0.63636320829391479
vt 0.10000000149011612 0
vt 0.10000000149011612 0.63636320829391479
vt 0.5 0
vt 0.5 0.63636320829391479
vt 0.5 0
vt 0.5 0.63636320829391479
vt 0.60000002384185791 0
vt 0.60000002384185791 0.63636320829391479
vt 0.60000002384185791 0
vt 0.60000002384185791 0.63636320829391479
vt 1 0
vt 1 0.63636320829391479
vt 0 1
vt 0.30487805604934692 1
vt 0.30487805604934692 0.63636386394500732
vt 0 0.63636386394500732
vt 0.69512194395065308 0.63636386394500732
vt 1 0.63636386394500732
vt 1 1
vt 0.69512194395065308 1
vn 0 0 1
vn 0 0 1
vn 0 0 1
vn 0 0 1
vn 1 0 0
vn 1 0 0
vn 1 0 0
vn 1 0 0
vn 0 0 -1
vn 0 0 -1
vn 0 0 -1
vn 0 0 -1
vn -1 0 0
vn -1 0 0
vn -1 0 0
vn -1 0 0
vn 0 -1 0
vn 0 -1 0
vn 0 -1 0
vn 0 -1 0
vn 0 1 0
vn 0 1 0
vn 0 1 0
vn 0 1 0
f 707/2130/2130 705/2129/2129 711/2132/2132 709/2131/2131
f 712/2136/2136 706/2133/2133 708/2134/2134 710/2135/2135
f 705/2113/2113 707/2115/2115 708/2116/2116 706/2114/2114
f 707/2117/2117 709/2119/2119 710/2120/2120 708/2118/2118
f 709/2121/2121 711/2123/2123 712/2124/2124 710/2122/2122
f 711/2125/2125 705/2127/2127 706/2128/2128 712/2126/2126
g object_90
v 9.9977493286132812 8 -47.986198425292969
v 9.9977493286132812 11 -47.986198425292969
v 16.247749328613281 8 -47.986198425292969
v 16.247749328613281 11 -47.986198425292969
v 16.247749328613281 8 -51.986198425292969
v 16.247749328613281 11 -51.986198425292969
v 9.9977493286132812 8 -51.986198425292969
v 9.9977493286132812 11 -51.986198425292969
vt 0 0
vt 0 0.63636320829391479
vt 0.10000000149011612 0
vt 0.10000000149011612 0.63636320829391479
vt 0.10000000149011612 0
vt 0.10000000149011612 0.63636320829391479
vt 0.5 0
vt 0.5 0.63636320829391479
vt 0.5 0
vt 0.5 0.63636320829391479
vt 0.60000002384185791 0
vt 0.60000002384185791 0.63636320829391479
vt 0.60000002384185791 0
vt 0.60000002384185791 0.63636320829391479
vt 1 0
vt 1 0.63636320829391479
vt 0 1
vt 0.30487805604934692 1
vt 0.30487805604934692 0.63636386394500732
vt 0 0.63636386394500732
vt 0.69512194395065308 0.63636386394500732
vt 1 0.63636386394500732
vt 1 1
vt 0.69512194395065308 1
vn 0 0 1
vn 0 0 1
vn 0 0 1
vn 0 0 1
vn 1 0 0
vn 1 0 0
vn 1 0 0
vn 1 0 0
vn 0 0 -1
vn 0 0 -1
vn 0 0 -1
vn 0 0 -1
vn -1 0 0
vn -1 0 0
vn -1 0 0
vn -1 0 0
vn 0 -1 0
vn 0 -1 0
vn 0 -1 0
vn 0 -1 0
vn 0 1 0
vn 0 1 0
vn 0 1 0
vn 0 1 0
f 715/2154/2154 713/2153/2153 719/2156/2156 717/2155/2155
f 720/2160/2160 714/2157/2157 716/2158/2158 718/2159/2159
f 713/2137/2137 715/2139/2139 716/2140/2140 714/2138/2138
f 715/2141/2141 717/2143/2143 718/2144/2144 716/2142/2142
f 717/2145/2145 719/2147/2147 720/2148/2148 718/2146/2146
f 719/2149/2149 713/2151/2151 714/2152/2152 720/2150/2150
g object_91
v 9.9977493286132812 5 -47.986198425292969
v 9.9977493286132812 8 -47.986198425292969
v 16.247749328613281 5 -47.986198425292969
v 16.247749328613281 8 -47.986198425292969
v 16.247749328613281 5 -51.986198425292969
v 16.247749328613281 8 -51.986198425292969
v 9.9977493286132812 5 -51.986198425292969
v 9.9977493286132812 8 -51.986198425292969
vt 0 0
vt 0 0.63636320829391479
vt 0.10000000149011612 0
vt 0.10000000149011612 0.63636320829391479
vt 0.10000000149011612 0
vt 0.10000000149011612 0.63636320829391479
vt 0.5 0
vt 0.5 0.63636320829391479
vt 0.5 0
vt 0.5 0.63636320829391479
vt 0.60000002384185791 0
vt 0.60000002384185791 0.63636320829391479
vt 0.60000002384185791 0
vt 0.60000002384185791 0.63636320829391479
vt 1 0
vt 1 0.63636320829391479
vt 0 1
vt 0.30487805604934692 1
vt 0.30487805604934692 0.63636386394500732
vt 0 0.63636386394500732
vt 0.69512194395065308 0.63636386394500732
vt 1 0.63636386394500732
vt 1 1
vt 0.69512194395065308 1
vn 0 0 1
vn 0 0 1
vn 0 0 1
vn 0 0 1
vn 1 0 0
vn 1 0 0
vn 1 0 0
vn 1 0 0
vn 0 0 -1
vn 0 0 -1
vn 0 0 -1
vn 0 0 -1
vn -1 0 0
vn -1 0 0
vn -1 0 0
vn -1 0 0
vn 0 -1 0
vn 0 -1 0
vn 0 -1 0
vn 0 -1 0
vn 0 1 0
vn 0 1 0
vn 0 1 0
vn 0 1 0
f 723/2178/2178 721/2177/2177 727/2180/2180 725/2179/2179
f 728/2184/2184 722/2181/2181 724/2182/2182 726/2183/2183
f 721/2161/2161 723/2163/2163 724/2164/2164 722/2162/2162
f 723/2165/2165 725/2167/2167 726/2168/2168 724/2166/2166
f 725/2169/2169 727/2171/2171 728/2172/2172 726/2170/2170
f 727/2173/2173 721/2175/2175 722/2176/2176 728/2174/2174
g object_92
v 9.9977493286132812 23 -43.986198425292969
v 9.9977493286132812 26 -43.986198425292969
v 16.247749328613281 23 -43.986198425292969
v 16.247749328613281 26 -43.986198425292969
v 16.247749328613281 23 -47.986198425292969
v 16.247749328613281 26 -47.986198425292969
v 9.9977493286132812 23 -47.986198425292969
v 9.9977493286132812 26 -47.986198425292969
vt 0 0
vt 0 0.63636320829391479
vt 0.10000000149011612 0
vt 0.10000000149011612 0.63636320829391479
vt 0.10000000149011612 0
vt 0.10000000149011612 0.63636320829391479
vt 0.5 0
vt 0.5 0.63636320829391479
vt 0.5 0
vt 0.5 0.63636320829391479
vt 0.60000002384185791 0
vt 0.60000002384185791 0.63636320829391479
vt 0.60000002384185791 0
vt 0.60000002384185791 0.63636320829391479
vt 1 0
vt 1 0.63636320829391479
vt 0 1
vt 0.30487805604934692 1
vt 0.30487805604934692 0.63636386394500732
vt 0 0.63636386394500732
vt 0.69512194395065308 0.63636386394500732
vt 1 0.63636386394500732
vt 1 1
vt 0.69512194395065308 1
vn 0 0 1
vn 0 0 1
vn 0 0 1
vn 0 0 1
vn 1 0 0
vn 1 0 0
vn 1 0 0
vn 1 0 0
vn 0 0 -1
vn 0 0 -1
vn 0 0 -1
vn 0 0 -1
vn -1 0 0
vn -1 0 0
vn -1 0 0
vn -1 0 0
vn 0 -1 0
vn 0 -1 0
vn 0 -1 0
vn 0 -1 0
vn 0 1 0
vn 0 1 0
vn 0 1 0
vn 0 1 0
f 731/2202/2202 729/2201/2201 735/2204/2204 733/2203/2203
f 736/2208/2208 730/2205/2205 732/2206/2206 734/2207/2207
f 729/2185/2185 731/2187/2187 732/2188/2188 730/2186/2186
f 731/2189/2189 733/2191/2191 734/2192/2192 732/2190/2190
f 733/2193/2193 735/2195/2195 736/2196/2196 734/2194/2194
f 735/2197/2197 729/2199/2199 730/2200/2200 736/2198/2198
g object_93
v 9.9977493286132812 20 -43.986198425292969
v 9.9977493286132812 23 -43.986198425292969
v 16.247749328613281 20 -43.986198425292969
v 16.247749328613281 23 -43.986198425292969
v 16.247749328613281 20 -47.986198425292969
v 16.247749328613281 23 -47.986198425292969
v 9.9977493286132812 20 -47.986198425292969
v 9.9977493286132812 23 -47.986198425292969
vt 0 0
vt 0 0.63636320829391479
vt 0.10000000149011612 0
vt 0.10000000149011612 0.63636320829391479
vt 0.10000000149011612 0
vt 0.10000000149011612 0.63636320829391479
vt 0.5 0
vt 0.5 0.63636320829391479
vt 0.5 0
vt 0.5 0.63636320829391479
vt 0.60000002384185791 0
vt 0.60000002384185791 0.63636320829391479
vt 0.60000002384185791 0
vt 0.60000002384185791 0.63636320829391479
vt 1 0
vt 1 0.63636320829391479
vt 0 1
vt 0.30487805604934692 1
vt 0.30487805604934692 0.63636386394500732
vt 0 0.63636386394500732
vt 0.69512194395065308 0.63636386394500732
vt 1 0.63636386394500732
vt 1 1
vt 0.69512194395065308 1
vn 0 0 1
vn 0 0 1
vn 0 0 1
vn 0 0 1
vn 1 0 0
vn 1 0 0
vn 1 0 0
vn 1 0 0
vn 0 0 -1
vn 0 0 -1
vn 0 0 -1
vn 0 0 -1
vn -1 0 0
vn -1 0 0
vn -1 0 0
vn -1 0 0
vn 0 -1 0
vn 0 -1 0
vn 0 -1 0
vn 0 -1 0
vn 0 1 0
vn 0 1 0
vn 0 1 0
vn 0 1 0
f 739/2226/2226 737/2225/2225 743/2228/2228 741/2227/2227
f 744/2232/2232 738/2229/2229 740/2230/2230 742/2231/2231
f 737/2209/2209 739/2211/2211 740/2212/2212 738/2210/2210
f 739/2213/2213 741/2215/2215 742/2216/2216 740/2214/2214
f 741/2217/2217 743/2219/2219 744/2220/2220 742/2218/2218
f 743/2221/2221 737/2223/2223 738/2224/2224 744/2222/2222
g object_94
v 9.9977493286132812 17 -43.986198425292969
v 9.9977493286132812 20 -43.986198425292969
v 16.247749328613281 17 -43.986198425292969
v 16.247749328613281 20 -43.986198425292969
v 16.247749328613281 17 -47.986198425292969
v 16.247749328613281 20 -47.986198425292969
v 9.9977493286132812 17 -47.986198425292969
v 9.9977493286132812 20 -47.986198425292969
vt 0 0
vt 0 0.63636320829391479
vt 0.10000000149011612 0
vt 0.10000000149011612 0.63636320829391479
vt 0.10000000149011612 0
vt 0.10000000149011612 0.63636320829391479
vt 0.5 0
vt 0.5 0.63636320829391479
vt 0.5 0
vt 0.5 0.63636320829391479
vt 0.60000002384185791 0
vt 0.60000002384185791 0.63636320829391479
vt 0.60000002384185791 0
vt 0.60000002384185791 0.63636320829391479
vt 1 0
vt 1 0.63636320829391479
vt 0 1
vt 0.30487805604934692 1
vt 0.30487805604934692 0.63636386394500732
vt 0 0.63636386394500732
vt 0.69512194395065308 0.63636386394500732
vt 1 0.63636386394500732
vt 1 1
vt 0.69512194395065308 1
vn 0 0 1
vn 0 0 1
vn 0 0 1
vn 0 0 1
vn 1 0 0
vn 1 0 0
vn 1 0 0
vn 1 0 0
vn 0 0 -1
vn 0 0 -1
vn 0 0 -1
vn 0 0 -1
vn -1 0 0
vn -1 0 0
vn -1 0 0
vn -1 0 0
vn 0 -1 0
vn 0 -1 0
vn 0 -1 0
vn 0 -1 0
vn 0 1 0
vn 0 1 0
vn 0 1 0
vn 0 1 0
f 747/2250/2250 745/2249/2249 751/2252/2252 749/2251/2251
f 752/2256/2256 746/2253/2253 748/2254/2254 750/2255/2255
f 745/2233/2233 747/2235/2235 748/2236/2236 746/2234/2234
f 747/2237/2237 749/2239/2239 750/2240/2240 748/2238/2238
f 749/2241/2241 751/2243/2243 752/2244/2244 750/2242/2242
f 751/2245/2245 745/2247/2247 746/2248/2248 752/2246/2246
g object_95
v 9.9977493286132812 14 -43.986198425292969
v 9.9977493286132812 17 -43.986198425292969
v 16.247749328613281 14 -43.986198425292969
v 16.247749328613281 17 -43.986198425292969
v 16.247749328613281 14 -47.986198425292969
v 16.247749328613281 17 -47.986198425292969
v 9.9977493286132812 14 -47.986198425292969
v 9.9977493286132812 17 -47.986198425292969
vt 0 0
vt 0 0.63636320829391479
vt 0.10000000149011612 0
vt 0.10000000149011612 0.63636320829391479
vt 0.10000000149011612 0
vt 0.10000000149011612 0.63636320829391479
vt 0.5 0
vt 0.5 0.63636320829391479
vt 0.5 0
vt 0.5 0.63636320829391479
vt 0.60000002384185791 0
vt 0.60000002384185791 0.63636320829391479
vt 0.60000002384185791 0
vt 0.60000002384185791 0.63636320829391479
vt 1 0
vt 1 0.63636320829391479
vt 0 1
vt 0.30487805604934692 1
vt 0.30487805604934692 0.63636386394500732
vt 0 0.63636386394500732
vt 0.69512194395065308 0.63636386394500732
vt 1 0.63636386394500732
vt 1 1
vt 0.69512194395065308 1
vn 0 0 1
vn 0 0 1
vn 0 0 1
vn 0 0 1
vn 1 0 0
vn 1 0 0
vn 1 0 0
vn 1 0 0
vn 0 0 -1
vn 0 0 -1
vn 0 0 -1
vn 0 0 -1
vn -1 0 0
vn -1 0 0
vn -1 0 0
vn -1 0 0
vn 0 -1 0
vn 0 -1 0
vn 0 -1 0
vn 0 -1 0
vn 0 1 0
vn 0 1 0
vn 0 1 0
vn 0 1 0
f 755/2274/2274 753/2273/2273 759/2276/2276 757/2275/2275
f 760/2280/2280 754/2277/2277 756/2278/2278 758/2279/2279
f 753/2257/2257 755/2259/2259 756/2260/2260 754/2258/2258
f 755/2261/2261 757/2263/2263 758/2264/2264 756/2262/2262
f 757/2265/2265 759/2267/2267 760/2268/2268 758/2266/2266
f 759/2269/2269 753/2271/2271 754/2272/2272 760/2270/2270
g object_96
v 9.9977493286132812 11 -43.986198425292969
v 9.9977493286132812 14 -43.986198425292969
v 16.247749328613281 11 -43.986198425292969
v 16.247749328613281 14 -43.986198425292969
v 16.247749328613281 11 -47.986198425292969
v 16.247749328613281 14 -47.986198425292969
v 9.9977493286132812 11 -47.986198425292969
v 9.9977493286132812 14 -47.986198425292969
vt 0 0
vt 0 0.63636320829391479
vt 0.10000000149011612 0
vt 0.10000000149011612 0.63636320829391479
vt 0.10000000149011612 0
vt 0.10000000149011612 0.63636320829391479
vt 0.5 0
vt 0.5 0.63636320829391479
vt 0.5 0
vt 0.5 0.63636320829391479
vt 0.60000002384185791 0
vt 0.60000002384185791 0.63636320829391479
vt 0.60000002384185791 0
vt 0.60000002384185791 0.63636320829391479
vt 1 0
vt 1 0.63636320829391479
vt 0 1
vt 0.30487805604934692 1
vt 0.30487805604934692 0.63636386394500732
vt 0 0.63636386394500732
vt 0.69512194395065308 0.63636386394500732
vt 1 0.63636386394500732
vt 1 1
vt 0.69512194395065308 1
vn 0 0 1
vn 0 0 1
vn 0 0 1
vn 0 0 1
vn 1 0 0
vn 1 0 0
vn 1 0 0
vn 1 0 0
vn 0 0 -1
vn 0 0 -1
vn 0 0 -1
vn 0 0 -1
vn -1 0 0
vn -1 0 0
vn -1 0 0
vn -1 0 0
vn 0 -1 0
vn 0 -1 0
vn 0 -1 0
vn 0 -1 0
vn 0 1 0
vn 0 1 0
vn 0 1 0
vn 0 1 0
f 763/2298/2298 761/2297/2297 767/2300/2300 765/2299/2299
f 768/2304/2304 762/2301/2301 764/2302/2302 766/2303/2303
f 761/2281/2281 763/2283/2283 764/2284/2284 762/2282/2282
f 763/2285/2285 765/2287/2287 766/2288/2288 764/2286/2286
f 765/2289/2289 767/2291/2291 768/2292/2292 766/2290/2290
f 767/2293/2293 761/2295/2295 762/2296/2296 768/2294/2294
g object_97
v 9.9977493286132812 8 -43.986198425292969
v 9.9977493286132812 11 -43.986198425292969
v 16.247749328613281 8 -43.986198425292969
v 16.247749328613281 11 -43.986198425292969
v 16.247749328613281 8 -47.986198425292969
v 16.247749328613281 11 -47.986198425292969
v 9.9977493286132812 8 -47.986198425292969
v 9.9977493286132812 11 -47.986198425292969
vt 0 0
vt 0 0.63636320829391479
vt 0.10000000149011612 0
vt 0.10000000149011612 0.63636320829391479
vt 0.10000000149011612 0
vt 0.10000000149011612 0.63636320829391479
vt 0.5 0
vt 0.5 0.63636320829391479
vt 0.5 0
vt 0.5 0.63636320829391479
vt 0.60000002384185791 0
vt 0.60000002384185791 0.63636320829391479
vt 0.60000002384185791 0
vt 0.60000002384185791 0.63636320829391479
vt 1 0
vt 1 0.63636320829391479
vt 0 1
vt 0.30487805604934692 1
vt 0.30487805604934692 0.63636386394500732
vt 0 0.63636386394500732
vt 0.69512194395065308 0.63636386394500732
vt 1 0.63636386394500732
vt 1 1
vt 0.69512194395065308 1
vn 0 0 1
vn 0 0 1
vn 0 0 1
vn 0 0 1
vn 1 0 0
vn 1 0 0
vn 1 0 0
vn 1 0 0
vn 0 0 -1
vn 0 0 -1
vn 0 0 -1
vn 0 0 -1
vn -1 0 0
vn -1 0 0
vn -1 0 0
vn -1 0 0
vn 0 -1 0
vn 0 -1 0
vn 0 -1 0
vn 0 -1 0
vn 0 1 0
vn 0 1 0
vn 0 1 0
vn 0 1 0
f 771/2322/2322 769/2321/2321 775/2324/2324 773/2323/2323
f 776/2328/2328 770/2325/2325 772/2326/2326 774/2327/2327
f 769/2305/2305 771/2307/2307 772/2308/2308 770/2306/2306
f 771/2309/2309 773/2311/2311 774/2312/2312 772/2310/2310
f 773/2313/2313 775/2315/2315 776/2316/2316 774/2314/2314
f 775/2317/2317 769/2319/2319 770/2320/2320 776/2318/2318
g object_98
v 9.9977493286132812 5 -43.986198425292969
v 9.9977493286132812 8 -43.986198425292969
v 16.247749328613281 5 -43.986198425292969
v 16.247749328613281 8 -43.986198425292969
v 16.247749328613281 5 -47.986198425292969
v 16.247749328613281 8 -47.986198425292969
v 9.9977493286132812 5 -47.986198425292969
v 9.9977493286132812 8 -47.986198425292969
vt 0 0
vt 0 0.63636320829391479
vt 0.10000000149011612 0
vt 0.10000000149011612 0.63636320829391479
vt 0.10000000149011612 0
vt 0.10000000149011612 0.63636320829391479
vt 0.5 0
vt 0.5 0.63636320829391479
vt 0.5 0
vt 0.5 0.63636320829391479
vt 0.60000002384185791 0
vt 0.60000002384185791 0.63636320829391479
vt 0.60000002384185791 0
vt 0.60000002384185791 0.63636320829391479
vt 1 0
vt 1 0.63636320829391479
vt 0 1
vt 0.30487805604934692 1
vt 0.30487805604934692 0.63636386394500732
vt 0 0.63636386394500732
vt 0.69512194395065308 0.63636386394500732
vt 1 0.63636386394500732
vt 1 1
vt 0.69512194395065308 1
vn 0 0 1
vn 0 0 1
vn 0 0 1
vn 0 0 1
vn 1 0 0
vn 1 0 0
vn 1 0 0
vn 1 0 0
vn 0 0 -1
vn 0 0 -1
vn 0 0 -1
vn 0 0 -1
vn -1 0 0
vn -1 0 0
vn -1 0 0
vn -1 0 0
vn 0 -1 0
vn 0 -1 0
vn 0 -1 0
vn 0 -1 0
vn 0 1 0
vn 0 1 0
vn 0 1 0
vn 0 1 0
f 779/2346/2346 777/2345/2345 783/2348/2348 781/2347/2347
f 784/2352/2352 778/2349/2349 780/2350/2350 782/2351/2351
f 777/2329/2329 779/2331/2331 780/2332/2332 778/2330/2330
f 779/2333/2333 781/2335/2335 782/2336/2336 780/2334/2334
f 781/2337/2337 783/2339/2339 784/2340/2340 782/2338/2338
f 783/2341/2341 777/2343/2343 778/2344/2344 784/2342/2342
g object_99
v 9.9977493286132812 23 -39.986198425292969
v 9.9977493286132812 26 -39.986198425292969
v 16.247749328613281 23 -39.986198425292969
v 16.247749328613281 26 -39.986198425292969
v 16.247749328613281 23 -43.986198425292969
v 16.247749328613281 26 -43.986198425292969
v 9.9977493286132812 23 -43.986198425292969
v 9.9977493286132812 26 -43.986198425292969
vt 0 0
vt 0 0.63636320829391479
vt 0.10000000149011612 0
vt 0.10000000149011612 0.63636320829391479
vt 0.10000000149011612 0
vt 0.10000000149011612 0.63636320829391479
vt 0.5 0
vt 0.5 0.63636320829391479
vt 0.5 0
vt 0.5 0.63636320829391479
vt 0.60000002384185791 0
vt 0.60000002384185791 0.63636320829391479
vt 0.60000002384185791 0
vt 0.60000002384185791 0.63636320829391479
vt 1 0
vt 1 0.63636320829391479
vt 0 1
vt 0.30487805604934692 1
vt 0.30487805604934692 0.63636386394500732
vt 0 0.63636386394500732
vt 0.69512194395065308 0.63636386394500732
vt 1 0.63636386394500732
vt 1 1
vt 0.69512194395065308 1
vn 0 0 1
vn 0 0 1
vn 0 0 1
vn 0 0 1
vn 1 0 0
vn 1 0 0
vn 1 0 0
vn 1 0 0
vn 0 0 -1
vn 0 0 -1
vn 0 0 -1
vn 0 0 -1
vn -1 0 0
vn -1 0 0
vn -1 0 0
vn -1 0 0
vn 0 -1 0
vn 0 -1 0
vn 0 -1 0
vn 0 -1 0
vn 0 1 0
vn 0 1 0
vn 0 1 0
vn 0 1 0
f 787/2370/2370 785/2369/2369 791/2372/2372 789/2371/2371
f 792/2376/2376 786/2373/2373 788/2374/2374 790/2375/2375
f 785/2353/2353 787/2355/2355 788/2356/2356 786/2354/2354
f 787/2357/2357 789/2359/2359 790/2360/2360 788/2358/2358
f 789/2361/2361 791/2363/2363 792/2364/2364 790/2362/2362
f 791/2365/2365 785/2367/2367 786/2368/2368 792/2366/2366
g object_100
v 9.9977493286132812 20 -39.986198425292969
v 9.9977493286132812 23 -39.986198425292969
v 16.247749328613281 20 -39.986198425292969
v 16.247749328613281 23 -39.986198425292969
v 16.247749328613281 20 -43.986198425292969
v 16.247749328613281 23 -43.986198425292969
v 9.9977493286132812 20 -43.986198425292969
v 9.9977493286132812 23 -43.986198425292969
vt 0 0
vt 0 0.63636320829391479
vt 0.10000000149011612 0
vt 0.10000000149011612 0.63636320829391479
vt 0.10000000149011612 0
vt 0.10000000149011612 0.63636320829391479
vt 0.5 0
vt 0.5 0.63636320829391479
vt 0.5 0
vt 0.5 0.63636320829391479
vt 0.60000002384185791 0
vt 0.60000002384185791 0.63636320829391479
vt 0.60000002384185791 0
vt 0.60000002384185791 0.63636320829391479
vt 1 0
vt 1 0.63636320829391479
vt 0 1
vt 0.30487805604934692 1
vt 0.30487805604934692 0.63636386394500732
vt 0 0.63636386394500732
vt 0.69512194395065308 0.63636386394500732
vt 1 0.63636386394500732
vt 1 1
vt 0.69512194395065308 1
vn 0 0 1
vn 0 0 1
vn 0 0 1
vn 0 0 1
vn 1 0 0
vn 1 0 0
vn 1 0 0
vn 1 0 0
vn 0 0 -1
vn 0 0 -1
vn 0 0 -1
vn 0 0 -1
vn -1 0 0
vn -1 0 0
vn -1 0 0
vn -1 0 0
vn 0 -1 0
vn 0 -1 0
vn 0 -1 0
vn 0 -1 0
vn 0 1 0
vn 0 1 0
vn 0 1 0
vn 0 1 0
f 795/2394/2394 793/2393/2393 799/2396/2396 797/2395/2395
f 800/2400/2400 794/2397/2397 796/2398/2398 798/2399/2399
f 793/2377/2377 795/2379/2379 796/2380/2380 794/2378/2378
f 795/2381/2381 797/2383/2383 798/2384/2384 796/2382/2382
f 797/2385/2385 799/2387/2387 800/2388/2388 798/2386/2386
f 799/2389/2389 793/2391/2391 794/2392/2392 800/2390/2390
g object_101
v 9.9977493286132812 17 -39.986198425292969
v 9.9977493286132812 20 -39.986198425292969
v 16.247749328613281 17 -39.986198425292969
v 16.247749328613281 20 -39.986198425292969
v 16.247749328613281 17 -43.986198425292969
v 16.247749328613281 20 -43.986198425292969
v 9.9977493286132812 17 -43.986198425292969
v 9.9977493286132812 20 -43.986198425292969
vt 0 0
vt 0 0.63636320829391479
vt 0.10000000149011612 0
vt 0.10000000149011612 0.63636320829391479
vt 0.10000000149011612 0
vt 0.10000000149011612 0.63636320829391479
vt 0.5 0
vt 0.5 0.63636320829391479
vt 0.5 0
vt 0.5 0.63636320829391479
vt 0.60000002384185791 0
vt 0.60000002384185791 0.63636320829391479
vt 0.60000002384185791 0
vt 0.60000002384185791 0.63636320829391479
vt 1 0
vt 1 0.63636320829391479
vt 0 1
vt 0.30487805604934692 1
vt 0.30487805604934692 0.63636386394500732
vt 0 0.63636386394500732
vt 0.69512194395065308 0.63636386394500732
vt 1 0.63636386394500732
vt 1 1
vt 0.69512194395065308 1
vn 0 0 1
vn 0 0 1
vn 0 0 1
vn 0 0 1
vn 1 0 0
vn 1 0 0
vn 1 0 0
vn 1 0 0
vn 0 0 -1
vn 0 0 -1
vn 0 0 -1
vn 0 0 -1
vn -1 0 0
vn -1 0 0
vn -1 0 0
vn -1 0 0
vn 0 -1 0
vn 0 -1 0
vn 0 -1 0
vn 0 -1 0
vn 0 1 0
vn 0 1 0
vn 0 1 0
vn 0 1 0
f 803/2418/2418 801/2417/2417 807/2420/2420 805/2419/2419
f 808/2424/2424 802/2421/2421 804/2422/2422 806/2423/2423
f 801/2401/2401 803/2403/2403 804/2404/2404 802/2402/2402
f 803/2405/2405 805/2407/2407 806/2408/2408 804/2406/2406
f 805/2409/2409 807/2411/2411 808/2412/2412 806/2410/2410
f 807/2413/2413 801/2415/2415 802/2416/2416 808/2414/2414
g object_102
v 9.9977493286132812 14 -39.986198425292969
v 9.9977493286132812 17 -39.986198425292969
v 16.247749328613281 14 -39.986198425292969
v 16.247749328613281 17 -39.986198425292969
v 16.247749328613281 14 -43.986198425292969
v 16.247749328613281 17 -43.986198425292969
v 9.9977493286132812 14 -43.986198425292969
v 9.9977493286132812 17 -43.986198425292969
vt 0 0
vt 0 0.63636320829391479
vt 0.10000000149011612 0
vt 0.10000000149011612 0.63636320829391479
vt 0.10000000149011612 0
vt 0.10000000149011612 0.63636320829391479
vt 0.5 0
vt 0.5 0.63636320829391479
vt 0.5 0
vt 0.5 0.63636320829391479
vt 0.60000002384185791 0
vt 0.60000002384185791 0.63636320829391479
vt 0.60000002384185791 0
vt 0.60000002384185791 0.63636320829391479
vt 1 0
vt 1 0.63636320829391479
vt 0 1
vt 0.30487805604934692 1
vt 0.30487805604934692 0.63636386394500732
vt 0 0.63636386394500732
vt 0.69512194395065308 0.63636386394500732
vt 1 0.63636386394500732
vt 1 1
vt 0.69512194395065308 1
vn 0 0 1
vn 0 0 1
vn 0 0 1
vn 0 0 1
vn 1 0 0
vn 1 0 0
vn 1 0 0
vn 1 0 0
vn 0 0 -1
vn 0 0 -1
vn 0 0 -1
vn 0 0 -1
vn -1 0 0
vn -1 0 0
vn -1 0 0
vn -1 0 0
vn 0 -1 0
vn 0 -1 0
vn 0 -1 0
vn 0 -1 0
vn 0 1 0
vn 0 1 0
vn 0 1 0
vn 0 1 0
f 811/2442/2442 809/2441/2441 815/2444/2444 813/2443/2443
f 816/2448/2448 810/2445/2445 812/2446/2446 814/2447/2447
f 809/2425/2425 811/2427/2427 812/2428/2428 810/2426/2426
f 811/2429/2429 813/2431/2431 814/2432/2432 812/2430/2430
f 813/2433/2433 815/2435/2435 816/2436/2436 814/2434/2434
f 815/2437/2437 809/2439/2439 810/2440/2440 816/2438/2438
g object_103
v 9.9977493286132812 11 -39.986198425292969
v 9.9977493286132812 14 -39.986198425292969
v 16.247749328613281 11 -39.986198425292969
v 16.247749328613281 14 -39.986198425292969
v 16.247749328613281 11 -43.986198425292969
v 16.247749328613281 14 -43.986198425292969
v 9.9977493286132812 11 -43.986198425292969
v 9.9977493286132812 14 -43.986198425292969
vt 0 0
vt 0 0.63636320829391479
vt 0.10000000149011612 0
vt 0.10000000149011612 0.63636320829391479
vt 0.10000000149011612 0
vt 0.10000000149011612 0.63636320829391479
vt 0.5 0
vt 0.5 0.63636320829391479
vt 0.5 0
vt 0.5 0.63636320829391479
vt 0.60000002384185791 0
vt 0.60000002384185791 0.63636320829391479
vt 0.60000002384185791 0
vt 0.60000002384185791 0.63636320829391479
vt 1 0
vt 1 0.63636320829391479
vt 0 1
vt 0.30487805604934692 1
vt 0.30487805604934692 0.63636386394500732
vt 0 0.63636386394500732
vt 0.69512194395065308 0.63636386394500732
vt 1 0.63636386394500732
vt 1 1
vt 0.69512194395065308 1
vn 0 0 1
vn 0 0 1
vn 0 0 1
vn 0 0 1
vn 1 0 0
vn 1 0 0
vn 1 0 0
vn 1 0 0
vn 0 0 -1
vn 0 0 -1
vn 0 0 -1
vn 0 0 -1
vn -1 0 0
vn -1 0 0
vn -1 0 0
vn -1 0 0
vn 0 -1 0
vn 0 -1 0
vn 0 -1 0
vn 0 -1 0
vn 0 1 0
vn 0 1 0
vn 0 1 0
vn 0 1 0
f 819/2466/2466 817/2465/2465 823/2468/2468 821/2467/2467
f 824/2472/2472 818/2469/2469 820/2470/2470 822/2471/2471
f 817/2449/2449 819/2451/2451 820/2452/2452 818/2450/2450
f 819/2453/2453 821/2455/2455 822/2456/2456 820/2454/2454
f 821/2457/2457 823/2459/2459 824/2460/2460 822/2458/2458
f 823/2461/2461 817/2463/2463 818/2464/2464 824/2462/2462
g object_104
v 9.9977493286132812 8 -39.986198425292969
v 9.9977493286132812 11 -39.986198425292969
v 16.247749328613281 8 -39.986198425292969
v 16.247749328613281 11 -39.986198425292969
v 16.247749328613281 8 -43.986198425292969
v 16.247749328613281 11 -43.986198425292969
v 9.9977493286132812 8 -43.986198425292969
v 9.9977493286132812 11 -43.986198425292969
vt 0 0
vt 0 0.63636320829391479
vt 0.10000000149011612 0
vt 0.10000000149011612 0.63636320829391479
vt 0.10000000149011612 0
vt 0.10000000149011612 0.63636320829391479
vt 0.5 0
vt 0.5 0.63636320829391479
vt 0.5 0
vt 0.5 0.63636320829391479
vt 0.60000002384185791 0
vt 0.60000002384185791 0.63636320829391479
vt 0.60000002384185791 0
vt 0.60000002384185791 0.63636320829391479
vt 1 0
vt 1 0.63636320829391479
vt 0 1
vt 0.30487805604934692 1
vt 0.30487805604934692 0.63636386394500732
vt 0 0.63636386394500732
vt 0.69512194395065308 0.63636386394500732
vt 1 0.63636386394500732
vt 1 1
vt 0.69512194395065308 1
vn 0 0 1
vn 0 0 1
vn 0 0 1
vn 0 0 1
vn 1 0 0
vn 1 0 0
vn 1 0 0
vn 1 0 0
vn 0 0 -1
vn 0 0 -1
vn 0 0 -1
vn 0 0 -1
vn -1 0 0
vn -1 0 0
vn -1 0 0
vn -1 0 0
vn 0 -1 0
vn 0 -1 0
vn 0 -1 0
vn 0 -1 0
vn 0 1 0
vn 0 1 0
vn 0 1 0
vn 0 1 0
f 827/2490/2490 825/2489/2489 831/2492/2492 829/2491/2491
f 832/2496/2496 826/2493/2493 828/2494/2494 830/2495/2495
f 825/2473/2473 827/2475/2475 828/2476/2476 826/2474/2474
f 827/2477/2477 829/2479/2479 830/2480/2480 828/2478/2478
f 829/2481/2481 831/2483/2483 832/2484/2484 830/2482/2482
f 831/2485/2485 825/2487/2487 826/2488/2488 832/2486/2486
g object_105
v 9.9977493286132812 5 -39.986198425292969
v 9.9977493286132812 8 -39.986198425292969
v 16.247749328613281 5 -39.986198425292969
v 16.247749328613281 8 -39.986198425292969
v 16.247749328613281 5 -43.986198425292969
v 16.247749328613281 8 -43.986198425292969
v 9.9977493286132812 5 -43.986198425292969
v 9.9977493286132812 8 -43.986198425292969
vt 0 0
vt 0 0.63636320829391479
vt 0.10000000149011612 0
vt 0.10000000149011612 0.63636320829391479
vt 0.10000000149011612 0
vt 0.10000000149011612 0.63636320829391479
vt 0.5 0
vt 0.5 0.63636320829391479
vt 0.5 0
vt 0.5 0.63636320829391479
vt 0.60000002384185791 0
vt 0.60000002384185791 0.63636320829391479
vt 0.60000002384185791 0
vt 0.60000002384185791 0.63636320829391479
vt 1 0
vt 1 0.63636320829391479
vt 0 1
vt 0.30487805604934692 1
vt 0.30487805604934692 0.63636386394500732
vt 0 0.63636386394500732
vt 0.69512194395065308 0.63636386394500732
vt 1 0.63636386394500732
vt 1 1
vt 0.69512194395065308 1
vn 0 0 1
vn 0 0 1
vn 0 0 1
vn 0 0 1
vn 1 0 0
vn 1 0 0
vn 1 0 0
vn 1 0 0
vn 0 0 -1
vn 0 0 -1
vn 0 0 -1
vn 0 0 -1
vn -1 0 0
vn -1 0 0
vn -1 0 0
vn -1 0 0
vn 0 -1 0
vn 0 -1 0
vn 0 -1 0
vn 0 -1 0
vn 0 1 0
vn 0 1 0
vn 0 1 0
vn 0 1 0
f 835/2514/2514 833/2513/2513 839/2516/2516 837/2515/2515
f 840/2520/2520 834/2517/2517 836/2518/2518 838/2519/2519
f 833/2497/2497 835/2499/2499 836/2500/2500 834/2498/2498
f 835/2501/2501 837/2503/2503 838/2504/2504 836/2502/2502
f 837/2505/2505 839/2507/2507 840/2508/2508 838/2506/2506
f 839/2509/2509 833/2511/2511 834/2512/2512 840/2510/2510
g object_106
v 9.9977493286132812 26 -35.986198425292969
v 9.9977493286132812 29 -35.986198425292969
v 16.247749328613281 26 -35.986198425292969
v 16.247749328613281 29 -35.986198425292969
v 16.247749328613281 26 -39.986198425292969
v 16.247749328613281 29 -39.986198425292969
v 9.9977493286132812 26 -39.986198425292969
v 9.9977493286132812 29 -39.986198425292969
vt 0 0
vt 0 0.63636320829391479
vt 0.10000000149011612 0
vt 0.10000000149011612 0.63636320829391479
vt 0.10000000149011612 0
vt 0.10000000149011612 0.63636320829391479
vt 0.5 0
vt 0.5 0.63636320829391479
vt 0.5 0
vt 0.5 0.63636320829391479
vt 0.60000002384185791 0
vt 0.60000002384185791 0.63636320829391479
vt 0.60000002384185791 0
vt 0.60000002384185791 0.63636320829391479
vt 1 0
vt 1 0.63636320829391479
vt 0 1
vt 0.30487805604934692 1
vt 0.30487805604934692 0.63636386394500732
vt 0 0.63636386394500732
vt 0.69512194395065308 0.63636386394500732
vt 1 0.63636386394500732
vt 1 1
vt 0.69512194395065308 1
vn 0 0 1
vn 0 0 1
vn 0 0 1
vn 0 0 1
vn 1 0 0
vn 1 0 0
vn 1 0 0
vn 1 0 0
vn 0 0 -1
vn 0 0 -1
vn 0 0 -1
vn 0 0 -1
vn -1 0 0
vn -1 0 0
vn -1 0 0
vn -1 0 0
vn 0 -1 0
vn 0 -1 0
vn 0 -1 0
vn 0 -1 0
vn 0 1 0
vn 0 1 0
vn 0 1 0
vn 0 1 0
f 843/2538/2538 841/2537/2537 847/2540/2540 845/2539/2539
f 848/2544/2544 842/2541/2541 844/2542/2542 846/2543/2543
f 841/2521/2521 843/2523/2523 844/2524/2524 842/2522/2522
f 843/2525/2525 845/2527/2527 846/2528/2528 844/2526/2526
f 845/2529/2529 847/2531/2531 848/2532/2532 846/2530/2530
f 847/2533/2533 841/2535/2535 842/2536/2536 848/2534/2534
g object_107
v 9.9977493286132812 23 -35.986198425292969
v 9.9977493286132812 26 -35.986198425292969
v 16.247749328613281 23 -35.986198425292969
v 16.247749328613281 26 -35.986198425292969
v 16.247749328613281 23 -39.986198425292969
v 16.247749328613281 26 -39.986198425292969
v 9.9977493286132812 23 -39.986198425292969
v 9.9977493286132812 26 -39.986198425292969
vt 0 0
vt 0 0.63636320829391479
vt 0.10000000149011612 0
vt 0.10000000149011612 0.63636320829391479
vt 0.10000000149011612 0
vt 0.10000000149011612 0.63636320829391479
vt 0.5 0
vt 0.5 0.63636320829391479
vt 0.5 0
vt 0.5 0.63636320829391479
vt 0.60000002384185791 0
vt 0.60000002384185791 0.63636320829391479
vt 0.60000002384185791 0
vt 0.60000002384185791 0.63636320829391479
vt 1 0
vt 1 0.63636320829391479
vt 0 1
vt 0.30487805604934692 1
vt 0.30487805604934692 0.63636386394500732
vt 0 0.63636386394500732
vt 0.69512194395065308 0.63636386394500732
vt 1 0.63636386394500732
vt 1 1
vt 0.69512194395065308 1
vn 0 0 1
vn 0 0 1
vn 0 0 1
vn 0 0 1
vn 1 0 0
vn 1 0 0
vn 1 0 0
vn 1 0 0
vn 0 0 -1
vn 0 0 -1
vn 0 0 -1
vn 0 0 -1
vn -1 0 0
vn -1 0 0
vn -1 0 0
vn -1 0 0
vn 0 -1 0
vn 0 -1 0
vn 0 -1 0
vn 0 -1 0
vn 0 1 0
vn 0 1 0
vn 0 1 0
vn 0 1 0
f 851/2562/2562 849/2561/2561 855/2564/2564 853/2563/2563
f 856/2568/2568 850/2565/2565 852/2566/2566 854/2567/2567
f 849/2545/2545 851/2547/2547 852/2548/2548 850/2546/2546
f 851/2549/2549 853/2551/2551 854/2552/2552 852/2550/2550
f 853/2553/2553 855/2555/2555 856/2556/2556 854/2554/2554
f 855/2557/2557 849/2559/2559 850/2560/2560 856/2558/2558
g object_108
v 9.9977493286132812 20 -35.986198425292969
v 9.9977493286132812 23 -35.986198425292969
v 16.247749328613281 20 -35.986198425292969
v 16.247749328613281 23 -35.986198425292969
v 16.247749328613281 20 -39.986198425292969
v 16.247749328613281 23 -39.986198425292969
v 9.9977493286132812 20 -39.986198425292969
v 9.9977493286132812 23 -39.986198425292969
vt 0 0
vt 0 0.63636320829391479
vt 0.10000000149011612 0
vt 0.10000000149011612 0.63636320829391479
vt 0.10000000149011612 0
vt 0.10000000149011612 0.63636320829391479
vt 0.5 0
vt 0.5 0.63636320829391479
vt 0.5 0
vt 0.5 0.63636320829391479
vt 0.60000002384185791 0
vt 0.60000002384185791 0.63636320829391479
vt 0.60000002384185791 0
vt 0.60000002384185791 0.63636320829391479
vt 1 0
vt 1 0.63636320829391479
vt 0 1
vt 0.30487805604934692 1
vt 0.30487805604934692 0.63636386394500732
vt 0 0.63636386394500732
vt 0.69512194395065308 0.63636386394500732
vt 1 0.63636386394500732
vt 1 1
vt 0.69512194395065308 1
vn 0 0 1
vn 0 0 1
vn 0 0 1
vn 0 0 1
vn 1 0 0
vn 1 0 0
vn 1 0 0
vn 1 0 0
vn 0 0 -1
vn 0 0 -1
vn 0 0 -1
vn 0 0 -1
vn -1 0 0
vn -1 0 0
vn -1 0 0
vn -1 0 0
vn 0 -1 0
vn 0 -1 0
vn 0 -1 0
vn 0 -1 0
vn 0 1 0
vn 0 1 0
vn 0 1 0
vn 0 1 0
f 859/2586/2586 857/2585/2585 863/2588/2588 861/2587/2587
f 864/2592/2592 858/2589/2589 860/2590/2590 862/2591/2591
f 857/2569/2569 859/2571/2571 860/2572/2572 858/2570/2570
f 859/2573/2573 861/2575/2575 862/2576/2576 860/2574/2574
f 861/2577/2577 863/2579/2579 864/2580/2580 862/2578/2578
f 863/2581/2581 857/2583/2583 858/2584/2584 864/2582/2582
g object_109
v 9.9977493286132812 17 -35.986198425292969
v 9.9977493286132812 20 -35.986198425292969
v 16.247749328613281 17 -35.986198425292969
v 16.247749328613281 20 -35.986198425292969
v 16.247749328613281 17 -39.986198425292969
v 16.247749328613281 20 -39.986198425292969
v 9.9977493286132812 17 -39.986198425292969
v 9.9977493286132812 20 -39.986198425292969
vt 0 0
vt 0 0.63636320829391479
vt 0.10000000149011612 0
vt 0.10000000149011612 0.63636320829391479
vt 0.10000000149011612 0
vt 0.10000000149011612 0.63636320829391479
vt 0.5 0
vt 0.5 0.63636320829391479
vt 0.5 0
vt 0.5 0.63636320829391479
vt 0.60000002384185791 0
vt 0.60000002384185791 0.63636320829391479
vt 0.60000002384185791 0
vt 0.60000002384185791 0.63636320829391479
vt 1 0
vt 1 0.63636320829391479
vt 0 1
vt 0.30487805604934692 1
vt 0.30487805604934692 0.63636386394500732
vt 0 0.63636386394500732
vt 0.69512194395065308 0.63636386394500732
vt 1 0.63636386394500732
vt 1 1
vt 0.69512194395065308 1
vn 0 0 1
vn 0 0 1
vn 0 0 1
vn 0 0 1
vn 1 0 0
vn 1 0 0
vn 1 0 0
vn 1 0 0
vn 0 0 -1
vn 0 0 -1
vn 0 0 -1
vn 0 0 -1
vn -1 0 0
vn -1 0 0
vn -1 0 0
vn -1 0 0
vn 0 -1 0
vn 0 -1 0
vn 0 -1 0
vn 0 -1 0
vn 0 1 0
vn 0 1 0
vn 0 1 0
vn 0 1 0
f 867/2610/2610 865/2609/2609 871/2612/2612 869/2611/2611
f 872/2616/2616 866/2613/2613 868/2614/2614 870/2615/2615
f 865/2593/2593 867/2595/2595 868/2596/2596 866/2594/2594
f 867/2597/2597 869/2599/2599 870/2600/2600 868/2598/2598
f 869/2601/2601 871/2603/2603 872/2604/2604 870/2602/2602
f 871/2605/2605 865/2607/2607 866/2608/2608 872/2606/2606
g object_110
v 9.9977493286132812 14 -35.986198425292969
v 9.9977493286132812 17 -35.986198425292969
v 16.247749328613281 14 -35.986198425292969
v 16.247749328613281 17 -35.986198425292969
v 16.247749328613281 14 -39.986198425292969
v 16.247749328613281 17 -39.986198425292969
v 9.9977493286132812 14 -39.986198425292969
v 9.9977493286132812 17 -39.986198425292969
vt 0 0
vt 0 0.63636320829391479
vt 0.10000000149011612 0
vt 0.10000000149011612 0.63636320829391479
vt 0.10000000149011612 0
vt 0.10000000149011612 0.63636320829391479
vt 0.5 0
vt 0.5 0.63636320829391479
vt 0.5 0
vt 0.5 0.63636320829391479
vt 0.60000002384185791 0
vt 0.60000002384185791 0.63636320829391479
vt 0.60000002384185791 0
vt 0.60000002384185791 0.63636320829391479
vt 1 0
vt 1 0.63636320829391479
vt 0 1
vt 0.30487805604934692 1
vt 0.30487805604934692 0.63636386394500732
vt 0 0.63636386394500732
vt 0.69512194395065308 0.63636386394500732
vt 1 0.63636386394500732
vt 1 1
vt 0.69512194395065308 1
vn 0 0 1
vn 0 0 1
vn 0 0 1
vn 0 0 1
vn 1 0 0
vn 1 0 0
vn 1 0 0
vn 1 0 0
vn 0 0 -1
vn 0 0 -1
vn 0 0 -1
vn 0 0 -1
vn -1 0 0
vn -1 0 0
vn -1 0 0
vn -1 0 0
vn 0 -1 0
vn 0 -1 0
vn 0 -1 0
vn 0 -1 0
vn 0 1 0
vn 0 1 0
vn 0 1 0
vn 0 1 0
f 875/2634/2634 873/2633/2633 879/2636/2636 877/2635/2635
f 880/2640/2640 874/2637/2637 876/2638/2638 878/2639/2639
f 873/2617/2617 875/2619/2619 876/2620/2620 874/2618/2618
f 875/2621/2621 877/2623/2623 878/2624/2624 876/2622/2622
f 877/2625/2625 879/2627/2627 880/2628/2628 878/2626/2626
f 879/2629/2629 873/2631/2631 874/2632/2632 880/2630/2630
g object_111
v 9.9977493286132812 11 -35.986198425292969
v 9.9977493286132812 14 -35.986198425292969
v 16.247749328613281 11 -35.986198425292969
v 16.247749328613281 14 -35.986198425292969
v 16.247749328613281 11 -39.986198425292969
v 16.247749328613281 14 -39.986198425292969
v 9.9977493286132812 11 -39.986198425292969
v 9.9977493286132812 14 -39.986198425292969
vt 0 0
vt 0 0.63636320829391479
vt 0.10000000149011612 0
vt 0.10000000149011612 0.63636320829391479
vt 0.10000000149011612 0
vt 0.10000000149011612 0.63636320829391479
vt 0.5 0
vt 0.5 0.63636320829391479
vt 0.5 0
vt 0.5 0.63636320829391479
vt 0.60000002384185791 0
vt 0.60000002384185791 0.63636320829391479
vt 0.60000002384185791 0
vt 0.60000002384185791 0.63636320829391479
vt 1 0
vt 1 0.63636320829391479
vt 0 1
vt 0.30487805604934692 1
vt 0.30487805604934692 0.63636386394500732
vt 0 0.63636386394500732
vt 0.69512194395065308 0.63636386394500732
vt 1 0.63636386394500732
vt 1 1
vt 0.69512194395065308 1
vn 0 0 1
vn 0 0 1
vn 0 0 1
vn 0 0 1
vn 1 0 0
vn 1 0 0
vn 1 0 0
vn 1 0 0
vn 0 0 -1
vn 0 0 -1
vn 0 0 -1
vn 0 0 -1
vn -1 0 0
vn -1 0 0
vn -1 0 0
vn -1 0 0
vn 0 -1 0
vn 0 -1 0
vn 0 -1 0
vn 0 -1 0
vn 0 1 0
vn 0 1 0
vn 0 1 0
vn 0 1 0
f 883/2658/2658 881/2657/2657 887/2660/2660 885/2659/2659
f 888/2664/2664 882/2661/2661 884/2662/2662 886/2663/2663
f 881/2641/2641 883/2643/2643 884/2644/2644 882/2642/2642
f 883/2645/2645 885/2647/2647 886/2648/2648 884/2646/2646
f 885/2649/2649 887/2651/2651 888/2652/2652 886/2650/2650
f 887/2653/2653 881/2655/2655 882/2656/2656 888/2654/2654
g object_112
v 9.9977493286132812 8 -35.986198425292969
v 9.9977493286132812 11 -35.986198425292969
v 16.247749328613281 8 -35.986198425292969
v 16.247749328613281 11 -35.986198425292969
v 16.247749328613281 8 -39.986198425292969
v 16.247749328613281 11 -39.986198425292969
v 9.9977493286132812 8 -39.986198425292969
v 9.9977493286132812 11 -39.986198425292969
vt 0 0
vt 0 0.63636320829391479
vt 0.10000000149011612 0
vt 0.10000000149011612 0.63636320829391479
vt 0.10000000149011612 0
vt 0.10000000149011612 0.63636320829391479
vt 0.5 0
vt 0.5 0.63636320829391479
vt 0.5 0
vt 0.5 0.63636320829391479
vt 0.60000002384185791 0
vt 0.60000002384185791 0.63636320829391479
vt 0.60000002384185791 0
vt 0.60000002384185791 0.63636320829391479
vt 1 0
vt 1 0.63636320829391479
vt 0 1
vt 0.30487805604934692 1
vt 0.30487805604934692 0.63636386394500732
vt 0 0.63636386394500732
vt 0.69512194395065308 0.63636386394500732
vt 1 0.63636386394500732
vt 1 1
vt 0.69512194395065308 1
vn 0 0 1
vn 0 0 1
vn 0 0 1
vn 0 0 1
vn 1 0 0
vn 1 0 0
vn 1 0 0
vn 1 0 0
vn 0 0 -1
vn 0 0 -1
vn 0 0 -1
vn 0 0 -1
vn -1 0 0
vn -1 0 0
vn -1 0 0
vn -1 0 0
vn 0 -1 0
vn 0 -1 0
vn 0 -1 0
vn 0 -1 0
vn 0 1 0
vn 0 1 0
vn 0 1 0
vn 0 1 0
f 891/2682/2682 889/2681/2681 895/2684/2684 893/2683/2683
f 896/2688/2688 890/2685/2685 892/2686/2686 894/2687/2687
f 889/2665/2665 891/2667/2667 892/2668/2668 890/2666/2666
f 891/2669/2669 893/2671/2671 894/2672/2672 892/2670/2670
f 893/2673/2673 895/2675/2675 896/2676/2676 894/2674/2674
f 895/2677/2677 889/2679/2679 890/2680/2680 896/2678/2678
g object_113
v 9.9977493286132812 5 -35.986198425292969
v 9.9977493286132812 8 -35.986198425292969
v 16.247749328613281 5 -35.986198425292969
v 16.247749328613281 8 -35.986198425292969
v 16.247749328613281 5 -39.986198425292969
v 16.247749328613281 8 -39.986198425292969
v 9.9977493286132812 5 -39.986198425292969
v 9.9977493286132812 8 -39.986198425292969
vt 0 0
vt 0 0.63636320829391479
vt 0.10000000149011612 0
vt 0.10000000149011612 0.63636320829391479
vt 0.10000000149011612 0
vt 0.10000000149011612 0.63636320829391479
vt 0.5 0
vt 0.5 0.63636320829391479
vt 0.5 0
vt 0.5 0.63636320829391479
vt 0.60000002384185791 0
vt 0.60000002384185791 0.63636320829391479
vt 0.60000002384185791 0
vt 0.60000002384185791 0.63636320829391479
vt 1 0
vt 1 0.63636320829391479
vt 0 1
vt 0.30487805604934692 1
vt 0.30487805604934692 0.63636386394500732
vt 0 0.63636386394500732
vt 0.69512194395065308 0.63636386394500732
vt 1 0.63636386394500732
vt 1 1
vt 0.69512194395065308 1
vn 0 0 1
vn 0 0 1
vn 0 0 1
vn 0 0 1
vn 1 0 0
vn 1 0 0
vn 1 0 0
vn 1 0 0
vn 0 0 -1
vn 0 0 -1
vn 0 0 -1
vn 0 0 -1
vn -1 0 0
vn -1 0 0
vn -1 0 0
vn -1 0 0
vn 0 -1 0
vn 0 -1 0
vn 0 -1 0
vn 0 -1 0
vn 0 1 0
vn 0 1 0
vn 0 1 0
vn 0 1 0
f 899/2706/2706 897/2705/2705 903/2708/2708 901/2707/2707
f 904/2712/2712 898/2709/2709 900/2710/2710 902/2711/2711
f 897/2689/2689 899/2691/2691 900/2692/2692 898/2690/2690
f 899/2693/2693 901/2695/2695 902/2696/2696 900/2694/2694
f 901/2697/2697 903/2699/2699 904/2700/2700 902/2698/2698
f 903/2701/2701 897/2703/2703 898/2704/2704 904/2702/2702
g object_114
v 9.9977493286132812 26 -31.986200332641602
v 9.9977493286132812 29 -31.986200332641602
v 16.247749328613281 26 -31.986200332641602
v 16.247749328613281 29 -31.986200332641602
v 16.247749328613281 26 -35.986198425292969
v 16.247749328613281 29 -35.986198425292969
v 9.9977493286132812 26 -35.986198425292969
v 9.9977493286132812 29 -35.986198425292969
vt 0 0
vt 0 0.63636320829391479
vt 0.10000000149011612 0
vt 0.10000000149011612 0.63636320829391479
vt 0.10000000149011612 0
vt 0.10000000149011612 0.63636320829391479
vt 0.5 0
vt 0.5 0.63636320829391479
vt 0.5 0
vt 0.5 0.63636320829391479
vt 0.60000002384185791 0
vt 0.60000002384185791 0.63636320829391479
vt 0.60000002384185791 0
vt 0.60000002384185791 0.63636320829391479
vt 1 0
vt 1 0.63636320829391479
vt 0 1
vt 0.30487805604934692 1
vt 0.30487805604934692 0.63636386394500732
vt 0 0.63636386394500732
vt 0.69512194395065308 0.63636386394500732
vt 1 0.63636386394500732
vt 1 1
vt 0.69512194395065308 1
vn 0 0 1
vn 0 0 1
vn 0 0 1
vn 0 0 1
vn 1 0 0
vn 1 0 0
vn 1 0 0
vn 1 0 0
vn 0 0 -1
vn 0 0 -1
vn 0 0 -1
vn 0 0 -1
vn -1 0 0
vn -1 0 0
vn -1 0 0
vn -1 0 0
vn 0 -1 0
vn 0 -1 0
vn 0 -1 0
vn 0 -1 0
vn 0 1 0
vn 0 1 0
vn 0 1 0
vn 0 1 0
f 907/2730/2730 905/2729/2729 911/2732/2732 909/2731/2731
f 912/2736/2736 906/2733/2733 908/2734/2734 910/2735/2735
f 905/2713/2713 907/2715/2715 908/2716/2716 906/2714/2714
f 907/2717/2717 909/2719/2719 910/2720/2720 908/2718/2718
f 909/2721/2721 911/2723/2723 912/2724/2724 910/2722/2722
f 911/2725/2725 905/2727/2727 906/2728/2728 912/2726/2726
g object_115
v 9.9977493286132812 23 -31.986200332641602
v 9.9977493286132812 26 -31.986200332641602
v 16.247749328613281 23 -31.986200332641602
v 16.247749328613281 26 -31.986200332641602
v 16.247749328613281 23 -35.986198425292969
v 16.247749328613281 26 -35.986198425292969
v 9.9977493286132812 23 -35.986198425292969
v 9.9977493286132812 26 -35.986198425292969
vt 0 0
vt 0 0.63636320829391479
vt 0.10000000149011612 0
vt 0.10000000149011612 0.63636320829391479
vt 0.10000000149011612 0
vt 0.10000000149011612 0.63636320829391479
vt 0.5 0
vt 0.5 0.63636320829391479
vt 0.5 0
vt 0.5 0.63636320829391479
vt 0.60000002384185791 0
vt 0.60000002384185791 0.63636320829391479
vt 0.60000002384185791 0
vt 0.60000002384185791 0.63636320829391479
vt 1 0
vt 1 0.63636320829391479
vt 0 1
vt 0.30487805604934692 1
vt 0.30487805604934692 0.63636386394500732
vt 0 0.63636386394500732
vt 0.69512194395065308 0.63636386394500732
vt 1 0.63636386394500732
vt 1 1
vt 0.69512194395065308 1
vn 0 0 1
vn 0 0 1
vn 0 0 1
vn 0 0 1
vn 1 0 0
vn 1 0 0
vn 1 0 0
vn 1 0 0
vn 0 0 -1
vn 0 0 -1
vn 0 0 -1
vn 0 0 -1
vn -1 0 0
vn -1 0 0
vn -1 0 0
vn -1 0 0
vn 0 -1 0
vn 0 -1 0
vn 0 -1 0
vn 0 -1 0
vn 0 1 0
vn 0 1 0
vn 0 1 0
vn 0 1 0
f 915/2754/2754 913/2753/2753 919/2756/2756 917/2755/2755
f 920/2760/2760 914/2757/2757 916/2758/2758 918/2759/2759
f 913/2737/2737 915/2739/2739 916/2740/2740 914/2738/2738
f 915/2741/2741 917/2743/2743 918/2744/2744 916/2742/2742
f 917/2745/2745 919/2747/2747 920/2748/2748 918/2746/2746
f 919/2749/2749 913/2751/2751 914/2752/2752 920/2750/2750
g object_116
v 9.9977493286132812 20 -31.986200332641602
v 9.9977493286132812 23 -31.986200332641602
v 16.247749328613281 20 -31.986200332641602
v 16.247749328613281 23 -31.986200332641602
v 16.247749328613281 20 -35.986198425292969
v 16.247749328613281 23 -35.986198425292969
v 9.9977493286132812 20 -35.986198425292969
v 9.9977493286132812 23 -35.986198425292969
vt 0 0
vt 0 0.63636320829391479
vt 0.10000000149011612 0
vt 0.10000000149011612 0.63636320829391479
vt 0.10000000149011612 0
vt 0.10000000149011612 0.63636320829391479
vt 0.5 0
vt 0.5 0.63636320829391479
vt 0.5 0
vt 0.5 0.63636320829391479
vt 0.60000002384185791 0
vt 0.60000002384185791 0.63636320829391479
vt 0.60000002384185791 0
vt 0.60000002384185791 0.63636320829391479
vt 1 0
vt 1 0.63636320829391479
vt 0 1
vt 0.30487805604934692 1
vt 0.30487805604934692 0.63636386394500732
vt 0 0.63636386394500732
vt 0.69512194395065308 0.63636386394500732
vt 1 0.63636386394500732
vt 1 1
vt 0.69512194395065308 1
vn 0 0 1
vn 0 0 1
vn 0 0 1
vn 0 0 1
vn 1 0 0
vn 1 0 0
vn 1 0 0
vn 1 0 0
vn 0 0 -1
vn 0 0 -1
vn 0 0 -1
vn 0 0 -1
vn -1 0 0
vn -1 0 0
vn -1 0 0
vn -1 0 0
vn 0 -1 0
vn 0 -1 0
vn 0 -1 0
vn 0 -1 0
vn 0 1 0
vn 0 1 0
vn 0 1 0
vn 0 1 0
f 923/2778/2778 921/2777/2777 927/2780/2780 925/2779/2779
f 928/2784/2784 922/2781/2781 924/2782/2782 926/2783/2783
f 921/2761/2761 923/2763/2763 924/2764/2764 922/2762/2762
f 923/2765/2765 925/2767/2767 926/2768/2768 924/2766/2766
f 925/2769/2769 927/2771/2771 928/2772/2772 926/2770/2770
f 927/2773/2773 921/2775/2775 922/2776/2776 928/2774/2774
g object_117
v 9.9977493286132812 17 -31.986200332641602
v 9.9977493286132812 20 -31.986200332641602
v 16.247749328613281 17 -31.986200332641602
v 16.247749328613281 20 -31.986200332641602
v 16.247749328613281 17 -35.986198425292969
v 16.247749328613281 20 -35.986198425292969
v 9.9977493286132812 17 -35.986198425292969
v 9.9977493286132812 20 -35.986198425292969
vt 0 0
vt 0 0.63636320829391479
vt 0.10000000149011612 0
vt 0.10000000149011612 0.63636320829391479
vt 0.10000000149011612 0
vt 0.10000000149011612 0.63636320829391479
vt 0.5 0
vt 0.5 0.63636320829391479
vt 0.5 0
vt 0.5 0.63636320829391479
vt 0.60000002384185791 0
vt 0.60000002384185791 0.63636320829391479
vt 0.60000002384185791 0
vt 0.60000002384185791 0.63636320829391479
vt 1 0
vt 1 0.63636320829391479
vt 0 1
vt 0.30487805604934692 1
vt 0.30487805604934692 0.63636386394500732
vt 0 0.63636386394500732
vt 0.69512194395065308 0.63636386394500732
vt 1 0.63636386394500732
vt 1 1
vt 0.69512194395065308 1
vn 0 0 1
vn 0 0 1
vn 0 0 1
vn 0 0 1
vn 1 0 0
vn 1 0 0
vn 1 0 0
vn 1 0 0
vn 0 0 -1
vn 0 0 -1
vn 0 0 -1
vn 0 0 -1
vn -1 0 0
vn -1 0 0
vn -1 0 0
vn -1 0 0
vn 0 -1 0
vn 0 -1 0
vn 0 -1 0
vn 0 -1 0
vn 0 1 0
vn 0 1 0
vn 0 1 0
vn 0 1 0
f 931/2802/2802 929/2801/2801 935/2804/2804 933/2803/2803
f 936/2808/2808 930/2805/2805 932/2806/2806 934/2807/2807
f 929/2785/2785 931/2787/2787 932/2788/2788 930/2786/2786
f 931/2789/2789 933/2791/2791 934/2792/2792 932/2790/2790
f 933/2793/2793 935/2795/2795 936/2796/2796 934/2794/2794
f 935/2797/2797 929/2799/2799 930/2800/2800 936/2798/2798
g object_118
v 9.9977493286132812 14 -31.986200332641602
v 9.9977493286132812 17 -31.986200332641602
v 16.247749328613281 14 -31.986200332641602
v 16.247749328613281 17 -31.986200332641602
v 16.247749328613281 14 -35.986198425292969
v 16.247749328613281 17 -35.986198425292969
v 9.9977493286132812 14 -35.986198425292969
v 9.9977493286132812 17 -35.986198425292969
vt 0 0
vt 0 0.63636320829391479
vt 0.10000000149011612 0
vt 0.10000000149011612 0.63636320829391479
vt 0.10000000149011612 0
vt 0.10000000149011612 0.63636320829391479
vt 0.5 0
vt 0.5 0.63636320829391479
vt 0.5 0
vt 0.5 0.63636320829391479
vt 0.60000002384185791 0
vt 0.60000002384185791 0.63636320829391479
vt 0.60000002384185791 0
vt 0.60000002384185791 0.63636320829391479
vt 1 0
vt 1 0.63636320829391479
vt 0 1
vt 0.30487805604934692 1
vt 0.30487805604934692 0.63636386394500732
vt 0 0.63636386394500732
vt 0.69512194395065308 0.63636386394500732
vt 1 0.63636386394500732
vt 1 1
vt 0.69512194395065308 1
vn 0 0 1
vn 0 0 1
vn 0 0 1
vn 0 0 1
vn 1 0 0
vn 1 0 0
vn 1 0 0
vn 1 0 0
vn 0 0 -1
vn 0 0 -1
vn 0 0 -1
vn 0 0 -1
vn -1 0 0
vn -1 0 0
vn -1 0 0
vn -1 0 0
vn 0 -1 0
vn 0 -1 0
vn 0 -1 0
vn 0 -1 0
vn 0 1 0
vn 0 1 0
vn 0 1 0
vn 0 1 0
f 939/2826/2826 937/2825/2825 943/2828/2828 941/2827/2827
f 944/2832/2832 938/2829/2829 940/2830/2830 942/2831/2831
f 937/2809/2809 939/2811/2811 940/2812/2812 938/2810/2810
f 939/2813/2813 941/2815/2815 942/2816/2816 940/2814/2814
f 941/2817/2817 943/2819/2819 944/2820/2820 942/2818/2818
f 943/2821/2821 937/2823/2823 938/2824/2824 944/2822/2822
g object_119
v 9.9977493286132812 11 -31.986200332641602
v 9.9977493286132812 14 -31.986200332641602
v 16.247749328613281 11 -31.986200332641602
v 16.247749328613281 14 -31.986200332641602
v 16.247749328613281 11 -35.986198425292969
v 16.247749328613281 14 -35.986198425292969
v 9.9977493286132812 11 -35.986198425292969
v 9.9977493286132812 14 -35.986198425292969
vt 0 0
vt 0 0.63636320829391479
vt 0.10000000149011612 0
vt 0.10000000149011612 0.63636320829391479
vt 0.10000000149011612 0
vt 0.10000000149011612 0.63636320829391479
vt 0.5 0
vt 0.5 0.63636320829391479
vt 0.5 0
vt 0.5 0.63636320829391479
vt 0.60000002384185791 0
vt 0.60000002384185791 0.63636320829391479
vt 0.60000002384185791 0
vt 0.60000002384185791 0.63636320829391479
vt 1 0
vt 1 0.63636320829391479
vt 0 1
vt 0.30487805604934692 1
vt 0.30487805604934692 0.63636386394500732
vt 0 0.63636386394500732
vt 0.69512194395065308 0.63636386394500732
vt 1 0.63636386394500732
vt 1 1
vt 0.69512194395065308 1
vn 0 0 1
vn 0 0 1
vn 0 0 1
vn 0 0 1
vn 1 0 0
vn 1 0 0
vn 1 0 0
vn 1 0 0
vn 0 0 -1
vn 0 0 -1
vn 0 0 -1
vn 0 0 -1
vn -1 0 0
vn -1 0 0
vn -1 0 0
vn -1 0 0
vn 0 -1 0
vn 0 -1 0
vn 0 -1 0
vn 0 -1 0
vn 0 1 0
vn 0 1 0
vn 0 1 0
vn 0 1 0
f 947/2850/2850 945/2849/2849 951/2852/2852 949/2851/2851
f 952/2856/2856 946/2853/2853 948/2854/2854 950/2855/2855
f 945/2833/2833 947/2835/2835 948/2836/2836 946/2834/2834
f 947/2837/2837 949/2839/2839 950/2840/2840 948/2838/2838
f 949/2841/2841 951/2843/2843 952/2844/2844 950/2842/2842
f 951/2845/2845 945/2847/2847 946/2848/2848 952/2846/2846
g object_120
v 9.9977493286132812 8 -31.986200332641602
v 9.9977493286132812 11 -31.986200332641602
v 16.247749328613281 8 -31.986200332641602
v 16.247749328613281 11 -31.986200332641602
v 16.247749328613281 8 -35.986198425292969
v 16.247749328613281 11 -35.986198425292969
v 9.9977493286132812 8 -35.986198425292969
v 9.9977493286132812 11 -35.986198425292969
vt 0 0
vt 0 0.63636320829391479
vt 0.10000000149011612 0
vt 0.10000000149011612 0.63636320829391479
vt 0.10000000149011612 0
vt 0.10000000149011612 0.63636320829391479
vt 0.5 0
vt 0.5 0.63636320829391479
vt 0.5 0
vt 0.5 0.63636320829391479
vt 0.60000002384185791 0
vt 0.60000002384185791 0.63636320829391479
vt 0.60000002384185791 0
vt 0.60000002384185791 0.63636320829391479
vt 1 0
vt 1 0.63636320829391479
vt 0 1
vt 0.30487805604934692 1
vt 0.30487805604934692 0.63636386394500732
vt 0 0.63636386394500732
vt 0.69512194395065308 0.63636386394500732
vt 1 0.63636386394500732
vt 1 1
vt 0.69512194395065308 1
vn 0 0 1
vn 0 0 1
vn 0 0 1
vn 0 0 1
vn 1 0 0
vn 1 0 0
vn 1 0 0
vn 1 0 0
vn 0 0 -1
vn 0 0 -1
vn 0 0 -1
vn 0 0 -1
vn -1 0 0
vn -1 0 0
vn -1 0 0
vn -1 0 0
vn 0 -1 0
vn 0 -1 0
vn 0 -1 0
vn 0 -1 0
vn 0 1 0
vn 0 1 0
vn 0 1 0
vn 0 1 0
f 955/2874/2874 953/2873/2873 959/2876/2876 957/2875/2875
f 960/2880/2880 954/2877/2877 956/2878/2878 958/2879/2879
f 953/2857/2857 955/2859/2859 956/2860/2860 954/2858/2858
f 955/2861/2861 957/2863/2863 958/2864/2864 956/2862/2862
f 957/2865/2865 959/2867/2867 960/2868/2868 958/2866/2866
f 959/2869/2869 953/2871/2871 954/2872/2872 960/2870/2870
g object_121
v 9.9977493286132812 5 -31.986200332641602
v 9.9977493286132812 8 -31.986200332641602
v 16.247749328613281 5 -31.986200332641602
v 16.247749328613281 8 -31.986200332641602
v 16.247749328613281 5 -35.986198425292969
v 16.247749328613281 8 -35.986198425292969
v 9.9977493286132812 5 -35.986198425292969
v 9.9977493286132812 8 -35.986198425292969
vt 0 0
vt 0 0.63636320829391479
vt 0.10000000149011612 0
vt 0.10000000149011612 0.63636320829391479
vt 0.10000000149011612 0
vt 0.10000000149011612 0.63636320829391479
vt 0.5 0
vt 0.5 0.63636320829391479
vt 0.5 0
vt 0.5 0.63636320829391479
vt 0.60000002384185791 0
vt 0.60000002384185791 0.63636320829391479
vt 0.60000002384185791 0
vt 0.60000002384185791 0.63636320829391479
vt 1 0
vt 1 0.63636320829391479
vt 0 1
vt 0.30487805604934692 1
vt 0.30487805604934692 0.63636386394500732
vt 0 0.63636386394500732
vt 0.69512194395065308 0.63636386394500732
vt 1 0.63636386394500732
vt 1 1
vt 0.69512194395065308 1
vn 0 0 1
vn 0 0 1
vn 0 0 1
vn 0 0 1
vn 1 0 0
vn 1 0 0
vn 1 0 0
vn 1 0 0
vn 0 0 -1
vn 0 0 -1
vn 0 0 -1
vn 0 0 -1
vn -1 0 0
vn -1 0 0
vn -1 0 0
vn -1 0 0
vn 0 -1 0
vn 0 -1 0
vn 0 -1 0
vn 0 -1 0
vn 0 1 0
vn 0 1 0
vn 0 1 0
vn 0 1 0
f 963/2898/2898 961/2897/2897 967/2900/2900 965/2899/2899
f 968/2904/2904 962/2901/2901 964/2902/2902 966/2903/2903
f 961/2881/2881 963/2883/2883 964/2884/2884 962/2882/2882
f 963/2885/2885 965/2887/2887 966/2888/2888 964/2886/2886
f 965/2889/2889 967/2891/2891 968/2892/2892 966/2890/2890
f 967/2893/2893 961/2895/2895 962/2896/2896 968/2894/2894
g object_122
v 19.747749328613281 26 -24.037010192871094
v 19.747749328613281 29 -24.037010192871094
v 25.997749328613281 26 -24.037010192871094
v 25.997749328613281 29 -24.037010192871094
v 25.997749328613281 26 -27.986200332641602
v 25.997749328613281 29 -27.986200332641602
v 19.747749328613281 26 -27.986200332641602
v 19.747749328613281 29 -27.986200332641602
vt 0 0
vt 0 0.6376347541809082
vt 0.10102663189172745 0
vt 0.10102663189172745 0.6376347541809082
vt 0.10102663189172745 0
vt 0.10102663189172745 0.6376347541809082
vt 0.5 0
vt 0.5 0.6376347541809082
vt 0.5 0
vt 0.5 0.6376347541809082
vt 0.60102665424346924 0
vt 0.60102665424346924 0.6376347541809082
vt 0.60102665424346924 0
vt 0.60102665424346924 0.6376347541809082
vt 1 0
vt 1 0.6376347541809082
vt 0 1
vt 0.30639687180519104 1
vt 0.30639687180519104 0.63763535022735596
vt 0 0.63763535022735596
vt 0.69360309839248657 0.63763535022735596
vt 1 0.63763535022735596
vt 1 1
vt 0.69360309839248657 1
vn 0 0 1
vn 0 0 1
vn 0 0 1
vn 0 0 1
vn 1 0 0
vn 1 0 0
vn 1 0 0
vn 1 0 0
vn 0 0 -1
vn 0 0 -1
vn 0 0 -1
vn 0 0 -1
vn -1 0 0
vn -1 0 0
vn -1 0 0
vn -1 0 0
vn 0 -1 0
vn 0 -1 0
vn 0 -1 0
vn 0 -1 0
vn 0 1 0
vn 0 1 0
vn 0 1 0
vn 0 1 0
f 971/2922/2922 969/2921/2921 975/2924/2924 973/2923/2923
f 976/2928/2928 970/2925/2925 972/2926/2926 974/2927/2927
f 969/2905/2905 971/2907/2907 972/2908/2908 970/2906/2906
f 971/2909/2909 973/2911/2911 974/2912/2912 972/2910/2910
f 973/2913/2913 975/2915/2915 976/2916/2916 974/2914/2914
f 975/2917/2917 969/2919/2919 970/2920/2920 976/2918/2918
g object_123
v 19.747749328613281 23 -24.037010192871094
v 19.747749328613281 26 -24.037010192871094
v 25.997749328613281 23 -24.037010192871094
v 25.997749328613281 26 -24.037010192871094
v 25.997749328613281 23 -27.986200332641602
v 25.997749328613281 26 -27.986200332641602
v 19.747749328613281 23 -27.986200332641602
v 19.747749328613281 26 -27.986200332641602
vt 0 0
vt 0 0.6376347541809082
vt 0.10102663189172745 0
vt 0.10102663189172745 0.6376347541809082
vt 0.10102663189172745 0
vt 0.10102663189172745 0.6376347541809082
vt 0.5 0
vt 0.5 0.6376347541809082
vt 0.5 0
vt 0.5 0.6376347541809082
vt 0.60102665424346924 0
vt 0.60102665424346924 0.6376347541809082
vt 0.60102665424346924 0
vt 0.60102665424346924 0.6376347541809082
vt 1 0
vt 1 0.6376347541809082
vt 0 1
vt 0.30639687180519104 1
vt 0.30639687180519104 0.63763535022735596
vt 0 0.63763535022735596
vt 0.69360309839248657 0.63763535022735596
vt 1 0.63763535022735596
vt 1 1
vt 0.69360309839248657 1
vn 0 0 1
vn 0 0 1
vn 0 0 1
vn 0 0 1
vn 1 0 0
vn 1 0 0
vn 1 0 0
vn 1 0 0
vn 0 0 -1
vn 0 0 -1
vn 0 0 -1
vn 0 0 -1
vn -1 0 0
vn -1 0 0
vn -1 0 0
vn -1 0 0
vn 0 -1 0
vn 0 -1 0
vn 0 -1 0
vn 0 -1 0
vn 0 1 0
vn 0 1 0
vn 0 1 0
vn 0 1 0
f 979/2946/2946 977/2945/2945 983/2948/2948 981/2947/2947
f 984/2952/2952 978/2949/2949 980/2950/2950 982/2951/2951
f 977/2929/2929 979/2931/2931 980/2932/2932 978/2930/2930
f 979/2933/2933 981/2935/2935 982/2936/2936 980/2934/2934
f 981/2937/2937 983/2939/2939 984/2940/2940 982/2938/2938
f 983/2941/2941 977/2943/2943 978/2944/2944 984/2942/2942
g object_124
v 19.747749328613281 20 -24.037010192871094
v 19.747749328613281 23 -24.037010192871094
v 25.997749328613281 20 -24.037010192871094
v 25.997749328613281 23 -24.037010192871094
v 25.997749328613281 20 -27.986200332641602
v 25.997749328613281 23 -27.986200332641602
v 19.747749328613281 20 -27.986200332641602
v 19.747749328613281 23 -27.986200332641602
vt 0 0
vt 0 0.6376347541809082
vt 0.10102663189172745 0
vt 0.10102663189172745 0.6376347541809082
vt 0.10102663189172745 0
vt 0.10102663189172745 0.6376347541809082
vt 0.5 0
vt 0.5 0.6376347541809082
vt 0.5 0
vt 0.5 0.6376347541809082
vt 0.60102665424346924 0
vt 0.60102665424346924 0.6376347541809082
vt 0.60102665424346924 0
vt 0.60102665424346924 0.6376347541809082
vt 1 0
vt 1 0.6376347541809082
vt 0 1
vt 0.30639687180519104 1
vt 0.30639687180519104 0.63763535022735596
vt 0 0.63763535022735596
vt 0.69360309839248657 0.63763535022735596
vt 1 0.63763535022735596
vt 1 1
vt 0.69360309839248657 1
vn 0 0 1
vn 0 0 1
vn 0 0 1
vn 0 0 1
vn 1 0 0
vn 1 0 0
vn 1 0 0
vn 1 0 0
vn 0 0 -1
vn 0 0 -1
vn 0 0 -1
vn 0 0 -1
vn -1 0 0
vn -1 0 0
vn -1 0 0
vn -1 0 0
vn 0 -1 0
vn 0 -1 0
vn 0 -1 0
vn 0 -1 0
vn 0 1 0
vn 0 1 0
vn 0 1 0
vn 0 1 0
f 987/2970/2970 985/2969/2969 991/2972/2972 989/2971/2971
f 992/2976/2976 986/2973/2973 988/2974/2974 990/2975/2975
f 985/2953/2953 987/2955/2955 988/2956/2956 986/2954/2954
f 987/2957/2957 989/2959/2959 990/2960/2960 988/2958/2958
f 989/2961/2961 991/2963/2963 992/2964/2964 990/2962/2962
f 991/2965/2965 985/2967/2967 986/2968/2968 992/2966/2966
g object_125
v 19.747749328613281 17 -24.037010192871094
v 19.747749328613281 20 -24.037010192871094
v 25.997749328613281 17 -24.037010192871094
v 25.997749328613281 20 -24.037010192871094
v 25.997749328613281 17 -27.986200332641602
v 25.997749328613281 20 -27.986200332641602
v 19.747749328613281 17 -27.986200332641602
v 19.747749328613281 20 -27.986200332641602
vt 0 0
vt 0 0.6376347541809082
vt 0.10102663189172745 0
vt 0.10102663189172745 0.6376347541809082
vt 0.10102663189172745 0
vt 0.10102663189172745 0.6376347541809082
vt 0.5 0
vt 0.5 0.6376347541809082
vt 0.5 0
vt 0.5 0.6376347541809082
vt 0.60102665424346924 0
vt 0.60102665424346924 0.6376347541809082
vt 0.60102665424346924 0
vt 0.60102665424346924 0.6376347541809082
vt 1 0
vt 1 0.6376347541809082
vt 0 1
vt 0.30639687180519104 1
vt 0.30639687180519104 0.63763535022735596
vt 0 0.63763535022735596
vt 0.69360309839248657 0.63763535022735596
vt 1 0.63763535022735596
vt 1 1
vt 0.69360309839248657 1
vn 0 0 1
vn 0 0 1
vn 0 0 1
vn 0 0 1
vn 1 0 0
vn 1 0 0
vn 1 0 0
vn 1 0 0
vn 0 0 -1
vn 0 0 -1
vn 0 0 -1
vn 0 0 -1
vn -1 0 0
vn -1 0 0
vn -1 0 0
vn -1 0 0
vn 0 -1 0
vn 0 -1 0
vn 0 -1 0
vn 0 -1 0
vn 0 1 0
vn 0 1 0
vn 0 1 0
vn 0 1 0
f 995/2994/2994 993/2993/2993 999/2996/2996 997/2995/2995
f 1000/3000/3000 994/2997/2997 996/2998/2998 998/2999/2999
f 993/2977/2977 995/2979/2979 996/2980/2980 994/2978/2978
f 995/2981/2981 997/2983/2983 998/2984/2984 996/2982/2982
f 997/2985/2985 999/2987/2987 1000/2988/2988 998/2986/2986
f 999/2989/2989 993/2991/2991 994/2992/2992 1000/2990/2990
g object_126
v 19.747749328613281 14 -24.037010192871094
v 19.747749328613281 17 -24.037010192871094
v 25.997749328613281 14 -24.037010192871094
v 25.997749328613281 17 -24.037010192871094
v 25.997749328613281 14 -27.986200332641602
v 25.997749328613281 17 -27.986200332641602
v 19.747749328613281 14 -27.986200332641602
v 19.747749328613281 17 -27.986200332641602
vt 0 0
vt 0 0.6376347541809082
vt 0.10102663189172745 0
vt 0.10102663189172745 0.6376347541809082
vt 0.10102663189172745 0
vt 0.10102663189172745 0.6376347541809082
vt 0.5 0
vt 0.5 0.6376347541809082
vt 0.5 0
vt 0.5 0.6376347541809082
vt 0.60102665424346924 0
vt 0.60102665424346924 0.6376347541809082
vt 0.60102665424346924 0
vt 0.60102665424346924 0.6376347541809082
vt 1 0
vt 1 0.6376347541809082
vt 0 1
vt 0.30639687180519104 1
vt 0.30639687180519104 0.63763535022735596
vt 0 0.63763535022735596
vt 0.69360309839248657 0.63763535022735596
vt 1 0.63763535022735596
vt 1 1
vt 0.69360309839248657 1
vn 0 0 1
vn 0 0 1
vn 0 0 1
vn 0 0 1
vn 1 0 0
vn 1 0 0
vn 1 0 0
vn 1 0 0
vn 0 0 -1
vn 0 0 -1
vn 0 0 -1
vn 0 0 -1
vn -1 0 0
vn -1 0 0
vn -1 0 0
vn -1 0 0
vn 0 -1 0
vn 0 -1 0
vn 0 -1 0
vn 0 -1 0
vn 0 1 0
vn 0 1 0
vn 0 1 0
vn 0 1 0
f 1003/3018/3018 1001/3017/3017 1007/3020/3020 1005/3019/3019
f 1008/3024/3024 1002/3021/3021 1004/3022/3022 1006/3023/3023
f 1001/3001/3001 1003/3003/3003 1004/3004/3004 1002/3002/3002
f 1003/3005/3005 1005/3007/3007 1006/3008/3008 1004/3006/3006
f 1005/3009/3009 1007/3011/3011 1008/3012/3012 1006/3010/3010
f 1007/3013/3013 1001/3015/3015 1002/3016/3016 1008/3014/3014
g object_127
v 19.747749328613281 11 -24.037010192871094
v 19.747749328613281 14 -24.037010192871094
v 25.997749328613281 11 -24.037010192871094
v 25.997749328613281 14 -24.037010192871094
v 25.997749328613281 11 -27.986200332641602
v 25.997749328613281 14 -27.986200332641602
v 19.747749328613281 11 -27.986200332641602
v 19.747749328613281 14 -27.986200332641602
vt 0 0
vt 0 0.6376347541809082
vt 0.10102663189172745 0
vt 0.10102663189172745 0.6376347541809082
vt 0.10102663189172745 0
vt 0.10102663189172745 0.6376347541809082
vt 0.5 0
vt 0.5 0.6376347541809082
vt 0.5 0
vt 0.5 0.6376347541809082
vt 0.60102665424346924 0
vt 0.60102665424346924 0.6376347541809082
vt 0.60102665424346924 0
vt 0.60102665424346924 0.6376347541809082
vt 1 0
vt 1 0.6376347541809082
vt 0 1
vt 0.30639687180519104 1
vt 0.30639687180519104 0.63763535022735596
vt 0 0.63763535022735596
vt 0.69360309839248657 0.63763535022735596
vt 1 0.63763535022735596
vt 1 1
vt 0.69360309839248657 1
vn 0 0 1
vn 0 0 1
vn 0 0 1
vn 0 0 1
vn 1 0 0
vn 1 0 0
vn 1 0 0
vn 1 0 0
vn 0 0 -1
vn 0 0 -1
vn 0 0 -1
vn 0 0 -1
vn -1 0 0
vn -1 0 0
vn -1 0 0
vn -1 0 0
vn 0 -1 0
vn 0 -1 0
vn 0 -1 0
vn 0 -1 0
vn 0 1 0
vn 0 1 0
vn 0 1 0
vn 0 1 0
f 1011/3042/3042 1009/3041/3041 1015/3044/3044 1013/3043/3043
f 1016/3048/3048 1010/3045/3045 1012/3046/3046 1014/3047/3047
f 1009/3025/3025 1011/3027/3027 1012/3028/3028 1010/3026/3026
f 1011/3029/3029 1013/3031/3031 1014/3032/3032 1012/3030/3030
f 1013/3033/3033 1015/3035/3035 1016/3036/3036 1014/3034/3034
f 1015/3037/3037 1009/3039/3039 1010/3040/3040 1016/3038/3038
g object_128
v 19.747749328613281 8 -24.037010192871094
v 19.747749328613281 11 -24.037010192871094
v 25.997749328613281 8 -24.037010192871094
v 25.997749328613281 11 -24.037010192871094
v 25.997749328613281 8 -27.986200332641602
v 25.997749328613281 11 -27.986200332641602
v 19.747749328613281 8 -27.986200332641602
v 19.747749328613281 11 -27.986200332641602
vt 0 0
vt 0 0.6376347541809082
vt 0.10102663189172745 0
vt 0.10102663189172745 0.6376347541809082
vt 0.10102663189172745 0
vt 0.10102663189172745 0.6376347541809082
vt 0.5 0
vt 0.5 0.6376347541809082
vt 0.5 0
vt 0.5 0.6376347541809082
vt 0.60102665424346924 0
vt 0.60102665424346924 0.6376347541809082
vt 0.60102665424346924 0
vt 0.60102665424346924 0.6376347541809082
vt 1 0
vt 1 0.6376347541809082
vt 0 1
vt 0.30639687180519104 1
vt 0.30639687180519104 0.63763535022735596
vt 0 0.63763535022735596
vt 0.69360309839248657 0.63763535022735596
vt 1 0.63763535022735596
vt 1 1
vt 0.69360309839248657 1
vn 0 0 1
vn 0 0 1
vn 0 0 1
vn 0 0 1
vn 1 0 0
vn 1 0 0
vn 1 0 0
vn 1 0 0
vn 0 0 -1
vn 0 0 -1
vn 0 0 -1
vn 0 0 -1
vn -1 0 0
vn -1 0 0
vn -1 0 0
vn -1 0 0
vn 0 -1 0
vn 0 -1 0
vn 0 -1 0
vn 0 -1 0
vn 0 1 0
vn 0 1 0
vn 0 1 0
vn 0 1 0
f 1019/3066/3066 1017/3065/3065 1023/3068/3068 1021/3067/3067
f 1024/3072/3072 1018/3069/3069 1020/3070/3070 1022/3071/3071
f 1017/3049/3049 1019/3051/3051 1020/3052/3052 1018/3050/3050
f 1019/3053/3053 1021/3055/3055 1022/3056/3056 1020/3054/3054
f 1021/3057/3057 1023/3059/3059 1024/3060/3060 1022/3058/3058
f 1023/3061/3061 1017/3063/3063 1018/3064/3064 1024/3062/3062
g object_129
v 19.747749328613281 5 -24.037010192871094
v 19.747749328613281 8 -24.037010192871094
v 25.997749328613281 5 -24.037010192871094
v 25.997749328613281 8 -24.037010192871094
v 25.997749328613281 5 -27.986200332641602
v 25.997749328613281 8 -27.986200332641602
v 19.747749328613281 5 -27.986200332641602
v 19.747749328613281 8 -27.986200332641602
vt 0 0
vt 0 0.6376347541809082
vt 0.10102663189172745 0
vt 0.10102663189172745 0.6376347541809082
vt 0.10102663189172745 0
vt 0.10102663189172745 0.6376347541809082
vt 0.5 0
vt 0.5 0.6376347541809082
vt 0.5 0
vt 0.5 0.6376347541809082
vt 0.60102665424346924 0
vt 0.60102665424346924 0.6376347541809082
vt 0.60102665424346924 0
vt 0.60102665424346924 0.6376347541809082
vt 1 0
vt 1 0.6376347541809082
vt 0 1
vt 0.30639687180519104 1
vt 0.30639687180519104 0.63763535022735596
vt 0 0.63763535022735596
vt 0.69360309839248657 0.63763535022735596
vt 1 0.63763535022735596
vt 1 1
vt 0.69360309839248657 1
vn 0 0 1
vn 0 0 1
vn 0 0 1
vn 0 0 1
vn 1 0 0
vn 1 0 0
vn 1 0 0
vn 1 0 0
vn 0 0 -1
vn 0 0 -1
vn 0 0 -1
vn 0 0 -1
vn -1 0 0
vn -1 0 0
vn -1 0 0
vn -1 0 0
vn 0 -1 0
vn 0 -1 0
vn 0 -1 0
vn 0 -1 0
vn 0 1 0
vn 0 1 0
vn 0 1 0
vn 0 1 0
f 1027/3090/3090 1025/3089/3089 1031/3092/3092 1029/3091/3091
f 1032/3096/3096 1026/3093/3093 1028/3094/3094 1030/3095/3095
f 1025/3073/3073 1027/3075/3075 1028/3076/3076 1026/3074/3074
f 1027/3077/3077 1029/3079/3079 1030/3080/3080 1028/3078/3078
f 1029/3081/3081 1031/3083/3083 1032/3084/3084 1030/3082/3082
f 1031/3085/3085 1025/3087/3087 1026/3088/3088 1032/3086/3086
g object_130
v 19.747749328613281 23 -20.087820053100586
v 19.747749328613281 26 -20.087820053100586
v 25.997749328613281 23 -20.087820053100586
v 25.997749328613281 26 -20.087820053100586
v 25.997749328613281 23 -24.037010192871094
v 25.997749328613281 26 -24.037010192871094
v 19.747749328613281 23 -24.037010192871094
v 19.747749328613281 26 -24.037010192871094
vt 0 0
vt 0 0.6376347541809082
vt 0.10102663189172745 0
vt 0.10102663189172745 0.6376347541809082
vt 0.10102663189172745 0
vt 0.10102663189172745 0.6376347541809082
vt 0.5 0
vt 0.5 0.6376347541809082
vt 0.5 0
vt 0.5 0.6376347541809082
vt 0.60102665424346924 0
vt 0.60102665424346924 0.6376347541809082
vt 0.60102665424346924 0
vt 0.60102665424346924 0.6376347541809082
vt 1 0
vt 1 0.6376347541809082
vt 0 1
vt 0.30639687180519104 1
vt 0.30639687180519104 0.63763535022735596
vt 0 0.63763535022735596
vt 0.69360309839248657 0.63763535022735596
vt 1 0.63763535022735596
vt 1 1
vt 0.69360309839248657 1
vn 0 0 1
vn 0 0 1
vn 0 0 1
vn 0 0 1
vn 1 0 0
vn 1 0 0
vn 1 0 0
vn 1 0 0
vn 0 0 -1
vn 0 0 -1
vn 0 0 -1
vn 0 0 -1
vn -1 0 0
vn -1 0 0
vn -1 0 0
vn -1 0 0
vn 0 -1 0
vn 0 -1 0
vn 0 -1 0
vn 0 -1 0
vn 0 1 0
vn 0 1 0
vn 0 1 0
vn 0 1 0
f 1035/3114/3114 1033/3113/3113 1039/3116/3116 1037/3115/3115
f 1040/3120/3120 1034/3117/3117 1036/3118/3118 1038/3119/3119
f 1033/3097/3097 1035/3099/3099 1036/3100/3100 1034/3098/3098
f 1035/3101/3101 1037/3103/3103 1038/3104/3104 1036/3102/3102
f 1037/3105/3105 1039/3107/3107 1040/3108/3108 1038/3106/3106
f 1039/3109/3109 1033/3111/3111 1034/3112/3112 1040/3110/3110
g object_131
v 19.747749328613281 20 -20.087820053100586
v 19.747749328613281 23 -20.087820053100586
v 25.997749328613281 20 -20.087820053100586
v 25.997749328613281 23 -20.087820053100586
v 25.997749328613281 20 -24.037010192871094
v 25.997749328613281 23 -24.037010192871094
v 19.747749328613281 20 -24.037010192871094
v 19.747749328613281 23 -24.037010192871094
vt 0 0
vt 0 0.6376347541809082
vt 0.10102663189172745 0
vt 0.10102663189172745 0.6376347541809082
vt 0.10102663189172745 0
vt 0.10102663189172745 0.6376347541809082
vt 0.5 0
vt 0.5 0.6376347541809082
vt 0.5 0
vt 0.5 0.6376347541809082
vt 0.60102665424346924 0
vt 0.60102665424346924 0.6376347541809082
vt 0.60102665424346924 0
vt 0.60102665424346924 0.6376347541809082
vt 1 0
vt 1 0.6376347541809082
vt 0 1
vt 0.30639687180519104 1
vt 0.30639687180519104 0.63763535022735596
vt 0 0.63763535022735596
vt 0.69360309839248657 0.63763535022735596
vt 1 0.63763535022735596
vt 1 1
vt 0.69360309839248657 1
vn 0 0 1
vn 0 0 1
vn 0 0 1
vn 0 0 1
vn 1 0 0
vn 1 0 0
vn 1 0 0
vn 1 0 0
vn 0 0 -1
vn 0 0 -1
vn 0 0 -1
vn 0 0 -1
vn -1 0 0
vn -1 0 0
vn -1 0 0
vn -1 0 0
vn 0 -1 0
vn 0 -1 0
vn 0 -1 0
vn 0 -1 0
vn 0 1 0
vn 0 1 0
vn 0 1 0
vn 0 1 0
f 1043/3138/3138 1041/3137/3137 1047/3140/3140 1045/3139/3139
f 1048/3144/3144 1042/3141/3141 1044/3142/3142 1046/3143/3143
f 1041/3121/3121 1043/3123/3123 1044/3124/3124 1042/3122/3122
f 1043/3125/3125 1045/3127/3127 1046/3128/3128 1044/3126/3126
f 1045/3129/3129 1047/3131/3131 1048/3132/3132 1046/3130/3130
f 1047/3133/3133 1041/3135/3135 1042/3136/3136 1048/3134/3134
g object_132
v 19.747749328613281 17 -20.087820053100586
v 19.747749328613281 20 -20.087820053100586
v 25.997749328613281 17 -20.087820053100586
v 25.997749328613281 20 -20.087820053100586
v 25.997749328613281 17 -24.037010192871094
v 25.997749328613281 20 -24.037010192871094
v 19.747749328613281 17 -24.037010192871094
v 19.747749328613281 20 -24.037010192871094
vt 0 0
vt 0 0.6376347541809082
vt 0.10102663189172745 0
vt 0.10102663189172745 0.6376347541809082
vt 0.10102663189172745 0
vt 0.10102663189172745 0.6376347541809082
vt 0.5 0
vt 0.5 0.6376347541809082
vt 0.5 0
vt 0.5 0.6376347541809082
vt 0.60102665424346924 0
vt 0.60102665424346924 0.6376347541809082
vt 0.60102665424346924 0
vt 0.60102665424346924 0.6376347541809082
vt 1 0
vt 1 0.6376347541809082
vt 0 1
vt 0.30639687180519104 1
vt 0.30639687180519104 0.63763535022735596
vt 0 0.63763535022735596
vt 0.69360309839248657 0.63763535022735596
vt 1 0.63763535022735596
vt 1 1
vt 0.69360309839248657 1
vn 0 0 1
vn 0 0 1
vn 0 0 1
vn 0 0 1
vn 1 0 0
vn 1 0 0
vn 1 0 0
vn 1 0 0
vn 0 0 -1
vn 0 0 -1
vn 0 0 -1
vn 0 0 -1
vn -1 0 0
vn -1 0 0
vn -1 0 0
vn -1 0 0
vn 0 -1 0
vn 0 -1 0
vn 0 -1 0
vn 0 -1 0
vn 0 1 0
vn 0 1 0
vn 0 1 0
vn 0 1 0
f 1051/3162/3162 1049/3161/3161 1055/3164/3164 1053/3163/3163
f 1056/3168/3168 1050/3165/3165 1052/3166/3166 1054/3167/3167
f 1049/3145/3145 1051/3147/3147 1052/3148/3148 1050/3146/3146
f 1051/3149/3149 1053/3151/3151 1054/3152/3152 1052/3150/3150
f 1053/3153/3153 1055/3155/3155 1056/3156/3156 1054/3154/3154
f 1055/3157/3157 1049/3159/3159 1050/3160/3160 1056/3158/3158
g object_133
v 19.747749328613281 14 -20.087820053100586
v 19.747749328613281 17 -20.087820053100586
v 25.997749328613281 14 -20.087820053100586
v 25.997749328613281 17 -20.087820053100586
v 25.997749328613281 14 -24.037010192871094
v 25.997749328613281 17 -24.037010192871094
v 19.747749328613281 14 -24.037010192871094
v 19.747749328613281 17 -24.037010192871094
vt 0 0
vt 0 0.6376347541809082
vt 0.10102663189172745 0
vt 0.10102663189172745 0.6376347541809082
vt 0.10102663189172745 0
vt 0.10102663189172745 0.6376347541809082
vt 0.5 0
vt 0.5 0.6376347541809082
vt 0.5 0
vt 0.5 0.6376347541809082
vt 0.60102665424346924 0
vt 0.60102665424346924 0.6376347541809082
vt 0.60102665424346924 0
vt 0.60102665424346924 0.6376347541809082
vt 1 0
vt 1 0.6376347541809082
vt 0 1
vt 0.30639687180519104 1
vt 0.30639687180519104 0.63763535022735596
vt 0 0.63763535022735596
vt 0.69360309839248657 0.63763535022735596
vt 1 0.63763535022735596
vt 1 1
vt 0.69360309839248657 1
vn 0 0 1
vn 0 0 1
vn 0 0 1
vn 0 0 1
vn 1 0 0
vn 1 0 0
vn 1 0 0
vn 1 0 0
vn 0 0 -1
vn 0 0 -1
vn 0 0 -1
vn 0 0 -1
vn -1 0 0
vn -1 0 0
vn -1 0 0
vn -1 0 0
vn 0 -1 0
vn 0 -1 0
vn 0 -1 0
vn 0 -1 0
vn 0 1 0
vn 0 1 0
vn 0 1 0
vn 0 1 0
f 1059/3186/3186 1057/3185/3185 1063/3188/3188 1061/3187/3187
f 1064/3192/3192 1058/3189/3189 1060/3190/3190 1062/3191/3191
f 1057/3169/3169 1059/3171/3171 1060/3172/3172 1058/3170/3170
f 1059/3173/3173 1061/3175/3175 1062/3176/3176 1060/3174/3174
f 1061/3177/3177 1063/3179/3179 1064/3180/3180 1062/3178/3178
f 1063/3181/3181 1057/3183/3183 1058/3184/3184 1064/3182/3182
g object_134
v 19.747749328613281 11 -20.087820053100586
v 19.747749328613281 14 -20.087820053100586
v 25.997749328613281 11 -20.087820053100586
v 25.997749328613281 14 -20.087820053100586
v 25.997749328613281 11 -24.037010192871094
v 25.997749328613281 14 -24.037010192871094
v 19.747749328613281 11 -24.037010192871094
v 19.747749328613281 14 -24.037010192871094
vt 0 0
vt 0 0.6376347541809082
vt 0.10102663189172745 0
vt 0.10102663189172745 0.6376347541809082
vt 0.10102663189172745 0
vt 0.10102663189172745 0.6376347541809082
vt 0.5 0
vt 0.5 0.6376347541809082
vt 0.5 0
vt 0.5 0.6376347541809082
vt 0.60102665424346924 0
vt 0.60102665424346924 0.6376347541809082
vt 0.60102665424346924 0
vt 0.60102665424346924 0.6376347541809082
vt 1 0
vt 1 0.6376347541809082
vt 0 1
vt 0.30639687180519104 1
vt 0.30639687180519104 0.63763535022735596
vt 0 0.63763535022735596
vt 0.69360309839248657 0.63763535022735596
vt 1 0.63763535022735596
vt 1 1
vt 0.69360309839248657 1
vn 0 0 1
vn 0 0 1
vn 0 0 1
vn 0 0 1
vn 1 0 0
vn 1 0 0
vn 1 0 0
vn 1 0 0
vn 0 0 -1
vn 0 0 -1
vn 0 0 -1
vn 0 0 -1
vn -1 0 0
vn -1 0 0
vn -1 0 0
vn -1 0 0
vn 0 -1 0
vn 0 -1 0
vn 0 -1 0
vn 0 -1 0
vn 0 1 0
vn 0 1 0
vn 0 1 0
vn 0 1 0
f 1067/3210/3210 1065/3209/3209 1071/3212/3212 1069/3211/3211
f 1072/3216/3216 1066/3213/3213 1068/3214/3214 1070/3215/3215
f 1065/3193/3193 1067/3195/3195 1068/3196/3196 1066/3194/3194
f 1067/3197/3197 1069/3199/3199 1070/3200/3200 1068/3198/3198
f 1069/3201/3201 1071/3203/3203 1072/3204/3204 1070/3202/3202
f 1071/3205/3205 1065/3207/3207 1066/3208/3208 1072/3206/3206
g object_135
v 19.747749328613281 8 -20.087820053100586
v 19.747749328613281 11 -20.087820053100586
v 25.997749328613281 8 -20.087820053100586
v 25.997749328613281 11 -20.087820053100586
v 25.997749328613281 8 -24.037010192871094
v 25.997749328613281 11 -24.037010192871094
v 19.747749328613281 8 -24.037010192871094
v 19.747749328613281 11 -24.037010192871094
vt 0 0
vt 0 0.6376347541809082
vt 0.10102663189172745 0
vt 0.10102663189172745 0.6376347541809082
vt 0.10102663189172745 0
vt 0.10102663189172745 0.6376347541809082
vt 0.5 0
vt 0.5 0.6376347541809082
vt 0.5 0
vt 0.5 0.6376347541809082
vt 0.60102665424346924 0
vt 0.60102665424346924 0.6376347541809082
vt 0.60102665424346924 0
vt 0.60102665424346924 0.6376347541809082
vt 1 0
vt 1 0.6376347541809082
vt 0 1
vt 0.30639687180519104 1
vt 0.30639687180519104 0.63763535022735596
vt 0 0.63763535022735596
vt 0.69360309839248657 0.63763535022735596
vt 1 0.63763535022735596
vt 1 1
vt 0.69360309839248657 1
vn 0 0 1
vn 0 0 1
vn 0 0 1
vn 0 0 1
vn 1 0 0
vn 1 0 0
vn 1 0 0
vn 1 0 0
vn 0 0 -1
vn 0 0 -1
vn 0 0 -1
vn 0 0 -1
vn -1 0 0
vn -1 0 0
vn -1 0 0
vn -1 0 0
vn 0 -1 0
vn 0 -1 0
vn 0 -1 0
vn 0 -1 0
vn 0 1 0
vn 0 1 0
vn 0 1 0
vn 0 1 0
f 1075/3234/3234 1073/3233/3233 1079/3236/3236 1077/3235/3235
f 1080/3240/3240 1074/3237/3237 1076/3238/3238 1078/3239/3239
f 1073/3217/3217 1075/3219/3219 1076/3220/3220 1074/3218/3218
f 1075/3221/3221 1077/3223/3223 1078/3224/3224 1076/3222/3222
f 1077/3225/3225 1079/3227/3227 1080/3228/3228 1078/3226/3226
f 1079/3229/3229 1073/3231/3231 1074/3232/3232 1080/3230/3230
g object_136
v 19.747749328613281 5 -20.087820053100586
v 19.747749328613281 8 -20.087820053100586
v 25.997749328613281 5 -20.087820053100586
v 25.997749328613281 8 -20.087820053100586
v 25.997749328613281 5 -24.037010192871094
v 25.997749328613281 8 -24.037010192871094
v 19.747749328613281 5 -24.037010192871094
v 19.747749328613281 8 -24.037010192871094
vt 0 0
vt 0 0.6376347541809082
vt 0.10102663189172745 0
vt 0.10102663189172745 0.6376347541809082
vt 0.10102663189172745 0
vt 0.10102663189172745 0.6376347541809082
vt 0.5 0
vt 0.5 0.6376347541809082
vt 0.5 0
vt 0.5 0.6376347541809082
vt 0.60102665424346924 0
vt 0.60102665424346924 0.6376347541809082
vt 0.60102665424346924 0
vt 0.60102665424346924 0.6376347541809082
vt 1 0
vt 1 0.6376347541809082
vt 0 1
vt 0.30639687180519104 1
vt 0.30639687180519104 0.63763535022735596
vt 0 0.63763535022735596
vt 0.69360309839248657 0.63763535022735596
vt 1 0.63763535022735596
vt 1 1
vt 0.69360309839248657 1
vn 0 0 1
vn 0 0 1
vn 0 0 1
vn 0 0 1
vn 1 0 0
vn 1 0 0
vn 1 0 0
vn 1 0 0
vn 0 0 -1
vn 0 0 -1
vn 0 0 -1
vn 0 0 -1
vn -1 0 0
vn -1 0 0
vn -1 0 0
vn -1 0 0
vn 0 -1 0
vn 0 -1 0
vn 0 -1 0
vn 0 -1 0
vn 0 1 0
vn 0 1 0
vn 0 1 0
vn 0 1 0
f 1083/3258/3258 1081/3257/3257 1087/3260/3260 1085/3259/3259
f 1088/3264/3264 1082/3261/3261 1084/3262/3262 1086/3263/3263
f 1081/3241/3241 1083/3243/3243 1084/3244/3244 1082/3242/3242
f 1083/3245/3245 1085/3247/3247 1086/3248/3248 1084/3246/3246
f 1085/3249/3249 1087/3251/3251 1088/3252/3252 1086/3250/3250
f 1087/3253/3253 1081/3255/3255 1082/3256/3256 1088/3254/3254
g object_137
v 19.747749328613281 23 -16.138629913330078
v 19.747749328613281 26 -16.138629913330078
v 25.997749328613281 23 -16.138629913330078
v 25.997749328613281 26 -16.138629913330078
v 25.997749328613281 23 -20.087820053100586
v 25.997749328613281 26 -20.087820053100586
v 19.747749328613281 23 -20.087820053100586
v 19.747749328613281 26 -20.087820053100586
vt 0 0
vt 0 0.6376347541809082
vt 0.10102663189172745 0
vt 0.10102663189172745 0.6376347541809082
vt 0.10102663189172745 0
vt 0.10102663189172745 0.6376347541809082
vt 0.5 0
vt 0.5 0.6376347541809082
vt 0.5 0
vt 0.5 0.6376347541809082
vt 0.60102665424346924 0
vt 0.60102665424346924 0.6376347541809082
vt 0.60102665424346924 0
vt 0.60102665424346924 0.6376347541809082
vt 1 0
vt 1 0.6376347541809082
vt 0 1
vt 0.30639687180519104 1
vt 0.30639687180519104 0.63763535022735596
vt 0 0.63763535022735596
vt 0.69360309839248657 0.63763535022735596
vt 1 0.63763535022735596
vt 1 1
vt 0.69360309839248657 1
vn 0 0 1
vn 0 0 1
vn 0 0 1
vn 0 0 1
vn 1 0 0
vn 1 0 0
vn 1 0 0
vn 1 0 0
vn 0 0 -1
vn 0 0 -1
vn 0 0 -1
vn 0 0 -1
vn -1 0 0
vn -1 0 0
vn -1 0 0
vn -1 0 0
vn 0 -1 0
vn 0 -1 0
vn 0 -1 0
vn 0 -1 0
vn 0 1 0
vn 0 1 0
vn 0 1 0
vn 0 1 0
f 1091/3282/3282 1089/3281/3281 1095/3284/3284 1093/3283/3283
f 1096/3288/3288 1090/3285/3285 1092/3286/3286 1094/3287/3287
f 1089/3265/3265 1091/3267/3267 1092/3268/3268 1090/3266/3266
f 1091/3269/3269 1093/3271/3271 1094/3272/3272 1092/3270/3270
f 1093/3273/3273 1095/3275/3275 1096/3276/3276 1094/3274/3274
f 1095/3277/3277 1089/3279/3279 1090/3280/3280 1096/3278/3278
g object_138
v 19.747749328613281 20 -16.138629913330078
v 19.747749328613281 23 -16.138629913330078
v 25.997749328613281 20 -16.138629913330078
v 25.997749328613281 23 -16.138629913330078
v 25.997749328613281 20 -20.087820053100586
v 25.997749328613281 23 -20.087820053100586
v 19.747749328613281 20 -20.087820053100586
v 19.747749328613281 23 -20.087820053100586
vt 0 0
vt 0 0.6376347541809082
vt 0.10102663189172745 0
vt 0.10102663189172745 0.6376347541809082
vt 0.10102663189172745 0
vt 0.10102663189172745 0.6376347541809082
vt 0.5 0
vt 0.5 0.6376347541809082
vt 0.5 0
vt 0.5 0.6376347541809082
vt 0.60102665424346924 0
vt 0.60102665424346924 0.6376347541809082
vt 0.60102665424346924 0
vt 0.60102665424346924 0.6376347541809082
vt 1 0
vt 1 0.6376347541809082
vt 0 1
vt 0.30639687180519104 1
vt 0.30639687180519104 0.63763535022735596
vt 0 0.63763535022735596
vt 0.69360309839248657 0.63763535022735596
vt 1 0.63763535022735596
vt 1 1
vt 0.69360309839248657 1
vn 0 0 1
vn 0 0 1
vn 0 0 1
vn 0 0 1
vn 1 0 0
vn 1 0 0
vn 1 0 0
vn 1 0 0
vn 0 0 -1
vn 0 0 -1
vn 0 0 -1
vn 0 0 -1
vn -1 0 0
vn -1 0 0
vn -1 0 0
vn -1 0 0
vn 0 -1 0
vn 0 -1 0
vn 0 -1 0
vn 0 -1 0
vn 0 1 0
vn 0 1 0
vn 0 1 0
vn 0 1 0
f 1099/3306/3306 1097/3305/3305 1103/3308/3308 1101/3307/3307
f 1104/3312/3312 1098/3309/3309 1100/3310/3310 1102/3311/3311
f 1097/3289/3289 1099/3291/3291 1100/3292/3292 1098/3290/3290
f 1099/3293/3293 1101/3295/3295 1102/3296/3296 1100/3294/3294
f 1101/3297/3297 1103/3299/3299 1104/3300/3300 1102/3298/3298
f 1103/3301/3301 1097/3303/3303 1098/3304/3304 1104/3302/3302
g object_139
v 19.747749328613281 17 -16.138629913330078
v 19.747749328613281 20 -16.138629913330078
v 25.997749328613281 17 -16.138629913330078
v 25.997749328613281 20 -16.138629913330078
v 25.997749328613281 17 -20.087820053100586
v 25.997749328613281 20 -20.087820053100586
v 19.747749328613281 17 -20.087820053100586
v 19.747749328613281 20 -20.087820053100586
vt 0 0
vt 0 0.6376347541809082
vt 0.10102663189172745 0
vt 0.10102663189172745 0.6376347541809082
vt 0.10102663189172745 0
vt 0.10102663189172745 0.6376347541809082
vt 0.5 0
vt 0.5 0.6376347541809082
vt 0.5 0
vt 0.5 0.6376347541809082
vt 0.60102665424346924 0
vt 0.60102665424346924 0.6376347541809082
vt 0.60102665424346924 0
vt 0.60102665424346924 0.6376347541809082
vt 1 0
vt 1 0.6376347541809082
vt 0 1
vt 0.30639687180519104 1
vt 0.30639687180519104 0.63763535022735596
vt 0 0.63763535022735596
vt 0.69360309839248657 0.63763535022735596
vt 1 0.63763535022735596
vt 1 1
vt 0.69360309839248657 1
vn 0 0 1
vn 0 0 1
vn 0 0 1
vn 0 0 1
vn 1 0 0
vn 1 0 0
vn 1 0 0
vn 1 0 0
vn 0 0 -1
vn 0 0 -1
vn 0 0 -1
vn 0 0 -1
vn -1 0 0
vn -1 0 0
vn -1 0 0
vn -1 0 0
vn 0 -1 0
vn 0 -1 0
vn 0 -1 0
vn 0 -1 0
vn 0 1 0
vn 0 1 0
vn 0 1 0
vn 0 1 0
f 1107/3330/3330 1105/3329/3329 1111/3332/3332 1109/3331/3331
f 1112/3336/3336 1106/3333/3333 1108/3334/3334 1110/3335/3335
f 1105/3313/3313 1107/3315/3315 1108/3316/3316 1106/3314/3314
f 1107/3317/3317 1109/3319/3319 1110/3320/3320 1108/3318/3318
f 1109/3321/3321 1111/3323/3323 1112/3324/3324 1110/3322/3322
f 1111/3325/3325 1105/3327/3327 1106/3328/3328 1112/3326/3326
g object_140
v 19.747749328613281 14 -16.138629913330078
v 19.747749328613281 17 -16.138629913330078
v 25.997749328613281 14 -16.138629913330078
v 25.997749328613281 17 -16.138629913330078
v 25.997749328613281 14 -20.087820053100586
v 25.997749328613281 17 -20.087820053100586
v 19.747749328613281 14 -20.087820053100586
v 19.747749328613281 17 -20.087820053100586
vt 0 0
vt 0 0.6376347541809082
vt 0.10102663189172745 0
vt 0.10102663189172745 0.6376347541809082
vt 0.10102663189172745 0
vt 0.10102663189172745 0.6376347541809082
vt 0.5 0
vt 0.5 0.6376347541809082
vt 0.5 0
vt 0.5 0.6376347541809082
vt 0.60102665424346924 0
vt 0.60102665424346924 0.6376347541809082
vt 0.60102665424346924 0
vt 0.60102665424346924 0.6376347541809082
vt 1 0
vt 1 0.6376347541809082
vt 0 1
vt 0.30639687180519104 1
vt 0.30639687180519104 0.63763535022735596
vt 0 0.63763535022735596
vt 0.69360309839248657 0.63763535022735596
vt 1 0.63763535022735596
vt 1 1
vt 0.69360309839248657 1
vn 0 0 1
vn 0 0 1
vn 0 0 1
vn 0 0 1
vn 1 0 0
vn 1 0 0
vn 1 0 0
vn 1 0 0
vn 0 0 -1
vn 0 0 -1
vn 0 0 -1
vn 0 0 -1
vn -1 0 0
vn -1 0 0
vn -1 0 0
vn -1 0 0
vn 0 -1 0
vn 0 -1 0
vn 0 -1 0
vn 0 -1 0
vn 0 1 0
vn 0 1 0
vn 0 1 0
vn 0 1 0
f 1115/3354/3354 1113/3353/3353 1119/3356/3356 1117/3355/3355
f 1120/3360/3360 1114/3357/3357 1116/3358/3358 1118/3359/3359
f 1113/3337/3337 1115/3339/3339 1116/3340/3340 1114/3338/3338
f 1115/3341/3341 1117/3343/3343 1118/3344/3344 1116/3342/3342
f 1117/3345/3345 1119/3347/3347 1120/3348/3348 1118/3346/3346
f 1119/3349/3349 1113/3351/3351 1114/3352/3352 1120/3350/3350
g object_141
v 19.747749328613281 11 -16.138629913330078
v 19.747749328613281 14 -16.138629913330078
v 25.997749328613281 11 -16.138629913330078
v 25.997749328613281 14 -16.138629913330078
v 25.997749328613281 11 -20.087820053100586
v 25.997749328613281 14 -20.087820053100586
v 19.747749328613281 11 -20.087820053100586
v 19.747749328613281 14 -20.087820053100586
vt 0 0
vt 0 0.6376347541809082
vt 0.10102663189172745 0
vt 0.10102663189172745 0.6376347541809082
vt 0.10102663189172745 0
vt 0.10102663189172745 0.6376347541809082
vt 0.5 0
vt 0.5 0.6376347541809082
vt 0.5 0
vt 0.5 0.6376347541809082
vt 0.60102665424346924 0
vt 0.60102665424346924 0.6376347541809082
vt 0.60102665424346924 0
vt 0.60102665424346924 0.6376347541809082
vt 1 0
vt 1 0.6376347541809082
vt 0 1
vt 0.30639687180519104 1
vt 0.30639687180519104 0.63763535022735596
vt 0 0.63763535022735596
vt 0.69360309839248657 0.63763535022735596
vt 1 0.63763535022735596
vt 1 1
vt 0.69360309839248657 1
vn 0 0 1
vn 0 0 1
vn 0 0 1
vn 0 0 1
vn 1 0 0
vn 1 0 0
vn 1 0 0
vn 1 0 0
vn 0 0 -1
vn 0 0 -1
vn 0 0 -1
vn 0 0 -1
vn -1 0 0
vn -1 0 0
vn -1 0 0
vn -1 0 0
vn 0 -1 0
vn 0 -1 0
vn 0 -1 0
vn 0 -1 0
vn 0 1 0
vn 0 1 0
vn 0 1 0
vn 0 1 0
f 1123/3378/3378 1121/3377/3377 1127/3380/3380 1125/3379/3379
f 1128/3384/3384 1122/3381/3381 1124/3382/3382 1126/3383/3383
f 1121/3361/3361 1123/3363/3363 1124/3364/3364 1122/3362/3362
f 1123/3365/3365 1125/3367/3367 1126/3368/3368 1124/3366/3366
f 1125/3369/3369 1127/3371/3371 1128/3372/3372 1126/3370/3370
f 1127/3373/3373 1121/3375/3375 1122/3376/3376 1128/3374/3374
g object_142
v 19.747749328613281 8 -16.138629913330078
v 19.747749328613281 11 -16.138629913330078
v 25.997749328613281 8 -16.138629913330078
v 25.997749328613281 11 -16.138629913330078
v 25.997749328613281 8 -20.087820053100586
v 25.997749328613281 11 -20.087820053100586
v 19.747749328613281 8 -20.087820053100586
v 19.747749328613281 11 -20.087820053100586
vt 0 0
vt 0 0.6376347541809082
vt 0.10102663189172745 0
vt 0.10102663189172745 0.6376347541809082
vt 0.10102663189172745 0
vt 0.10102663189172745 0.6376347541809082
vt 0.5 0
vt 0.5 0.6376347541809082
vt 0.5 0
vt 0.5 0.6376347541809082
vt 0.60102665424346924 0
vt 0.60102665424346924 0.6376347541809082
vt 0.60102665424346924 0
vt 0.60102665424346924 0.6376347541809082
vt 1 0
vt 1 0.6376347541809082
vt 0 1
vt 0.30639687180519104 1
vt 0.30639687180519104 0.63763535022735596
vt 0 0.63763535022735596
vt 0.69360309839248657 0.63763535022735596
vt 1 0.63763535022735596
vt 1 1
vt 0.69360309839248657 1
vn 0 0 1
vn 0 0 1
vn 0 0 1
vn 0 0 1
vn 1 0 0
vn 1 0 0
vn 1 0 0
vn 1 0 0
vn 0 0 -1
vn 0 0 -1
vn 0 0 -1
vn 0 0 -1
vn -1 0 0
vn -1 0 0
vn -1 0 0
vn -1 0 0
vn 0 -1 0
vn 0 -1 0
vn 0 -1 0
vn 0 -1 0
vn 0 1 0
vn 0 1 0
vn 0 1 0
vn 0 1 0
f 1131/3402/3402 1129/3401/3401 1135/3404/3404 1133/3403/3403
f 1136/3408/3408 1130/3405/3405 1132/3406/3406 1134/3407/3407
f 1129/3385/3385 1131/3387/3387 1132/3388/3388 1130/3386/3386
f 1131/3389/3389 1133/3391/3391 1134/3392/3392 1132/3390/3390
f 1133/3393/3393 1135/3395/3395 1136/3396/3396 1134/3394/3394
f 1135/3397/3397 1129/3399/3399 1130/3400/3400 1136/3398/3398
g object_143
v 19.747749328613281 5 -16.138629913330078
v 19.747749328613281 8 -16.138629913330078
v 25.997749328613281 5 -16.138629913330078
v 25.997749328613281 8 -16.138629913330078
v 25.997749328613281 5 -20.087820053100586
v 25.997749328613281 8 -20.087820053100586
v 19.747749328613281 5 -20.087820053100586
v 19.747749328613281 8 -20.087820053100586
vt 0 0
vt 0 0.6376347541809082
vt 0.10102663189172745 0
vt 0.10102663189172745 0.6376347541809082
vt 0.10102663189172745 0
vt 0.10102663189172745 0.6376347541809082
vt 0.5 0
vt 0.5 0.6376347541809082
vt 0.5 0
vt 0.5 0.6376347541809082
vt 0.60102665424346924 0
vt 0.60102665424346924 0.6376347541809082
vt 0.60102665424346924 0
vt 0.60102665424346924 0.6376347541809082
vt 1 0
vt 1 0.6376347541809082
vt 0 1
vt 0.30639687180519104 1
vt 0.30639687180519104 0.63763535022735596
vt 0 0.63763535022735596
vt 0.69360309839248657 0.63763535022735596
vt 1 0.63763535022735596
vt 1 1
vt 0.69360309839248657 1
vn 0 0 1
vn 0 0 1
vn 0 0 1
vn 0 0 1
vn 1 0 0
vn 1 0 0
vn 1 0 0
vn 1 0 0
vn 0 0 -1
vn 0 0 -1
vn 0 0 -1
vn 0 0 -1
vn -1 0 0
vn -1 0 0
vn -1 0 0
vn -1 0 0
vn 0 -1 0
vn 0 -1 0
vn 0 -1 0
vn 0 -1 0
vn 0 1 0
vn 0 1 0
vn 0 1 0
vn 0 1 0
f 1139/3426/3426 1137/3425/3425 1143/3428/3428 1141/3427/3427
f 1144/3432/3432 1138/3429/3429 1140/3430/3430 1142/3431/3431
f 1137/3409/3409 1139/3411/3411 1140/3412/3412 1138/3410/3410
f 1139/3413/3413 1141/3415/3415 1142/3416/3416 1140/3414/3414
f 1141/3417/3417 1143/3419/3419 1144/3420/3420 1142/3418/3418
f 1143/3421/3421 1137/3423/3423 1138/3424/3424 1144/3422/3422
g object_144
v 19.747749328613281 26 -12.18943977355957
v 19.747749328613281 29 -12.18943977355957
v 25.997749328613281 26 -12.18943977355957
v 25.997749328613281 29 -12.18943977355957
v 25.997749328613281 26 -16.138629913330078
v 25.997749328613281 29 -16.138629913330078
v 19.747749328613281 26 -16.138629913330078
v 19.747749328613281 29 -16.138629913330078
vt 0 0
vt 0 0.6376347541809082
vt 0.10102663189172745 0
vt 0.10102663189172745 0.6376347541809082
vt 0.10102663189172745 0
vt 0.10102663189172745 0.6376347541809082
vt 0.5 0
vt 0.5 0.6376347541809082
vt 0.5 0
vt 0.5 0.6376347541809082
vt 0.60102665424346924 0
vt 0.60102665424346924 0.6376347541809082
vt 0.60102665424346924 0
vt 0.60102665424346924 0.6376347541809082
vt 1 0
vt 1 0.6376347541809082
vt 0 1
vt 0.30639687180519104 1
vt 0.30639687180519104 0.63763535022735596
vt 0 0.63763535022735596
vt 0.69360309839248657 0.63763535022735596
vt 1 0.63763535022735596
vt 1 1
vt 0.69360309839248657 1
vn 0 0 1
vn 0 0 1
vn 0 0 1
vn 0 0 1
vn 1 0 0
vn 1 0 0
vn 1 0 0
vn 1 0 0
vn 0 0 -1
vn 0 0 -1
vn 0 0 -1
vn 0 0 -1
vn -1 0 0
vn -1 0 0
vn -1 0 0
vn -1 0 0
vn 0 -1 0
vn 0 -1 0
vn 0 -1 0
vn 0 -1 0
vn 0 1 0
vn 0 1 0
vn 0 1 0
vn 0 1 0
f 1147/3450/3450 1145/3449/3449 1151/3452/3452 1149/3451/3451
f 1152/3456/3456 1146/3453/3453 1148/3454/3454 1150/3455/3455
f 1145/3433/3433 1147/3435/3435 1148/3436/3436 1146/3434/3434
f 1147/3437/3437 1149/3439/3439 1150/3440/3440 1148/3438/3438
f 1149/3441/3441 1151/3443/3443 1152/3444/3444 1150/3442/3442
f 1151/3445/3445 1145/3447/3447 1146/3448/3448 1152/3446/3446
g object_145
v 19.747749328613281 23 -12.18943977355957
v 19.747749328613281 26 -12.18943977355957
v 25.997749328613281 23 -12.18943977355957
v 25.997749328613281 26 -12.18943977355957
v 25.997749328613281 23 -16.138629913330078
v 25.997749328613281 26 -16.138629913330078
v 19.747749328613281 23 -16.138629913330078
v 19.747749328613281 26 -16.138629913330078
vt 0 0
vt 0 0.6376347541809082
vt 0.10102663189172745 0
vt 0.10102663189172745 0.6376347541809082
vt 0.10102663189172745 0
vt 0.10102663189172745 0.6376347541809082
vt 0.5 0
vt 0.5 0.6376347541809082
vt 0.5 0
vt 0.5 0.6376347541809082
vt 0.60102665424346924 0
vt 0.60102665424346924 0.6376347541809082
vt 0.60102665424346924 0
vt 0.60102665424346924 0.6376347541809082
vt 1 0
vt 1 0.6376347541809082
vt 0 1
vt 0.30639687180519104 1
vt 0.30639687180519104 0.63763535022735596
vt 0 0.63763535022735596
vt 0.69360309839248657 0.63763535022735596
vt 1 0.63763535022735596
vt 1 1
vt 0.69360309839248657 1
vn 0 0 1
vn 0 0 1
vn 0 0 1
vn 0 0 1
vn 1 0 0
vn 1 0 0
vn 1 0 0
vn 1 0 0
vn 0 0 -1
vn 0 0 -1
vn 0 0 -1
vn 0 0 -1
vn -1 0 0
vn -1 0 0
vn -1 0 0
vn -1 0 0
vn 0 -1 0
vn 0 -1 0
vn 0 -1 0
vn 0 -1 0
vn 0 1 0
vn 0 1 0
vn 0 1 0
vn 0 1 0
f 1155/3474/3474 1153/3473/3473 1159/3476/3476 1157/3475/3475
f 1160/3480/3480 1154/3477/3477 1156/3478/3478 1158/3479/3479
f 1153/3457/3457 1155/3459/3459 1156/3460/3460 1154/3458/3458
f 1155/3461/3461 1157/3463/3463 1158/3464/3464 1156/3462/3462
f 1157/3465/3465 1159/3467/3467 1160/3468/3468 1158/3466/3466
f 1159/3469/3469 1153/3471/3471 1154/3472/3472 1160/3470/3470
g object_146
v 19.747749328613281 20 -12.18943977355957
v 19.747749328613281 23 -12.18943977355957
v 25.997749328613281 20 -12.18943977355957
v 25.997749328613281 23 -12.18943977355957
v 25.997749328613281 20 -16.138629913330078
v 25.997749328613281 23 -16.138629913330078
v 19.747749328613281 20 -16.138629913330078
v 19.747749328613281 23 -16.138629913330078
vt 0 0
vt 0 0.6376347541809082
vt 0.10102663189172745 0
vt 0.10102663189172745 0.6376347541809082
vt 0.10102663189172745 0
vt 0.10102663189172745 0.6376347541809082
vt 0.5 0
vt 0.5 0.6376347541809082
vt 0.5 0
vt 0.5 0.6376347541809082
vt 0.60102665424346924 0
vt 0.60102665424346924 0.6376347541809082
vt 0.60102665424346924 0
vt 0.60102665424346924 0.6376347541809082
vt 1 0
vt 1 0.6376347541809082
vt 0 1
vt 0.30639687180519104 1
vt 0.30639687180519104 0.63763535022735596
vt 0 0.63763535022735596
vt 0.69360309839248657 0.63763535022735596
vt 1 0.63763535022735596
vt 1 1
vt 0.69360309839248657 1
vn 0 0 1
vn 0 0 1
vn 0 0 1
vn 0 0 1
vn 1 0 0
vn 1 0 0
vn 1 0 0
vn 1 0 0
vn 0 0 -1
vn 0 0 -1
vn 0 0 -1
vn 0 0 -1
vn -1 0 0
vn -1 0 0
vn -1 0 0
vn -1 0 0
vn 0 -1 0
vn 0 -1 0
vn 0 -1 0
vn 0 -1 0
vn 0 1 0
vn 0 1 0
vn 0 1 0
vn 0 1 0
f 1163/3498/3498 1161/3497/3497 1167/3500/3500 1165/3499/3499
f 1168/3504/3504 1162/3501/3501 1164/3502/3502 1166/3503/3503
f 1161/3481/3481 1163/3483/3483 1164/3484/3484 1162/3482/3482
f 1163/3485/3485 1165/3487/3487 1166/3488/3488 1164/3486/3486
f 1165/3489/3489 1167/3491/3491 1168/3492/3492 1166/3490/3490
f 1167/3493/3493 1161/3495/3495 1162/3496/3496 1168/3494/3494
g object_147
v 19.747749328613281 17 -12.18943977355957
v 19.747749328613281 20 -12.18943977355957
v 25.997749328613281 17 -12.18943977355957
v 25.997749328613281 20 -12.18943977355957
v 25.997749328613281 17 -16.138629913330078
v 25.997749328613281 20 -16.138629913330078
v 19.747749328613281 17 -16.138629913330078
v 19.747749328613281 20 -16.138629913330078
vt 0 0
vt 0 0.6376347541809082
vt 0.10102663189172745 0
vt 0.10102663189172745 0.6376347541809082
vt 0.10102663189172745 0
vt 0.10102663189172745 0.6376347541809082
vt 0.5 0
vt 0.5 0.6376347541809082
vt 0.5 0
vt 0.5 0.6376347541809082
vt 0.60102665424346924 0
vt 0.60102665424346924 0.6376347541809082
vt 0.60102665424346924 0
vt 0.60102665424346924 0.6376347541809082
vt 1 0
vt 1 0.6376347541809082
vt 0 1
vt 0.30639687180519104 1
vt 0.30639687180519104 0.63763535022735596
vt 0 0.63763535022735596
vt 0.69360309839248657 0.63763535022735596
vt 1 0.63763535022735596
vt 1 1
vt 0.69360309839248657 1
vn 0 0 1
vn 0 0 1
vn 0 0 1
vn 0 0 1
vn 1 0 0
vn 1 0 0
vn 1 0 0
vn 1 0 0
vn 0 0 -1
vn 0 0 -1
vn 0 0 -1
vn 0 0 -1
vn -1 0 0
vn -1 0 0
vn -1 0 0
vn -1 0 0
vn 0 -1 0
vn 0 -1 0
vn 0 -1 0
vn 0 -1 0
vn 0 1 0
vn 0 1 0
vn 0 1 0
vn 0 1 0
f 1171/3522/3522 1169/3521/3521 1175/3524/3524 1173/3523/3523
f 1176/3528/3528 1170/3525/3525 1172/3526/3526 1174/3527/3527
f 1169/3505/3505 1171/3507/3507 1172/3508/3508 1170/3506/3506
f 1171/3509/3509 1173/3511/3511 1174/3512/3512 1172/3510/3510
f 1173/3513/3513 1175/3515/3515 1176/3516/3516 1174/3514/3514
f 1175/3517/3517 1169/3519/3519 1170/3520/3520 1176/3518/3518
g object_148
v 19.747749328613281 14 -12.18943977355957
v 19.747749328613281 17 -12.18943977355957
v 25.997749328613281 14 -12.18943977355957
v 25.997749328613281 17 -12.18943977355957
v 25.997749328613281 14 -16.138629913330078
v 25.997749328613281 17 -16.138629913330078
v 19.747749328613281 14 -16.138629913330078
v 19.747749328613281 17 -16.138629913330078
vt 0 0
vt 0 0.6376347541809082
vt 0.10102663189172745 0
vt 0.10102663189172745 0.6376347541809082
vt 0.10102663189172745 0
vt 0.10102663189172745 0.6376347541809082
vt 0.5 0
vt 0.5 0.6376347541809082
vt 0.5 0
vt 0.5 0.6376347541809082
vt 0.60102665424346924 0
vt 0.60102665424346924 0.6376347541809082
vt 0.60102665424346924 0
vt 0.60102665424346924 0.6376347541809082
vt 1 0
vt 1 0.6376347541809082
vt 0 1
vt 0.30639687180519104 1
vt 0.30639687180519104 0.63763535022735596
vt 0 0.63763535022735596
vt 0.69360309839248657 0.63763535022735596
vt 1 0.63763535022735596
vt 1 1
vt 0.69360309839248657 1
vn 0 0 1
vn 0 0 1
vn 0 0 1
vn 0 0 1
vn 1 0 0
vn 1 0 0
vn 1 0 0
vn 1 0 0
vn 0 0 -1
vn 0 0 -1
vn 0 0 -1
vn 0 0 -1
vn -1 0 0
vn -1 0 0
vn -1 0 0
vn -1 0 0
vn 0 -1 0
vn 0 -1 0
vn 0 -1 0
vn 0 -1 0
vn 0 1 0
vn 0 1 0
vn 0 1 0
vn 0 1 0
f 1179/3546/3546 1177/3545/3545 1183/3548/3548 1181/3547/3547
f 1184/3552/3552 1178/3549/3549 1180/3550/3550 1182/3551/3551
f 1177/3529/3529 1179/3531/3531 1180/3532/3532 1178/3530/3530
f 1179/3533/3533 1181/3535/3535 1182/3536/3536 1180/3534/3534
f 1181/3537/3537 1183/3539/3539 1184/3540/3540 1182/3538/3538
f 1183/3541/3541 1177/3543/3543 1178/3544/3544 1184/3542/3542
g object_149
v 19.747749328613281 11 -12.18943977355957
v 19.747749328613281 14 -12.18943977355957
v 25.997749328613281 11 -12.18943977355957
v 25.997749328613281 14 -12.18943977355957
v 25.997749328613281 11 -16.138629913330078
v 25.997749328613281 14 -16.138629913330078
v 19.747749328613281 11 -16.138629913330078
v 19.747749328613281 14 -16.138629913330078
vt 0 0
vt 0 0.6376347541809082
vt 0.10102663189172745 0
vt 0.10102663189172745 0.6376347541809082
vt 0.10102663189172745 0
vt 0.10102663189172745 0.6376347541809082
vt 0.5 0
vt 0.5 0.6376347541809082
vt 0.5 0
vt 0.5 0.6376347541809082
vt 0.60102665424346924 0
vt 0.60102665424346924 0.6376347541809082
vt 0.60102665424346924 0
vt 0.60102665424346924 0.6376347541809082
vt 1 0
vt 1 0.6376347541809082
vt 0 1
vt 0.30639687180519104 1
vt 0.30639687180519104 0.63763535022735596
vt 0 0.63763535022735596
vt 0.69360309839248657 0.63763535022735596
vt 1 0.63763535022735596
vt 1 1
vt 0.69360309839248657 1
vn 0 0 1
vn 0 0 1
vn 0 0 1
vn 0 0 1
vn 1 0 0
vn 1 0 0
vn 1 0 0
vn 1 0 0
vn 0 0 -1
vn 0 0 -1
vn 0 0 -1
vn 0 0 -1
vn -1 0 0
vn -1 0 0
vn -1 0 0
vn -1 0 0
vn 0 -1 0
vn 0 -1 0
vn 0 -1 0
vn 0 -1 0
vn 0 1 0
vn 0 1 0
vn 0 1 0
vn 0 1 0
f 1187/3570/3570 1185/3569/3569 1191/3572/3572 1189/3571/3571
f 1192/3576/3576 1186/3573/3573 1188/3574/3574 1190/3575/3575
f 1185/3553/3553 1187/3555/3555 1188/3556/3556 1186/3554/3554
f 1187/3557/3557 1189/3559/3559 1190/3560/3560 1188/3558/3558
f 1189/3561/3561 1191/3563/3563 1192/3564/3564 1190/3562/3562
f 1191/3565/3565 1185/3567/3567 1186/3568/3568 1192/3566/3566
g object_150
v 19.747749328613281 8 -12.18943977355957
v 19.747749328613281 11 -12.18943977355957
v 25.997749328613281 8 -12.18943977355957
v 25.997749328613281 11 -12.18943977355957
v 25.997749328613281 8 -16.138629913330078
v 25.997749328613281 11 -16.138629913330078
v 19.747749328613281 8 -16.138629913330078
v 19.747749328613281 11 -16.138629913330078
vt 0 0
vt 0 0.6376347541809082
vt 0.10102663189172745 0
vt 0.10102663189172745 0.6376347541809082
vt 0.10102663189172745 0
vt 0.10102663189172745 0.6376347541809082
vt 0.5 0
vt 0.5 0.6376347541809082
vt 0.5 0
vt 0.5 0.6376347541809082
vt 0.60102665424346924 0
vt 0.60102665424346924 0.6376347541809082
vt 0.60102665424346924 0
vt 0.60102665424346924 0.6376347541809082
vt 1 0
vt 1 0.6376347541809082
vt 0 1
vt 0.30639687180519104 1
vt 0.30639687180519104 0.63763535022735596
vt 0 0.63763535022735596
vt 0.69360309839248657 0.63763535022735596
vt 1 0.63763535022735596
vt 1 1
vt 0.69360309839248657 1
vn 0 0 1
vn 0 0 1
vn 0 0 1
vn 0 0 1
vn 1 0 0
vn 1 0 0
vn 1 0 0
vn 1 0 0
vn 0 0 -1
vn 0 0 -1
vn 0 0 -1
vn 0 0 -1
vn -1 0 0
vn -1 0 0
vn -1 0 0
vn -1 0 0
vn 0 -1 0
vn 0 -1 0
vn 0 -1 0
vn 0 -1 0
vn 0 1 0
vn 0 1 0
vn 0 1 0
vn 0 1 0
f 1195/3594/3594 1193/3593/3593 1199/3596/3596 1197/3595/3595
f 1200/3600/3600 1194/3597/3597 1196/3598/3598 1198/3599/3599
f 1193/3577/3577 1195/3579/3579 1196/3580/3580 1194/3578/3578
f 1195/3581/3581 1197/3583/3583 1198/3584/3584 1196/3582/3582
f 1197/3585/3585 1199/3587/3587 1200/3588/3588 1198/3586/3586
f 1199/3589/3589 1193/3591/3591 1194/3592/3592 1200/3590/3590
g object_151
v 19.747749328613281 5 -12.18943977355957
v 19.747749328613281 8 -12.18943977355957
v 25.997749328613281 5 -12.18943977355957
v 25.997749328613281 8 -12.18943977355957
v 25.997749328613281 5 -16.138629913330078
v 25.997749328613281 8 -16.138629913330078
v 19.747749328613281 5 -16.138629913330078
v 19.747749328613281 8 -16.138629913330078
vt 0 0
vt 0 0.6376347541809082
vt 0.10102663189172745 0
vt 0.10102663189172745 0.6376347541809082
vt 0.10102663189172745 0
vt 0.10102663189172745 0.6376347541809082
vt 0.5 0
vt 0.5 0.6376347541809082
vt 0.5 0
vt 0.5 0.6376347541809082
vt 0.60102665424346924 0
vt 0.60102665424346924 0.6376347541809082
vt 0.60102665424346924 0
vt 0.60102665424346924 0.6376347541809082
vt 1 0
vt 1 0.6376347541809082
vt 0 1
vt 0.30639687180519104 1
vt 0.30639687180519104 0.63763535022735596
vt 0 0.63763535022735596
vt 0.69360309839248657 0.63763535022735596
vt 1 0.63763535022735596
vt 1 1
vt 0.69360309839248657 1
vn 0 0 1
vn 0 0 1
vn 0 0 1
vn 0 0 1
vn 1 0 0
vn 1 0 0
vn 1 0 0
vn 1 0 0
vn 0 0 -1
vn 0 0 -1
vn 0 0 -1
vn 0 0 -1
vn -1 0 0
vn -1 0 0
vn -1 0 0
vn -1 0 0
vn 0 -1 0
vn 0 -1 0
vn 0 -1 0
vn 0 -1 0
vn 0 1 0
vn 0 1 0
vn 0 1 0
vn 0 1 0
f 1203/3618/3618 1201/3617/3617 1207/3620/3620 1205/3619/3619
f 1208/3624/3624 1202/3621/3621 1204/3622/3622 1206/3623/3623
f 1201/3601/3601 1203/3603/3603 1204/3604/3604 1202/3602/3602
f 1203/3605/3605 1205/3607/3607 1206/3608/3608 1204/3606/3606
f 1205/3609/3609 1207/3611/3611 1208/3612/3612 1206/3610/3610
f 1207/3613/3613 1201/3615/3615 1202/3616/3616 1208/3614/3614
g object_152
v 19.747749328613281 26 -8.2402496337890625
v 19.747749328613281 29 -8.2402496337890625
v 25.997749328613281 26 -8.2402496337890625
v 25.997749328613281 29 -8.2402496337890625
v 25.997749328613281 26 -12.18943977355957
v 25.997749328613281 29 -12.18943977355957
v 19.747749328613281 26 -12.18943977355957
v 19.747749328613281 29 -12.18943977355957
vt 0 0
vt 0 0.6376347541809082
vt 0.10102663189172745 0
vt 0.10102663189172745 0.6376347541809082
vt 0.10102663189172745 0
vt 0.10102663189172745 0.6376347541809082
vt 0.5 0
vt 0.5 0.6376347541809082
vt 0.5 0
vt 0.5 0.6376347541809082
vt 0.60102665424346924 0
vt 0.60102665424346924 0.6376347541809082
vt 0.60102665424346924 0
vt 0.60102665424346924 0.6376347541809082
vt 1 0
vt 1 0.6376347541809082
vt 0 1
vt 0.30639687180519104 1
vt 0.30639687180519104 0.63763535022735596
vt 0 0.63763535022735596
vt 0.69360309839248657 0.63763535022735596
vt 1 0.63763535022735596
vt 1 1
vt 0.69360309839248657 1
vn 0 0 1
vn 0 0 1
vn 0 0 1
vn 0 0 1
vn 1 0 0
vn 1 0 0
vn 1 0 0
vn 1 0 0
vn 0 0 -1
vn 0 0 -1
vn 0 0 -1
vn 0 0 -1
vn -1 0 0
vn -1 0 0
vn -1 0 0
vn -1 0 0
vn 0 -1 0
vn 0 -1 0
vn 0 -1 0
vn 0 -1 0
vn 0 1 0
vn 0 1 0
vn 0 1 0
vn 0 1 0
f 1211/3642/3642 1209/3641/3641 1215/3644/3644 1213/3643/3643
f 1216/3648/3648 1210/3645/3645 1212/3646/3646 1214/3647/3647
f 1209/3625/3625 1211/3627/3627 1212/3628/3628 1210/3626/3626
f 1211/3629/3629 1213/3631/3631 1214/3632/3632 1212/3630/3630
f 1213/3633/3633 1215/3635/3635 1216/3636/3636 1214/3634/3634
f 1215/3637/3637 1209/3639/3639 1210/3640/3640 1216/3638/3638
g object_153
v 19.747749328613281 23 -8.2402496337890625
v 19.747749328613281 26 -8.2402496337890625
v 25.997749328613281 23 -8.2402496337890625
v 25.997749328613281 26 -8.2402496337890625
v 25.997749328613281 23 -12.18943977355957
v 25.997749328613281 26 -12.18943977355957
v 19.747749328613281 23 -12.18943977355957
v 19.747749328613281 26 -12.18943977355957
vt 0 0
vt 0 0.6376347541809082
vt 0.10102663189172745 0
vt 0.10102663189172745 0.6376347541809082
vt 0.10102663189172745 0
vt 0.10102663189172745 0.6376347541809082
vt 0.5 0
vt 0.5 0.6376347541809082
vt 0.5 0
vt 0.5 0.6376347541809082
vt 0.60102665424346924 0
vt 0.60102665424346924 0.6376347541809082
vt 0.60102665424346924 0
vt 0.60102665424346924 0.6376347541809082
vt 1 0
vt 1 0.6376347541809082
vt 0 1
vt 0.30639687180519104 1
vt 0.30639687180519104 0.63763535022735596
vt 0 0.63763535022735596
vt 0.69360309839248657 0.63763535022735596
vt 1 0.63763535022735596
vt 1 1
vt 0.69360309839248657 1
vn 0 0 1
vn 0 0 1
vn 0 0 1
vn 0 0 1
vn 1 0 0
vn 1 0 0
vn 1 0 0
vn 1 0 0
vn 0 0 -1
vn 0 0 -1
vn 0 0 -1
vn 0 0 -1
vn -1 0 0
vn -1 0 0
vn -1 0 0
vn -1 0 0
vn 0 -1 0
vn 0 -1 0
vn 0 -1 0
vn 0 -1 0
vn 0 1 0
vn 0 1 0
vn 0 1 0
vn 0 1 0
f 1219/3666/3666 1217/3665/3665 1223/3668/3668 1221/3667/3667
f 1224/3672/3672 1218/3669/3669 1220/3670/3670 1222/3671/3671
f 1217/3649/3649 1219/3651/3651 1220/3652/3652 1218/3650/3650
f 1219/3653/3653 1221/3655/3655 1222/3656/3656 1220/3654/3654
f 1221/3657/3657 1223/3659/3659 1224/3660/3660 1222/3658/3658
f 1223/3661/3661 1217/3663/3663 1218/3664/3664 1224/3662/3662
g object_154
v 19.747749328613281 20 -8.2402496337890625
v 19.747749328613281 23 -8.2402496337890625
v 25.997749328613281 20 -8.2402496337890625
v 25.997749328613281 23 -8.2402496337890625
v 25.997749328613281 20 -12.18943977355957
v 25.997749328613281 23 -12.18943977355957
v 19.747749328613281 20 -12.18943977355957
v 19.747749328613281 23 -12.18943977355957
vt 0 0
vt 0 0.6376347541809082
vt 0.10102663189172745 0
vt 0.10102663189172745 0.6376347541809082
vt 0.10102663189172745 0
vt 0.10102663189172745 0.6376347541809082
vt 0.5 0
vt 0.5 0.6376347541809082
vt 0.5 0
vt 0.5 0.6376347541809082
vt 0.60102665424346924 0
vt 0.60102665424346924 0.6376347541809082
vt 0.60102665424346924 0
vt 0.60102665424346924 0.6376347541809082
vt 1 0
vt 1 0.6376347541809082
vt 0 1
vt 0.30639687180519104 1
vt 0.30639687180519104 0.63763535022735596
vt 0 0.63763535022735596
vt 0.69360309839248657 0.63763535022735596
vt 1 0.63763535022735596
vt 1 1
vt 0.69360309839248657 1
vn 0 0 1
vn 0 0 1
vn 0 0 1
vn 0 0 1
vn 1 0 0
vn 1 0 0
vn 1 0 0
vn 1 0 0
vn 0 0 -1
vn 0 0 -1
vn 0 0 -1
vn 0 0 -1
vn -1 0 0
vn -1 0 0
vn -1 0 0
vn -1 0 0
vn 0 -1 0
vn 0 -1 0
vn 0 -1 0
vn 0 -1 0
vn 0 1 0
vn 0 1 0
vn 0 1 0
vn 0 1 0
f 1227/3690/3690 1225/3689/3689 1231/3692/3692 1229/3691/3691
f 1232/3696/3696 1226/3693/3693 1228/3694/3694 1230/3695/3695
f 1225/3673/3673 1227/3675/3675 1228/3676/3676 1226/3674/3674
f 1227/3677/3677 1229/3679/3679 1230/3680/3680 1228/3678/3678
f 1229/3681/3681 1231/3683/3683 1232/3684/3684 1230/3682/3682
f 1231/3685/3685 1225/3687/3687 1226/3688/3688 1232/3686/3686
g object_155
v 19.747749328613281 17 -8.2402496337890625
v 19.747749328613281 20 -8.2402496337890625
v 25.997749328613281 17 -8.2402496337890625
v 25.997749328613281 20 -8.2402496337890625
v 25.997749328613281 17 -12.18943977355957
v 25.997749328613281 20 -12.18943977355957
v 19.747749328613281 17 -12.18943977355957
v 19.747749328613281 20 -12.18943977355957
vt 0 0
vt 0 0.6376347541809082
vt 0.10102663189172745 0
vt 0.10102663189172745 0.6376347541809082
vt 0.10102663189172745 0
vt 0.10102663189172745 0.6376347541809082
vt 0.5 0
vt 0.5 0.6376347541809082
vt 0.5 0
vt 0.5 0.6376347541809082
vt 0.60102665424346924 0
vt 0.60102665424346924 0.6376347541809082
vt 0.60102665424346924 0
vt 0.60102665424346924 0.6376347541809082
vt 1 0
vt 1 0.6376347541809082
vt 0 1
vt 0.30639687180519104 1
vt 0.30639687180519104 0.63763535022735596
vt 0 0.63763535022735596
vt 0.69360309839248657 0.63763535022735596
vt 1 0.63763535022735596
vt 1 1
vt 0.69360309839248657 1
vn 0 0 1
vn 0 0 1
vn 0 0 1
vn 0 0 1
vn 1 0 0
vn 1 0 0
vn 1 0 0
vn 1 0 0
vn 0 0 -1
vn 0 0 -1
vn 0 0 -1
vn 0 0 -1
vn -1 0 0
vn -1 0 0
vn -1 0 0
vn -1 0 0
vn 0 -1 0
vn 0 -1 0
vn 0 -1 0
vn 0 -1 0
vn 0 1 0
vn 0 1 0
vn 0 1 0
vn 0 1 0
f 1235/3714/3714 1233/3713/3713 1239/3716/3716 1237/3715/3715
f 1240/3720/3720 1234/3717/3717 1236/3718/3718 1238/3719/3719
f 1233/3697/3697 1235/3699/3699 1236/3700/3700 1234/3698/3698
f 1235/3701/3701 1237/3703/3703 1238/3704/3704 1236/3702/3702
f 1237/3705/3705 1239/3707/3707 1240/3708/3708 1238/3706/3706
f 1239/3709/3709 1233/3711/3711 1234/3712/3712 1240/3710/3710
g object_156
v 19.747749328613281 14 -8.2402496337890625
v 19.747749328613281 17 -8.2402496337890625
v 25.997749328613281 14 -8.2402496337890625
v 25.997749328613281 17 -8.2402496337890625
v 25.997749328613281 14 -12.18943977355957
v 25.997749328613281 17 -12.18943977355957
v 19.747749328613281 14 -12.18943977355957
v 19.747749328613281 17 -12.18943977355957
vt 0 0
vt 0 0.6376347541809082
vt 0.10102663189172745 0
vt 0.10102663189172745 0.6376347541809082
vt 0.10102663189172745 0
vt 0.10102663189172745 0.6376347541809082
vt 0.5 0
vt 0.5 0.6376347541809082
vt 0.5 0
vt 0.5 0.6376347541809082
vt 0.60102665424346924 0
vt 0.60102665424346924 0.6376347541809082
vt 0.60102665424346924 0
vt 0.60102665424346924 0.6376347541809082
vt 1 0
vt 1 0.6376347541809082
vt 0 1
vt 0.30639687180519104 1
vt 0.30639687180519104 0.63763535022735596
vt 0 0.63763535022735596
vt 0.69360309839248657 0.63763535022735596
vt 1 0.63763535022735596
vt 1 1
vt 0.69360309839248657 1
vn 0 0 1
vn 0 0 1
vn 0 0 1
vn 0 0 1
vn 1 0 0
vn 1 0 0
vn 1 0 0
vn 1 0 0
vn 0 0 -1
vn 0 0 -1
vn 0 0 -1
vn 0 0 -1
vn -1 0 0
vn -1 0 0
vn -1 0 0
vn -1 0 0
vn 0 -1 0
vn 0 -1 0
vn 0 -1 0
vn 0 -1 0
vn 0 1 0
vn 0 1 0
vn 0 1 0
vn 0 1 0
f 1243/3738/3738 1241/3737/3737 1247/3740/3740 1245/3739/3739
f 1248/3744/3744 1242/3741/3741 1244/3742/3742 1246/3743/3743
f 1241/3721/3721 1243/3723/3723 1244/3724/3724 1242/3722/3722
f 1243/3725/3725 1245/3727/3727 1246/3728/3728 1244/3726/3726
f 1245/3729/3729 1247/3731/3731 1248/3732/3732 1246/3730/3730
f 1247/3733/3733 1241/3735/3735 1242/3736/3736 1248/3734/3734
g object_157
v 19.747749328613281 11 -8.2402496337890625
v 19.747749328613281 14 -8.2402496337890625
v 25.997749328613281 11 -8.2402496337890625
v 25.997749328613281 14 -8.2402496337890625
v 25.997749328613281 11 -12.18943977355957
v 25.997749328613281 14 -12.18943977355957
v 19.747749328613281 11 -12.18943977355957
v 19.747749328613281 14 -12.18943977355957
vt 0 0
vt 0 0.6376347541809082
vt 0.10102663189172745 0
vt 0.10102663189172745 0.6376347541809082
vt 0.10102663189172745 0
vt 0.10102663189172745 0.6376347541809082
vt 0.5 0
vt 0.5 0.6376347541809082
vt 0.5 0
vt 0.5 0.6376347541809082
vt 0.60102665424346924 0
vt 0.60102665424346924 0.6376347541809082
vt 0.60102665424346924 0
vt 0.60102665424346924 0.6376347541809082
vt 1 0
vt 1 0.6376347541809082
vt 0 1
vt 0.30639687180519104 1
vt 0.30639687180519104 0.63763535022735596
vt 0 0.63763535022735596
vt 0.69360309839248657 0.63763535022735596
vt 1 0.63763535022735596
vt 1 1
vt 0.69360309839248657 1
vn 0 0 1
vn 0 0 1
vn 0 0 1
vn 0 0 1
vn 1 0 0
vn 1 0 0
vn 1 0 0
vn 1 0 0
vn 0 0 -1
vn 0 0 -1
vn 0 0 -1
vn 0 0 -1
vn -1 0 0
vn -1 0 0
vn -1 0 0
vn -1 0 0
vn 0 -1 0
vn 0 -1 0
vn 0 -1 0
vn 0 -1 0
vn 0 1 0
vn 0 1 0
vn 0 1 0
vn 0 1 0
f 1251/3762/3762 1249/3761/3761 1255/3764/3764 1253/3763/3763
f 1256/3768/3768 1250/3765/3765 1252/3766/3766 1254/3767/3767
f 1249/3745/3745 1251/3747/3747 1252/3748/3748 1250/3746/3746
f 1251/3749/3749 1253/3751/3751 1254/3752/3752 1252/3750/3750
f 1253/3753/3753 1255/3755/3755 1256/3756/3756 1254/3754/3754
f 1255/3757/3757 1249/3759/3759 1250/3760/3760 1256/3758/3758
g object_158
v 19.747749328613281 8 -8.2402496337890625
v 19.747749328613281 11 -8.2402496337890625
v 25.997749328613281 8 -8.2402496337890625
v 25.997749328613281 11 -8.2402496337890625
v 25.997749328613281 8 -12.18943977355957
v 25.997749328613281 11 -12.18943977355957
v 19.747749328613281 8 -12.18943977355957
v 19.747749328613281 11 -12.18943977355957
vt 0 0
vt 0 0.6376347541809082
vt 0.10102663189172745 0
vt 0.10102663189172745 0.6376347541809082
vt 0.10102663189172745 0
vt 0.10102663189172745 0.6376347541809082
vt 0.5 0
vt 0.5 0.6376347541809082
vt 0.5 0
vt 0.5 0.6376347541809082
vt 0.60102665424346924 0
vt 0.60102665424346924 0.6376347541809082
vt 0.60102665424346924 0
vt 0.60102665424346924 0.6376347541809082
vt 1 0
vt 1 0.6376347541809082
vt 0 1
vt 0.30639687180519104 1
vt 0.30639687180519104 0.63763535022735596
vt 0 0.63763535022735596
vt 0.69360309839248657 0.63763535022735596
vt 1 0.63763535022735596
vt 1 1
vt 0.69360309839248657 1
vn 0 0 1
vn 0 0 1
vn 0 0 1
vn 0 0 1
vn 1 0 0
vn 1 0 0
vn 1 0 0
vn 1 0 0
vn 0 0 -1
vn 0 0 -1
vn 0 0 -1
vn 0 0 -1
vn -1 0 0
vn -1 0 0
vn -1 0 0
vn -1 0 0
vn 0 -1 0
vn 0 -1 0
vn 0 -1 0
vn 0 -1 0
vn 0 1 0
vn 0 1 0
vn 0 1 0
vn 0 1 0
f 1259/3786/3786 1257/3785/3785 1263/3788/3788 1261/3787/3787
f 1264/3792/3792 1258/3789/3789 1260/3790/3790 1262/3791/3791
f 1257/3769/3769 1259/3771/3771 1260/3772/3772 1258/3770/3770
f 1259/3773/3773 1261/3775/3775 1262/3776/3776 1260/3774/3774
f 1261/3777/3777 1263/3779/3779 1264/3780/3780 1262/3778/3778
f 1263/3781/3781 1257/3783/3783 1258/3784/3784 1264/3782/3782
g object_159
v 19.747749328613281 5 -8.2402496337890625
v 19.747749328613281 8 -8.2402496337890625
v 25.997749328613281 5 -8.2402496337890625
v 25.997749328613281 8 -8.2402496337890625
v 25.997749328613281 5 -12.18943977355957
v 25.997749328613281 8 -12.18943977355957
v 19.747749328613281 5 -12.18943977355957
v 19.747749328613281 8 -12.18943977355957
vt 0 0
vt 0 0.6376347541809082
vt 0.10102663189172745 0
vt 0.10102663189172745 0.6376347541809082
vt 0.10102663189172745 0
vt 0.10102663189172745 0.6376347541809082
vt 0.5 0
vt 0.5 0.6376347541809082
vt 0.5 0
vt 0.5 0.6376347541809082
vt 0.60102665424346924 0
vt 0.60102665424346924 0.6376347541809082
vt 0.60102665424346924 0
vt 0.60102665424346924 0.6376347541809082
vt 1 0
vt 1 0.6376347541809082
vt 0 1
vt 0.30639687180519104 1
vt 0.30639687180519104 0.63763535022735596
vt 0 0.63763535022735596
vt 0.69360309839248657 0.63763535022735596
vt 1 0.63763535022735596
vt 1 1
vt 0.69360309839248657 1
vn 0 0 1
vn 0 0 1
vn 0 0 1
vn 0 0 1
vn 1 0 0
vn 1 0 0
vn 1 0 0
vn 1 0 0
vn 0 0 -1
vn 0 0 -1
vn 0 0 -1
vn 0 0 -1
vn -1 0 0
vn -1 0 0
vn -1 0 0
vn -1 0 0
vn 0 -1 0
vn 0 -1 0
vn 0 -1 0
vn 0 -1 0
vn 0 1 0
vn 0 1 0
vn 0 1 0
vn 0 1 0
f 1267/3810/3810 1265/3809/3809 1271/3812/3812 1269/3811/3811
f 1272/3816/3816 1266/3813/3813 1268/3814/3814 1270/3815/3815
f 1265/3793/3793 1267/3795/3795 1268/3796/3796 1266/3794/3794
f 1267/3797/3797 1269/3799/3799 1270/3800/3800 1268/3798/3798
f 1269/3801/3801 1271/3803/3803 1272/3804/3804 1270/3802/3802
f 1271/3805/3805 1265/3807/3807 1266/3808/3808 1272/3806/3806
g object_160
v 19.747749328613281 26 -47.986198425292969
v 19.747749328613281 29 -47.986198425292969
v 25.997749328613281 26 -47.986198425292969
v 25.997749328613281 29 -47.986198425292969
v 25.997749328613281 26 -51.986198425292969
v 25.997749328613281 29 -51.986198425292969
v 19.747749328613281 26 -51.986198425292969
v 19.747749328613281 29 -51.986198425292969
vt 0 0
vt 0 0.63636320829391479
vt 0.10000000149011612 0
vt 0.10000000149011612 0.63636320829391479
vt 0.10000000149011612 0
vt 0.10000000149011612 0.63636320829391479
vt 0.5 0
vt 0.5 0.63636320829391479
vt 0.5 0
vt 0.5 0.63636320829391479
vt 0.60000002384185791 0
vt 0.60000002384185791 0.63636320829391479
vt 0.60000002384185791 0
vt 0.60000002384185791 0.63636320829391479
vt 1 0
vt 1 0.63636320829391479
vt 0 1
vt 0.30487805604934692 1
vt 0.30487805604934692 0.63636386394500732
vt 0 0.63636386394500732
vt 0.69512194395065308 0.63636386394500732
vt 1 0.63636386394500732
vt 1 1
vt 0.69512194395065308 1
vn 0 0 1
vn 0 0 1
vn 0 0 1
vn 0 0 1
vn 1 0 0
vn 1 0 0
vn 1 0 0
vn 1 0 0
vn 0 0 -1
vn 0 0 -1
vn 0 0 -1
vn 0 0 -1
vn -1 0 0
vn -1 0 0
vn -1 0 0
vn -1 0 0
vn 0 -1 0
vn 0 -1 0
vn 0 -1 0
vn 0 -1 0
vn 0 1 0
vn 0 1 0
vn 0 1 0
vn 0 1 0
f 1275/3834/3834 1273/3833/3833 1279/3836/3836 1277/3835/3835
f 1280/3840/3840 1274/3837/3837 1276/3838/3838 1278/3839/3839
f 1273/3817/3817 1275/3819/3819 1276/3820/3820 1274/3818/3818
f 1275/3821/3821 1277/3823/3823 1278/3824/3824 1276/3822/3822
f 1277/3825/3825 1279/3827/3827 1280/3828/3828 1278/3826/3826
f 1279/3829/3829 1273/3831/3831 1274/3832/3832 1280/3830/3830
g object_161
v 19.747749328613281 23 -47.986198425292969
v 19.747749328613281 26 -47.986198425292969
v 25.997749328613281 23 -47.986198425292969
v 25.997749328613281 26 -47.986198425292969
v 25.997749328613281 23 -51.986198425292969
v 25.997749328613281 26 -51.986198425292969
v 19.747749328613281 23 -51.986198425292969
v 19.747749328613281 26 -51.986198425292969
vt 0 0
vt 0 0.63636320829391479
vt 0.10000000149011612 0
vt 0.10000000149011612 0.63636320829391479
vt 0.10000000149011612 0
vt 0.10000000149011612 0.63636320829391479
vt 0.5 0
vt 0.5 0.63636320829391479
vt 0.5 0
vt 0.5 0.63636320829391479
vt 0.60000002384185791 0
vt 0.60000002384185791 0.63636320829391479
vt 0.60000002384185791 0
vt 0.60000002384185791 0.63636320829391479
vt 1 0
vt 1 0.63636320829391479
vt 0 1
vt 0.30487805604934692 1
vt 0.30487805604934692 0.63636386394500732
vt 0 0.63636386394500732
vt 0.69512194395065308 0.63636386394500732
vt 1 0.63636386394500732
vt 1 1
vt 0.69512194395065308 1
vn 0 0 1
vn 0 0 1
vn 0 0 1
vn 0 0 1
vn 1 0 0
vn 1 0 0
vn 1 0 0
vn 1 0 0
vn 0 0 -1
vn 0 0 -1
vn 0 0 -1
vn 0 0 -1
vn -1 0 0
vn -1 0 0
vn -1 0 0
vn -1 0 0
vn 0 -1 0
vn 0 -1 0
vn 0 -1 0
vn 0 -1 0
vn 0 1 0
vn 0 1 0
vn 0 1 0
vn 0 1 0
f 1283/3858/3858 1281/3857/3857 1287/3860/3860 1285/3859/3859
f 1288/3864/3864 1282/3861/3861 1284/3862/3862 1286/3863/3863
f 1281/3841/3841 1283/3843/3843 1284/3844/3844 1282/3842/3842
f 1283/3845/3845 1285/3847/3847 1286/3848/3848 1284/3846/3846
f 1285/3849/3849 1287/3851/3851 1288/3852/3852 1286/3850/3850
f 1287/3853/3853 1281/3855/3855 1282/3856/3856 1288/3854/3854
g object_162
v 19.747749328613281 20 -47.986198425292969
v 19.747749328613281 23 -47.986198425292969
v 25.997749328613281 20 -47.986198425292969
v 25.997749328613281 23 -47.986198425292969
v 25.997749328613281 20 -51.986198425292969
v 25.997749328613281 23 -51.986198425292969
v 19.747749328613281 20 -51.986198425292969
v 19.747749328613281 23 -51.986198425292969
vt 0 0
vt 0 0.63636320829391479
vt 0.10000000149011612 0
vt 0.10000000149011612 0.63636320829391479
vt 0.10000000149011612 0
vt 0.10000000149011612 0.63636320829391479
vt 0.5 0
vt 0.5 0.63636320829391479
vt 0.5 0
vt 0.5 0.63636320829391479
vt 0.60000002384185791 0
vt 0.60000002384185791 0.63636320829391479
vt 0.60000002384185791 0
vt 0.60000002384185791 0.63636320829391479
vt 1 0
vt 1 0.63636320829391479
vt 0 1
vt 0.30487805604934692 1
vt 0.30487805604934692 0.63636386394500732
vt 0 0.63636386394500732
vt 0.69512194395065308 0.63636386394500732
vt 1 0.63636386394500732
vt 1 1
vt 0.69512194395065308 1
vn 0 0 1
vn 0 0 1
vn 0 0 1
vn 0 0 1
vn 1 0 0
vn 1 0 0
vn 1 0 0
vn 1 0 0
vn 0 0 -1
vn 0 0 -1
vn 0 0 -1
vn 0 0 -1
vn -1 0 0
vn -1 0 0
vn -1 0 0
vn -1 0 0
vn 0 -1 0
vn 0 -1 0
vn 0 -1 0
vn 0 -1 0
vn 0 1 0
vn 0 1 0
vn 0 1 0
vn 0 1 0
f 1291/3882/3882 1289/3881/3881 1295/3884/3884 1293/3883/3883
f 1296/3888/3888 1290/3885/3885 1292/3886/3886 1294/3887/3887
f 1289/3865/3865 1291/3867/3867 1292/3868/3868 1290/3866/3866
f 1291/3869/3869 1293/3871/3871 1294/3872/3872 1292/3870/3870
f 1293/3873/3873 1295/3875/3875 1296/3876/3876 1294/3874/3874
f 1295/3877/3877 1289/3879/3879 1290/3880/3880 1296/3878/3878
g object_163
v 19.747749328613281 17 -47.986198425292969
v 19.747749328613281 20 -47.986198425292969
v 25.997749328613281 17 -47.986198425292969
v 25.997749328613281 20 -47.986198425292969
v 25.997749328613281 17 -51.986198425292969
v 25.997749328613281 20 -51.986198425292969
v 19.747749328613281 17 -51.986198425292969
v 19.747749328613281 20 -51.986198425292969
vt 0 0
vt 0 0.63636320829391479
vt 0.10000000149011612 0
vt 0.10000000149011612 0.63636320829391479
vt 0.10000000149011612 0
vt 0.10000000149011612 0.63636320829391479
vt 0.5 0
vt 0.5 0.63636320829391479
vt 0.5 0
vt 0.5 0.63636320829391479
vt 0.60000002384185791 0
vt 0.60000002384185791 0.63636320829391479
vt 0.60000002384185791 0
vt 0.60000002384185791 0.63636320829391479
vt 1 0
vt 1 0.63636320829391479
vt 0 1
vt 0.30487805604934692 1
vt 0.30487805604934692 0.63636386394500732
vt 0 0.63636386394500732
vt 0.69512194395065308 0.63636386394500732
vt 1 0.63636386394500732
vt 1 1
vt 0.69512194395065308 1
vn 0 0 1
vn 0 0 1
vn 0 0 1
vn 0 0 1
vn 1 0 0
vn 1 0 0
vn 1 0 0
vn 1 0 0
vn 0 0 -1
vn 0 0 -1
vn 0 0 -1
vn 0 0 -1
vn -1 0 0
vn -1 0 0
vn -1 0 0
vn -1 0 0
vn 0 -1 0
vn 0 -1 0
vn 0 -1 0
vn 0 -1 0
vn 0 1 0
vn 0 1 0
vn 0 1 0
vn 0 1 0
f 1299/3906/3906 1297/3905/3905 1303/3908/3908 1301/3907/3907
f 1304/3912/3912 1298/3909/3909 1300/3910/3910 1302/3911/3911
f 1297/3889/3889 1299/3891/3891 1300/3892/3892 1298/3890/3890
f 1299/3893/3893 1301/3895/3895 1302/3896/3896 1300/3894/3894
f 1301/3897/3897 1303/3899/3899 1304/3900/3900 1302/3898/3898
f 1303/3901/3901 1297/3903/3903 1298/3904/3904 1304/3902/3902
g object_164
v 19.747749328613281 14 -47.986198425292969
v 19.747749328613281 17 -47.986198425292969
v 25.997749328613281 14 -47.986198425292969
v 25.997749328613281 17 -47.986198425292969
v 25.997749328613281 14 -51.986198425292969
v 25.997749328613281 17 -51.986198425292969
v 19.747749328613281 14 -51.986198425292969
v 19.747749328613281 17 -51.986198425292969
vt 0 0
vt 0 0.63636320829391479
vt 0.10000000149011612 0
vt 0.10000000149011612 0.63636320829391479
vt 0.10000000149011612 0
vt 0.10000000149011612 0.63636320829391479
vt 0.5 0
vt 0.5 0.63636320829391479
vt 0.5 0
vt 0.5 0.63636320829391479
vt 0.60000002384185791 0
vt 0.60000002384185791 0.63636320829391479
vt 0.60000002384185791 0
vt 0.60000002384185791 0.63636320829391479
vt 1 0
vt 1 0.63636320829391479
vt 0 1
vt 0.30487805604934692 1
vt 0.30487805604934692 0.63636386394500732
vt 0 0.63636386394500732
vt 0.69512194395065308 0.63636386394500732
vt 1 0.63636386394500732
vt 1 1
vt 0.69512194395065308 1
vn 0 0 1
vn 0 0 1
vn 0 0 1
vn 0 0 1
vn 1 0 0
vn 1 0 0
vn 1 0 0
vn 1 0 0
vn 0 0 -1
vn 0 0 -1
vn 0 0 -1
vn 0 0 -1
vn -1 0 0
vn -1 0 0
vn -1 0 0
vn -1 0 0
vn 0 -1 0
vn 0 -1 0
vn 0 -1 0
vn 0 -1 0
vn 0 1 0
vn 0 1 0
vn 0 1 0
vn 0 1 0
f 1307/3930/3930 1305/3929/3929 1311/3932/3932 1309/3931/3931
f 1312/3936/3936 1306/3933/3933 1308/3934/3934 1310/3935/3935
f 1305/3913/3913 1307/3915/3915 1308/3916/3916 1306/3914/3914
f 1307/3917/3917 1309/3919/3919 1310/3920/3920 1308/3918/3918
f 1309/3921/3921 1311/3923/3923 1312/3924/3924 1310/3922/3922
f 1311/3925/3925 1305/3927/3927 1306/3928/3928 1312/3926/3926
g object_165
v 19.747749328613281 11 -47.986198425292969
v 19.747749328613281 14 -47.986198425292969
v 25.997749328613281 11 -47.986198425292969
v 25.997749328613281 14 -47.986198425292969
v 25.997749328613281 11 -51.986198425292969
v 25.997749328613281 14 -51.986198425292969
v 19.747749328613281 11 -51.986198425292969
v 19.747749328613281 14 -51.986198425292969
vt 0 0
vt 0 0.63636320829391479
vt 0.10000000149011612 0
vt 0.10000000149011612 0.63636320829391479
vt 0.10000000149011612 0
vt 0.10000000149011612 0.63636320829391479
vt 0.5 0
vt 0.5 0.63636320829391479
vt 0.5 0
vt 0.5 0.63636320829391479
vt 0.60000002384185791 0
vt 0.60000002384185791 0.63636320829391479
vt 0.60000002384185791 0
vt 0.60000002384185791 0.63636320829391479
vt 1 0
vt 1 0.63636320829391479
vt 0 1
vt 0.30487805604934692 1
vt 0.30487805604934692 0.63636386394500732
vt 0 0.63636386394500732
vt 0.69512194395065308 0.63636386394500732
vt 1 0.63636386394500732
vt 1 1
vt 0.69512194395065308 1
vn 0 0 1
vn 0 0 1
vn 0 0 1
vn 0 0 1
vn 1 0 0
vn 1 0 0
vn 1 0 0
vn 1 0 0
vn 0 0 -1
vn 0 0 -1
vn 0 0 -1
vn 0 0 -1
vn -1 0 0
vn -1 0 0
vn -1 0 0
vn -1 0 0
vn 0 -1 0
vn 0 -1 0
vn 0 -1 0
vn 0 -1 0
vn 0 1 0
vn 0 1 0
vn 0 1 0
vn 0 1 0
f 1315/3954/3954 1313/3953/3953 1319/3956/3956 1317/3955/3955
f 1320/3960/3960 1314/3957/3957 1316/3958/3958 1318/3959/3959
f 1313/3937/3937 1315/3939/3939 1316/3940/3940 1314/3938/3938
f 1315/3941/3941 1317/3943/3943 1318/3944/3944 1316/3942/3942
f 1317/3945/3945 1319/3947/3947 1320/3948/3948 1318/3946/3946
f 1319/3949/3949 1313/3951/3951 1314/3952/3952 1320/3950/3950
g object_166
v 19.747749328613281 8 -47.986198425292969
v 19.747749328613281 11 -47.986198425292969
v 25.997749328613281 8 -47.986198425292969
v 25.997749328613281 11 -47.986198425292969
v 25.997749328613281 8 -51.986198425292969
v 25.997749328613281 11 -51.986198425292969
v 19.747749328613281 8 -51.986198425292969
v 19.747749328613281 11 -51.986198425292969
vt 0 0
vt 0 0.63636320829391479
vt 0.10000000149011612 0
vt 0.10000000149011612 0.63636320829391479
vt 0.10000000149011612 0
vt 0.10000000149011612 0.63636320829391479
vt 0.5 0
vt 0.5 0.63636320829391479
vt 0.5 0
vt 0.5 0.63636320829391479
vt 0.60000002384185791 0
vt 0.60000002384185791 0.63636320829391479
vt 0.60000002384185791 0
vt 0.60000002384185791 0.63636320829391479
vt 1 0
vt 1 0.63636320829391479
vt 0 1
vt 0.30487805604934692 1
vt 0.30487805604934692 0.63636386394500732
vt 0 0.63636386394500732
vt 0.69512194395065308 0.63636386394500732
vt 1 0.63636386394500732
vt 1 1
vt 0.69512194395065308 1
vn 0 0 1
vn 0 0 1
vn 0 0 1
vn 0 0 1
vn 1 0 0
vn 1 0 0
vn 1 0 0
vn 1 0 0
vn 0 0 -1
vn 0 0 -1
vn 0 0 -1
vn 0 0 -1
vn -1 0 0
vn -1 0 0
vn -1 0 0
vn -1 0 0
vn 0 -1 0
vn 0 -1 0
vn 0 -1 0
vn 0 -1 0
vn 0 1 0
vn 0 1 0
vn 0 1 0
vn 0 1 0
f 1323/3978/3978 1321/3977/3977 1327/3980/3980 1325/3979/3979
f 1328/3984/3984 1322/3981/3981 1324/3982/3982 1326/3983/3983
f 1321/3961/3961 1323/3963/3963 1324/3964/3964 1322/3962/3962
f 1323/3965/3965 1325/3967/3967 1326/3968/3968 1324/3966/3966
f 1325/3969/3969 1327/3971/3971 1328/3972/3972 1326/3970/3970
f 1327/3973/3973 1321/3975/3975 1322/3976/3976 1328/3974/3974
g object_167
v 19.747749328613281 5 -47.986198425292969
v 19.747749328613281 8 -47.986198425292969
v 25.997749328613281 5 -47.986198425292969
v 25.997749328613281 8 -47.986198425292969
v 25.997749328613281 5 -51.986198425292969
v 25.997749328613281 8 -51.986198425292969
v 19.747749328613281 5 -51.986198425292969
v 19.747749328613281 8 -51.986198425292969
vt 0 0
vt 0 0.63636320829391479
vt 0.10000000149011612 0
vt 0.10000000149011612 0.63636320829391479
vt 0.10000000149011612 0
vt 0.10000000149011612 0.63636320829391479
vt 0.5 0
vt 0.5 0.63636320829391479
vt 0.5 0
vt 0.5 0.63636320829391479
vt 0.60000002384185791 0
vt 0.60000002384185791 0.63636320829391479
vt 0.60000002384185791 0
vt 0.60000002384185791 0.63636320829391479
vt 1 0
vt 1 0.63636320829391479
vt 0 1
vt 0.30487805604934692 1
vt 0.30487805604934692 0.63636386394500732
vt 0 0.63636386394500732
vt 0.69512194395065308 0.63636386394500732
vt 1 0.63636386394500732
vt 1 1
vt 0.69512194395065308 1
vn 0 0 1
vn 0 0 1
vn 0 0 1
vn 0 0 1
vn 1 0 0
vn 1 0 0
vn 1 0 0
vn 1 0 0
vn 0 0 -1
vn 0 0 -1
vn 0 0 -1
vn 0 0 -1
vn -1 0 0
vn -1 0 0
vn -1 0 0
vn -1 0 0
vn 0 -1 0
vn 0 -1 0
vn 0 -1 0
vn 0 -1 0
vn 0 1 0
vn 0 1 0
vn 0 1 0
vn 0 1 0
f 1331/4002/4002 1329/4001/4001 1335/4004/4004 1333/4003/4003
f 1336/4008/4008 1330/4005/4005 1332/4006/4006 1334/4007/4007
f 1329/3985/3985 1331/3987/3987 1332/3988/3988 1330/3986/3986
f 1331/3989/3989 1333/3991/3991 1334/3992/3992 1332/3990/3990
f 1333/3993/3993 1335/3995/3995 1336/3996/3996 1334/3994/3994
f 1335/3997/3997 1329/3999/3999 1330/4000/4000 1336/3998/3998
g object_168
v 19.747749328613281 26 -43.986198425292969
v 19.747749328613281 29 -43.986198425292969
v 25.997749328613281 26 -43.986198425292969
v 25.997749328613281 29 -43.986198425292969
v 25.997749328613281 26 -47.986198425292969
v 25.997749328613281 29 -47.986198425292969
v 19.747749328613281 26 -47.986198425292969
v 19.747749328613281 29 -47.986198425292969
vt 0 0
vt 0 0.63636320829391479
vt 0.10000000149011612 0
vt 0.10000000149011612 0.63636320829391479
vt 0.10000000149011612 0
vt 0.10000000149011612 0.63636320829391479
vt 0.5 0
vt 0.5 0.63636320829391479
vt 0.5 0
vt 0.5 0.63636320829391479
vt 0.60000002384185791 0
vt 0.60000002384185791 0.63636320829391479
vt 0.60000002384185791 0
vt 0.60000002384185791 0.63636320829391479
vt 1 0
vt 1 0.63636320829391479
vt 0 1
vt 0.30487805604934692 1
vt 0.30487805604934692 0.63636386394500732
vt 0 0.63636386394500732
vt 0.69512194395065308 0.63636386394500732
vt 1 0.63636386394500732
vt 1 1
vt 0.69512194395065308 1
vn 0 0 1
vn 0 0 1
vn 0 0 1
vn 0 0 1
vn 1 0 0
vn 1 0 0
vn 1 0 0
vn 1 0 0
vn 0 0 -1
vn 0 0 -1
vn 0 0 -1
vn 0 0 -1
vn -1 0 0
vn -1 0 0
vn -1 0 0
vn -1 0 0
vn 0 -1 0
vn 0 -1 0
vn 0 -1 0
vn 0 -1 0
vn 0 1 0
vn 0 1 0
vn 0 1 0
vn 0 1 0
f 1339/4026/4026 1337/4025/4025 1343/4028/4028 1341/4027/4027
f 1344/4032/4032 1338/4029/4029 1340/4030/4030 1342/4031/4031
f 1337/4009/4009 1339/4011/4011 1340/4012/4012 1338/4010/4010
f 1339/4013/4013 1341/4015/4015 1342/4016/4016 1340/4014/4014
f 1341/4017/4017 1343/4019/4019 1344/4020/4020 1342/4018/4018
f 1343/4021/4021 1337/4023/4023 1338/4024/4024 1344/4022/4022
g object_169
v 19.747749328613281 23 -43.986198425292969
v 19.747749328613281 26 -43.986198425292969
v 25.997749328613281 23 -43.986198425292969
v 25.997749328613281 26 -43.986198425292969
v 25.997749328613281 23 -47.986198425292969
v 25.997749328613281 26 -47.986198425292969
v 19.747749328613281 23 -47.986198425292969
v 19.747749328613281 26 -47.986198425292969
vt 0 0
vt 0 0.63636320829391479
vt 0.10000000149011612 0
vt 0.10000000149011612 0.63636320829391479
vt 0.10000000149011612 0
vt 0.10000000149011612 0.63636320829391479
vt 0.5 0
vt 0.5 0.63636320829391479
vt 0.5 0
vt 0.5 0.63636320829391479
vt 0.60000002384185791 0
vt 0.60000002384185791 0.63636320829391479
vt 0.60000002384185791 0
vt 0.60000002384185791 0.63636320829391479
vt 1 0
vt 1 0.63636320829391479
vt 0 1
vt 0.30487805604934692 1
vt 0.30487805604934692 0.63636386394500732
vt 0 0.63636386394500732
vt 0.69512194395065308 0.63636386394500732
vt 1 0.63636386394500732
vt 1 1
vt 0.69512194395065308 1
vn 0 0 1
vn 0 0 1
vn 0 0 1
vn 0 0 1
vn 1 0 0
vn 1 0 0
vn 1 0 0
vn 1 0 0
vn 0 0 -1
vn 0 0 -1
vn 0 0 -1
vn 0 0 -1
vn -1 0 0
vn -1 0 0
vn -1 0 0
vn -1 0 0
vn 0 -1 0
vn 0 -1 0
vn 0 -1 0
vn 0 -1 0
vn 0 1 0
vn 0 1 0
vn 0 1 0
vn 0 1 0
f 1347/4050/4050 1345/4049/4049 1351/4052/4052 1349/4051/4051
f 1352/4056/4056 1346/4053/4053 1348/4054/4054 1350/4055/4055
f 1345/4033/4033 1347/4035/4035 1348/4036/4036 1346/4034/4034
f 1347/4037/4037 1349/4039/4039 1350/4040/4040 1348/4038/4038
f 1349/4041/4041 1351/4043/4043 1352/4044/4044 1350/4042/4042
f 1351/4045/4045 1345/4047/4047 1346/4048/4048 1352/4046/4046
g object_170
v 19.747749328613281 20 -43.986198425292969
v 19.747749328613281 23 -43.986198425292969
v 25.997749328613281 20 -43.986198425292969
v 25.997749328613281 23 -43.986198425292969
v 25.997749328613281 20 -47.986198425292969
v 25.997749328613281 23 -47.986198425292969
v 19.747749328613281 20 -47.986198425292969
v 19.747749328613281 23 -47.986198425292969
vt 0 0
vt 0 0.63636320829391479
vt 0.10000000149011612 0
vt 0.10000000149011612 0.63636320829391479
vt 0.10000000149011612 0
vt 0.10000000149011612 0.63636320829391479
vt 0.5 0
vt 0.5 0.63636320829391479
vt 0.5 0
vt 0.5 0.63636320829391479
vt 0.60000002384185791 0
vt 0.60000002384185791 0.63636320829391479
vt 0.60000002384185791 0
vt 0.60000002384185791 0.63636320829391479
vt 1 0
vt 1 0.63636320829391479
vt 0 1
vt 0.30487805604934692 1
vt 0.30487805604934692 0.63636386394500732
vt 0 0.63636386394500732
vt 0.69512194395065308 0.63636386394500732
vt 1 0.63636386394500732
vt 1 1
vt 0.69512194395065308 1
vn 0 0 1
vn 0 0 1
vn 0 0 1
vn 0 0 1
vn 1 0 0
vn 1 0 0
vn 1 0 0
vn 1 0 0
vn 0 0 -1
vn 0 0 -1
vn 0 0 -1
vn 0 0 -1
vn -1 0 0
vn -1 0 0
vn -1 0 0
vn -1 0 0
vn 0 -1 0
vn 0 -1 0
vn 0 -1 0
vn 0 -1 0
vn 0 1 0
vn 0 1 0
vn 0 1 0
vn 0 1 0
f 1355/4074/4074 1353/4073/4073 1359/4076/4076 1357/4075/4075
f 1360/4080/4080 1354/4077/4077 1356/4078/4078 1358/4079/4079
f 1353/4057/4057 1355/4059/4059 1356/4060/4060 1354/4058/4058
f 1355/4061/4061 1357/4063/4063 1358/4064/4064 1356/4062/4062
f 1357/4065/4065 1359/4067/4067 1360/4068/4068 1358/4066/4066
f 1359/4069/4069 1353/4071/4071 1354/4072/4072 1360/4070/4070
g object_171
v 19.747749328613281 17 -43.986198425292969
v 19.747749328613281 20 -43.986198425292969
v 25.997749328613281 17 -43.986198425292969
v 25.997749328613281 20 -43.986198425292969
v 25.997749328613281 17 -47.986198425292969
v 25.997749328613281 20 -47.986198425292969
v 19.747749328613281 17 -47.986198425292969
v 19.747749328613281 20 -47.986198425292969
vt 0 0
vt 0 0.63636320829391479
vt 0.10000000149011612 0
vt 0.10000000149011612 0.63636320829391479
vt 0.10000000149011612 0
vt 0.10000000149011612 0.63636320829391479
vt 0.5 0
vt 0.5 0.63636320829391479
vt 0.5 0
vt 0.5 0.63636320829391479
vt 0.60000002384185791 0
vt 0.60000002384185791 0.63636320829391479
vt 0.60000002384185791 0
vt 0.60000002384185791 0.63636320829391479
vt 1 0
vt 1 0.63636320829391479
vt 0 1
vt 0.30487805604934692 1
vt 0.30487805604934692 0.63636386394500732
vt 0 0.63636386394500732
vt 0.69512194395065308 0.63636386394500732
vt 1 0.63636386394500732
vt 1 1
vt 0.69512194395065308 1
vn 0 0 1
vn 0 0 1
vn 0 0 1
vn 0 0 1
vn 1 0 0
vn 1 0 0
vn 1 0 0
vn 1 0 0
vn 0 0 -1
vn 0 0 -1
vn 0 0 -1
vn 0 0 -1
vn -1 0 0
vn -1 0 0
vn -1 0 0
vn -1 0 0
vn 0 -1 0
vn 0 -1 0
vn 0 -1 0
vn 0 -1 0
vn 0 1 0
vn 0 1 0
vn 0 1 0
vn 0 1 0
f 1363/4098/4098 1361/4097/4097 1367/4100/4100 1365/4099/4099
f 1368/4104/4104 1362/4101/4101 1364/4102/4102 1366/4103/4103
f 1361/4081/4081 1363/4083/4083 1364/4084/4084 1362/4082/4082
f 1363/4085/4085 1365/4087/4087 1366/4088/4088 1364/4086/4086
f 1365/4089/4089 1367/4091/4091 1368/4092/4092 1366/4090/4090
f 1367/4093/4093 1361/4095/4095 1362/4096/4096 1368/4094/4094
g object_172
v 19.747749328613281 14 -43.986198425292969
v 19.747749328613281 17 -43.986198425292969
v 25.997749328613281 14 -43.986198425292969
v 25.997749328613281 17 -43.986198425292969
v 25.997749328613281 14 -47.986198425292969
v 25.997749328613281 17 -47.986198425292969
v 19.747749328613281 14 -47.986198425292969
v 19.747749328613281 17 -47.986198425292969
vt 0 0
vt 0 0.63636320829391479
vt 0.10000000149011612 0
vt 0.10000000149011612 0.63636320829391479
vt 0.10000000149011612 0
vt 0.10000000149011612 0.63636320829391479
vt 0.5 0
vt 0.5 0.63636320829391479
vt 0.5 0
vt 0.5 0.63636320829391479
vt 0.60000002384185791 0
vt 0.60000002384185791 0.63636320829391479
vt 0.60000002384185791 0
vt 0.60000002384185791 0.63636320829391479
vt 1 0
vt 1 0.63636320829391479
vt 0 1
vt 0.30487805604934692 1
vt 0.30487805604934692 0.63636386394500732
vt 0 0.63636386394500732
vt 0.69512194395065308 0.63636386394500732
vt 1 0.63636386394500732
vt 1 1
vt 0.69512194395065308 1
vn 0 0 1
vn 0 0 1
vn 0 0 1
vn 0 0 1
vn 1 0 0
vn 1 0 0
vn 1 0 0
vn 1 0 0
vn 0 0 -1
vn 0 0 -1
vn 0 0 -1
vn 0 0 -1
vn -1 0 0
vn -1 0 0
vn -1 0 0
vn -1 0 0
vn 0 -1 0
vn 0 -1 0
vn 0 -1 0
vn 0 -1 0
vn 0 1 0
vn 0 1 0
vn 0 1 0
vn 0 1 0
f 1371/4122/4122 1369/4121/4121 1375/4124/4124 1373/4123/4123
f 1376/4128/4128 1370/4125/4125 1372/4126/4126 1374/4127/4127
f 1369/4105/4105 1371/4107/4107 1372/4108/4108 1370/4106/4106
f 1371/4109/4109 1373/4111/4111 1374/4112/4112 1372/4110/4110
f 1373/4113/4113 1375/4115/4115 1376/4116/4116 1374/4114/4114
f 1375/4117/4117 1369/4119/4119 1370/4120/4120 1376/4118/4118
g object_173
v 19.747749328613281 11 -43.986198425292969
v 19.747749328613281 14 -43.986198425292969
v 25.997749328613281 11 -43.986198425292969
v 25.997749328613281 14 -43.986198425292969
v 25.997749328613281 11 -47.986198425292969
v 25.997749328613281 14 -47.986198425292969
v 19.747749328613281 11 -47.986198425292969
v 19.747749328613281 14 -47.986198425292969
vt 0 0
vt 0 0.63636320829391479
vt 0.10000000149011612 0
vt 0.10000000149011612 0.63636320829391479
vt 0.10000000149011612 0
vt 0.10000000149011612 0.63636320829391479
vt 0.5 0
vt 0.5 0.63636320829391479
vt 0.5 0
vt 0.5 0.63636320829391479
vt 0.60000002384185791 0
vt 0.60000002384185791 0.63636320829391479
vt 0.60000002384185791 0
vt 0.60000002384185791 0.63636320829391479
vt 1 0
vt 1 0.63636320829391479
vt 0 1
vt 0.30487805604934692 1
vt 0.30487805604934692 0.63636386394500732
vt 0 0.63636386394500732
vt 0.69512194395065308 0.63636386394500732
vt 1 0.63636386394500732
vt 1 1
vt 0.69512194395065308 1
vn 0 0 1
vn 0 0 1
vn 0 0 1
vn 0 0 1
vn 1 0 0
vn 1 0 0
vn 1 0 0
vn 1 0 0
vn 0 0 -1
vn 0 0 -1
vn 0 0 -1
vn 0 0 -1
vn -1 0 0
vn -1 0 0
vn -1 0 0
vn -1 0 0
vn 0 -1 0
vn 0 -1 0
vn 0 -1 0
vn 0 -1 0
vn 0 1 0
vn 0 1 0
vn 0 1 0
vn 0 1 0
f 1379/4146/4146 1377/4145/4145 1383/4148/4148 1381/4147/4147
f 1384/4152/4152 1378/4149/4149 1380/4150/4150 1382/4151/4151
f 1377/4129/4129 1379/4131/4131 1380/4132/4132 1378/4130/4130
f 1379/4133/4133 1381/4135/4135 1382/4136/4136 1380/4134/4134
f 1381/4137/4137 1383/4139/4139 1384/4140/4140 1382/4138/4138
f 1383/4141/4141 1377/4143/4143 1378/4144/4144 1384/4142/4142
g object_174
v 19.747749328613281 8 -43.986198425292969
v 19.747749328613281 11 -43.986198425292969
v 25.997749328613281 8 -43.986198425292969
v 25.997749328613281 11 -43.986198425292969
v 25.997749328613281 8 -47.986198425292969
v 25.997749328613281 11 -47.986198425292969
v 19.747749328613281 8 -47.986198425292969
v 19.747749328613281 11 -47.986198425292969
vt 0 0
vt 0 0.63636320829391479
vt 0.10000000149011612 0
vt 0.10000000149011612 0.63636320829391479
vt 0.10000000149011612 0
vt 0.10000000149011612 0.63636320829391479
vt 0.5 0
vt 0.5 0.63636320829391479
vt 0.5 0
vt 0.5 0.63636320829391479
vt 0.60000002384185791 0
vt 0.60000002384185791 0.63636320829391479
vt 0.60000002384185791 0
vt 0.60000002384185791 0.63636320829391479
vt 1 0
vt 1 0.63636320829391479
vt 0 1
vt 0.30487805604934692 1
vt 0.30487805604934692 0.63636386394500732
vt 0 0.63636386394500732
vt 0.69512194395065308 0.63636386394500732
vt 1 0.63636386394500732
vt 1 1
vt 0.69512194395065308 1
vn 0 0 1
vn 0 0 1
vn 0 0 1
vn 0 0 1
vn 1 0 0
vn 1 0 0
vn 1 0 0
vn 1 0 0
vn 0 0 -1
vn 0 0 -1
vn 0 0 -1
vn 0 0 -1
vn -1 0 0
vn -1 0 0
vn -1 0 0
vn -1 0 0
vn 0 -1 0
vn 0 -1 0
vn 0 -1 0
vn 0 -1 0
vn 0 1 0
vn 0 1 0
vn 0 1 0
vn 0 1 0
f 1387/4170/4170 1385/4169/4169 1391/4172/4172 1389/4171/4171
f 1392/4176/4176 1386/4173/4173 1388/4174/4174 1390/4175/4175
f 1385/4153/4153 1387/4155/4155 1388/4156/4156 1386/4154/4154
f 1387/4157/4157 1389/4159/4159 1390/4160/4160 1388/4158/4158
f 1389/4161/4161 1391/4163/4163 1392/4164/4164 1390/4162/4162
f 1391/4165/4165 1385/4167/4167 1386/4168/4168 1392/4166/4166
g object_175
v 19.747749328613281 5 -43.986198425292969
v 19.747749328613281 8 -43.986198425292969
v 25.997749328613281 5 -43.986198425292969
v 25.997749328613281 8 -43.986198425292969
v 25.997749328613281 5 -47.986198425292969
v 25.997749328613281 8 -47.986198425292969
v 19.747749328613281 5 -47.986198425292969
v 19.747749328613281 8 -47.986198425292969
vt 0 0
vt 0 0.63636320829391479
vt 0.10000000149011612 0
vt 0.10000000149011612 0.63636320829391479
vt 0.10000000149011612 0
vt 0.10000000149011612 0.63636320829391479
vt 0.5 0
vt 0.5 0.63636320829391479
vt 0.5 0
vt 0.5 0.63636320829391479
vt 0.60000002384185791 0
vt 0.60000002384185791 0.63636320829391479
vt 0.60000002384185791 0
vt 0.60000002384185791 0.63636320829391479
vt 1 0
vt 1 0.63636320829391479
vt 0 1
vt 0.30487805604934692 1
vt 0.30487805604934692 0.63636386394500732
vt 0 0.63636386394500732
vt 0.69512194395065308 0.63636386394500732
vt 1 0.63636386394500732
vt 1 1
vt 0.69512194395065308 1
vn 0 0 1
vn 0 0 1
vn 0 0 1
vn 0 0 1
vn 1 0 0
vn 1 0 0
vn 1 0 0
vn 1 0 0
vn 0 0 -1
vn 0 0 -1
vn 0 0 -1
vn 0 0 -1
vn -1 0 0
vn -1 0 0
vn -1 0 0
vn -1 0 0
vn 0 -1 0
vn 0 -1 0
vn 0 -1 0
vn 0 -1 0
vn 0 1 0
vn 0 1 0
vn 0 1 0
vn 0 1 0
f 1395/4194/4194 1393/4193/4193 1399/4196/4196 1397/4195/4195
f 1400/4200/4200 1394/4197/4197 1396/4198/4198 1398/4199/4199
f 1393/4177/4177 1395/4179/4179 1396/4180/4180 1394/4178/4178
f 1395/4181/4181 1397/4183/4183 1398/4184/4184 1396/4182/4182
f 1397/4185/4185 1399/4187/4187 1400/4188/4188 1398/4186/4186
f 1399/4189/4189 1393/4191/4191 1394/4192/4192 1400/4190/4190
g object_176
v 19.747749328613281 23 -39.986198425292969
v 19.747749328613281 26 -39.986198425292969
v 25.997749328613281 23 -39.986198425292969
v 25.997749328613281 26 -39.986198425292969
v 25.997749328613281 23 -43.986198425292969
v 25.997749328613281 26 -43.986198425292969
v 19.747749328613281 23 -43.986198425292969
v 19.747749328613281 26 -43.986198425292969
vt 0 0
vt 0 0.63636320829391479
vt 0.10000000149011612 0
vt 0.10000000149011612 0.63636320829391479
vt 0.10000000149011612 0
vt 0.10000000149011612 0.63636320829391479
vt 0.5 0
vt 0.5 0.63636320829391479
vt 0.5 0
vt 0.5 0.63636320829391479
vt 0.60000002384185791 0
vt 0.60000002384185791 0.63636320829391479
vt 0.60000002384185791 0
vt 0.60000002384185791 0.63636320829391479
vt 1 0
vt 1 0.63636320829391479
vt 0 1
vt 0.30487805604934692 1
vt 0.30487805604934692 0.63636386394500732
vt 0 0.63636386394500732
vt 0.69512194395065308 0.63636386394500732
vt 1 0.63636386394500732
vt 1 1
vt 0.69512194395065308 1
vn 0 0 1
vn 0 0 1
vn 0 0 1
vn 0 0 1
vn 1 0 0
vn 1 0 0
vn 1 0 0
vn 1 0 0
vn 0 0 -1
vn 0 0 -1
vn 0 0 -1
vn 0 0 -1
vn -1 0 0
vn -1 0 0
vn -1 0 0
vn -1 0 0
vn 0 -1 0
vn 0 -1 0
vn 0 -1 0
vn 0 -1 0
vn 0 1 0
vn 0 1 0
vn 0 1 0
vn 0 1 0
f 1403/4218/4218 1401/4217/4217 1407/4220/4220 1405/4219/4219
f 1408/4224/4224 1402/4221/4221 1404/4222/4222 1406/4223/4223
f 1401/4201/4201 1403/4203/4203 1404/4204/4204 1402/4202/4202
f 1403/4205/4205 1405/4207/4207 1406/4208/4208 1404/4206/4206
f 1405/4209/4209 1407/4211/4211 1408/4212/4212 1406/4210/4210
f 1407/4213/4213 1401/4215/4215 1402/4216/4216 1408/4214/4214
g object_177
v 19.747749328613281 20 -39.986198425292969
v 19.747749328613281 23 -39.986198425292969
v 25.997749328613281 20 -39.986198425292969
v 25.997749328613281 23 -39.986198425292969
v 25.997749328613281 20 -43.986198425292969
v 25.997749328613281 23 -43.986198425292969
v 19.747749328613281 20 -43.986198425292969
v 19.747749328613281 23 -43.986198425292969
vt 0 0
vt 0 0.63636320829391479
vt 0.10000000149011612 0
vt 0.10000000149011612 0.63636320829391479
vt 0.10000000149011612 0
vt 0.10000000149011612 0.63636320829391479
vt 0.5 0
vt 0.5 0.63636320829391479
vt 0.5 0
vt 0.5 0.63636320829391479
vt 0.60000002384185791 0
vt 0.60000002384185791 0.63636320829391479
vt 0.60000002384185791 0
vt 0.60000002384185791 0.63636320829391479
vt 1 0
vt 1 0.63636320829391479
vt 0 1
vt 0.30487805604934692 1
vt 0.30487805604934692 0.63636386394500732
vt 0 0.63636386394500732
vt 0.69512194395065308 0.63636386394500732
vt 1 0.63636386394500732
vt 1 1
vt 0.69512194395065308 1
vn 0 0 1
vn 0 0 1
vn 0 0 1
vn 0 0 1
vn 1 0 0
vn 1 0 0
vn 1 0 0
vn 1 0 0
vn 0 0 -1
vn 0 0 -1
vn 0 0 -1
vn 0 0 -1
vn -1 0 0
vn -1 0 0
vn -1 0 0
vn -1 0 0
vn 0 -1 0
vn 0 -1 0
vn 0 -1 0
vn 0 -1 0
vn 0 1 0
vn 0 1 0
vn 0 1 0
vn 0 1 0
f 1411/4242/4242 1409/4241/4241 1415/4244/4244 1413/4243/4243
f 1416/4248/4248 1410/4245/4245 1412/4246/4246 1414/4247/4247
f 1409/4225/4225 1411/4227/4227 1412/4228/4228 1410/4226/4226
f 1411/4229/4229 1413/4231/4231 1414/4232/4232 1412/4230/4230
f 1413/4233/4233 1415/4235/4235 1416/4236/4236 1414/4234/4234
f 1415/4237/4237 1409/4239/4239 1410/4240/4240 1416/4238/4238
g object_178
v 19.747749328613281 17 -39.986198425292969
v 19.747749328613281 20 -39.986198425292969
v 25.997749328613281 17 -39.986198425292969
v 25.997749328613281 20 -39.986198425292969
v 25.997749328613281 17 -43.986198425292969
v 25.997749328613281 20 -43.986198425292969
v 19.747749328613281 17 -43.986198425292969
v 19.747749328613281 20 -43.986198425292969
vt 0 0
vt 0 0.63636320829391479
vt 0.10000000149011612 0
vt 0.10000000149011612 0.63636320829391479
vt 0.10000000149011612 0
vt 0.10000000149011612 0.63636320829391479
vt 0.5 0
vt 0.5 0.63636320829391479
vt 0.5 0
vt 0.5 0.63636320829391479
vt 0.60000002384185791 0
vt 0.60000002384185791 0.63636320829391479
vt 0.60000002384185791 0
vt 0.60000002384185791 0.63636320829391479
vt 1 0
vt 1 0.63636320829391479
vt 0 1
vt 0.30487805604934692 1
vt 0.30487805604934692 0.63636386394500732
vt 0 0.63636386394500732
vt 0.69512194395065308 0.63636386394500732
vt 1 0.63636386394500732
vt 1 1
vt 0.69512194395065308 1
vn 0 0 1
vn 0 0 1
vn 0 0 1
vn 0 0 1
vn 1 0 0
vn 1 0 0
vn 1 0 0
vn 1 0 0
vn 0 0 -1
vn 0 0 -1
vn 0 0 -1
vn 0 0 -1
vn -1 0 0
vn -1 0 0
vn -1 0 0
vn -1 0 0
vn 0 -1 0
vn 0 -1 0
vn 0 -1 0
vn 0 -1 0
vn 0 1 0
vn 0 1 0
vn 0 1 0
vn 0 1 0
f 1419/4266/4266 1417/4265/4265 1423/4268/4268 1421/4267/4267
f 1424/4272/4272 1418/4269/4269 1420/4270/4270 1422/4271/4271
f 1417/4249/4249 1419/4251/4251 1420/4252/4252 1418/4250/4250
f 1419/4253/4253 1421/4255/4255 1422/4256/4256 1420/4254/4254
f 1421/4257/4257 1423/4259/4259 1424/4260/4260 1422/4258/4258
f 1423/4261/4261 1417/4263/4263 1418/4264/4264 1424/4262/4262
g object_179
v 19.747749328613281 14 -39.986198425292969
v 19.747749328613281 17 -39.986198425292969
v 25.997749328613281 14 -39.986198425292969
v 25.997749328613281 17 -39.986198425292969
v 25.997749328613281 14 -43.986198425292969
v 25.997749328613281 17 -43.986198425292969
v 19.747749328613281 14 -43.986198425292969
v 19.747749328613281 17 -43.986198425292969
vt 0 0
vt 0 0.63636320829391479
vt 0.10000000149011612 0
vt 0.10000000149011612 0.63636320829391479
vt 0.10000000149011612 0
vt 0.10000000149011612 0.63636320829391479
vt 0.5 0
vt 0.5 0.63636320829391479
vt 0.5 0
vt 0.5 0.63636320829391479
vt 0.60000002384185791 0
vt 0.60000002384185791 0.63636320829391479
vt 0.60000002384185791 0
vt 0.60000002384185791 0.63636320829391479
vt 1 0
vt 1 0.63636320829391479
vt 0 1
vt 0.30487805604934692 1
vt 0.30487805604934692 0.63636386394500732
vt 0 0.63636386394500732
vt 0.69512194395065308 0.63636386394500732
vt 1 0.63636386394500732
vt 1 1
vt 0.69512194395065308 1
vn 0 0 1
vn 0 0 1
vn 0 0 1
vn 0 0 1
vn 1 0 0
vn 1 0 0
vn 1 0 0
vn 1 0 0
vn 0 0 -1
vn 0 0 -1
vn 0 0 -1
vn 0 0 -1
vn -1 0 0
vn -1 0 0
vn -1 0 0
vn -1 0 0
vn 0 -1 0
vn 0 -1 0
vn 0 -1 0
vn 0 -1 0
vn 0 1 0
vn 0 1 0
vn 0 1 0
vn 0 1 0
f 1427/4290/4290 1425/4289/4289 1431/4292/4292 1429/4291/4291
f 1432/4296/4296 1426/4293/4293 1428/4294/4294 1430/4295/4295
f 1425/4273/4273 1427/4275/4275 1428/4276/4276 1426/4274/4274
f 1427/4277/4277 1429/4279/4279 1430/4280/4280 1428/4278/4278
f 1429/4281/4281 1431/4283/4283 1432/4284/4284 1430/4282/4282
f 1431/4285/4285 1425/4287/4287 1426/4288/4288 1432/4286/4286
g object_180
v 19.747749328613281 11 -39.986198425292969
v 19.747749328613281 14 -39.986198425292969
v 25.997749328613281 11 -39.986198425292969
v 25.997749328613281 14 -39.986198425292969
v 25.997749328613281 11 -43.986198425292969
v 25.997749328613281 14 -43.986198425292969
v 19.747749328613281 11 -43.986198425292969
v 19.747749328613281 14 -43.986198425292969
vt 0 0
vt 0 0.63636320829391479
vt 0.10000000149011612 0
vt 0.10000000149011612 0.63636320829391479
vt 0.10000000149011612 0
vt 0.10000000149011612 0.63636320829391479
vt 0.5 0
vt 0.5 0.63636320829391479
vt 0.5 0
vt 0.5 0.63636320829391479
vt 0.60000002384185791 0
vt 0.60000002384185791 0.63636320829391479
vt 0.60000002384185791 0
vt 0.60000002384185791 0.63636320829391479
vt 1 0
vt 1 0.63636320829391479
vt 0 1
vt 0.30487805604934692 1
vt 0.30487805604934692 0.63636386394500732
vt 0 0.63636386394500732
vt 0.69512194395065308 0.63636386394500732
vt 1 0.63636386394500732
vt 1 1
vt 0.69512194395065308 1
vn 0 0 1
vn 0 0 1
vn 0 0 1
vn 0 0 1
vn 1 0 0
vn 1 0 0
vn 1 0 0
vn 1 0 0
vn 0 0 -1
vn 0 0 -1
vn 0 0 -1
vn 0 0 -1
vn -1 0 0
vn -1 0 0
vn -1 0 0
vn -1 0 0
vn 0 -1 0
vn 0 -1 0
vn 0 -1 0
vn 0 -1 0
vn 0 1 0
vn 0 1 0
vn 0 1 0
vn 0 1 0
f 1435/4314/4314 1433/4313/4313 1439/4316/4316 1437/4315/4315
f 1440/4320/4320 1434/4317/4317 1436/4318/4318 1438/4319/4319
f 1433/4297/4297 1435/4299/4299 1436/4300/4300 1434/4298/4298
f 1435/4301/4301 1437/4303/4303 1438/4304/4304 1436/4302/4302
f 1437/4305/4305 1439/4307/4307 1440/4308/4308 1438/4306/4306
f 1439/4309/4309 1433/4311/4311 1434/4312/4312 1440/4310/4310
g object_181
v 19.747749328613281 8 -39.986198425292969
v 19.747749328613281 11 -39.986198425292969
v 25.997749328613281 8 -39.986198425292969
v 25.997749328613281 11 -39.986198425292969
v 25.997749328613281 8 -43.986198425292969
v 25.997749328613281 11 -43.986198425292969
v 19.747749328613281 8 -43.986198425292969
v 19.747749328613281 11 -43.986198425292969
vt 0 0
vt 0 0.63636320829391479
vt 0.10000000149011612 0
vt 0.10000000149011612 0.63636320829391479
vt 0.10000000149011612 0
vt 0.10000000149011612 0.63636320829391479
vt 0.5 0
vt 0.5 0.63636320829391479
vt 0.5 0
vt 0.5 0.63636320829391479
vt 0.60000002384185791 0
vt 0.60000002384185791 0.63636320829391479
vt 0.60000002384185791 0
vt 0.60000002384185791 0.63636320829391479
vt 1 0
vt 1 0.63636320829391479
vt 0 1
vt 0.30487805604934692 1
vt 0.30487805604934692 0.63636386394500732
vt 0 0.63636386394500732
vt 0.69512194395065308 0.63636386394500732
vt 1 0.63636386394500732
vt 1 1
vt 0.69512194395065308 1
vn 0 0 1
vn 0 0 1
vn 0 0 1
vn 0 0 1
vn 1 0 0
vn 1 0 0
vn 1 0 0
vn 1 0 0
vn 0 0 -1
vn 0 0 -1
vn 0 0 -1
vn 0 0 -1
vn -1 0 0
vn -1 0 0
vn -1 0 0
vn -1 0 0
vn 0 -1 0
vn 0 -1 0
vn 0 -1 0
vn 0 -1 0
vn 0 1 0
vn 0 1 0
vn 0 1 0
vn 0 1 0
f 1443/4338/4338 1441/4337/4337 1447/4340/4340 1445/4339/4339
f 1448/4344/4344 1442/4341/4341 1444/4342/4342 1446/4343/4343
f 1441/4321/4321 1443/4323/4323 1444/4324/4324 1442/4322/4322
f 1443/4325/4325 1445/4327/4327 1446/4328/4328 1444/4326/4326
f 1445/4329/4329 1447/4331/4331 1448/4332/4332 1446/4330/4330
f 1447/4333/4333 1441/4335/4335 1442/4336/4336 1448/4334/4334
g object_182
v 19.747749328613281 5 -39.986198425292969
v 19.747749328613281 8 -39.986198425292969
v 25.997749328613281 5 -39.986198425292969
v 25.997749328613281 8 -39.986198425292969
v 25.997749328613281 5 -43.986198425292969
v 25.997749328613281 8 -43.986198425292969
v 19.747749328613281 5 -43.986198425292969
v 19.747749328613281 8 -43.986198425292969
vt 0 0
vt 0 0.63636320829391479
vt 0.10000000149011612 0
vt 0.10000000149011612 0.63636320829391479
vt 0.10000000149011612 0
vt 0.10000000149011612 0.63636320829391479
vt 0.5 0
vt 0.5 0.63636320829391479
vt 0.5 0
vt 0.5 0.63636320829391479
vt 0.60000002384185791 0
vt 0.60000002384185791 0.63636320829391479
vt 0.60000002384185791 0
vt 0.60000002384185791 0.63636320829391479
vt 1 0
vt 1 0.63636320829391479
vt 0 1
vt 0.30487805604934692 1
vt 0.30487805604934692 0.63636386394500732
vt 0 0.63636386394500732
vt 0.69512194395065308 0.63636386394500732
vt 1 0.63636386394500732
vt 1 1
vt 0.69512194395065308 1
vn 0 0 1
vn 0 0 1
vn 0 0 1
vn 0 0 1
vn 1 0 0
vn 1 0 0
vn 1 0 0
vn 1 0 0
vn 0 0 -1
vn 0 0 -1
vn 0 0 -1
vn 0 0 -1
vn -1 0 0
vn -1 0 0
vn -1 0 0
vn -1 0 0
vn 0 -1 0
vn 0 -1 0
vn 0 -1 0
vn 0 -1 0
vn 0 1 0
vn 0 1 0
vn 0 1 0
vn 0 1 0
f 1451/4362/4362 1449/4361/4361 1455/4364/4364 1453/4363/4363
f 1456/4368/4368 1450/4365/4365 1452/4366/4366 1454/4367/4367
f 1449/4345/4345 1451/4347/4347 1452/4348/4348 1450/4346/4346
f 1451/4349/4349 1453/4351/4351 1454/4352/4352 1452/4350/4350
f 1453/4353/4353 1455/4355/4355 1456/4356/4356 1454/4354/4354
f 1455/4357/4357 1449/4359/4359 1450/4360/4360 1456/4358/4358
g object_183
v 19.747749328613281 23 -35.986198425292969
v 19.747749328613281 26 -35.986198425292969
v 25.997749328613281 23 -35.986198425292969
v 25.997749328613281 26 -35.986198425292969
v 25.997749328613281 23 -39.986198425292969
v 25.997749328613281 26 -39.986198425292969
v 19.747749328613281 23 -39.986198425292969
v 19.747749328613281 26 -39.986198425292969
vt 0 0
vt 0 0.63636320829391479
vt 0.10000000149011612 0
vt 0.10000000149011612 0.63636320829391479
vt 0.10000000149011612 0
vt 0.10000000149011612 0.63636320829391479
vt 0.5 0
vt 0.5 0.63636320829391479
vt 0.5 0
vt 0.5 0.63636320829391479
vt 0.60000002384185791 0
vt 0.60000002384185791 0.63636320829391479
vt 0.60000002384185791 0
vt 0.60000002384185791 0.63636320829391479
vt 1 0
vt 1 0.63636320829391479
vt 0 1
vt 0.30487805604934692 1
vt 0.30487805604934692 0.63636386394500732
vt 0 0.63636386394500732
vt 0.69512194395065308 0.63636386394500732
vt 1 0.63636386394500732
vt 1 1
vt 0.69512194395065308 1
vn 0 0 1
vn 0 0 1
vn 0 0 1
vn 0 0 1
vn 1 0 0
vn 1 0 0
vn 1 0 0
vn 1 0 0
vn 0 0 -1
vn 0 0 -1
vn 0 0 -1
vn 0 0 -1
vn -1 0 0
vn -1 0 0
vn -1 0 0
vn -1 0 0
vn 0 -1 0
vn 0 -1 0
vn 0 -1 0
vn 0 -1 0
vn 0 1 0
vn 0 1 0
vn 0 1 0
vn 0 1 0
f 1459/4386/4386 1457/4385/4385 1463/4388/4388 1461/4387/4387
f 1464/4392/4392 1458/4389/4389 1460/4390/4390 1462/4391/4391
f 1457/4369/4369 1459/4371/4371 1460/4372/4372 1458/4370/4370
f 1459/4373/4373 1461/4375/4375 1462/4376/4376 1460/4374/4374
f 1461/4377/4377 1463/4379/4379 1464/4380/4380 1462/4378/4378
f 1463/4381/4381 1457/4383/4383 1458/4384/4384 1464/4382/4382
g object_184
v 19.747749328613281 20 -35.986198425292969
v 19.747749328613281 23 -35.986198425292969
v 25.997749328613281 20 -35.986198425292969
v 25.997749328613281 23 -35.986198425292969
v 25.997749328613281 20 -39.986198425292969
v 25.997749328613281 23 -39.986198425292969
v 19.747749328613281 20 -39.986198425292969
v 19.747749328613281 23 -39.986198425292969
vt 0 0
vt 0 0.63636320829391479
vt 0.10000000149011612 0
vt 0.10000000149011612 0.63636320829391479
vt 0.10000000149011612 0
vt 0.10000000149011612 0.63636320829391479
vt 0.5 0
vt 0.5 0.63636320829391479
vt 0.5 0
vt 0.5 0.63636320829391479
vt 0.60000002384185791 0
vt 0.60000002384185791 0.63636320829391479
vt 0.60000002384185791 0
vt 0.60000002384185791 0.63636320829391479
vt 1 0
vt 1 0.63636320829391479
vt 0 1
vt 0.30487805604934692 1
vt 0.30487805604934692 0.63636386394500732
vt 0 0.63636386394500732
vt 0.69512194395065308 0.63636386394500732
vt 1 0.63636386394500732
vt 1 1
vt 0.69512194395065308 1
vn 0 0 1
vn 0 0 1
vn 0 0 1
vn 0 0 1
vn 1 0 0
vn 1 0 0
vn 1 0 0
vn 1 0 0
vn 0 0 -1
vn 0 0 -1
vn 0 0 -1
vn 0 0 -1
vn -1 0 0
vn -1 0 0
vn -1 0 0
vn -1 0 0
vn 0 -1 0
vn 0 -1 0
vn 0 -1 0
vn 0 -1 0
vn 0 1 0
vn 0 1 0
vn 0 1 0
vn 0 1 0
f 1467/4410/4410 1465/4409/4409 1471/4412/4412 1469/4411/4411
f 1472/4416/4416 1466/4413/4413 1468/4414/4414 1470/4415/4415
f 1465/4393/4393 1467/4395/4395 1468/4396/4396 1466/4394/4394
f 1467/4397/4397 1469/4399/4399 1470/4400/4400 1468/4398/4398
f 1469/4401/4401 1471/4403/4403 1472/4404/4404 1470/4402/4402
f 1471/4405/4405 1465/4407/4407 1466/4408/4408 1472/4406/4406
g object_185
v 19.747749328613281 17 -35.986198425292969
v 19.747749328613281 20 -35.986198425292969
v 25.997749328613281 17 -35.986198425292969
v 25.997749328613281 20 -35.986198425292969
v 25.997749328613281 17 -39.986198425292969
v 25.997749328613281 20 -39.986198425292969
v 19.747749328613281 17 -39.986198425292969
v 19.747749328613281 20 -39.986198425292969
vt 0 0
vt 0 0.63636320829391479
vt 0.10000000149011612 0
vt 0.10000000149011612 0.63636320829391479
vt 0.10000000149011612 0
vt 0.10000000149011612 0.63636320829391479
vt 0.5 0
vt 0.5 0.63636320829391479
vt 0.5 0
vt 0.5 0.63636320829391479
vt 0.60000002384185791 0
vt 0.60000002384185791 0.63636320829391479
vt 0.60000002384185791 0
vt 0.60000002384185791 0.63636320829391479
vt 1 0
vt 1 0.63636320829391479
vt 0 1
vt 0.30487805604934692 1
vt 0.30487805604934692 0.63636386394500732
vt 0 0.63636386394500732
vt 0.69512194395065308 0.63636386394500732
vt 1 0.63636386394500732
vt 1 1
vt 0.69512194395065308 1
vn 0 0 1
vn 0 0 1
vn 0 0 1
vn 0 0 1
vn 1 0 0
vn 1 0 0
vn 1 0 0
vn 1 0 0
vn 0 0 -1
vn 0 0 -1
vn 0 0 -1
vn 0 0 -1
vn -1 0 0
vn -1 0 0
vn -1 0 0
vn -1 0 0
vn 0 -1 0
vn 0 -1 0
vn 0 -1 0
vn 0 -1 0
vn 0 1 0
vn 0 1 0
vn 0 1 0
vn 0 1 0
f 1475/4434/4434 1473/4433/4433 1479/4436/4436 1477/4435/4435
f 1480/4440/4440 1474/4437/4437 1476/4438/4438 1478/4439/4439
f 1473/4417/4417 1475/4419/4419 1476/4420/4420 1474/4418/4418
f 1475/4421/4421 1477/4423/4423 1478/4424/4424 1476/4422/4422
f 1477/4425/4425 1479/4427/4427 1480/4428/4428 1478/4426/4426
f 1479/4429/4429 1473/4431/4431 1474/4432/4432 1480/4430/4430
g object_186
v 19.747749328613281 14 -35.986198425292969
v 19.747749328613281 17 -35.986198425292969
v 25.997749328613281 14 -35.986198425292969
v 25.997749328613281 17 -35.986198425292969
v 25.997749328613281 14 -39.986198425292969
v 25.997749328613281 17 -39.986198425292969
v 19.747749328613281 14 -39.986198425292969
v 19.747749328613281 17 -39.986198425292969
vt 0 0
vt 0 0.63636320829391479
vt 0.10000000149011612 0
vt 0.10000000149011612 0.63636320829391479
vt 0.10000000149011612 0
vt 0.10000000149011612 0.63636320829391479
vt 0.5 0
vt 0.5 0.63636320829391479
vt 0.5 0
vt 0.5 0.63636320829391479
vt 0.60000002384185791 0
vt 0.60000002384185791 0.63636320829391479
vt 0.60000002384185791 0
vt 0.60000002384185791 0.63636320829391479
vt 1 0
vt 1 0.63636320829391479
vt 0 1
vt 0.30487805604934692 1
vt 0.30487805604934692 0.63636386394500732
vt 0 0.63636386394500732
vt 0.69512194395065308 0.63636386394500732
vt 1 0.63636386394500732
vt 1 1
vt 0.69512194395065308 1
vn 0 0 1
vn 0 0 1
vn 0 0 1
vn 0 0 1
vn 1 0 0
vn 1 0 0
vn 1 0 0
vn 1 0 0
vn 0 0 -1
vn 0 0 -1
vn 0 0 -1
vn 0 0 -1
vn -1 0 0
vn -1 0 0
vn -1 0 0
vn -1 0 0
vn 0 -1 0
vn 0 -1 0
vn 0 -1 0
vn 0 -1 0
vn 0 1 0
vn 0 1 0
vn 0 1 0
vn 0 1 0
f 1483/4458/4458 1481/4457/4457 1487/4460/4460 1485/4459/4459
f 1488/4464/4464 1482/4461/4461 1484/4462/4462 1486/4463/4463
f 1481/4441/4441 1483/4443/4443 1484/4444/4444 1482/4442/4442
f 1483/4445/4445 1485/4447/4447 1486/4448/4448 1484/4446/4446
f 1485/4449/4449 1487/4451/4451 1488/4452/4452 1486/4450/4450
f 1487/4453/4453 1481/4455/4455 1482/4456/4456 1488/4454/4454
g object_187
v 19.747749328613281 11 -35.986198425292969
v 19.747749328613281 14 -35.986198425292969
v 25.997749328613281 11 -35.986198425292969
v 25.997749328613281 14 -35.986198425292969
v 25.997749328613281 11 -39.986198425292969
v 25.997749328613281 14 -39.986198425292969
v 19.747749328613281 11 -39.986198425292969
v 19.747749328613281 14 -39.986198425292969
vt 0 0
vt 0 0.63636320829391479
vt 0.10000000149011612 0
vt 0.10000000149011612 0.63636320829391479
vt 0.10000000149011612 0
vt 0.10000000149011612 0.63636320829391479
vt 0.5 0
vt 0.5 0.63636320829391479
vt 0.5 0
vt 0.5 0.63636320829391479
vt 0.60000002384185791 0
vt 0.60000002384185791 0.63636320829391479
vt 0.60000002384185791 0
vt 0.60000002384185791 0.63636320829391479
vt 1 0
vt 1 0.63636320829391479
vt 0 1
vt 0.30487805604934692 1
vt 0.30487805604934692 0.63636386394500732
vt 0 0.63636386394500732
vt 0.69512194395065308 0.63636386394500732
vt 1 0.63636386394500732
vt 1 1
vt 0.69512194395065308 1
vn 0 0 1
vn 0 0 1
vn 0 0 1
vn 0 0 1
vn 1 0 0
vn 1 0 0
vn 1 0 0
vn 1 0 0
vn 0 0 -1
vn 0 0 -1
vn 0 0 -1
vn 0 0 -1
vn -1 0 0
vn -1 0 0
vn -1 0 0
vn -1 0 0
vn 0 -1 0
vn 0 -1 0
vn 0 -1 0
vn 0 -1 0
vn 0 1 0
vn 0 1 0
vn 0 1 0
vn 0 1 0
f 1491/4482/4482 1489/4481/4481 1495/4484/4484 1493/4483/4483
f 1496/4488/4488 1490/4485/4485 1492/4486/4486 1494/4487/4487
f 1489/4465/4465 1491/4467/4467 1492/4468/4468 1490/4466/4466
f 1491/4469/4469 1493/4471/4471 1494/4472/4472 1492/4470/4470
f 1493/4473/4473 1495/4475/4475 1496/4476/4476 1494/4474/4474
f 1495/4477/4477 1489/4479/4479 1490/4480/4480 1496/4478/4478
g object_188
v 19.747749328613281 8 -35.986198425292969
v 19.747749328613281 11 -35.986198425292969
v 25.997749328613281 8 -35.986198425292969
v 25.997749328613281 11 -35.986198425292969
v 25.997749328613281 8 -39.986198425292969
v 25.997749328613281 11 -39.986198425292969
v 19.747749328613281 8 -39.986198425292969
v 19.747749328613281 11 -39.986198425292969
vt 0 0
vt 0 0.63636320829391479
vt 0.10000000149011612 0
vt 0.10000000149011612 0.63636320829391479
vt 0.10000000149011612 0
vt 0.10000000149011612 0.63636320829391479
vt 0.5 0
vt 0.5 0.63636320829391479
vt 0.5 0
vt 0.5 0.63636320829391479
vt 0.60000002384185791 0
vt 0.60000002384185791 0.63636320829391479
vt 0.60000002384185791 0
vt 0.60000002384185791 0.63636320829391479
vt 1 0
vt 1 0.63636320829391479
vt 0 1
vt 0.30487805604934692 1
vt 0.30487805604934692 0.63636386394500732
vt 0 0.63636386394500732
vt 0.69512194395065308 0.63636386394500732
vt 1 0.63636386394500732
vt 1 1
vt 0.69512194395065308 1
vn 0 0 1
vn 0 0 1
vn 0 0 1
vn 0 0 1
vn 1 0 0
vn 1 0 0
vn 1 0 0
vn 1 0 0
vn 0 0 -1
vn 0 0 -1
vn 0 0 -1
vn 0 0 -1
vn -1 0 0
vn -1 0 0
vn -1 0 0
vn -1 0 0
vn 0 -1 0
vn 0 -1 0
vn 0 -1 0
vn 0 -1 0
vn 0 1 0
vn 0 1 0
vn 0 1 0
vn 0 1 0
f 1499/4506/4506 1497/4505/4505 1503/4508/4508 1501/4507/4507
f 1504/4512/4512 1498/4509/4509 1500/4510/4510 1502/4511/4511
f 1497/4489/4489 1499/4491/4491 1500/4492/4492 1498/4490/4490
f 1499/4493/4493 1501/4495/4495 1502/4496/4496 1500/4494/4494
f 1501/4497/4497 1503/4499/4499 1504/4500/4500 1502/4498/4498
f 1503/4501/4501 1497/4503/4503 1498/4504/4504 1504/4502/4502
g object_189
v 19.747749328613281 5 -35.986198425292969
v 19.747749328613281 8 -35.986198425292969
v 25.997749328613281 5 -35.986198425292969
v 25.997749328613281 8 -35.986198425292969
v 25.997749328613281 5 -39.986198425292969
v 25.997749328613281 8 -39.986198425292969
v 19.747749328613281 5 -39.986198425292969
v 19.747749328613281 8 -39.986198425292969
vt 0 0
vt 0 0.63636320829391479
vt 0.10000000149011612 0
vt 0.10000000149011612 0.63636320829391479
vt 0.10000000149011612 0
vt 0.10000000149011612 0.63636320829391479
vt 0.5 0
vt 0.5 0.63636320829391479
vt 0.5 0
vt 0.5 0.63636320829391479
vt 0.60000002384185791 0
vt 0.60000002384185791 0.63636320829391479
vt 0.60000002384185791 0
vt 0.60000002384185791 0.63636320829391479
vt 1 0
vt 1 0.63636320829391479
vt 0 1
vt 0.30487805604934692 1
vt 0.30487805604934692 0.63636386394500732
vt 0 0.63636386394500732
vt 0.69512194395065308 0.63636386394500732
vt 1 0.63636386394500732
vt 1 1
vt 0.69512194395065308 1
vn 0 0 1
vn 0 0 1
vn 0 0 1
vn 0 0 1
vn 1 0 0
vn 1 0 0
vn 1 0 0
vn 1 0 0
vn 0 0 -1
vn 0 0 -1
vn 0 0 -1
vn 0 0 -1
vn -1 0 0
vn -1 0 0
vn -1 0 0
vn -1 0 0
vn 0 -1 0
vn 0 -1 0
vn 0 -1 0
vn 0 -1 0
vn 0 1 0
vn 0 1 0
vn 0 1 0
vn 0 1 0
f 1507/4530/4530 1505/4529/4529 1511/4532/4532 1509/4531/4531
f 1512/4536/4536 1506/4533/4533 1508/4534/4534 1510/4535/4535
f 1505/4513/4513 1507/4515/4515 1508/4516/4516 1506/4514/4514
f 1507/4517/4517 1509/4519/4519 1510/4520/4520 1508/4518/4518
f 1509/4521/4521 1511/4523/4523 1512/4524/4524 1510/4522/4522
f 1511/4525/4525 1505/4527/4527 1506/4528/4528 1512/4526/4526
g object_190
v 19.747749328613281 26 -31.986200332641602
v 19.747749328613281 29 -31.986200332641602
v 25.997749328613281 26 -31.986200332641602
v 25.997749328613281 29 -31.986200332641602
v 25.997749328613281 26 -35.986198425292969
v 25.997749328613281 29 -35.986198425292969
v 19.747749328613281 26 -35.986198425292969
v 19.747749328613281 29 -35.986198425292969
vt 0 0
vt 0 0.63636320829391479
vt 0.10000000149011612 0
vt 0.10000000149011612 0.63636320829391479
vt 0.10000000149011612 0
vt 0.10000000149011612 0.63636320829391479
vt 0.5 0
vt 0.5 0.63636320829391479
vt 0.5 0
vt 0.5 0.63636320829391479
vt 0.60000002384185791 0
vt 0.60000002384185791 0.63636320829391479
vt 0.60000002384185791 0
vt 0.60000002384185791 0.63636320829391479
vt 1 0
vt 1 0.63636320829391479
vt 0 1
vt 0.30487805604934692 1
vt 0.30487805604934692 0.63636386394500732
vt 0 0.63636386394500732
vt 0.69512194395065308 0.63636386394500732
vt 1 0.63636386394500732
vt 1 1
vt 0.69512194395065308 1
vn 0 0 1
vn 0 0 1
vn 0 0 1
vn 0 0 1
vn 1 0 0
vn 1 0 0
vn 1 0 0
vn 1 0 0
vn 0 0 -1
vn 0 0 -1
vn 0 0 -1
vn 0 0 -1
vn -1 0 0
vn -1 0 0
vn -1 0 0
vn -1 0 0
vn 0 -1 0
vn 0 -1 0
vn 0 -1 0
vn 0 -1 0
vn 0 1 0
vn 0 1 0
vn 0 1 0
vn 0 1 0
f 1515/4554/4554 1513/4553/4553 1519/4556/4556 1517/4555/4555
f 1520/4560/4560 1514/4557/4557 1516/4558/4558 1518/4559/4559
f 1513/4537/4537 1515/4539/4539 1516/4540/4540 1514/4538/4538
f 1515/4541/4541 1517/4543/4543 1518/4544/4544 1516/4542/4542
f 1517/4545/4545 1519/4547/4547 1520/4548/4548 1518/4546/4546
f 1519/4549/4549 1513/4551/4551 1514/4552/4552 1520/4550/4550
g object_191
v 19.747749328613281 23 -31.986200332641602
v 19.747749328613281 26 -31.986200332641602
v 25.997749328613281 23 -31.986200332641602
v 25.997749328613281 26 -31.986200332641602
v 25.997749328613281 23 -35.986198425292969
v 25.997749328613281 26 -35.986198425292969
v 19.747749328613281 23 -35.986198425292969
v 19.747749328613281 26 -35.986198425292969
vt 0 0
vt 0 0.63636320829391479
vt 0.10000000149011612 0
vt 0.10000000149011612 0.63636320829391479
vt 0.10000000149011612 0
vt 0.10000000149011612 0.63636320829391479
vt 0.5 0
vt 0.5 0.63636320829391479
vt 0.5 0
vt 0.5 0.63636320829391479
vt 0.60000002384185791 0
vt 0.60000002384185791 0.63636320829391479
vt 0.60000002384185791 0
vt 0.60000002384185791 0.63636320829391479
vt 1 0
vt 1 0.63636320829391479
vt 0 1
vt 0.30487805604934692 1
vt 0.30487805604934692 0.63636386394500732
vt 0 0.63636386394500732
vt 0.69512194395065308 0.63636386394500732
vt 1 0.63636386394500732
vt 1 1
vt 0.69512194395065308 1
vn 0 0 1
vn 0 0 1
vn 0 0 1
vn 0 0 1
vn 1 0 0
vn 1 0 0
vn 1 0 0
vn 1 0 0
vn 0 0 -1
vn 0 0 -1
vn 0 0 -1
vn 0 0 -1
vn -1 0 0
vn -1 0 0
vn -1 0 0
vn -1 0 0
vn 0 -1 0
vn 0 -1 0
vn 0 -1 0
vn 0 -1 0
vn 0 1 0
vn 0 1 0
vn 0 1 0
vn 0 1 0
f 1523/4578/4578 1521/4577/4577 1527/4580/4580 1525/4579/4579
f 1528/4584/4584 1522/4581/4581 1524/4582/4582 1526/4583/4583
f 1521/4561/4561 1523/4563/4563 1524/4564/4564 1522/4562/4562
f 1523/4565/4565 1525/4567/4567 1526/4568/4568 1524/4566/4566
f 1525/4569/4569 1527/4571/4571 1528/4572/4572 1526/4570/4570
f 1527/4573/4573 1521/4575/4575 1522/4576/4576 1528/4574/4574
g object_192
v 19.747749328613281 20 -31.986200332641602
v 19.747749328613281 23 -31.986200332641602
v 25.997749328613281 20 -31.986200332641602
v 25.997749328613281 23 -31.986200332641602
v 25.997749328613281 20 -35.986198425292969
v 25.997749328613281 23 -35.986198425292969
v 19.747749328613281 20 -35.986198425292969
v 19.747749328613281 23 -35.986198425292969
vt 0 0
vt 0 0.63636320829391479
vt 0.10000000149011612 0
vt 0.10000000149011612 0.63636320829391479
vt 0.10000000149011612 0
vt 0.10000000149011612 0.63636320829391479
vt 0.5 0
vt 0.5 0.63636320829391479
vt 0.5 0
vt 0.5 0.63636320829391479
vt 0.60000002384185791 0
vt 0.60000002384185791 0.63636320829391479
vt 0.60000002384185791 0
vt 0.60000002384185791 0.63636320829391479
vt 1 0
vt 1 0.63636320829391479
vt 0 1
vt 0.30487805604934692 1
vt 0.30487805604934692 0.63636386394500732
vt 0 0.63636386394500732
vt 0.69512194395065308 0.63636386394500732
vt 1 0.63636386394500732
vt 1 1
vt 0.69512194395065308 1
vn 0 0 1
vn 0 0 1
vn 0 0 1
vn 0 0 1
vn 1 0 0
vn 1 0 0
vn 1 0 0
vn 1 0 0
vn 0 0 -1
vn 0 0 -1
vn 0 0 -1
vn 0 0 -1
vn -1 0 0
vn -1 0 0
vn -1 0 0
vn -1 0 0
vn 0 -1 0
vn 0 -1 0
vn 0 -1 0
vn 0 -1 0
vn 0 1 0
vn 0 1 0
vn 0 1 0
vn 0 1 0
f 1531/4602/4602 1529/4601/4601 1535/4604/4604 1533/4603/4603
f 1536/4608/4608 1530/4605/4605 1532/4606/4606 1534/4607/4607
f 1529/4585/4585 1531/4587/4587 1532/4588/4588 1530/4586/4586
f 1531/4589/4589 1533/4591/4591 1534/4592/4592 1532/4590/4590
f 1533/4593/4593 1535/4595/4595 1536/4596/4596 1534/4594/4594
f 1535/4597/4597 1529/4599/4599 1530/4600/4600 1536/4598/4598
g object_193
v 19.747749328613281 17 -31.986200332641602
v 19.747749328613281 20 -31.986200332641602
v 25.997749328613281 17 -31.986200332641602
v 25.997749328613281 20 -31.986200332641602
v 25.997749328613281 17 -35.986198425292969
v 25.997749328613281 20 -35.986198425292969
v 19.747749328613281 17 -35.986198425292969
v 19.747749328613281 20 -35.986198425292969
vt 0 0
vt 0 0.63636320829391479
vt 0.10000000149011612 0
vt 0.10000000149011612 0.63636320829391479
vt 0.10000000149011612 0
vt 0.10000000149011612 0.63636320829391479
vt 0.5 0
vt 0.5 0.63636320829391479
vt 0.5 0
vt 0.5 0.63636320829391479
vt 0.60000002384185791 0
vt 0.60000002384185791 0.63636320829391479
vt 0.60000002384185791 0
vt 0.60000002384185791 0.63636320829391479
vt 1 0
vt 1 0.63636320829391479
vt 0 1
vt 0.30487805604934692 1
vt 0.30487805604934692 0.63636386394500732
vt 0 0.63636386394500732
vt 0.69512194395065308 0.63636386394500732
vt 1 0.63636386394500732
vt 1 1
vt 0.69512194395065308 1
vn 0 0 1
vn 0 0 1
vn 0 0 1
vn 0 0 1
vn 1 0 0
vn 1 0 0
vn 1 0 0
vn 1 0 0
vn 0 0 -1
vn 0 0 -1
vn 0 0 -1
vn 0 0 -1
vn -1 0 0
vn -1 0 0
vn -1 0 0
vn -1 0 0
vn 0 -1 0
vn 0 -1 0
vn 0 -1 0
vn 0 -1 0
vn 0 1 0
vn 0 1 0
vn 0 1 0
vn 0 1 0
f 1539/4626/4626 1537/4625/4625 1543/4628/4628 1541/4627/4627
f 1544/4632/4632 1538/4629/4629 1540/4630/4630 1542/4631/4631
f 1537/4609/4609 1539/4611/4611 1540/4612/4612 1538/4610/4610
f 1539/4613/4613 1541/4615/4615 1542/4616/4616 1540/4614/4614
f 1541/4617/4617 1543/4619/4619 1544/4620/4620 1542/4618/4618
f 1543/4621/4621 1537/4623/4623 1538/4624/4624 1544/4622/4622
g object_194
v 19.747749328613281 14 -31.986200332641602
v 19.747749328613281 17 -31.986200332641602
v 25.997749328613281 14 -31.986200332641602
v 25.997749328613281 17 -31.986200332641602
v 25.997749328613281 14 -35.986198425292969
v 25.997749328613281 17 -35.986198425292969
v 19.747749328613281 14 -35.986198425292969
v 19.747749328613281 17 -35.986198425292969
vt 0 0
vt 0 0.63636320829391479
vt 0.10000000149011612 0
vt 0.10000000149011612 0.63636320829391479
vt 0.10000000149011612 0
vt 0.10000000149011612 0.63636320829391479
vt 0.5 0
vt 0.5 0.63636320829391479
vt 0.5 0
vt 0.5 0.63636320829391479
vt 0.60000002384185791 0
vt 0.60000002384185791 0.63636320829391479
vt 0.60000002384185791 0
vt 0.60000002384185791 0.63636320829391479
vt 1 0
vt 1 0.63636320829391479
vt 0 1
vt 0.30487805604934692 1
vt 0.30487805604934692 0.63636386394500732
vt 0 0.63636386394500732
vt 0.69512194395065308 0.63636386394500732
vt 1 0.63636386394500732
vt 1 1
vt 0.69512194395065308 1
vn 0 0 1
vn 0 0 1
vn 0 0 1
vn 0 0 1
vn 1 0 0
vn 1 0 0
vn 1 0 0
vn 1 0 0
vn 0 0 -1
vn 0 0 -1
vn 0 0 -1
vn 0 0 -1
vn -1 0 0
vn -1 0 0
vn -1 0 0
vn -1 0 0
vn 0 -1 0
vn 0 -1 0
vn 0 -1 0
vn 0 -1 0
vn 0 1 0
vn 0 1 0
vn 0 1 0
vn 0 1 0
f 1547/4650/4650 1545/4649/4649 1551/4652/4652 1549/4651/4651
f 1552/4656/4656 1546/4653/4653 1548/4654/4654 1550/4655/4655
f 1545/4633/4633 1547/4635/4635 1548/4636/4636 1546/4634/4634
f 1547/4637/4637 1549/4639/4639 1550/4640/4640 1548/4638/4638
f 1549/4641/4641 1551/4643/4643 1552/4644/4644 1550/4642/4642
f 1551/4645/4645 1545/4647/4647 1546/4648/4648 1552/4646/4646
g object_195
v 19.747749328613281 11 -31.986200332641602
v 19.747749328613281 14 -31.986200332641602
v 25.997749328613281 11 -31.986200332641602
v 25.997749328613281 14 -31.986200332641602
v 25.997749328613281 11 -35.986198425292969
v 25.997749328613281 14 -35.986198425292969
v 19.747749328613281 11 -35.986198425292969
v 19.747749328613281 14 -35.986198425292969
vt 0 0
vt 0 0.63636320829391479
vt 0.10000000149011612 0
vt 0.10000000149011612 0.63636320829391479
vt 0.10000000149011612 0
vt 0.10000000149011612 0.63636320829391479
vt 0.5 0
vt 0.5 0.63636320829391479
vt 0.5 0
vt 0.5 0.63636320829391479
vt 0.60000002384185791 0
vt 0.60000002384185791 0.63636320829391479
vt 0.60000002384185791 0
vt 0.60000002384185791 0.63636320829391479
vt 1 0
vt 1 0.63636320829391479
vt 0 1
vt 0.30487805604934692 1
vt 0.30487805604934692 0.63636386394500732
vt 0 0.63636386394500732
vt 0.69512194395065308 0.63636386394500732
vt 1 0.63636386394500732
vt 1 1
vt 0.69512194395065308 1
vn 0 0 1
vn 0 0 1
vn 0 0 1
vn 0 0 1
vn 1 0 0
vn 1 0 0
vn 1 0 0
vn 1 0 0
vn 0 0 -1
vn 0 0 -1
vn 0 0 -1
vn 0 0 -1
vn -1 0 0
vn -1 0 0
vn -1 0 0
vn -1 0 0
vn 0 -1 0
vn 0 -1 0
vn 0 -1 0
vn 0 -1 0
vn 0 1 0
vn 0 1 0
vn 0 1 0
vn 0 1 0
f 1555/4674/4674 1553/4673/4673 1559/4676/4676 1557/4675/4675
f 1560/4680/4680 1554/4677/4677 1556/4678/4678 1558/4679/4679
f 1553/4657/4657 1555/4659/4659 1556/4660/4660 1554/4658/4658
f 1555/4661/4661 1557/4663/4663 1558/4664/4664 1556/4662/4662
f 1557/4665/4665 1559/4667/4667 1560/4668/4668 1558/4666/4666
f 1559/4669/4669 1553/4671/4671 1554/4672/4672 1560/4670/4670
g object_196
v 19.747749328613281 8 -31.986200332641602
v 19.747749328613281 11 -31.986200332641602
v 25.997749328613281 8 -31.986200332641602
v 25.997749328613281 11 -31.986200332641602
v 25.997749328613281 8 -35.986198425292969
v 25.997749328613281 11 -35.986198425292969
v 19.747749328613281 8 -35.986198425292969
v 19.747749328613281 11 -35.986198425292969
vt 0 0
vt 0 0.63636320829391479
vt 0.10000000149011612 0
vt 0.10000000149011612 0.63636320829391479
vt 0.10000000149011612 0
vt 0.10000000149011612 0.63636320829391479
vt 0.5 0
vt 0.5 0.63636320829391479
vt 0.5 0
vt 0.5 0.63636320829391479
vt 0.60000002384185791 0
vt 0.60000002384185791 0.63636320829391479
vt 0.60000002384185791 0
vt 0.60000002384185791 0.63636320829391479
vt 1 0
vt 1 0.63636320829391479
vt 0 1
vt 0.30487805604934692 1
vt 0.30487805604934692 0.63636386394500732
vt 0 0.63636386394500732
vt 0.69512194395065308 0.63636386394500732
vt 1 0.63636386394500732
vt 1 1
vt 0.69512194395065308 1
vn 0 0 1
vn 0 0 1
vn 0 0 1
vn 0 0 1
vn 1 0 0
vn 1 0 0
vn 1 0 0
vn 1 0 0
vn 0 0 -1
vn 0 0 -1
vn 0 0 -1
vn 0 0 -1
vn -1 0 0
vn -1 0 0
vn -1 0 0
vn -1 0 0
vn 0 -1 0
vn 0 -1 0
vn 0 -1 0
vn 0 -1 0
vn 0 1 0
vn 0 1 0
vn 0 1 0
vn 0 1 0
f 1563/4698/4698 1561/4697/4697 1567/4700/4700 1565/4699/4699
f 1568/4704/4704 1562/4701/4701 1564/4702/4702 1566/4703/4703
f 1561/4681/4681 1563/4683/4683 1564/4684/4684 1562/4682/4682
f 1563/4685/4685 1565/4687/4687 1566/4688/4688 1564/4686/4686
f 1565/4689/4689 1567/4691/4691 1568/4692/4692 1566/4690/4690
f 1567/4693/4693 1561/4695/4695 1562/4696/4696 1568/4694/4694
g object_197
v 19.747749328613281 5 -31.986200332641602
v 19.747749328613281 8 -31.986200332641602
v 25.997749328613281 5 -31.986200332641602
v 25.997749328613281 8 -31.986200332641602
v 25.997749328613281 5 -35.986198425292969
v 25.997749328613281 8 -35.986198425292969
v 19.747749328613281 5 -35.986198425292969
v 19.747749328613281 8 -35.986198425292969
vt 0 0
vt 0 0.63636320829391479
vt 0.10000000149011612 0
vt 0.10000000149011612 0.63636320829391479
vt 0.10000000149011612 0
vt 0.10000000149011612 0.63636320829391479
vt 0.5 0
vt 0.5 0.63636320829391479
vt 0.5 0
vt 0.5 0.63636320829391479
vt 0.60000002384185791 0
vt 0.60000002384185791 0.63636320829391479
vt 0.60000002384185791 0
vt 0.60000002384185791 0.63636320829391479
vt 1 0
vt 1 0.63636320829391479
vt 0 1
vt 0.30487805604934692 1
vt 0.30487805604934692 0.63636386394500732
vt 0 0.63636386394500732
vt 0.69512194395065308 0.63636386394500732
vt 1 0.63636386394500732
vt 1 1
vt 0.69512194395065308 1
vn 0 0 1
vn 0 0 1
vn 0 0 1
vn 0 0 1
vn 1 0 0
vn 1 0 0
vn 1 0 0
vn 1 0 0
vn 0 0 -1
vn 0 0 -1
vn 0 0 -1
vn 0 0 -1
vn -1 0 0
vn -1 0 0
vn -1 0 0
vn -1 0 0
vn 0 -1 0
vn 0 -1 0
vn 0 -1 0
vn 0 -1 0
vn 0 1 0
vn 0 1 0
vn 0 1 0
vn 0 1 0
f 1571/4722/4722 1569/4721/4721 1575/4724/4724 1573/4723/4723
f 1576/4728/4728 1570/4725/4725 1572/4726/4726 1574/4727/4727
f 1569/4705/4705 1571/4707/4707 1572/4708/4708 1570/4706/4706
f 1571/4709/4709 1573/4711/4711 1574/4712/4712 1572/4710/4710
f 1573/4713/4713 1575/4715/4715 1576/4716/4716 1574/4714/4714
f 1575/4717/4717 1569/4719/4719 1570/4720/4720 1576/4718/4718
g object_198
v 19.747749328613281 26 -8.2402496337890625
v 19.747749328613281 29 -8.2402496337890625
v 19.747749328613281 26 -27.986200332641602
v 19.747749328613281 29 -27.986200332641602
v 16.247749328613281 26 -27.986200332641602
v 16.247749328613281 29 -27.986200332641602
v 16.247749328613281 26 -8.2402496337890625
v 16.247749328613281 29 -8.2402496337890625
vt 0 0
vt 0 0.64999955892562866
vt 0.25 0
vt 0.25 0.64999955892562866
vt 0.25 0
vt 0.25 0.64999955892562866
vt 0.5 0
vt 0.5 0.64999955892562866
vt 0.5 0
vt 0.5 0.64999955892562866
vt 0.75 0
vt 0.75 0.64999955892562866
vt 0.75 0
vt 0.75 0.64999955892562866
vt 1 0
vt 1 0.64999955892562866
vt 0.42471808195114136 0.65000021457672119
vt 0 0.65000021457672119
vt 0 1
vt 0.42471808195114136 1
vt 1 1
vt 0.57528191804885864 1
vt 0.57528191804885864 0.65000021457672119
vt 1 0.65000021457672119
vn 1 0 0
vn 1 0 0
vn 1 0 0
vn 1 0 0
vn 0 0 -1
vn 0 0 -1
vn 0 0 -1
vn 0 0 -1
vn -1 0 0
vn -1 0 0
vn -1 0 0
vn -1 0 0
vn 0 0 1
vn 0 0 1
vn 0 0 1
vn 0 0 1
vn 0 -1 0
vn 0 -1 0
vn 0 -1 0
vn 0 -1 0
vn 0 1 0
vn 0 1 0
vn 0 1 0
vn 0 1 0
f 1577/4745/4745 1583/4748/4748 1581/4747/4747 1579/4746/4746
f 1582/4751/4751 1584/4752/4752 1578/4749/4749 1580/4750/4750
f 1577/4729/4729 1579/4731/4731 1580/4732/4732 1578/4730/4730
f 1579/4733/4733 1581/4735/4735 1582/4736/4736 1580/4734/4734
f 1581/4737/4737 1583/4739/4739 1584/4740/4740 1582/4738/4738
f 1583/4741/4741 1577/4743/4743 1578/4744/4744 1584/4742/4742
g object_199
v 19.747749328613281 23 -8.2402496337890625
v 19.747749328613281 26 -8.2402496337890625
v 19.747749328613281 23 -27.986200332641602
v 19.747749328613281 26 -27.986200332641602
v 16.247749328613281 23 -27.986200332641602
v 16.247749328613281 26 -27.986200332641602
v 16.247749328613281 23 -8.2402496337890625
v 16.247749328613281 26 -8.2402496337890625
vt 0 0
vt 0 0.64999955892562866
vt 0.25 0
vt 0.25 0.64999955892562866
vt 0.25 0
vt 0.25 0.64999955892562866
vt 0.5 0
vt 0.5 0.64999955892562866
vt 0.5 0
vt 0.5 0.64999955892562866
vt 0.75 0
vt 0.75 0.64999955892562866
vt 0.75 0
vt 0.75 0.64999955892562866
vt 1 0
vt 1 0.64999955892562866
vt 0.42471808195114136 0.65000021457672119
vt 0 0.65000021457672119
vt 0 1
vt 0.42471808195114136 1
vt 1 1
vt 0.57528191804885864 1
vt 0.57528191804885864 0.65000021457672119
vt 1 0.65000021457672119
vn 1 0 0
vn 1 0 0
vn 1 0 0
vn 1 0 0
vn 0 0 -1
vn 0 0 -1
vn 0 0 -1
vn 0 0 -1
vn -1 0 0
vn -1 0 0
vn -1 0 0
vn -1 0 0
vn 0 0 1
vn 0 0 1
vn 0 0 1
vn 0 0 1
vn 0 -1 0
vn 0 -1 0
vn 0 -1 0
vn 0 -1 0
vn 0 1 0
vn 0 1 0
vn 0 1 0
vn 0 1 0
f 1585/4769/4769 1591/4772/4772 1589/4771/4771 1587/4770/4770
f 1590/4775/4775 1592/4776/4776 1586/4773/4773 1588/4774/4774
f 1585/4753/4753 1587/4755/4755 1588/4756/4756 1586/4754/4754
f 1587/4757/4757 1589/4759/4759 1590/4760/4760 1588/4758/4758
f 1589/4761/4761 1591/4763/4763 1592/4764/4764 1590/4762/4762
f 1591/4765/4765 1585/4767/4767 1586/4768/4768 1592/4766/4766
g object_200
v 19.747749328613281 20 -8.2402496337890625
v 19.747749328613281 23 -8.2402496337890625
v 19.747749328613281 20 -27.986200332641602
v 19.747749328613281 23 -27.986200332641602
v 16.247749328613281 20 -27.986200332641602
v 16.247749328613281 23 -27.986200332641602
v 16.247749328613281 20 -8.2402496337890625
v 16.247749328613281 23 -8.2402496337890625
vt 0 0
vt 0 0.64999955892562866
vt 0.25 0
vt 0.25 0.64999955892562866
vt 0.25 0
vt 0.25 0.64999955892562866
vt 0.5 0
vt 0.5 0.64999955892562866
vt 0.5 0
vt 0.5 0.64999955892562866
vt 0.75 0
vt 0.75 0.64999955892562866
vt 0.75 0
vt 0.75 0.64999955892562866
vt 1 0
vt 1 0.64999955892562866
vt 0.42471808195114136 0.65000021457672119
vt 0 0.65000021457672119
vt 0 1
vt 0.42471808195114136 1
vt 1 1
vt 0.57528191804885864 1
vt 0.57528191804885864 0.65000021457672119
vt 1 0.65000021457672119
vn 1 0 0
vn 1 0 0
vn 1 0 0
vn 1 0 0
vn 0 0 -1
vn 0 0 -1
vn 0 0 -1
vn 0 0 -1
vn -1 0 0
vn -1 0 0
vn -1 0 0
vn -1 0 0
vn 0 0 1
vn 0 0 1
vn 0 0 1
vn 0 0 1
vn 0 -1 0
vn 0 -1 0
vn 0 -1 0
vn 0 -1 0
vn 0 1 0
vn 0 1 0
vn 0 1 0
vn 0 1 0
f 1593/4793/4793 1599/4796/4796 1597/4795/4795 1595/4794/4794
f 1598/4799/4799 1600/4800/4800 1594/4797/4797 1596/4798/4798
f 1593/4777/4777 1595/4779/4779 1596/4780/4780 1594/4778/4778
f 1595/4781/4781 1597/4783/4783 1598/4784/4784 1596/4782/4782
f 1597/4785/4785 1599/4787/4787 1600/4788/4788 1598/4786/4786
f 1599/4789/4789 1593/4791/4791 1594/4792/4792 1600/4790/4790
g object_201
v 19.747749328613281 17 -8.2402496337890625
v 19.747749328613281 20 -8.2402496337890625
v 19.747749328613281 17 -27.986200332641602
v 19.747749328613281 20 -27.986200332641602
v 16.247749328613281 17 -27.986200332641602
v 16.247749328613281 20 -27.986200332641602
v 16.247749328613281 17 -8.2402496337890625
v 16.247749328613281 20 -8.2402496337890625
vt 0 0
vt 0 0.64999955892562866
vt 0.25 0
vt 0.25 0.64999955892562866
vt 0.25 0
vt 0.25 0.64999955892562866
vt 0.5 0
vt 0.5 0.64999955892562866
vt 0.5 0
vt 0.5 0.64999955892562866
vt 0.75 0
vt 0.75 0.64999955892562866
vt 0.75 0
vt 0.75 0.64999955892562866
vt 1 0
vt 1 0.64999955892562866
vt 0.42471808195114136 0.65000021457672119
vt 0 0.65000021457672119
vt 0 1
vt 0.42471808195114136 1
vt 1 1
vt 0.57528191804885864 1
vt 0.57528191804885864 0.65000021457672119
vt 1 0.65000021457672119
vn 1 0 0
vn 1 0 0
vn 1 0 0
vn 1 0 0
vn 0 0 -1
vn 0 0 -1
vn 0 0 -1
vn 0 0 -1
vn -1 0 0
vn -1 0 0
vn -1 0 0
vn -1 0 0
vn 0 0 1
vn 0 0 1
vn 0 0 1
vn 0 0 1
vn 0 -1 0
vn 0 -1 0
vn 0 -1 0
vn 0 -1 0
vn 0 1 0
vn 0 1 0
vn 0 1 0
vn 0 1 0
f 1601/4817/4817 1607/4820/4820 1605/4819/4819 1603/4818/4818
f 1606/4823/4823 1608/4824/4824 1602/4821/4821 1604/4822/4822
f 1601/4801/4801 1603/4803/4803 1604/4804/4804 1602/4802/4802
f 1603/4805/4805 1605/4807/4807 1606/4808/4808 1604/4806/4806
f 1605/4809/4809 1607/4811/4811 1608/4812/4812 1606/4810/4810
f 1607/4813/4813 1601/4815/4815 1602/4816/4816 1608/4814/4814
g object_202
v 19.747749328613281 14 -8.2402496337890625
v 19.747749328613281 17 -8.2402496337890625
v 19.747749328613281 14 -27.986200332641602
v 19.747749328613281 17 -27.986200332641602
v 16.247749328613281 14 -27.986200332641602
v 16.247749328613281 17 -27.986200332641602
v 16.247749328613281 14 -8.2402496337890625
v 16.247749328613281 17 -8.2402496337890625
vt 0 0
vt 0 0.64999955892562866
vt 0.25 0
vt 0.25 0.64999955892562866
vt 0.25 0
vt 0.25 0.64999955892562866
vt 0.5 0
vt 0.5 0.64999955892562866
vt 0.5 0
vt 0.5 0.64999955892562866
vt 0.75 0
vt 0.75 0.64999955892562866
vt 0.75 0
vt 0.75 0.64999955892562866
vt 1 0
vt 1 0.64999955892562866
vt 0.42471808195114136 0.65000021457672119
vt 0 0.65000021457672119
vt 0 1
vt 0.42471808195114136 1
vt 1 1
vt 0.57528191804885864 1
vt 0.57528191804885864 0.65000021457672119
vt 1 0.65000021457672119
vn 1 0 0
vn 1 0 0
vn 1 0 0
vn 1 0 0
vn 0 0 -1
vn 0 0 -1
vn 0 0 -1
vn 0 0 -1
vn -1 0 0
vn -1 0 0
vn -1 0 0
vn -1 0 0
vn 0 0 1
vn 0 0 1
vn 0 0 1
vn 0 0 1
vn 0 -1 0
vn 0 -1 0
vn 0 -1 0
vn 0 -1 0
vn 0 1 0
vn 0 1 0
vn 0 1 0
vn 0 1 0
f 1609/4841/4841 1615/4844/4844 1613/4843/4843 1611/4842/4842
f 1614/4847/4847 1616/4848/4848 1610/4845/4845 1612/4846/4846
f 1609/4825/4825 1611/4827/4827 1612/4828/4828 1610/4826/4826
f 1611/4829/4829 1613/4831/4831 1614/4832/4832 1612/4830/4830
f 1613/4833/4833 1615/4835/4835 1616/4836/4836 1614/4834/4834
f 1615/4837/4837 1609/4839/4839 1610/4840/4840 1616/4838/4838
g object_203
v 19.747749328613281 11 -8.2402496337890625
v 19.747749328613281 14 -8.2402496337890625
v 19.747749328613281 11 -27.986200332641602
v 19.747749328613281 14 -27.986200332641602
v 16.247749328613281 11 -27.986200332641602
v 16.247749328613281 14 -27.986200332641602
v 16.247749328613281 11 -8.2402496337890625
v 16.247749328613281 14 -8.2402496337890625
vt 0 0
vt 0 0.64999955892562866
vt 0.25 0
vt 0.25 0.64999955892562866
vt 0.25 0
vt 0.25 0.64999955892562866
vt 0.5 0
vt 0.5 0.64999955892562866
vt 0.5 0
vt 0.5 0.64999955892562866
vt 0.75 0
vt 0.75 0.64999955892562866
vt 0.75 0
vt 0.75 0.64999955892562866
vt 1 0
vt 1 0.64999955892562866
vt 0.42471808195114136 0.65000021457672119
vt 0 0.65000021457672119
vt 0 1
vt 0.42471808195114136 1
vt 1 1
vt 0.57528191804885864 1
vt 0.57528191804885864 0.65000021457672119
vt 1 0.65000021457672119
vn 1 0 0
vn 1 0 0
vn 1 0 0
vn 1 0 0
vn 0 0 -1
vn 0 0 -1
vn 0 0 -1
vn 0 0 -1
vn -1 0 0
vn -1 0 0
vn -1 0 0
vn -1 0 0
vn 0 0 1
vn 0 0 1
vn 0 0 1
vn 0 0 1
vn 0 -1 0
vn 0 -1 0
vn 0 -1 0
vn 0 -1 0
vn 0 1 0
vn 0 1 0
vn 0 1 0
vn 0 1 0
f 1617/4865/4865 1623/4868/4868 1621/4867/4867 1619/4866/4866
f 1622/4871/4871 1624/4872/4872 1618/4869/4869 1620/4870/4870
f 1617/4849/4849 1619/4851/4851 1620/4852/4852 1618/4850/4850
f 1619/4853/4853 1621/4855/4855 1622/4856/4856 1620/4854/4854
f 1621/4857/4857 1623/4859/4859 1624/4860/4860 1622/4858/4858
f 1623/4861/4861 1617/4863/4863 1618/4864/4864 1624/4862/4862
g object_204
v 19.747749328613281 8 -8.2402496337890625
v 19.747749328613281 11 -8.2402496337890625
v 19.747749328613281 8 -27.986200332641602
v 19.747749328613281 11 -27.986200332641602
v 16.247749328613281 8 -27.986200332641602
v 16.247749328613281 11 -27.986200332641602
v 16.247749328613281 8 -8.2402496337890625
v 16.247749328613281 11 -8.2402496337890625
vt 0 0
vt 0 0.64999955892562866
vt 0.25 0
vt 0.25 0.64999955892562866
vt 0.25 0
vt 0.25 0.64999955892562866
vt 0.5 0
vt 0.5 0.64999955892562866
vt 0.5 0
vt 0.5 0.64999955892562866
vt 0.75 0
vt 0.75 0.64999955892562866
vt 0.75 0
vt 0.75 0.64999955892562866
vt 1 0
vt 1 0.64999955892562866
vt 0.42471808195114136 0.65000021457672119
vt 0 0.65000021457672119
vt 0 1
vt 0.42471808195114136 1
vt 1 1
vt 0.57528191804885864 1
vt 0.57528191804885864 0.65000021457672119
vt 1 0.65000021457672119
vn 1 0 0
vn 1 0 0
vn 1 0 0
vn 1 0 0
vn 0 0 -1
vn 0 0 -1
vn 0 0 -1
vn 0 0 -1
vn -1 0 0
vn -1 0 0
vn -1 0 0
vn -1 0 0
vn 0 0 1
vn 0 0 1
vn 0 0 1
vn 0 0 1
vn 0 -1 0
vn 0 -1 0
vn 0 -1 0
vn 0 -1 0
vn 0 1 0
vn 0 1 0
vn 0 1 0
vn 0 1 0
f 1625/4889/4889 1631/4892/4892 1629/4891/4891 1627/4890/4890
f 1630/4895/4895 1632/4896/4896 1626/4893/4893 1628/4894/4894
f 1625/4873/4873 1627/4875/4875 1628/4876/4876 1626/4874/4874
f 1627/4877/4877 1629/4879/4879 1630/4880/4880 1628/4878/4878
f 1629/4881/4881 1631/4883/4883 1632/4884/4884 1630/4882/4882
f 1631/4885/4885 1625/4887/4887 1626/4888/4888 1632/4886/4886
g object_205
v 19.747749328613281 5 -8.2402496337890625
v 19.747749328613281 8 -8.2402496337890625
v 19.747749328613281 5 -27.986200332641602
v 19.747749328613281 8 -27.986200332641602
v 16.247749328613281 5 -27.986200332641602
v 16.247749328613281 8 -27.986200332641602
v 16.247749328613281 5 -8.2402496337890625
v 16.247749328613281 8 -8.2402496337890625
vt 0 0
vt 0 0.64999955892562866
vt 0.25 0
vt 0.25 0.64999955892562866
vt 0.25 0
vt 0.25 0.64999955892562866
vt 0.5 0
vt 0.5 0.64999955892562866
vt 0.5 0
vt 0.5 0.64999955892562866
vt 0.75 0
vt 0.75 0.64999955892562866
vt 0.75 0
vt 0.75 0.64999955892562866
vt 1 0
vt 1 0.64999955892562866
vt 0.42471808195114136 0.65000021457672119
vt 0 0.65000021457672119
vt 0 1
vt 0.42471808195114136 1
vt 1 1
vt 0.57528191804885864 1
vt 0.57528191804885864 0.65000021457672119
vt 1 0.65000021457672119
vn 1 0 0
vn 1 0 0
vn 1 0 0
vn 1 0 0
vn 0 0 -1
vn 0 0 -1
vn 0 0 -1
vn 0 0 -1
vn -1 0 0
vn -1 0 0
vn -1 0 0
vn -1 0 0
vn 0 0 1
vn 0 0 1
vn 0 0 1
vn 0 0 1
vn 0 -1 0
vn 0 -1 0
vn 0 -1 0
vn 0 -1 0
vn 0 1 0
vn 0 1 0
vn 0 1 0
vn 0 1 0
f 1633/4913/4913 1639/4916/4916 1637/4915/4915 1635/4914/4914
f 1638/4919/4919 1640/4920/4920 1634/4917/4917 1636/4918/4918
f 1633/4897/4897 1635/4899/4899 1636/4900/4900 1634/4898/4898
f 1635/4901/4901 1637/4903/4903 1638/4904/4904 1636/4902/4902
f 1637/4905/4905 1639/4907/4907 1640/4908/4908 1638/4906/4906
f 1639/4909/4909 1633/4911/4911 1634/4912/4912 1640/4910/4910
g object_206
v 19.747749328613281 26 -31.986200332641602
v 19.747749328613281 29 -31.986200332641602
v 19.747749328613281 26 -51.986198425292969
v 19.747749328613281 29 -51.986198425292969
v 16.247749328613281 26 -51.986198425292969
v 16.247749328613281 29 -51.986198425292969
v 16.247749328613281 26 -31.986200332641602
v 16.247749328613281 29 -31.986200332641602
vt 0 0
vt 0 0.64999955892562866
vt 0.25 0
vt 0.25 0.64999955892562866
vt 0.25 0
vt 0.25 0.64999955892562866
vt 0.5 0
vt 0.5 0.64999955892562866
vt 0.5 0
vt 0.5 0.64999955892562866
vt 0.75 0
vt 0.75 0.64999955892562866
vt 0.75 0
vt 0.75 0.64999955892562866
vt 1 0
vt 1 0.64999955892562866
vt 0.42553192377090454 0.65000021457672119
vt 0 0.65000021457672119
vt 0 1
vt 0.42553192377090454 1
vt 1 1
vt 0.57446807622909546 1
vt 0.57446807622909546 0.65000021457672119
vt 1 0.65000021457672119
vn 1 0 0
vn 1 0 0
vn 1 0 0
vn 1 0 0
vn 0 0 -1
vn 0 0 -1
vn 0 0 -1
vn 0 0 -1
vn -1 0 0
vn -1 0 0
vn -1 0 0
vn -1 0 0
vn 0 0 1
vn 0 0 1
vn 0 0 1
vn 0 0 1
vn 0 -1 0
vn 0 -1 0
vn 0 -1 0
vn 0 -1 0
vn 0 1 0
vn 0 1 0
vn 0 1 0
vn 0 1 0
f 1641/4937/4937 1647/4940/4940 1645/4939/4939 1643/4938/4938
f 1646/4943/4943 1648/4944/4944 1642/4941/4941 1644/4942/4942
f 1641/4921/4921 1643/4923/4923 1644/4924/4924 1642/4922/4922
f 1643/4925/4925 1645/4927/4927 1646/4928/4928 1644/4926/4926
f 1645/4929/4929 1647/4931/4931 1648/4932/4932 1646/4930/4930
f 1647/4933/4933 1641/4935/4935 1642/4936/4936 1648/4934/4934
g object_207
v 19.747749328613281 23 -31.986200332641602
v 19.747749328613281 26 -31.986200332641602
v 19.747749328613281 23 -51.986198425292969
v 19.747749328613281 26 -51.986198425292969
v 16.247749328613281 23 -51.986198425292969
v 16.247749328613281 26 -51.986198425292969
v 16.247749328613281 23 -31.986200332641602
v 16.247749328613281 26 -31.986200332641602
vt 0 0
vt 0 0.64999955892562866
vt 0.25 0
vt 0.25 0.64999955892562866
vt 0.25 0
vt 0.25 0.64999955892562866
vt 0.5 0
vt 0.5 0.64999955892562866
vt 0.5 0
vt 0.5 0.64999955892562866
vt 0.75 0
vt 0.75 0.64999955892562866
vt 0.75 0
vt 0.75 0.64999955892562866
vt 1 0
vt 1 0.64999955892562866
vt 0.42553192377090454 0.65000021457672119
vt 0 0.65000021457672119
vt 0 1
vt 0.42553192377090454 1
vt 1 1
vt 0.57446807622909546 1
vt 0.57446807622909546 0.65000021457672119
vt 1 0.65000021457672119
vn 1 0 0
vn 1 0 0
vn 1 0 0
vn 1 0 0
vn 0 0 -1
vn 0 0 -1
vn 0 0 -1
vn 0 0 -1
vn -1 0 0
vn -1 0 0
vn -1 0 0
vn -1 0 0
vn 0 0 1
vn 0 0 1
vn 0 0 1
vn 0 0 1
vn 0 -1 0
vn 0 -1 0
vn 0 -1 0
vn 0 -1 0
vn 0 1 0
vn 0 1 0
vn 0 1 0
vn 0 1 0
f 1649/4961/4961 1655/4964/4964 1653/4963/4963 1651/4962/4962
f 1654/4967/4967 1656/4968/4968 1650/4965/4965 1652/4966/4966
f 1649/4945/4945 1651/4947/4947 1652/4948/4948 1650/4946/4946
f 1651/4949/4949 1653/4951/4951 1654/4952/4952 1652/4950/4950
f 1653/4953/4953 1655/4955/4955 1656/4956/4956 1654/4954/4954
f 1655/4957/4957 1649/4959/4959 1650/4960/4960 1656/4958/4958
g object_208
v 19.747749328613281 20 -31.986200332641602
v 19.747749328613281 23 -31.986200332641602
v 19.747749328613281 20 -51.986198425292969
v 19.747749328613281 23 -51.986198425292969
v 16.247749328613281 20 -51.986198425292969
v 16.247749328613281 23 -51.986198425292969
v 16.247749328613281 20 -31.986200332641602
v 16.247749328613281 23 -31.986200332641602
vt 0 0
vt 0 0.64999955892562866
vt 0.25 0
vt 0.25 0.64999955892562866
vt 0.25 0
vt 0.25 0.64999955892562866
vt 0.5 0
vt 0.5 0.64999955892562866
vt 0.5 0
vt 0.5 0.64999955892562866
vt 0.75 0
vt 0.75 0.64999955892562866
vt 0.75 0
vt 0.75 0.64999955892562866
vt 1 0
vt 1 0.64999955892562866
vt 0.42553192377090454 0.65000021457672119
vt 0 0.65000021457672119
vt 0 1
vt 0.42553192377090454 1
vt 1 1
vt 0.57446807622909546 1
vt 0.57446807622909546 0.65000021457672119
vt 1 0.65000021457672119
vn 1 0 0
vn 1 0 0
vn 1 0 0
vn 1 0 0
vn 0 0 -1
vn 0 0 -1
vn 0 0 -1
vn 0 0 -1
vn -1 0 0
vn -1 0 0
vn -1 0 0
vn -1 0 0
vn 0 0 1
vn 0 0 1
vn 0 0 1
vn 0 0 1
vn 0 -1 0
vn 0 -1 0
vn 0 -1 0
vn 0 -1 0
vn 0 1 0
vn 0 1 0
vn 0 1 0
vn 0 1 0
f 1657/4985/4985 1663/4988/4988 1661/4987/4987 1659/4986/4986
f 1662/4991/4991 1664/4992/4992 1658/4989/4989 1660/4990/4990
f 1657/4969/4969 1659/4971/4971 1660/4972/4972 1658/4970/4970
f 1659/4973/4973 1661/4975/4975 1662/4976/4976 1660/4974/4974
f 1661/4977/4977 1663/4979/4979 1664/4980/4980 1662/4978/4978
f 1663/4981/4981 1657/4983/4983 1658/4984/4984 1664/4982/4982
g object_209
v 19.747749328613281 17 -31.986200332641602
v 19.747749328613281 20 -31.986200332641602
v 19.747749328613281 17 -51.986198425292969
v 19.747749328613281 20 -51.986198425292969
v 16.247749328613281 17 -51.986198425292969
v 16.247749328613281 20 -51.986198425292969
v 16.247749328613281 17 -31.986200332641602
v 16.247749328613281 20 -31.986200332641602
vt 0 0
vt 0 0.64999955892562866
vt 0.25 0
vt 0.25 0.64999955892562866
vt 0.25 0
vt 0.25 0.64999955892562866
vt 0.5 0
vt 0.5 0.64999955892562866
vt 0.5 0
vt 0.5 0.64999955892562866
vt 0.75 0
vt 0.75 0.64999955892562866
vt 0.75 0
vt 0.75 0.64999955892562866
vt 1 0
vt 1 0.64999955892562866
vt 0.42553192377090454 0.65000021457672119
vt 0 0.65000021457672119
vt 0 1
vt 0.42553192377090454 1
vt 1 1
vt 0.57446807622909546 1
vt 0.57446807622909546 0.65000021457672119
vt 1 0.65000021457672119
vn 1 0 0
vn 1 0 0
vn 1 0 0
vn 1 0 0
vn 0 0 -1
vn 0 0 -1
vn 0 0 -1
vn 0 0 -1
vn -1 0 0
vn -1 0 0
vn -1 0 0
vn -1 0 0
vn 0 0 1
vn 0 0 1
vn 0 0 1
vn 0 0 1
vn 0 -1 0
vn 0 -1 0
vn 0 -1 0
vn 0 -1 0
vn 0 1 0
vn 0 1 0
vn 0 1 0
vn 0 1 0
f 1665/5009/5009 1671/5012/5012 1669/5011/5011 1667/5010/5010
f 1670/5015/5015 1672/5016/5016 1666/5013/5013 1668/5014/5014
f 1665/4993/4993 1667/4995/4995 1668/4996/4996 1666/4994/4994
f 1667/4997/4997 1669/4999/4999 1670/5000/5000 1668/4998/4998
f 1669/5001/5001 1671/5003/5003 1672/5004/5004 1670/5002/5002
f 1671/5005/5005 1665/5007/5007 1666/5008/5008 1672/5006/5006
g object_210
v 19.747749328613281 14 -31.986200332641602
v 19.747749328613281 17 -31.986200332641602
v 19.747749328613281 14 -51.986198425292969
v 19.747749328613281 17 -51.986198425292969
v 16.247749328613281 14 -51.986198425292969
v 16.247749328613281 17 -51.986198425292969
v 16.247749328613281 14 -31.986200332641602
v 16.247749328613281 17 -31.986200332641602
vt 0 0
vt 0 0.64999955892562866
vt 0.25 0
vt 0.25 0.64999955892562866
vt 0.25 0
vt 0.25 0.64999955892562866
vt 0.5 0
vt 0.5 0.64999955892562866
vt 0.5 0
vt 0.5 0.64999955892562866
vt 0.75 0
vt 0.75 0.64999955892562866
vt 0.75 0
vt 0.75 0.64999955892562866
vt 1 0
vt 1 0.64999955892562866
vt 0.42553192377090454 0.65000021457672119
vt 0 0.65000021457672119
vt 0 1
vt 0.42553192377090454 1
vt 1 1
vt 0.57446807622909546 1
vt 0.57446807622909546 0.65000021457672119
vt 1 0.65000021457672119
vn 1 0 0
vn 1 0 0
vn 1 0 0
vn 1 0 0
vn 0 0 -1
vn 0 0 -1
vn 0 0 -1
vn 0 0 -1
vn -1 0 0
vn -1 0 0
vn -1 0 0
vn -1 0 0
vn 0 0 1
vn 0 0 1
vn 0 0 1
vn 0 0 1
vn 0 -1 0
vn 0 -1 0
vn 0 -1 0
vn 0 -1 0
vn 0 1 0
vn 0 1 0
vn 0 1 0
vn 0 1 0
f 1673/5033/5033 1679/5036/5036 1677/5035/5035 1675/5034/5034
f 1678/5039/5039 1680/5040/5040 1674/5037/5037 1676/5038/5038
f 1673/5017/5017 1675/5019/5019 1676/5020/5020 1674/5018/5018
f 1675/5021/5021 1677/5023/5023 1678/5024/5024 1676/5022/5022
f 1677/5025/5025 1679/5027/5027 1680/5028/5028 1678/5026/5026
f 1679/5029/5029 1673/5031/5031 1674/5032/5032 1680/5030/5030
g object_211
v 19.747749328613281 11 -31.986200332641602
v 19.747749328613281 14 -31.986200332641602
v 19.747749328613281 11 -51.986198425292969
v 19.747749328613281 14 -51.986198425292969
v 16.247749328613281 11 -51.986198425292969
v 16.247749328613281 14 -51.986198425292969
v 16.247749328613281 11 -31.986200332641602
v 16.247749328613281 14 -31.986200332641602
vt 0 0
vt 0 0.64999955892562866
vt 0.25 0
vt 0.25 0.64999955892562866
vt 0.25 0
vt 0.25 0.64999955892562866
vt 0.5 0
vt 0.5 0.64999955892562866
vt 0.5 0
vt 0.5 0.64999955892562866
vt 0.75 0
vt 0.75 0.64999955892562866
vt 0.75 0
vt 0.75 0.64999955892562866
vt 1 0
vt 1 0.64999955892562866
vt 0.42553192377090454 0.65000021457672119
vt 0 0.65000021457672119
vt 0 1
vt 0.42553192377090454 1
vt 1 1
vt 0.57446807622909546 1
vt 0.57446807622909546 0.65000021457672119
vt 1 0.65000021457672119
vn 1 0 0
vn 1 0 0
vn 1 0 0
vn 1 0 0
vn 0 0 -1
vn 0 0 -1
vn 0 0 -1
vn 0 0 -1
vn -1 0 0
vn -1 0 0
vn -1 0 0
vn -1 0 0
vn 0 0 1
vn 0 0 1
vn 0 0 1
vn 0 0 1
vn 0 -1 0
vn 0 -1 0
vn 0 -1 0
vn 0 -1 0
vn 0 1 0
vn 0 1 0
vn 0 1 0
vn 0 1 0
f 1681/5057/5057 1687/5060/5060 1685/5059/5059 1683/5058/5058
f 1686/5063/5063 1688/5064/5064 1682/5061/5061 1684/5062/5062
f 1681/5041/5041 1683/5043/5043 1684/5044/5044 1682/5042/5042
f 1683/5045/5045 1685/5047/5047 1686/5048/5048 1684/5046/5046
f 1685/5049/5049 1687/5051/5051 1688/5052/5052 1686/5050/5050
f 1687/5053/5053 1681/5055/5055 1682/5056/5056 1688/5054/5054
g object_212
v 19.747749328613281 8 -31.986200332641602
v 19.747749328613281 11 -31.986200332641602
v 19.747749328613281 8 -51.986198425292969
v 19.747749328613281 11 -51.986198425292969
v 16.247749328613281 8 -51.986198425292969
v 16.247749328613281 11 -51.986198425292969
v 16.247749328613281 8 -31.986200332641602
v 16.247749328613281 11 -31.986200332641602
vt 0 0
vt 0 0.64999955892562866
vt 0.25 0
vt 0.25 0.64999955892562866
vt 0.25 0
vt 0.25 0.64999955892562866
vt 0.5 0
vt 0.5 0.64999955892562866
vt 0.5 0
vt 0.5 0.64999955892562866
vt 0.75 0
vt 0.75 0.64999955892562866
vt 0.75 0
vt 0.75 0.64999955892562866
vt 1 0
vt 1 0.64999955892562866
vt 0.42553192377090454 0.65000021457672119
vt 0 0.65000021457672119
vt 0 1
vt 0.42553192377090454 1
vt 1 1
vt 0.57446807622909546 1
vt 0.57446807622909546 0.65000021457672119
vt 1 0.65000021457672119
vn 1 0 0
vn 1 0 0
vn 1 0 0
vn 1 0 0
vn 0 0 -1
vn 0 0 -1
vn 0 0 -1
vn 0 0 -1
vn -1 0 0
vn -1 0 0
vn -1 0 0
vn -1 0 0
vn 0 0 1
vn 0 0 1
vn 0 0 1
vn 0 0 1
vn 0 -1 0
vn 0 -1 0
vn 0 -1 0
vn 0 -1 0
vn 0 1 0
vn 0 1 0
vn 0 1 0
vn 0 1 0
f 1689/5081/5081 1695/5084/5084 1693/5083/5083 1691/5082/5082
f 1694/5087/5087 1696/5088/5088 1690/5085/5085 1692/5086/5086
f 1689/5065/5065 1691/5067/5067 1692/5068/5068 1690/5066/5066
f 1691/5069/5069 1693/5071/5071 1694/5072/5072 1692/5070/5070
f 1693/5073/5073 1695/5075/5075 1696/5076/5076 1694/5074/5074
f 1695/5077/5077 1689/5079/5079 1690/5080/5080 1696/5078/5078
g object_213
v 19.747749328613281 5 -31.986200332641602
v 19.747749328613281 8 -31.986200332641602
v 19.747749328613281 5 -51.986198425292969
v 19.747749328613281 8 -51.986198425292969
v 16.247749328613281 5 -51.986198425292969
v 16.247749328613281 8 -51.986198425292969
v 16.247749328613281 5 -31.986200332641602
v 16.247749328613281 8 -31.986200332641602
vt 0 0
vt 0 0.64999955892562866
vt 0.25 0
vt 0.25 0.64999955892562866
vt 0.25 0
vt 0.25 0.64999955892562866
vt 0.5 0
vt 0.5 0.64999955892562866
vt 0.5 0
vt 0.5 0.64999955892562866
vt 0.75 0
vt 0.75 0.64999955892562866
vt 0.75 0
vt 0.75 0.64999955892562866
vt 1 0
vt 1 0.64999955892562866
vt 0.42553192377090454 0.65000021457672119
vt 0 0.65000021457672119
vt 0 1
vt 0.42553192377090454 1
vt 1 1
vt 0.57446807622909546 1
vt 0.57446807622909546 0.65000021457672119
vt 1 0.65000021457672119
vn 1 0 0
vn 1 0 0
vn 1 0 0
vn 1 0 0
vn 0 0 -1
vn 0 0 -1
vn 0 0 -1
vn 0 0 -1
vn -1 0 0
vn -1 0 0
vn -1 0 0
vn -1 0 0
vn 0 0 1
vn 0 0 1
vn 0 0 1
vn 0 0 1
vn 0 -1 0
vn 0 -1 0
vn 0 -1 0
vn 0 -1 0
vn 0 1 0
vn 0 1 0
vn 0 1 0
vn 0 1 0
f 1697/5105/5105 1703/5108/5108 1701/5107/5107 1699/5106/5106
f 1702/5111/5111 1704/5112/5112 1698/5109/5109 1700/5110/5110
f 1697/5089/5089 1699/5091/5091 1700/5092/5092 1698/5090/5090
f 1699/5093/5093 1701/5095/5095 1702/5096/5096 1700/5094/5094
f 1701/5097/5097 1703/5099/5099 1704/5100/5100 1702/5098/5098
f 1703/5101/5101 1697/5103/5103 1698/5104/5104 1704/5102/5102
g object_214
v 13.697749137878418 0 -23.737009048461914
v 13.697749137878418 5 -23.737009048461914
v 14.297749519348145 0 -23.737009048461914
v 14.297749519348145 5 -23.737009048461914
v 14.297749519348145 0 -24.337009429931641
v 14.297749519348145 5 -24.337009429931641
v 13.697749137878418 0 -24.337009429931641
v 13.697749137878418 5 -24.337009429931641
vt 0.99853515625 0.6696428656578064
vt 0.1071428582072258 0.6696428656578064
vt 0.99853515625 0.77678573131561279
vt 0.1071428582072258 0.77678573131561279
vt 0 0
vt 0 0.8913922905921936
vt 0.1056780144572258 0
vt 0.1056780144572258 0.8913922905921936
vt 0.99853515625 0.4464285671710968
vt 0.1071428582072258 0.4464285671710968
vt 0.99853515625 0.55357140302658081
vt 0.1071428582072258 0.55357140302658081
vt 0.99853515625 0.2232142835855484
vt 0.1071428582072258 0.2232142835855484
vt 0.99853515625 0.3303571343421936
vt 0.1071428582072258 0.3303571343421936
vt 0.55357140302658081 0
vt 0.55357140302658081 0.1071428582072258
vt 0.66071426868438721 0
vt 0.66071426868438721 0.1071428582072258
vt 0.1071428582072258 0
vt 0.1071428582072258 0.1071428582072258
vt 0.2142857164144516 0
vt 0.2142857164144516 0.1071428582072258
vn 0 0 1
vn 0 0 1
vn 0 0 1
vn 0 0 1
vn 1 0 0
vn 1 0 0
vn 1 0 0
vn 1 0 0
vn 0 0 -1
vn 0 0 -1
vn 0 0 -1
vn 0 0 -1
vn -1 0 0
vn -1 0 0
vn -1 0 0
vn -1 0 0
vn 0 -1 0
vn 0 -1 0
vn 0 -1 0
vn 0 -1 0
vn 0 1 0
vn 0 1 0
vn 0 1 0
vn 0 1 0
f 1706/5114/5114 1705/5113/5113 1707/5115/5115 1708/5116/5116
f 1708/5118/5118 1707/5117/5117 1709/5119/5119 1710/5120/5120
f 1710/5122/5122 1709/5121/5121 1711/5123/5123 1712/5124/5124
f 1712/5126/5126 1711/5125/5125 1705/5127/5127 1706/5128/5128
f 1707/5130/5130 1705/5129/5129 1711/5131/5131 1709/5132/5132
f 1712/5134/5134 1706/5133/5133 1708/5135/5135 1710/5136/5136
g object_215
v 13.697749137878418 0 -19.787820816040039
v 13.697749137878418 5 -19.787820816040039
v 14.297749519348145 0 -19.787820816040039
v 14.297749519348145 5 -19.787820816040039
v 14.297749519348145 0 -20.387819290161133
v 14.297749519348145 5 -20.387819290161133
v 13.697749137878418 0 -20.387819290161133
v 13.697749137878418 5 -20.387819290161133
vt 0.99853515625 0.6696428656578064
vt 0.1071428582072258 0.6696428656578064
vt 0.99853515625 0.77678573131561279
vt 0.1071428582072258 0.77678573131561279
vt 0 0
vt 0 0.8913922905921936
vt 0.1056780144572258 0
vt 0.1056780144572258 0.8913922905921936
vt 0.99853515625 0.4464285671710968
vt 0.1071428582072258 0.4464285671710968
vt 0.99853515625 0.55357140302658081
vt 0.1071428582072258 0.55357140302658081
vt 0.99853515625 0.2232142835855484
vt 0.1071428582072258 0.2232142835855484
vt 0.99853515625 0.3303571343421936
vt 0.1071428582072258 0.3303571343421936
vt 0.55357140302658081 0
vt 0.55357140302658081 0.1071428582072258
vt 0.66071426868438721 0
vt 0.66071426868438721 0.1071428582072258
vt 0.1071428582072258 0
vt 0.1071428582072258 0.1071428582072258
vt 0.2142857164144516 0
vt 0.2142857164144516 0.1071428582072258
vn 0 0 1
vn 0 0 1
vn 0 0 1
vn 0 0 1
vn 1 0 0
vn 1 0 0
vn 1 0 0
vn 1 0 0
vn 0 0 -1
vn 0 0 -1
vn 0 0 -1
vn 0 0 -1
vn -1 0 0
vn -1 0 0
vn -1 0 0
vn -1 0 0
vn 0 -1 0
vn 0 -1 0
vn 0 -1 0
vn 0 -1 0
vn 0 1 0
vn 0 1 0
vn 0 1 0
vn 0 1 0
f 1714/5138/5138 1713/5137/5137 1715/5139/5139 1716/5140/5140
f 1716/5142/5142 1715/5141/5141 1717/5143/5143 1718/5144/5144
f 1718/5146/5146 1717/5145/5145 1719/5147/5147 1720/5148/5148
f 1720/5150/5150 1719/5149/5149 1713/5151/5151 1714/5152/5152
f 1715/5154/5154 1713/5153/5153 1719/5155/5155 1717/5156/5156
f 1720/5158/5158 1714/5157/5157 1716/5159/5159 1718/5160/5160
g object_216
v 13.697749137878418 0 -15.838629722595215
v 13.697749137878418 5 -15.838629722595215
v 14.297749519348145 0 -15.838629722595215
v 14.297749519348145 5 -15.838629722595215
v 14.297749519348145 0 -16.438629150390625
v 14.297749519348145 5 -16.438629150390625
v 13.697749137878418 0 -16.438629150390625
v 13.697749137878418 5 -16.438629150390625
vt 0.99853515625 0.6696428656578064
vt 0.1071428582072258 0.6696428656578064
vt 0.99853515625 0.77678573131561279
vt 0.1071428582072258 0.77678573131561279
vt 0 0
vt 0 0.8913922905921936
vt 0.1056780144572258 0
vt 0.1056780144572258 0.8913922905921936
vt 0.99853515625 0.4464285671710968
vt 0.1071428582072258 0.4464285671710968
vt 0.99853515625 0.55357140302658081
vt 0.1071428582072258 0.55357140302658081
vt 0.99853515625 0.2232142835855484
vt 0.1071428582072258 0.2232142835855484
vt 0.99853515625 0.3303571343421936
vt 0.1071428582072258 0.3303571343421936
vt 0.55357140302658081 0
vt 0.55357140302658081 0.1071428582072258
vt 0.66071426868438721 0
vt 0.66071426868438721 0.1071428582072258
vt 0.1071428582072258 0
vt 0.1071428582072258 0.1071428582072258
vt 0.2142857164144516 0
vt 0.2142857164144516 0.1071428582072258
vn 0 0 1
vn 0 0 1
vn 0 0 1
vn 0 0 1
vn 1 0 0
vn 1 0 0
vn 1 0 0
vn 1 0 0
vn 0 0 -1
vn 0 0 -1
vn 0 0 -1
vn 0 0 -1
vn -1 0 0
vn -1 0 0
vn -1 0 0
vn -1 0 0
vn 0 -1 0
vn 0 -1 0
vn 0 -1 0
vn 0 -1 0
vn 0 1 0
vn 0 1 0
vn 0 1 0
vn 0 1 0
f 1722/5162/5162 1721/5161/5161 1723/5163/5163 1724/5164/5164
f 1724/5166/5166 1723/5165/5165 1725/5167/5167 1726/5168/5168
f 1726/5170/5170 1725/5169/5169 1727/5171/5171 1728/5172/5172
f 1728/5174/5174 1727/5173/5173 1721/5175/5175 1722/5176/5176
f 1723/5178/5178 1721/5177/5177 1727/5179/5179 1725/5180/5180
f 1728/5182/5182 1722/5181/5181 1724/5183/5183 1726/5184/5184
g object_217
v 13.697749137878418 0 -11.889439582824707
v 13.697749137878418 5 -11.889439582824707
v 14.297749519348145 0 -11.889439582824707
v 14.297749519348145 5 -11.889439582824707
v 14.297749519348145 0 -12.489439964294434
v 14.297749519348145 5 -12.489439964294434
v 13.697749137878418 0 -12.489439964294434
v 13.697749137878418 5 -12.489439964294434
vt 0.99853515625 0.6696428656578064
vt 0.1071428582072258 0.6696428656578064
vt 0.99853515625 0.77678573131561279
vt 0.1071428582072258 0.77678573131561279
vt 0 0
vt 0 0.8913922905921936
vt 0.1056780144572258 0
vt 0.1056780144572258 0.8913922905921936
vt 0.99853515625 0.4464285671710968
vt 0.1071428582072258 0.4464285671710968
vt 0.99853515625 0.55357140302658081
vt 0.1071428582072258 0.55357140302658081
vt 0.99853515625 0.2232142835855484
vt 0.1071428582072258 0.2232142835855484
vt 0.99853515625 0.3303571343421936
vt 0.1071428582072258 0.3303571343421936
vt 0.55357140302658081 0
vt 0.55357140302658081 0.1071428582072258
vt 0.66071426868438721 0
vt 0.66071426868438721 0.1071428582072258
vt 0.1071428582072258 0
vt 0.1071428582072258 0.1071428582072258
vt 0.2142857164144516 0
vt 0.2142857164144516 0.1071428582072258
vn 0 0 1
vn 0 0 1
vn 0 0 1
vn 0 0 1
vn 1 0 0
vn 1 0 0
vn 1 0 0
vn 1 0 0
vn 0 0 -1
vn 0 0 -1
vn 0 0 -1
vn 0 0 -1
vn -1 0 0
vn -1 0 0
vn -1 0 0
vn -1 0 0
vn 0 -1 0
vn 0 -1 0
vn 0 -1 0
vn 0 -1 0
vn 0 1 0
vn 0 1 0
vn 0 1 0
vn 0 1 0
f 1730/5186/5186 1729/5185/5185 1731/5187/5187 1732/5188/5188
f 1732/5190/5190 1731/5189/5189 1733/5191/5191 1734/5192/5192
f 1734/5194/5194 1733/5193/5193 1735/5195/5195 1736/5196/5196
f 1736/5198/5198 1735/5197/5197 1729/5199/5199 1730/5200/5200
f 1731/5202/5202 1729/5201/5201 1735/5203/5203 1733/5204/5204
f 1736/5206/5206 1730/5205/5205 1732/5207/5207 1734/5208/5208
g object_218
v 21.697750091552734 0 -23.737009048461914
v 21.697750091552734 5 -23.737009048461914
v 22.297748565673828 0 -23.737009048461914
v 22.297748565673828 5 -23.737009048461914
v 22.297748565673828 0 -24.337009429931641
v 22.297748565673828 5 -24.337009429931641
v 21.697750091552734 0 -24.337009429931641
v 21.697750091552734 5 -24.337009429931641
vt 0.99853515625 0.6696428656578064
vt 0.1071428582072258 0.6696428656578064
vt 0.99853515625 0.77678573131561279
vt 0.1071428582072258 0.77678573131561279
vt 0 0
vt 0 0.8913922905921936
vt 0.1056780144572258 0
vt 0.1056780144572258 0.8913922905921936
vt 0.99853515625 0.4464285671710968
vt 0.1071428582072258 0.4464285671710968
vt 0.99853515625 0.55357140302658081
vt 0.1071428582072258 0.55357140302658081
vt 0.99853515625 0.2232142835855484
vt 0.1071428582072258 0.2232142835855484
vt 0.99853515625 0.3303571343421936
vt 0.1071428582072258 0.3303571343421936
vt 0.55357140302658081 0
vt 0.55357140302658081 0.1071428582072258
vt 0.66071426868438721 0
vt 0.66071426868438721 0.1071428582072258
vt 0.1071428582072258 0
vt 0.1071428582072258 0.1071428582072258
vt 0.2142857164144516 0
vt 0.2142857164144516 0.1071428582072258
vn 0 0 1
vn 0 0 1
vn 0 0 1
vn 0 0 1
vn 1 0 0
vn 1 0 0
vn 1 0 0
vn 1 0 0
vn 0 0 -1
vn 0 0 -1
vn 0 0 -1
vn 0 0 -1
vn -1 0 0
vn -1 0 0
vn -1 0 0
vn -1 0 0
vn 0 -1 0
vn 0 -1 0
vn 0 -1 0
vn 0 -1 0
vn 0 1 0
vn 0 1 0
vn 0 1 0
vn 0 1 0
f 1738/5210/5210 1737/5209/5209 1739/5211/5211 1740/5212/5212
f 1740/5214/5214 1739/5213/5213 1741/5215/5215 1742/5216/5216
f 1742/5218/5218 1741/5217/5217 1743/5219/5219 1744/5220/5220
f 1744/5222/5222 1743/5221/5221 1737/5223/5223 1738/5224/5224
f 1739/5226/5226 1737/5225/5225 1743/5227/5227 1741/5228/5228
f 1744/5230/5230 1738/5229/5229 1740/5231/5231 1742/5232/5232
g object_219
v 21.697750091552734 0 -19.787820816040039
v 21.697750091552734 5 -19.787820816040039
v 22.297748565673828 0 -19.787820816040039
v 22.297748565673828 5 -19.787820816040039
v 22.297748565673828 0 -20.387819290161133
v 22.297748565673828 5 -20.387819290161133
v 21.697750091552734 0 -20.387819290161133
v 21.697750091552734 5 -20.387819290161133
vt 0.99853515625 0.6696428656578064
vt 0.1071428582072258 0.6696428656578064
vt 0.99853515625 0.77678573131561279
vt 0.1071428582072258 0.77678573131561279
vt 0 0
vt 0 0.8913922905921936
vt 0.1056780144572258 0
vt 0.1056780144572258 0.8913922905921936
vt 0.99853515625 0.4464285671710968
vt 0.1071428582072258 0.4464285671710968
vt 0.99853515625 0.55357140302658081
vt 0.1071428582072258 0.55357140302658081
vt 0.99853515625 0.2232142835855484
vt 0.1071428582072258 0.2232142835855484
vt 0.99853515625 0.3303571343421936
vt 0.1071428582072258 0.3303571343421936
vt 0.55357140302658081 0
vt 0.55357140302658081 0.1071428582072258
vt 0.66071426868438721 0
vt 0.66071426868438721 0.1071428582072258
vt 0.1071428582072258 0
vt 0.1071428582072258 0.1071428582072258
vt 0.2142857164144516 0
vt 0.2142857164144516 0.1071428582072258
vn 0 0 1
vn 0 0 1
vn 0 0 1
vn 0 0 1
vn 1 0 0
vn 1 0 0
vn 1 0 0
vn 1 0 0
vn 0 0 -1
vn 0 0 -1
vn 0 0 -1
vn 0 0 -1
vn -1 0 0
vn -1 0 0
vn -1 0 0
vn -1 0 0
vn 0 -1 0
vn 0 -1 0
vn 0 -1 0
vn 0 -1 0
vn 0 1 0
vn 0 1 0
vn 0 1 0
vn 0 1 0
f 1746/5234/5234 1745/5233/5233 1747/5235/5235 1748/5236/5236
f 1748/5238/5238 1747/5237/5237 1749/5239/5239 1750/5240/5240
f 1750/5242/5242 1749/5241/5241 1751/5243/5243 1752/5244/5244
f 1752/5246/5246 1751/5245/5245 1745/5247/5247 1746/5248/5248
f 1747/5250/5250 1745/5249/5249 1751/5251/5251 1749/5252/5252
f 1752/5254/5254 1746/5253/5253 1748/5255/5255 1750/5256/5256
g object_220
v 21.697750091552734 0 -15.838629722595215
v 21.697750091552734 5 -15.838629722595215
v 22.297748565673828 0 -15.838629722595215
v 22.297748565673828 5 -15.838629722595215
v 22.297748565673828 0 -16.438629150390625
v 22.297748565673828 5 -16.438629150390625
v 21.697750091552734 0 -16.438629150390625
v 21.697750091552734 5 -16.438629150390625
vt 0.99853515625 0.6696428656578064
vt 0.1071428582072258 0.6696428656578064
vt 0.99853515625 0.77678573131561279
vt 0.1071428582072258 0.77678573131561279
vt 0 0
vt 0 0.8913922905921936
vt 0.1056780144572258 0
vt 0.1056780144572258 0.8913922905921936
vt 0.99853515625 0.4464285671710968
vt 0.1071428582072258 0.4464285671710968
vt 0.99853515625 0.55357140302658081
vt 0.1071428582072258 0.55357140302658081
vt 0.99853515625 0.2232142835855484
vt 0.1071428582072258 0.2232142835855484
vt 0.99853515625 0.3303571343421936
vt 0.1071428582072258 0.3303571343421936
vt 0.55357140302658081 0
vt 0.55357140302658081 0.1071428582072258
vt 0.66071426868438721 0
vt 0.66071426868438721 0.1071428582072258
vt 0.1071428582072258 0
vt 0.1071428582072258 0.1071428582072258
vt 0.2142857164144516 0
vt 0.2142857164144516 0.1071428582072258
vn 0 0 1
vn 0 0 1
vn 0 0 1
vn 0 0 1
vn 1 0 0
vn 1 0 0
vn 1 0 0
vn 1 0 0
vn 0 0 -1
vn 0 0 -1
vn 0 0 -1
vn 0 0 -1
vn -1 0 0
vn -1 0 0
vn -1 0 0
vn -1 0 0
vn 0 -1 0
vn 0 -1 0
vn 0 -1 0
vn 0 -1 0
vn 0 1 0
vn 0 1 0
vn 0 1 0
vn 0 1 0
f 1754/5258/5258 1753/5257/5257 1755/5259/5259 1756/5260/5260
f 1756/5262/5262 1755/5261/5261 1757/5263/5263 1758/5264/5264
f 1758/5266/5266 1757/5265/5265 1759/5267/5267 1760/5268/5268
f 1760/5270/5270 1759/5269/5269 1753/5271/5271 1754/5272/5272
f 1755/5274/5274 1753/5273/5273 1759/5275/5275 1757/5276/5276
f 1760/5278/5278 1754/5277/5277 1756/5279/5279 1758/5280/5280
g object_221
v 21.697750091552734 0 -11.889439582824707
v 21.697750091552734 5 -11.889439582824707
v 22.297748565673828 0 -11.889439582824707
v 22.297748565673828 5 -11.889439582824707
v 22.297748565673828 0 -12.489439964294434
v 22.297748565673828 5 -12.489439964294434
v 21.697750091552734 0 -12.489439964294434
v 21.697750091552734 5 -12.489439964294434
vt 0.99853515625 0.6696428656578064
vt 0.1071428582072258 0.6696428656578064
vt 0.99853515625 0.77678573131561279
vt 0.1071428582072258 0.77678573131561279
vt 0 0
vt 0 0.8913922905921936
vt 0.1056780144572258 0
vt 0.1056780144572258 0.8913922905921936
vt 0.99853515625 0.4464285671710968
vt 0.1071428582072258 0.4464285671710968
vt 0.99853515625 0.55357140302658081
vt 0.1071428582072258 0.55357140302658081
vt 0.99853515625 0.2232142835855484
vt 0.1071428582072258 0.2232142835855484
vt 0.99853515625 0.3303571343421936
vt 0.1071428582072258 0.3303571343421936
vt 0.55357140302658081 0
vt 0.55357140302658081 0.1071428582072258
vt 0.66071426868438721 0
vt 0.66071426868438721 0.1071428582072258
vt 0.1071428582072258 0
vt 0.1071428582072258 0.1071428582072258
vt 0.2142857164144516 0
vt 0.2142857164144516 0.1071428582072258
vn 0 0 1
vn 0 0 1
vn 0 0 1
vn 0 0 1
vn 1 0 0
vn 1 0 0
vn 1 0 0
vn 1 0 0
vn 0 0 -1
vn 0 0 -1
vn 0 0 -1
vn 0 0 -1
vn -1 0 0
vn -1 0 0
vn -1 0 0
vn -1 0 0
vn 0 -1 0
vn 0 -1 0
vn 0 -1 0
vn 0 -1 0
vn 0 1 0
vn 0 1 0
vn 0 1 0
vn 0 1 0
f 1762/5282/5282 1761/5281/5281 1763/5283/5283 1764/5284/5284
f 1764/5286/5286 1763/5285/5285 1765/5287/5287 1766/5288/5288
f 1766/5290/5290 1765/5289/5289 1767/5291/5291 1768/5292/5292
f 1768/5294/5294 1767/5293/5293 1761/5295/5295 1762/5296/5296
f 1763/5298/5298 1761/5297/5297 1767/5299/5299 1765/5300/5300
f 1768/5302/5302 1762/5301/5301 1764/5303/5303 1766/5304/5304
g object_222
v 13.697749137878418 0 -47.686199188232422
v 13.697749137878418 5 -47.686199188232422
v 14.297749519348145 0 -47.686199188232422
v 14.297749519348145 5 -47.686199188232422
v 14.297749519348145 0 -48.286201477050781
v 14.297749519348145 5 -48.286201477050781
v 13.697749137878418 0 -48.286201477050781
v 13.697749137878418 5 -48.286201477050781
vt 0.99853515625 0.6696428656578064
vt 0.1071428582072258 0.6696428656578064
vt 0.99853515625 0.77678573131561279
vt 0.1071428582072258 0.77678573131561279
vt 0.99853515625 0.4464285671710968
vt 0.1071428582072258 0.4464285671710968
vt 0.99853515625 0.55357140302658081
vt 0.1071428582072258 0.55357140302658081
vt 0 0
vt 0 0.8913922905921936
vt 0.1056780144572258 0
vt 0.1056780144572258 0.8913922905921936
vt 0.99853515625 0.2232142835855484
vt 0.1071428582072258 0.2232142835855484
vt 0.99853515625 0.3303571343421936
vt 0.1071428582072258 0.3303571343421936
vt 0.55357140302658081 0
vt 0.55357140302658081 0.1071428582072258
vt 0.66071426868438721 0
vt 0.66071426868438721 0.1071428582072258
vt 0.2142857164144516 0
vt 0.1071428582072258 0
vt 0.2142857164144516 0.1071428582072258
vt 0.1071428582072258 0.1071428582072258
vn 0 0 1
vn 0 0 1
vn 0 0 1
vn 0 0 1
vn 1 0 0
vn 1 0 0
vn 1 0 0
vn 1 0 0
vn 0 0 -1
vn 0 0 -1
vn 0 0 -1
vn 0 0 -1
vn -1 0 0
vn -1 0 0
vn -1 0 0
vn -1 0 0
vn 0 -1 0
vn 0 -1 0
vn 0 -1 0
vn 0 -1 0
vn 0 1 0
vn 0 1 0
vn 0 1 0
vn 0 1 0
f 1770/5306/5306 1769/5305/5305 1771/5307/5307 1772/5308/5308
f 1772/5310/5310 1771/5309/5309 1773/5311/5311 1774/5312/5312
f 1774/5314/5314 1773/5313/5313 1775/5315/5315 1776/5316/5316
f 1776/5318/5318 1775/5317/5317 1769/5319/5319 1770/5320/5320
f 1771/5322/5322 1769/5321/5321 1775/5323/5323 1773/5324/5324
f 1776/5326/5326 1770/5325/5325 1772/5327/5327 1774/5328/5328
g object_223
v 13.697749137878418 0 -43.686199188232422
v 13.697749137878418 5 -43.686199188232422
v 14.297749519348145 0 -43.686199188232422
v 14.297749519348145 5 -43.686199188232422
v 14.297749519348145 0 -44.286201477050781
v 14.297749519348145 5 -44.286201477050781
v 13.697749137878418 0 -44.286201477050781
v 13.697749137878418 5 -44.286201477050781
vt 0.99853515625 0.6696428656578064
vt 0.1071428582072258 0.6696428656578064
vt 0.99853515625 0.77678573131561279
vt 0.1071428582072258 0.77678573131561279
vt 0.99853515625 0.4464285671710968
vt 0.1071428582072258 0.4464285671710968
vt 0.99853515625 0.55357140302658081
vt 0.1071428582072258 0.55357140302658081
vt 0 0
vt 0 0.8913922905921936
vt 0.1056780144572258 0
vt 0.1056780144572258 0.8913922905921936
vt 0.99853515625 0.2232142835855484
vt 0.1071428582072258 0.2232142835855484
vt 0.99853515625 0.3303571343421936
vt 0.1071428582072258 0.3303571343421936
vt 0.55357140302658081 0
vt 0.55357140302658081 0.1071428582072258
vt 0.66071426868438721 0
vt 0.66071426868438721 0.1071428582072258
vt 0.2142857164144516 0
vt 0.1071428582072258 0
vt 0.2142857164144516 0.1071428582072258
vt 0.1071428582072258 0.1071428582072258
vn 0 0 1
vn 0 0 1
vn 0 0 1
vn 0 0 1
vn 1 0 0
vn 1 0 0
vn 1 0 0
vn 1 0 0
vn 0 0 -1
vn 0 0 -1
vn 0 0 -1
vn 0 0 -1
vn -1 0 0
vn -1 0 0
vn -1 0 0
vn -1 0 0
vn 0 -1 0
vn 0 -1 0
vn 0 -1 0
vn 0 -1 0
vn 0 1 0
vn 0 1 0
vn 0 1 0
vn 0 1 0
f 1778/5330/5330 1777/5329/5329 1779/5331/5331 1780/5332/5332
f 1780/5334/5334 1779/5333/5333 1781/5335/5335 1782/5336/5336
f 1782/5338/5338 1781/5337/5337 1783/5339/5339 1784/5340/5340
f 1784/5342/5342 1783/5341/5341 1777/5343/5343 1778/5344/5344
f 1779/5346/5346 1777/5345/5345 1783/5347/5347 1781/5348/5348
f 1784/5350/5350 1778/5349/5349 1780/5351/5351 1782/5352/5352
g object_224
v 13.697749137878418 0 -39.686199188232422
v 13.697749137878418 5 -39.686199188232422
v 14.297749519348145 0 -39.686199188232422
v 14.297749519348145 5 -39.686199188232422
v 14.297749519348145 0 -40.286201477050781
v 14.297749519348145 5 -40.286201477050781
v 13.697749137878418 0 -40.286201477050781
v 13.697749137878418 5 -40.286201477050781
vt 0.99853515625 0.6696428656578064
vt 0.1071428582072258 0.6696428656578064
vt 0.99853515625 0.77678573131561279
vt 0.1071428582072258 0.77678573131561279
vt 0.99853515625 0.4464285671710968
vt 0.1071428582072258 0.4464285671710968
vt 0.99853515625 0.55357140302658081
vt 0.1071428582072258 0.55357140302658081
vt 0 0
vt 0 0.8913922905921936
vt 0.1056780144572258 0
vt 0.1056780144572258 0.8913922905921936
vt 0.99853515625 0.2232142835855484
vt 0.1071428582072258 0.2232142835855484
vt 0.99853515625 0.3303571343421936
vt 0.1071428582072258 0.3303571343421936
vt 0.55357140302658081 0
vt 0.55357140302658081 0.1071428582072258
vt 0.66071426868438721 0
vt 0.66071426868438721 0.1071428582072258
vt 0.2142857164144516 0
vt 0.1071428582072258 0
vt 0.2142857164144516 0.1071428582072258
vt 0.1071428582072258 0.1071428582072258
vn 0 0 1
vn 0 0 1
vn 0 0 1
vn 0 0 1
vn 1 0 0
vn 1 0 0
vn 1 0 0
vn 1 0 0
vn 0 0 -1
vn 0 0 -1
vn 0 0 -1
vn 0 0 -1
vn -1 0 0
vn -1 0 0
vn -1 0 0
vn -1 0 0
vn 0 -1 0
vn 0 -1 0
vn 0 -1 0
vn 0 -1 0
vn 0 1 0
vn 0 1 0
vn 0 1 0
vn 0 1 0
f 1786/5354/5354 1785/5353/5353 1787/5355/5355 1788/5356/5356
f 1788/5358/5358 1787/5357/5357 1789/5359/5359 1790/5360/5360
f 1790/5362/5362 1789/5361/5361 1791/5363/5363 1792/5364/5364
f 1792/5366/5366 1791/5365/5365 1785/5367/5367 1786/5368/5368
f 1787/5370/5370 1785/5369/5369 1791/5371/5371 1789/5372/5372
f 1792/5374/5374 1786/5373/5373 1788/5375/5375 1790/5376/5376
g object_225
v 13.697749137878418 0 -35.686199188232422
v 13.697749137878418 5 -35.686199188232422
v 14.297749519348145 0 -35.686199188232422
v 14.297749519348145 5 -35.686199188232422
v 14.297749519348145 0 -36.286201477050781
v 14.297749519348145 5 -36.286201477050781
v 13.697749137878418 0 -36.286201477050781
v 13.697749137878418 5 -36.286201477050781
vt 0.99853515625 0.6696428656578064
vt 0.1071428582072258 0.6696428656578064
vt 0.99853515625 0.77678573131561279
vt 0.1071428582072258 0.77678573131561279
vt 0.99853515625 0.4464285671710968
vt 0.1071428582072258 0.4464285671710968
vt 0.99853515625 0.55357140302658081
vt 0.1071428582072258 0.55357140302658081
vt 0 0
vt 0 0.8913922905921936
vt 0.1056780144572258 0
vt 0.1056780144572258 0.8913922905921936
vt 0.99853515625 0.2232142835855484
vt 0.1071428582072258 0.2232142835855484
vt 0.99853515625 0.3303571343421936
vt 0.1071428582072258 0.3303571343421936
vt 0.55357140302658081 0
vt 0.55357140302658081 0.1071428582072258
vt 0.66071426868438721 0
vt 0.66071426868438721 0.1071428582072258
vt 0.2142857164144516 0
vt 0.1071428582072258 0
vt 0.2142857164144516 0.1071428582072258
vt 0.1071428582072258 0.1071428582072258
vn 0 0 1
vn 0 0 1
vn 0 0 1
vn 0 0 1
vn 1 0 0
vn 1 0 0
vn 1 0 0
vn 1 0 0
vn 0 0 -1
vn 0 0 -1
vn 0 0 -1
vn 0 0 -1
vn -1 0 0
vn -1 0 0
vn -1 0 0
vn -1 0 0
vn 0 -1 0
vn 0 -1 0
vn 0 -1 0
vn 0 -1 0
vn 0 1 0
vn 0 1 0
vn 0 1 0
vn 0 1 0
f 1794/5378/5378 1793/5377/5377 1795/5379/5379 1796/5380/5380
f 1796/5382/5382 1795/5381/5381 1797/5383/5383 1798/5384/5384
f 1798/5386/5386 1797/5385/5385 1799/5387/5387 1800/5388/5388
f 1800/5390/5390 1799/5389/5389 1793/5391/5391 1794/5392/5392
f 1795/5394/5394 1793/5393/5393 1799/5395/5395 1797/5396/5396
f 1800/5398/5398 1794/5397/5397 1796/5399/5399 1798/5400/5400
g object_226
v 21.697750091552734 0 -47.686199188232422
v 21.697750091552734 5 -47.686199188232422
v 22.297748565673828 0 -47.686199188232422
v 22.297748565673828 5 -47.686199188232422
v 22.297748565673828 0 -48.286201477050781
v 22.297748565673828 5 -48.286201477050781
v 21.697750091552734 0 -48.286201477050781
v 21.697750091552734 5 -48.286201477050781
vt 0.99853515625 0.6696428656578064
vt 0.1071428582072258 0.6696428656578064
vt 0.99853515625 0.77678573131561279
vt 0.1071428582072258 0.77678573131561279
vt 0.99853515625 0.4464285671710968
vt 0.1071428582072258 0.4464285671710968
vt 0.99853515625 0.55357140302658081
vt 0.1071428582072258 0.55357140302658081
vt 0 0
vt 0 0.8913922905921936
vt 0.1056780144572258 0
vt 0.1056780144572258 0.8913922905921936
vt 0.99853515625 0.2232142835855484
vt 0.1071428582072258 0.2232142835855484
vt 0.99853515625 0.3303571343421936
vt 0.1071428582072258 0.3303571343421936
vt 0.55357140302658081 0
vt 0.55357140302658081 0.1071428582072258
vt 0.66071426868438721 0
vt 0.66071426868438721 0.1071428582072258
vt 0.2142857164144516 0
vt 0.1071428582072258 0
vt 0.2142857164144516 0.1071428582072258
vt 0.1071428582072258 0.1071428582072258
vn 0 0 1
vn 0 0 1
vn 0 0 1
vn 0 0 1
vn 1 0 0
vn 1 0 0
vn 1 0 0
vn 1 0 0
vn 0 0 -1
vn 0 0 -1
vn 0 0 -1
vn 0 0 -1
vn -1 0 0
vn -1 0 0
vn -1 0 0
vn -1 0 0
vn 0 -1 0
vn 0 -1 0
vn 0 -1 0
vn 0 -1 0
vn 0 1 0
vn 0 1 0
vn 0 1 0
vn 0 1 0
f 1802/5402/5402 1801/5401/5401 1803/5403/5403 1804/5404/5404
f 1804/5406/5406 1803/5405/5405 1805/5407/5407 1806/5408/5408
f 1806/5410/5410 1805/5409/5409 1807/5411/5411 1808/5412/5412
f 1808/5414/5414 1807/5413/5413 1801/5415/5415 1802/5416/5416
f 1803/5418/5418 1801/5417/5417 1807/5419/5419 1805/5420/5420
f 1808/5422/5422 1802/5421/5421 1804/5423/5423 1806/5424/5424
g object_227
v 21.697750091552734 0 -43.686199188232422
v 21.697750091552734 5 -43.686199188232422
v 22.297748565673828 0 -43.686199188232422
v 22.297748565673828 5 -43.686199188232422
v 22.297748565673828 0 -44.286201477050781
v 22.297748565673828 5 -44.286201477050781
v 21.697750091552734 0 -44.286201477050781
v 21.697750091552734 5 -44.286201477050781
vt 0.99853515625 0.6696428656578064
vt 0.1071428582072258 0.6696428656578064
vt 0.99853515625 0.77678573131561279
vt 0.1071428582072258 0.77678573131561279
vt 0.99853515625 0.4464285671710968
vt 0.1071428582072258 0.4464285671710968
vt 0.99853515625 0.55357140302658081
vt 0.1071428582072258 0.55357140302658081
vt 0 0
vt 0 0.8913922905921936
vt 0.1056780144572258 0
vt 0.1056780144572258 0.8913922905921936
vt 0.99853515625 0.2232142835855484
vt 0.1071428582072258 0.2232142835855484
vt 0.99853515625 0.3303571343421936
vt 0.1071428582072258 0.3303571343421936
vt 0.55357140302658081 0
vt 0.55357140302658081 0.1071428582072258
vt 0.66071426868438721 0
vt 0.66071426868438721 0.1071428582072258
vt 0.2142857164144516 0
vt 0.1071428582072258 0
vt 0.2142857164144516 0.1071428582072258
vt 0.1071428582072258 0.1071428582072258
vn 0 0 1
vn 0 0 1
vn 0 0 1
vn 0 0 1
vn 1 0 0
vn 1 0 0
vn 1 0 0
vn 1 0 0
vn 0 0 -1
vn 0 0 -1
vn 0 0 -1
vn 0 0 -1
vn -1 0 0
vn -1 0 0
vn -1 0 0
vn -1 0 0
vn 0 -1 0
vn 0 -1 0
vn 0 -1 0
vn 0 -1 0
vn 0 1 0
vn 0 1 0
vn 0 1 0
vn 0 1 0
f 1810/5426/5426 1809/5425/5425 1811/5427/5427 1812/5428/5428
f 1812/5430/5430 1811/5429/5429 1813/5431/5431 1814/5432/5432
f 1814/5434/5434 1813/5433/5433 1815/5435/5435 1816/5436/5436
f 1816/5438/5438 1815/5437/5437 1809/5439/5439 1810/5440/5440
f 1811/5442/5442 1809/5441/5441 1815/5443/5443 1813/5444/5444
f 1816/5446/5446 1810/5445/5445 1812/5447/5447 1814/5448/5448
g object_228
v 21.697750091552734 0 -39.686199188232422
v 21.697750091552734 5 -39.686199188232422
v 22.297748565673828 0 -39.686199188232422
v 22.297748565673828 5 -39.686199188232422
v 22.297748565673828 0 -40.286201477050781
v 22.297748565673828 5 -40.286201477050781
v 21.697750091552734 0 -40.286201477050781
v 21.697750091552734 5 -40.286201477050781
vt 0.99853515625 0.6696428656578064
vt 0.1071428582072258 0.6696428656578064
vt 0.99853515625 0.77678573131561279
vt 0.1071428582072258 0.77678573131561279
vt 0.99853515625 0.4464285671710968
vt 0.1071428582072258 0.4464285671710968
vt 0.99853515625 0.55357140302658081
vt 0.1071428582072258 0.55357140302658081
vt 0 0
vt 0 0.8913922905921936
vt 0.1056780144572258 0
vt 0.1056780144572258 0.8913922905921936
vt 0.99853515625 0.2232142835855484
vt 0.1071428582072258 0.2232142835855484
vt 0.99853515625 0.3303571343421936
vt 0.1071428582072258 0.3303571343421936
vt 0.55357140302658081 0
vt 0.55357140302658081 0.1071428582072258
vt 0.66071426868438721 0
vt 0.66071426868438721 0.1071428582072258
vt 0.2142857164144516 0
vt 0.1071428582072258 0
vt 0.2142857164144516 0.1071428582072258
vt 0.1071428582072258 0.1071428582072258
vn 0 0 1
vn 0 0 1
vn 0 0 1
vn 0 0 1
vn 1 0 0
vn 1 0 0
vn 1 0 0
vn 1 0 0
vn 0 0 -1
vn 0 0 -1
vn 0 0 -1
vn 0 0 -1
vn -1 0 0
vn -1 0 0
vn -1 0 0
vn -1 0 0
vn 0 -1 0
vn 0 -1 0
vn 0 -1 0
vn 0 -1 0
vn 0 1 0
vn 0 1 0
vn 0 1 0
vn 0 1 0
f 1818/5450/5450 1817/5449/5449 1819/5451/5451 1820/5452/5452
f 1820/5454/5454 1819/5453/5453 1821/5455/5455 1822/5456/5456
f 1822/5458/5458 1821/5457/5457 1823/5459/5459 1824/5460/5460
f 1824/5462/5462 1823/5461/5461 1817/5463/5463 1818/5464/5464
f 1819/5466/5466 1817/5465/5465 1823/5467/5467 1821/5468/5468
f 1824/5470/5470 1818/5469/5469 1820/5471/5471 1822/5472/5472
g object_229
v 21.697750091552734 0 -35.686199188232422
v 21.697750091552734 5 -35.686199188232422
v 22.297748565673828 0 -35.686199188232422
v 22.297748565673828 5 -35.686199188232422
v 22.297748565673828 0 -36.286201477050781
v 22.297748565673828 5 -36.286201477050781
v 21.697750091552734 0 -36.286201477050781
v 21.697750091552734 5 -36.286201477050781
vt 0.99853515625 0.6696428656578064
vt 0.1071428582072258 0.6696428656578064
vt 0.99853515625 0.77678573131561279
vt 0.1071428582072258 0.77678573131561279
vt 0.99853515625 0.4464285671710968
vt 0.1071428582072258 0.4464285671710968
vt 0.99853515625 0.55357140302658081
vt 0.1071428582072258 0.55357140302658081
vt 0 0
vt 0 0.8913922905921936
vt 0.1056780144572258 0
vt 0.1056780144572258 0.8913922905921936
vt 0.99853515625 0.2232142835855484
vt 0.1071428582072258 0.2232142835855484
vt 0.99853515625 0.3303571343421936
vt 0.1071428582072258 0.3303571343421936
vt 0.55357140302658081 0
vt 0.55357140302658081 0.1071428582072258
vt 0.66071426868438721 0
vt 0.66071426868438721 0.1071428582072258
vt 0.2142857164144516 0
vt 0.1071428582072258 0
vt 0.2142857164144516 0.1071428582072258
vt 0.1071428582072258 0.1071428582072258
vn 0 0 1
vn 0 0 1
vn 0 0 1
vn 0 0 1
vn 1 0 0
vn 1 0 0
vn 1 0 0
vn 1 0 0
vn 0 0 -1
vn 0 0 -1
vn 0 0 -1
vn 0 0 -1
vn -1 0 0
vn -1 0 0
vn -1 0 0
vn -1 0 0
vn 0 -1 0
vn 0 -1 0
vn 0 -1 0
vn 0 -1 0
vn 0 1 0
vn 0 1 0
vn 0 1 0
vn 0 1 0
f 1826/5474/5474 1825/5473/5473 1827/5475/5475 1828/5476/5476
f 1828/5478/5478 1827/5477/5477 1829/5479/5479 1830/5480/5480
f 1830/5482/5482 1829/5481/5481 1831/5483/5483 1832/5484/5484
f 1832/5486/5486 1831/5485/5485 1825/5487/5487 1826/5488/5488
f 1827/5490/5490 1825/5489/5489 1831/5491/5491 1829/5492/5492
f 1832/5494/5494 1826/5493/5493 1828/5495/5495 1830/5496/5496
g object_230
v 11.272116661071777 0 -27.986200332641602
v 11.272116661071777 30 -27.986200332641602
v 25.272117614746094 0 -27.986200332641602
v 25.272117614746094 30 -27.986200332641602
v 25.272117614746094 0 -31.986200332641602
v 25.272117614746094 30 -31.986200332641602
v 11.272116661071777 0 -31.986200332641602
v 11.272116661071777 30 -31.986200332641602
vt 0.3684210479259491 0
vt 0.3684210479259491 0.78947371244430542
vt 0.73537725210189819 0
vt 0.73537725210189819 0.78947371244430542
vt 0.84210526943206787 0
vt 0.84210526943206787 0.78947371244430542
vt 0.94590359926223755 0
vt 0.94590359926223755 0.78947371244430542
vt 0 0.21052631735801697
vt 0 0.99853515625
vt 0.3669562041759491 0.21052631735801697
vt 0.3669562041759491 0.99853515625
vt 0.73684209585189819 0
vt 0.73684209585189819 0.78947371244430542
vt 0.84064042568206787 0
vt 0.84064042568206787 0.78947371244430542
vt 0.3669562041759491 0.10526315867900848
vt 0 0.10526315867900848
vt 0.3669562041759491 0.20906147360801697
vt 0 0.20906147360801697
vt 0 0
vt 0 0.10379831492900848
vt 0.3669562041759491 0
vt 0.3669562041759491 0.10379831492900848
vn 0 0 1
vn 0 0 1
vn 0 0 1
vn 0 0 1
vn 1 0 0
vn 1 0 0
vn 1 0 0
vn 1 0 0
vn 0 0 -1
vn 0 0 -1
vn 0 0 -1
vn 0 0 -1
vn -1 0 0
vn -1 0 0
vn -1 0 0
vn -1 0 0
vn 0 -1 0
vn 0 -1 0
vn 0 -1 0
vn 0 -1 0
vn 0 1 0
vn 0 1 0
vn 0 1 0
vn 0 1 0
f 1834/5498/5498 1833/5497/5497 1835/5499/5499 1836/5500/5500
f 1836/5502/5502 1835/5501/5501 1837/5503/5503 1838/5504/5504
f 1838/5506/5506 1837/5505/5505 1839/5507/5507 1840/5508/5508
f 1840/5510/5510 1839/5509/5509 1833/5511/5511 1834/5512/5512
f 1835/5514/5514 1833/5513/5513 1839/5515/5515 1837/5516/5516
f 1840/5518/5518 1834/5517/5517 1836/5519/5519 1838/5520/5520
g object_231
v 10.997749328613281 0 -4.2402496337890625
v 10.997749328613281 30 -4.2402496337890625
v 24.997749328613281 0 -4.2402496337890625
v 24.997749328613281 30 -4.2402496337890625
v 24.997749328613281 0 -8.2402496337890625
v 24.997749328613281 30 -8.2402496337890625
v 10.997749328613281 0 -8.2402496337890625
v 10.997749328613281 30 -8.2402496337890625
vt 0.3684210479259491 0
vt 0.3684210479259491 0.78947371244430542
vt 0.73537725210189819 0
vt 0.73537725210189819 0.78947371244430542
vt 0.84210526943206787 0
vt 0.84210526943206787 0.78947371244430542
vt 0.94590359926223755 0
vt 0.94590359926223755 0.78947371244430542
vt 0 0.21052631735801697
vt 0 0.99853515625
vt 0.3669562041759491 0.21052631735801697
vt 0.3669562041759491 0.99853515625
vt 0.73684209585189819 0
vt 0.73684209585189819 0.78947371244430542
vt 0.84064042568206787 0
vt 0.84064042568206787 0.78947371244430542
vt 0.3669562041759491 0.10526315867900848
vt 0 0.10526315867900848
vt 0.3669562041759491 0.20906147360801697
vt 0 0.20906147360801697
vt 0 0
vt 0 0.10379831492900848
vt 0.3669562041759491 0
vt 0.3669562041759491 0.10379831492900848
vn 0 0 1
vn 0 0 1
vn 0 0 1
vn 0 0 1
vn 1 0 0
vn 1 0 0
vn 1 0 0
vn 1 0 0
vn 0 0 -1
vn 0 0 -1
vn 0 0 -1
vn 0 0 -1
vn -1 0 0
vn -1 0 0
vn -1 0 0
vn -1 0 0
vn 0 -1 0
vn 0 -1 0
vn 0 -1 0
vn 0 -1 0
vn 0 1 0
vn 0 1 0
vn 0 1 0
vn 0 1 0
f 1842/5522/5522 1841/5521/5521 1843/5523/5523 1844/5524/5524
f 1844/5526/5526 1843/5525/5525 1845/5527/5527 1846/5528/5528
f 1846/5530/5530 1845/5529/5529 1847/5531/5531 1848/5532/5532
f 1848/5534/5534 1847/5533/5533 1841/5535/5535 1842/5536/5536
f 1843/5538/5538 1841/5537/5537 1847/5539/5539 1845/5540/5540
f 1848/5542/5542 1842/5541/5541 1844/5543/5543 1846/5544/5544
