graph_id,src_id,dst_id,label,train_mask,val_mask,test_mask
0,187,54,0,TRUE,FALSE,FALSE
0,54,187,0,TRUE,FALSE,FALSE
0,54,153,0,TRUE,FALSE,FALSE
0,153,54,0,TRUE,FALSE,FALSE
0,54,75,0,TRUE,FALSE,FALSE
0,75,54,0,TRUE,FALSE,FALSE
0,114,9,0,TRUE,FALSE,FALSE
0,9,114,0,TRUE,FALSE,FALSE
0,9,97,0,TRUE,FALSE,FALSE
0,97,9,0,TRUE,FALSE,FALSE
0,9,74,0,TRUE,FALSE,FALSE
0,74,9,0,TRUE,FALSE,FALSE
0,99,9,0,TRUE,FALSE,FALSE
0,9,99,0,TRUE,FALSE,FALSE
0,9,10,0,TRUE,FALSE,FALSE
0,10,9,0,TRUE,FALSE,FALSE
0,9,23,0,TRUE,FALSE,FALSE
0,23,9,0,TRUE,FALSE,FALSE
0,9,38,0,TRUE,FALSE,FALSE
0,38,9,0,TRUE,FALSE,FALSE
0,13,114,0,TRUE,FALSE,FALSE
0,114,13,0,TRUE,FALSE,FALSE
0,188,13,0,TRUE,FALSE,FALSE
0,13,188,0,TRUE,FALSE,FALSE
0,31,13,0,TRUE,FALSE,FALSE
0,13,31,0,TRUE,FALSE,FALSE
0,13,8,0,TRUE,FALSE,FALSE
0,8,13,0,TRUE,FALSE,FALSE
0,29,114,0,TRUE,FALSE,FALSE
0,114,29,0,TRUE,FALSE,FALSE
0,188,29,0,TRUE,FALSE,FALSE
0,29,188,0,TRUE,FALSE,FALSE
0,29,99,0,TRUE,FALSE,FALSE
0,99,29,0,TRUE,FALSE,FALSE
0,114,55,0,TRUE,FALSE,FALSE
0,55,114,0,TRUE,FALSE,FALSE
0,55,97,0,TRUE,FALSE,FALSE
0,97,55,0,TRUE,FALSE,FALSE
0,55,100,0,TRUE,FALSE,FALSE
0,100,55,0,TRUE,FALSE,FALSE
0,8,55,0,TRUE,FALSE,FALSE
0,55,8,0,TRUE,FALSE,FALSE
0,75,159,0,TRUE,FALSE,FALSE
0,159,75,0,TRUE,FALSE,FALSE
0,75,100,0,TRUE,FALSE,FALSE
0,100,75,0,TRUE,FALSE,FALSE
0,8,75,0,TRUE,FALSE,FALSE
0,75,8,0,TRUE,FALSE,FALSE
0,153,159,0,TRUE,FALSE,FALSE
0,159,153,0,TRUE,FALSE,FALSE
0,153,192,0,TRUE,FALSE,FALSE
0,192,153,0,TRUE,FALSE,FALSE
0,100,43,0,TRUE,FALSE,FALSE
0,43,100,0,TRUE,FALSE,FALSE
0,100,89,0,TRUE,FALSE,FALSE
0,89,100,0,TRUE,FALSE,FALSE
0,31,187,0,TRUE,FALSE,FALSE
0,187,31,0,TRUE,FALSE,FALSE
0,123,31,0,TRUE,FALSE,FALSE
0,31,123,0,TRUE,FALSE,FALSE
0,187,8,0,TRUE,FALSE,FALSE
0,8,187,0,TRUE,FALSE,FALSE
0,99,227,0,TRUE,FALSE,FALSE
0,227,99,0,TRUE,FALSE,FALSE
0,227,129,0,TRUE,FALSE,FALSE
0,129,227,0,TRUE,FALSE,FALSE
0,227,10,0,TRUE,FALSE,FALSE
0,10,227,0,TRUE,FALSE,FALSE
0,97,43,0,TRUE,FALSE,FALSE
0,43,97,0,TRUE,FALSE,FALSE
0,97,74,0,TRUE,FALSE,FALSE
0,74,97,0,TRUE,FALSE,FALSE
0,97,5,0,TRUE,FALSE,FALSE
0,5,97,0,TRUE,FALSE,FALSE
0,97,71,0,TRUE,FALSE,FALSE
0,71,97,0,TRUE,FALSE,FALSE
0,97,130,0,TRUE,FALSE,FALSE
0,130,97,0,TRUE,FALSE,FALSE
0,10,1,0,TRUE,FALSE,FALSE
0,1,10,0,TRUE,FALSE,FALSE
0,10,6,0,TRUE,FALSE,FALSE
0,6,10,0,TRUE,FALSE,FALSE
0,10,155,0,TRUE,FALSE,FALSE
0,155,10,0,TRUE,FALSE,FALSE
0,10,71,0,TRUE,FALSE,FALSE
0,71,10,0,TRUE,FALSE,FALSE
0,10,59,0,TRUE,FALSE,FALSE
0,59,10,0,TRUE,FALSE,FALSE
0,74,80,0,TRUE,FALSE,FALSE
0,80,74,0,TRUE,FALSE,FALSE
0,74,83,0,TRUE,FALSE,FALSE
0,83,74,0,TRUE,FALSE,FALSE
0,38,183,0,TRUE,FALSE,FALSE
0,183,38,0,TRUE,FALSE,FALSE
0,38,80,0,TRUE,FALSE,FALSE
0,80,38,0,TRUE,FALSE,FALSE
0,23,183,0,TRUE,FALSE,FALSE
0,183,23,0,TRUE,FALSE,FALSE
0,23,64,0,TRUE,FALSE,FALSE
0,64,23,0,TRUE,FALSE,FALSE
0,123,188,0,TRUE,FALSE,FALSE
0,188,123,0,TRUE,FALSE,FALSE
0,159,174,0,TRUE,FALSE,FALSE
0,174,159,0,TRUE,FALSE,FALSE
0,159,89,0,TRUE,FALSE,FALSE
0,89,159,0,TRUE,FALSE,FALSE
0,43,186,0,TRUE,FALSE,FALSE
0,186,43,0,TRUE,FALSE,FALSE
0,186,160,0,TRUE,FALSE,FALSE
0,160,186,0,TRUE,FALSE,FALSE
0,186,56,0,TRUE,FALSE,FALSE
0,56,186,0,TRUE,FALSE,FALSE
0,78,34,0,TRUE,FALSE,FALSE
0,34,78,0,TRUE,FALSE,FALSE
0,71,78,0,TRUE,FALSE,FALSE
0,78,71,0,TRUE,FALSE,FALSE
0,78,161,0,TRUE,FALSE,FALSE
0,161,78,0,TRUE,FALSE,FALSE
0,198,199,0,TRUE,FALSE,FALSE
0,199,198,0,TRUE,FALSE,FALSE
0,198,191,0,TRUE,FALSE,FALSE
0,191,198,0,TRUE,FALSE,FALSE
0,5,198,0,TRUE,FALSE,FALSE
0,198,5,0,TRUE,FALSE,FALSE
0,25,198,0,TRUE,FALSE,FALSE
0,198,25,0,TRUE,FALSE,FALSE
0,198,205,0,TRUE,FALSE,FALSE
0,205,198,0,TRUE,FALSE,FALSE
0,5,109,0,TRUE,FALSE,FALSE
0,109,5,0,TRUE,FALSE,FALSE
0,109,185,0,TRUE,FALSE,FALSE
0,185,109,0,TRUE,FALSE,FALSE
0,96,109,0,TRUE,FALSE,FALSE
0,109,96,0,TRUE,FALSE,FALSE
0,112,180,0,TRUE,FALSE,FALSE
0,180,112,0,TRUE,FALSE,FALSE
0,5,112,0,TRUE,FALSE,FALSE
0,112,5,0,TRUE,FALSE,FALSE
0,223,112,0,TRUE,FALSE,FALSE
0,112,223,0,TRUE,FALSE,FALSE
0,112,16,0,TRUE,FALSE,FALSE
0,16,112,0,TRUE,FALSE,FALSE
0,112,212,0,TRUE,FALSE,FALSE
0,212,112,0,TRUE,FALSE,FALSE
0,205,118,0,TRUE,FALSE,FALSE
0,118,205,0,TRUE,FALSE,FALSE
0,5,205,0,TRUE,FALSE,FALSE
0,205,5,0,TRUE,FALSE,FALSE
0,205,150,0,TRUE,FALSE,FALSE
0,150,205,0,TRUE,FALSE,FALSE
0,205,96,0,TRUE,FALSE,FALSE
0,96,205,0,TRUE,FALSE,FALSE
0,124,190,0,TRUE,FALSE,FALSE
0,190,124,0,TRUE,FALSE,FALSE
0,124,128,0,TRUE,FALSE,FALSE
0,128,124,0,TRUE,FALSE,FALSE
0,5,124,0,TRUE,FALSE,FALSE
0,124,5,0,TRUE,FALSE,FALSE
0,124,21,0,TRUE,FALSE,FALSE
0,21,124,0,TRUE,FALSE,FALSE
0,124,76,0,TRUE,FALSE,FALSE
0,76,124,0,TRUE,FALSE,FALSE
0,129,6,0,TRUE,FALSE,FALSE
0,6,129,0,TRUE,FALSE,FALSE
0,6,127,0,TRUE,FALSE,FALSE
0,127,6,0,TRUE,FALSE,FALSE
0,173,39,0,TRUE,FALSE,FALSE
0,39,173,0,TRUE,FALSE,FALSE
0,173,158,0,TRUE,FALSE,FALSE
0,158,173,0,TRUE,FALSE,FALSE
0,5,173,0,TRUE,FALSE,FALSE
0,173,5,0,TRUE,FALSE,FALSE
0,161,173,0,TRUE,FALSE,FALSE
0,173,161,0,TRUE,FALSE,FALSE
0,173,67,0,TRUE,FALSE,FALSE
0,67,173,0,TRUE,FALSE,FALSE
0,5,39,0,TRUE,FALSE,FALSE
0,39,5,0,TRUE,FALSE,FALSE
0,39,211,0,TRUE,FALSE,FALSE
0,211,39,0,TRUE,FALSE,FALSE
0,39,206,0,TRUE,FALSE,FALSE
0,206,39,0,TRUE,FALSE,FALSE
0,39,70,0,TRUE,FALSE,FALSE
0,70,39,0,TRUE,FALSE,FALSE
0,151,131,0,TRUE,FALSE,FALSE
0,131,151,0,TRUE,FALSE,FALSE
0,151,48,0,TRUE,FALSE,FALSE
0,48,151,0,TRUE,FALSE,FALSE
0,107,151,0,TRUE,FALSE,FALSE
0,151,107,0,TRUE,FALSE,FALSE
0,5,151,0,TRUE,FALSE,FALSE
0,151,5,0,TRUE,FALSE,FALSE
0,151,218,0,TRUE,FALSE,FALSE
0,218,151,0,TRUE,FALSE,FALSE
0,131,178,0,TRUE,FALSE,FALSE
0,178,131,0,TRUE,FALSE,FALSE
0,5,131,0,TRUE,FALSE,FALSE
0,131,5,0,TRUE,FALSE,FALSE
0,131,149,0,TRUE,FALSE,FALSE
0,149,131,0,TRUE,FALSE,FALSE
0,76,119,0,TRUE,FALSE,FALSE
0,119,76,0,TRUE,FALSE,FALSE
0,5,76,0,TRUE,FALSE,FALSE
0,76,5,0,TRUE,FALSE,FALSE
0,76,209,0,TRUE,FALSE,FALSE
0,209,76,0,TRUE,FALSE,FALSE
0,76,160,0,TRUE,FALSE,FALSE
0,160,76,0,TRUE,FALSE,FALSE
0,76,73,0,TRUE,FALSE,FALSE
0,73,76,0,TRUE,FALSE,FALSE
0,76,88,0,TRUE,FALSE,FALSE
0,88,76,0,TRUE,FALSE,FALSE
0,56,76,0,TRUE,FALSE,FALSE
0,76,56,0,TRUE,FALSE,FALSE
0,76,21,0,TRUE,FALSE,FALSE
0,21,76,0,TRUE,FALSE,FALSE
0,76,163,0,TRUE,FALSE,FALSE
0,163,76,0,TRUE,FALSE,FALSE
0,76,110,0,TRUE,FALSE,FALSE
0,110,76,0,TRUE,FALSE,FALSE
0,76,145,0,TRUE,FALSE,FALSE
0,145,76,0,TRUE,FALSE,FALSE
0,76,91,0,TRUE,FALSE,FALSE
0,91,76,0,TRUE,FALSE,FALSE
0,17,27,0,TRUE,FALSE,FALSE
0,27,17,0,TRUE,FALSE,FALSE
0,202,17,0,TRUE,FALSE,FALSE
0,17,202,0,TRUE,FALSE,FALSE
0,17,14,0,TRUE,FALSE,FALSE
0,14,17,0,TRUE,FALSE,FALSE
0,5,17,0,TRUE,FALSE,FALSE
0,17,5,0,TRUE,FALSE,FALSE
0,17,170,0,TRUE,FALSE,FALSE
0,170,17,0,TRUE,FALSE,FALSE
0,201,61,0,TRUE,FALSE,FALSE
0,61,201,0,TRUE,FALSE,FALSE
0,5,201,0,TRUE,FALSE,FALSE
0,201,5,0,TRUE,FALSE,FALSE
0,165,201,0,TRUE,FALSE,FALSE
0,201,165,0,TRUE,FALSE,FALSE
0,201,67,0,TRUE,FALSE,FALSE
0,67,201,0,TRUE,FALSE,FALSE
0,201,68,0,TRUE,FALSE,FALSE
0,68,201,0,TRUE,FALSE,FALSE
0,44,140,0,TRUE,FALSE,FALSE
0,140,44,0,TRUE,FALSE,FALSE
0,44,107,0,TRUE,FALSE,FALSE
0,107,44,0,TRUE,FALSE,FALSE
0,5,44,0,TRUE,FALSE,FALSE
0,44,5,0,TRUE,FALSE,FALSE
0,211,44,0,TRUE,FALSE,FALSE
0,44,211,0,TRUE,FALSE,FALSE
0,44,212,0,TRUE,FALSE,FALSE
0,212,44,0,TRUE,FALSE,FALSE
0,5,202,0,TRUE,FALSE,FALSE
0,202,5,0,TRUE,FALSE,FALSE
0,202,185,0,TRUE,FALSE,FALSE
0,185,202,0,TRUE,FALSE,FALSE
0,202,137,0,TRUE,FALSE,FALSE
0,137,202,0,TRUE,FALSE,FALSE
0,193,191,0,TRUE,FALSE,FALSE
0,191,193,0,TRUE,FALSE,FALSE
0,5,193,0,TRUE,FALSE,FALSE
0,193,5,0,TRUE,FALSE,FALSE
0,170,193,0,TRUE,FALSE,FALSE
0,193,170,0,TRUE,FALSE,FALSE
0,193,216,0,TRUE,FALSE,FALSE
0,216,193,0,TRUE,FALSE,FALSE
0,193,28,0,TRUE,FALSE,FALSE
0,28,193,0,TRUE,FALSE,FALSE
0,192,174,0,TRUE,FALSE,FALSE
0,174,192,0,TRUE,FALSE,FALSE
0,216,132,0,TRUE,FALSE,FALSE
0,132,216,0,TRUE,FALSE,FALSE
0,216,42,0,TRUE,FALSE,FALSE
0,42,216,0,TRUE,FALSE,FALSE
0,5,216,0,TRUE,FALSE,FALSE
0,216,5,0,TRUE,FALSE,FALSE
0,216,106,0,TRUE,FALSE,FALSE
0,106,216,0,TRUE,FALSE,FALSE
0,42,128,0,TRUE,FALSE,FALSE
0,128,42,0,TRUE,FALSE,FALSE
0,42,120,0,TRUE,FALSE,FALSE
0,120,42,0,TRUE,FALSE,FALSE
0,42,226,0,TRUE,FALSE,FALSE
0,226,42,0,TRUE,FALSE,FALSE
0,5,42,0,TRUE,FALSE,FALSE
0,42,5,0,TRUE,FALSE,FALSE
0,128,18,0,TRUE,FALSE,FALSE
0,18,128,0,TRUE,FALSE,FALSE
0,5,128,0,TRUE,FALSE,FALSE
0,128,5,0,TRUE,FALSE,FALSE
0,128,73,0,TRUE,FALSE,FALSE
0,73,128,0,TRUE,FALSE,FALSE
0,130,83,0,TRUE,FALSE,FALSE
0,83,130,0,TRUE,FALSE,FALSE
0,130,165,0,TRUE,FALSE,FALSE
0,165,130,0,TRUE,FALSE,FALSE
0,196,120,0,TRUE,FALSE,FALSE
0,120,196,0,TRUE,FALSE,FALSE
0,196,72,0,TRUE,FALSE,FALSE
0,72,196,0,TRUE,FALSE,FALSE
0,5,196,0,TRUE,FALSE,FALSE
0,196,5,0,TRUE,FALSE,FALSE
0,196,25,0,TRUE,FALSE,FALSE
0,25,196,0,TRUE,FALSE,FALSE
0,157,196,0,TRUE,FALSE,FALSE
0,196,157,0,TRUE,FALSE,FALSE
0,25,132,0,TRUE,FALSE,FALSE
0,132,25,0,TRUE,FALSE,FALSE
0,5,25,0,TRUE,FALSE,FALSE
0,25,5,0,TRUE,FALSE,FALSE
0,25,3,0,TRUE,FALSE,FALSE
0,3,25,0,TRUE,FALSE,FALSE
0,127,133,0,TRUE,FALSE,FALSE
0,133,127,0,TRUE,FALSE,FALSE
0,71,127,0,TRUE,FALSE,FALSE
0,127,71,0,TRUE,FALSE,FALSE
0,89,225,0,TRUE,FALSE,FALSE
0,225,89,0,TRUE,FALSE,FALSE
0,89,222,0,TRUE,FALSE,FALSE
0,222,89,0,TRUE,FALSE,FALSE
0,1,142,0,TRUE,FALSE,FALSE
0,142,1,0,TRUE,FALSE,FALSE
0,1,62,0,TRUE,FALSE,FALSE
0,62,1,0,TRUE,FALSE,FALSE
0,2,190,0,TRUE,FALSE,FALSE
0,190,2,0,TRUE,FALSE,FALSE
0,43,2,0,TRUE,FALSE,FALSE
0,2,43,0,TRUE,FALSE,FALSE
0,2,133,0,TRUE,FALSE,FALSE
0,133,2,0,TRUE,FALSE,FALSE
0,2,41,0,TRUE,FALSE,FALSE
0,41,2,0,TRUE,FALSE,FALSE
0,5,2,0,TRUE,FALSE,FALSE
0,2,5,0,TRUE,FALSE,FALSE
0,71,2,0,TRUE,FALSE,FALSE
0,2,71,0,TRUE,FALSE,FALSE
0,2,4,0,TRUE,FALSE,FALSE
0,4,2,0,TRUE,FALSE,FALSE
0,5,56,0,TRUE,FALSE,FALSE
0,56,5,0,TRUE,FALSE,FALSE
0,56,160,0,TRUE,FALSE,FALSE
0,160,56,0,TRUE,FALSE,FALSE
0,56,157,0,TRUE,FALSE,FALSE
0,157,56,0,TRUE,FALSE,FALSE
0,96,27,0,TRUE,FALSE,FALSE
0,27,96,0,TRUE,FALSE,FALSE
0,96,135,0,TRUE,FALSE,FALSE
0,135,96,0,TRUE,FALSE,FALSE
0,5,96,0,TRUE,FALSE,FALSE
0,96,5,0,TRUE,FALSE,FALSE
0,223,169,0,TRUE,FALSE,FALSE
0,169,223,0,TRUE,FALSE,FALSE
0,61,223,0,TRUE,FALSE,FALSE
0,223,61,0,TRUE,FALSE,FALSE
0,5,223,0,TRUE,FALSE,FALSE
0,223,5,0,TRUE,FALSE,FALSE
0,223,194,0,TRUE,FALSE,FALSE
0,194,223,0,TRUE,FALSE,FALSE
0,16,116,0,TRUE,FALSE,FALSE
0,116,16,0,TRUE,FALSE,FALSE
0,16,19,0,TRUE,FALSE,FALSE
0,19,16,0,TRUE,FALSE,FALSE
0,5,16,0,TRUE,FALSE,FALSE
0,16,5,0,TRUE,FALSE,FALSE
0,16,35,0,TRUE,FALSE,FALSE
0,35,16,0,TRUE,FALSE,FALSE
0,5,19,0,TRUE,FALSE,FALSE
0,19,5,0,TRUE,FALSE,FALSE
0,19,218,0,TRUE,FALSE,FALSE
0,218,19,0,TRUE,FALSE,FALSE
0,19,203,0,TRUE,FALSE,FALSE
0,203,19,0,TRUE,FALSE,FALSE
0,19,228,0,TRUE,FALSE,FALSE
0,228,19,0,TRUE,FALSE,FALSE
0,5,228,0,TRUE,FALSE,FALSE
0,228,5,0,TRUE,FALSE,FALSE
0,228,149,0,TRUE,FALSE,FALSE
0,149,228,0,TRUE,FALSE,FALSE
0,211,169,0,TRUE,FALSE,FALSE
0,169,211,0,TRUE,FALSE,FALSE
0,5,211,0,TRUE,FALSE,FALSE
0,211,5,0,TRUE,FALSE,FALSE
0,211,152,0,TRUE,FALSE,FALSE
0,152,211,0,TRUE,FALSE,FALSE
0,5,157,0,TRUE,FALSE,FALSE
0,157,5,0,TRUE,FALSE,FALSE
0,157,219,0,TRUE,FALSE,FALSE
0,219,157,0,TRUE,FALSE,FALSE
0,157,73,0,TRUE,FALSE,FALSE
0,73,157,0,TRUE,FALSE,FALSE
0,155,34,0,TRUE,FALSE,FALSE
0,34,155,0,TRUE,FALSE,FALSE
0,71,155,0,TRUE,FALSE,FALSE
0,155,71,0,TRUE,FALSE,FALSE
0,155,142,0,TRUE,FALSE,FALSE
0,142,155,0,TRUE,FALSE,FALSE
0,161,34,0,TRUE,FALSE,FALSE
0,34,161,0,TRUE,FALSE,FALSE
0,5,161,0,TRUE,FALSE,FALSE
0,161,5,0,TRUE,FALSE,FALSE
0,50,161,0,TRUE,FALSE,FALSE
0,161,50,0,TRUE,FALSE,FALSE
0,5,61,0,TRUE,FALSE,FALSE
0,61,5,0,TRUE,FALSE,FALSE
0,61,206,0,TRUE,FALSE,FALSE
0,206,61,0,TRUE,FALSE,FALSE
0,61,213,0,TRUE,FALSE,FALSE
0,213,61,0,TRUE,FALSE,FALSE
0,71,5,0,TRUE,FALSE,FALSE
0,5,71,0,TRUE,FALSE,FALSE
0,43,225,0,TRUE,FALSE,FALSE
0,225,43,0,TRUE,FALSE,FALSE
0,225,134,0,TRUE,FALSE,FALSE
0,134,225,0,TRUE,FALSE,FALSE
0,225,41,0,TRUE,FALSE,FALSE
0,41,225,0,TRUE,FALSE,FALSE
0,225,167,0,TRUE,FALSE,FALSE
0,167,225,0,TRUE,FALSE,FALSE
0,225,215,0,TRUE,FALSE,FALSE
0,215,225,0,TRUE,FALSE,FALSE
0,225,51,0,TRUE,FALSE,FALSE
0,51,225,0,TRUE,FALSE,FALSE
0,183,50,0,TRUE,FALSE,FALSE
0,50,183,0,TRUE,FALSE,FALSE
0,80,50,0,TRUE,FALSE,FALSE
0,50,80,0,TRUE,FALSE,FALSE
0,64,50,0,TRUE,FALSE,FALSE
0,50,64,0,TRUE,FALSE,FALSE
0,50,34,0,TRUE,FALSE,FALSE
0,34,50,0,TRUE,FALSE,FALSE
0,83,50,0,TRUE,FALSE,FALSE
0,50,83,0,TRUE,FALSE,FALSE
0,5,50,0,TRUE,FALSE,FALSE
0,50,5,0,TRUE,FALSE,FALSE
0,50,33,0,TRUE,FALSE,FALSE
0,33,50,0,TRUE,FALSE,FALSE
0,165,50,0,TRUE,FALSE,FALSE
0,50,165,0,TRUE,FALSE,FALSE
0,50,67,0,TRUE,FALSE,FALSE
0,67,50,0,TRUE,FALSE,FALSE
0,50,142,0,TRUE,FALSE,FALSE
0,142,50,0,TRUE,FALSE,FALSE
0,50,62,0,TRUE,FALSE,FALSE
0,62,50,0,TRUE,FALSE,FALSE
0,107,230,0,TRUE,FALSE,FALSE
0,230,107,0,TRUE,FALSE,FALSE
0,5,107,0,TRUE,FALSE,FALSE
0,107,5,0,TRUE,FALSE,FALSE
0,107,35,0,TRUE,FALSE,FALSE
0,35,107,0,TRUE,FALSE,FALSE
0,170,154,0,TRUE,FALSE,FALSE
0,154,170,0,TRUE,FALSE,FALSE
0,170,118,0,TRUE,FALSE,FALSE
0,118,170,0,TRUE,FALSE,FALSE
0,5,170,0,TRUE,FALSE,FALSE
0,170,5,0,TRUE,FALSE,FALSE
0,183,64,0,TRUE,FALSE,FALSE
0,64,183,0,TRUE,FALSE,FALSE
0,64,117,0,TRUE,FALSE,FALSE
0,117,64,0,TRUE,FALSE,FALSE
0,83,165,0,TRUE,FALSE,FALSE
0,165,83,0,TRUE,FALSE,FALSE
0,5,165,0,TRUE,FALSE,FALSE
0,165,5,0,TRUE,FALSE,FALSE
0,80,183,0,TRUE,FALSE,FALSE
0,183,80,0,TRUE,FALSE,FALSE
0,83,80,0,TRUE,FALSE,FALSE
0,80,83,0,TRUE,FALSE,FALSE
0,80,221,0,TRUE,FALSE,FALSE
0,221,80,0,TRUE,FALSE,FALSE
0,5,27,0,TRUE,FALSE,FALSE
0,27,5,0,TRUE,FALSE,FALSE
0,43,5,0,TRUE,FALSE,FALSE
0,5,43,0,TRUE,FALSE,FALSE
0,5,169,0,TRUE,FALSE,FALSE
0,169,5,0,TRUE,FALSE,FALSE
0,5,132,0,TRUE,FALSE,FALSE
0,132,5,0,TRUE,FALSE,FALSE
0,5,120,0,TRUE,FALSE,FALSE
0,120,5,0,TRUE,FALSE,FALSE
0,5,191,0,TRUE,FALSE,FALSE
0,191,5,0,TRUE,FALSE,FALSE
0,5,118,0,TRUE,FALSE,FALSE
0,118,5,0,TRUE,FALSE,FALSE
0,5,218,0,TRUE,FALSE,FALSE
0,218,5,0,TRUE,FALSE,FALSE
0,5,73,0,TRUE,FALSE,FALSE
0,73,5,0,TRUE,FALSE,FALSE
0,5,149,0,TRUE,FALSE,FALSE
0,149,5,0,TRUE,FALSE,FALSE
0,5,185,0,TRUE,FALSE,FALSE
0,185,5,0,TRUE,FALSE,FALSE
0,5,206,0,TRUE,FALSE,FALSE
0,206,5,0,TRUE,FALSE,FALSE
0,5,67,0,TRUE,FALSE,FALSE
0,67,5,0,TRUE,FALSE,FALSE
0,5,212,0,TRUE,FALSE,FALSE
0,212,5,0,TRUE,FALSE,FALSE
0,5,35,0,TRUE,FALSE,FALSE
0,35,5,0,TRUE,FALSE,FALSE
0,43,51,0,TRUE,FALSE,FALSE
0,51,43,0,TRUE,FALSE,FALSE
0,59,33,0,TRUE,FALSE,FALSE
0,33,59,0,TRUE,FALSE,FALSE
0,59,62,0,TRUE,FALSE,FALSE
0,62,59,0,TRUE,FALSE,FALSE
0,83,68,0,TRUE,FALSE,FALSE
0,68,83,0,TRUE,FALSE,FALSE
0,174,222,0,TRUE,FALSE,FALSE
0,222,174,0,TRUE,FALSE,FALSE
0,222,167,0,TRUE,FALSE,FALSE
0,167,222,0,TRUE,FALSE,FALSE
0,183,15,0,TRUE,FALSE,FALSE
0,15,183,0,TRUE,FALSE,FALSE
0,51,160,0,TRUE,FALSE,FALSE
0,160,51,0,TRUE,FALSE,FALSE
0,51,110,0,TRUE,FALSE,FALSE
0,110,51,0,TRUE,FALSE,FALSE
0,116,203,0,TRUE,FALSE,FALSE
0,203,116,0,TRUE,FALSE,FALSE
0,218,203,0,TRUE,FALSE,FALSE
0,203,218,0,TRUE,FALSE,FALSE
0,203,36,0,TRUE,FALSE,FALSE
0,36,203,0,TRUE,FALSE,FALSE
0,180,24,0,TRUE,FALSE,FALSE
0,24,180,0,TRUE,FALSE,FALSE
0,180,116,0,TRUE,FALSE,FALSE
0,116,180,0,TRUE,FALSE,FALSE
0,212,180,0,TRUE,FALSE,FALSE
0,180,212,0,TRUE,FALSE,FALSE
0,194,180,0,TRUE,FALSE,FALSE
0,180,194,0,TRUE,FALSE,FALSE
0,27,209,0,TRUE,FALSE,FALSE
0,209,27,0,TRUE,FALSE,FALSE
0,132,209,0,TRUE,FALSE,FALSE
0,209,132,0,TRUE,FALSE,FALSE
0,209,66,0,TRUE,FALSE,FALSE
0,66,209,0,TRUE,FALSE,FALSE
0,209,208,0,TRUE,FALSE,FALSE
0,208,209,0,TRUE,FALSE,FALSE
0,209,224,0,TRUE,FALSE,FALSE
0,224,209,0,TRUE,FALSE,FALSE
0,209,65,0,TRUE,FALSE,FALSE
0,65,209,0,TRUE,FALSE,FALSE
0,120,209,0,TRUE,FALSE,FALSE
0,209,120,0,TRUE,FALSE,FALSE
0,209,147,0,TRUE,FALSE,FALSE
0,147,209,0,TRUE,FALSE,FALSE
0,209,179,0,TRUE,FALSE,FALSE
0,179,209,0,TRUE,FALSE,FALSE
0,191,209,0,TRUE,FALSE,FALSE
0,209,191,0,TRUE,FALSE,FALSE
0,209,177,0,TRUE,FALSE,FALSE
0,177,209,0,TRUE,FALSE,FALSE
0,118,209,0,TRUE,FALSE,FALSE
0,209,118,0,TRUE,FALSE,FALSE
0,209,181,0,TRUE,FALSE,FALSE
0,181,209,0,TRUE,FALSE,FALSE
0,167,209,0,TRUE,FALSE,FALSE
0,209,167,0,TRUE,FALSE,FALSE
0,209,156,0,TRUE,FALSE,FALSE
0,156,209,0,TRUE,FALSE,FALSE
0,209,77,0,TRUE,FALSE,FALSE
0,77,209,0,TRUE,FALSE,FALSE
0,209,176,0,TRUE,FALSE,FALSE
0,176,209,0,TRUE,FALSE,FALSE
0,73,209,0,TRUE,FALSE,FALSE
0,209,73,0,TRUE,FALSE,FALSE
0,209,88,0,TRUE,FALSE,FALSE
0,88,209,0,TRUE,FALSE,FALSE
0,185,209,0,TRUE,FALSE,FALSE
0,209,185,0,TRUE,FALSE,FALSE
0,209,220,0,TRUE,FALSE,FALSE
0,220,209,0,TRUE,FALSE,FALSE
0,209,141,0,TRUE,FALSE,FALSE
0,141,209,0,TRUE,FALSE,FALSE
0,209,91,0,TRUE,FALSE,FALSE
0,91,209,0,TRUE,FALSE,FALSE
0,209,126,0,TRUE,FALSE,FALSE
0,126,209,0,TRUE,FALSE,FALSE
0,209,138,0,TRUE,FALSE,FALSE
0,138,209,0,TRUE,FALSE,FALSE
0,15,84,0,TRUE,FALSE,FALSE
0,84,15,0,TRUE,FALSE,FALSE
0,15,117,0,TRUE,FALSE,FALSE
0,117,15,0,TRUE,FALSE,FALSE
0,221,15,0,TRUE,FALSE,FALSE
0,15,221,0,TRUE,FALSE,FALSE
0,67,15,0,TRUE,FALSE,FALSE
0,15,67,0,TRUE,FALSE,FALSE
0,68,221,0,TRUE,FALSE,FALSE
0,221,68,0,TRUE,FALSE,FALSE
0,67,68,0,TRUE,FALSE,FALSE
0,68,67,0,TRUE,FALSE,FALSE
0,68,213,0,TRUE,FALSE,FALSE
0,213,68,0,TRUE,FALSE,FALSE
0,110,86,0,TRUE,FALSE,FALSE
0,86,110,0,TRUE,FALSE,FALSE
0,110,160,0,TRUE,FALSE,FALSE
0,160,110,0,TRUE,FALSE,FALSE
0,215,110,0,TRUE,FALSE,FALSE
0,110,215,0,TRUE,FALSE,FALSE
0,110,145,0,TRUE,FALSE,FALSE
0,145,110,0,TRUE,FALSE,FALSE
0,219,72,0,TRUE,FALSE,FALSE
0,72,219,0,TRUE,FALSE,FALSE
0,219,86,0,TRUE,FALSE,FALSE
0,86,219,0,TRUE,FALSE,FALSE
0,160,219,0,TRUE,FALSE,FALSE
0,219,160,0,TRUE,FALSE,FALSE
0,73,219,0,TRUE,FALSE,FALSE
0,219,73,0,TRUE,FALSE,FALSE
0,91,119,0,TRUE,FALSE,FALSE
0,119,91,0,TRUE,FALSE,FALSE
0,91,65,0,TRUE,FALSE,FALSE
0,65,91,0,TRUE,FALSE,FALSE
0,91,184,0,TRUE,FALSE,FALSE
0,184,91,0,TRUE,FALSE,FALSE
0,119,122,0,TRUE,FALSE,FALSE
0,122,119,0,TRUE,FALSE,FALSE
0,119,184,0,TRUE,FALSE,FALSE
0,184,119,0,TRUE,FALSE,FALSE
0,119,163,0,TRUE,FALSE,FALSE
0,163,119,0,TRUE,FALSE,FALSE
0,119,45,0,TRUE,FALSE,FALSE
0,45,119,0,TRUE,FALSE,FALSE
0,134,145,0,TRUE,FALSE,FALSE
0,145,134,0,TRUE,FALSE,FALSE
0,145,104,0,TRUE,FALSE,FALSE
0,104,145,0,TRUE,FALSE,FALSE
0,145,88,0,TRUE,FALSE,FALSE
0,88,145,0,TRUE,FALSE,FALSE
0,215,145,0,TRUE,FALSE,FALSE
0,145,215,0,TRUE,FALSE,FALSE
0,167,224,0,TRUE,FALSE,FALSE
0,224,167,0,TRUE,FALSE,FALSE
0,169,93,0,TRUE,FALSE,FALSE
0,93,169,0,TRUE,FALSE,FALSE
0,169,103,0,TRUE,FALSE,FALSE
0,103,169,0,TRUE,FALSE,FALSE
0,169,52,0,TRUE,FALSE,FALSE
0,52,169,0,TRUE,FALSE,FALSE
0,169,47,0,TRUE,FALSE,FALSE
0,47,169,0,TRUE,FALSE,FALSE
0,169,172,0,TRUE,FALSE,FALSE
0,172,169,0,TRUE,FALSE,FALSE
0,169,143,0,TRUE,FALSE,FALSE
0,143,169,0,TRUE,FALSE,FALSE
0,206,169,0,TRUE,FALSE,FALSE
0,169,206,0,TRUE,FALSE,FALSE
0,169,152,0,TRUE,FALSE,FALSE
0,152,169,0,TRUE,FALSE,FALSE
0,169,85,0,TRUE,FALSE,FALSE
0,85,169,0,TRUE,FALSE,FALSE
0,169,212,0,TRUE,FALSE,FALSE
0,212,169,0,TRUE,FALSE,FALSE
0,169,194,0,TRUE,FALSE,FALSE
0,194,169,0,TRUE,FALSE,FALSE
0,169,139,0,TRUE,FALSE,FALSE
0,139,169,0,TRUE,FALSE,FALSE
0,34,158,0,TRUE,FALSE,FALSE
0,158,34,0,TRUE,FALSE,FALSE
0,34,142,0,TRUE,FALSE,FALSE
0,142,34,0,TRUE,FALSE,FALSE
0,35,230,0,TRUE,FALSE,FALSE
0,230,35,0,TRUE,FALSE,FALSE
0,35,182,0,TRUE,FALSE,FALSE
0,182,35,0,TRUE,FALSE,FALSE
0,35,22,0,TRUE,FALSE,FALSE
0,22,35,0,TRUE,FALSE,FALSE
0,35,116,0,TRUE,FALSE,FALSE
0,116,35,0,TRUE,FALSE,FALSE
0,35,101,0,TRUE,FALSE,FALSE
0,101,35,0,TRUE,FALSE,FALSE
0,35,218,0,TRUE,FALSE,FALSE
0,218,35,0,TRUE,FALSE,FALSE
0,35,60,0,TRUE,FALSE,FALSE
0,60,35,0,TRUE,FALSE,FALSE
0,35,81,0,TRUE,FALSE,FALSE
0,81,35,0,TRUE,FALSE,FALSE
0,35,210,0,TRUE,FALSE,FALSE
0,210,35,0,TRUE,FALSE,FALSE
0,35,98,0,TRUE,FALSE,FALSE
0,98,35,0,TRUE,FALSE,FALSE
0,35,162,0,TRUE,FALSE,FALSE
0,162,35,0,TRUE,FALSE,FALSE
0,212,35,0,TRUE,FALSE,FALSE
0,35,212,0,TRUE,FALSE,FALSE
0,27,135,0,TRUE,FALSE,FALSE
0,135,27,0,TRUE,FALSE,FALSE
0,135,53,0,TRUE,FALSE,FALSE
0,53,135,0,TRUE,FALSE,FALSE
0,150,135,0,TRUE,FALSE,FALSE
0,135,150,0,TRUE,FALSE,FALSE
0,4,163,0,TRUE,FALSE,FALSE
0,163,4,0,TRUE,FALSE,FALSE
0,21,163,0,TRUE,FALSE,FALSE
0,163,21,0,TRUE,FALSE,FALSE
0,163,45,0,TRUE,FALSE,FALSE
0,45,163,0,TRUE,FALSE,FALSE
0,163,175,0,TRUE,FALSE,FALSE
0,175,163,0,TRUE,FALSE,FALSE
0,120,132,0,TRUE,FALSE,FALSE
0,132,120,0,TRUE,FALSE,FALSE
0,132,125,0,TRUE,FALSE,FALSE
0,125,132,0,TRUE,FALSE,FALSE
0,132,191,0,TRUE,FALSE,FALSE
0,191,132,0,TRUE,FALSE,FALSE
0,132,106,0,TRUE,FALSE,FALSE
0,106,132,0,TRUE,FALSE,FALSE
0,132,220,0,TRUE,FALSE,FALSE
0,220,132,0,TRUE,FALSE,FALSE
0,132,3,0,TRUE,FALSE,FALSE
0,3,132,0,TRUE,FALSE,FALSE
0,132,141,0,TRUE,FALSE,FALSE
0,141,132,0,TRUE,FALSE,FALSE
0,132,12,0,TRUE,FALSE,FALSE
0,12,132,0,TRUE,FALSE,FALSE
0,132,57,0,TRUE,FALSE,FALSE
0,57,132,0,TRUE,FALSE,FALSE
0,132,82,0,TRUE,FALSE,FALSE
0,82,132,0,TRUE,FALSE,FALSE
0,134,88,0,TRUE,FALSE,FALSE
0,88,134,0,TRUE,FALSE,FALSE
0,88,126,0,TRUE,FALSE,FALSE
0,126,88,0,TRUE,FALSE,FALSE
0,116,98,0,TRUE,FALSE,FALSE
0,98,116,0,TRUE,FALSE,FALSE
0,120,113,0,TRUE,FALSE,FALSE
0,113,120,0,TRUE,FALSE,FALSE
0,120,72,0,TRUE,FALSE,FALSE
0,72,120,0,TRUE,FALSE,FALSE
0,120,226,0,TRUE,FALSE,FALSE
0,226,120,0,TRUE,FALSE,FALSE
0,120,156,0,TRUE,FALSE,FALSE
0,156,120,0,TRUE,FALSE,FALSE
0,120,176,0,TRUE,FALSE,FALSE
0,176,120,0,TRUE,FALSE,FALSE
0,73,120,0,TRUE,FALSE,FALSE
0,120,73,0,TRUE,FALSE,FALSE
0,120,115,0,TRUE,FALSE,FALSE
0,115,120,0,TRUE,FALSE,FALSE
0,120,200,0,TRUE,FALSE,FALSE
0,200,120,0,TRUE,FALSE,FALSE
0,120,148,0,TRUE,FALSE,FALSE
0,148,120,0,TRUE,FALSE,FALSE
0,67,121,0,TRUE,FALSE,FALSE
0,121,67,0,TRUE,FALSE,FALSE
0,67,158,0,TRUE,FALSE,FALSE
0,158,67,0,TRUE,FALSE,FALSE
0,67,117,0,TRUE,FALSE,FALSE
0,117,67,0,TRUE,FALSE,FALSE
0,67,221,0,TRUE,FALSE,FALSE
0,221,67,0,TRUE,FALSE,FALSE
0,67,26,0,TRUE,FALSE,FALSE
0,26,67,0,TRUE,FALSE,FALSE
0,67,0,0,TRUE,FALSE,FALSE
0,0,67,0,TRUE,FALSE,FALSE
0,67,206,0,TRUE,FALSE,FALSE
0,206,67,0,TRUE,FALSE,FALSE
0,67,214,0,TRUE,FALSE,FALSE
0,214,67,0,TRUE,FALSE,FALSE
0,133,207,0,TRUE,FALSE,FALSE
0,207,133,0,TRUE,FALSE,FALSE
0,150,171,0,TRUE,FALSE,FALSE
0,171,150,0,TRUE,FALSE,FALSE
0,199,150,0,TRUE,FALSE,FALSE
0,150,199,0,TRUE,FALSE,FALSE
0,118,150,0,TRUE,FALSE,FALSE
0,150,118,0,TRUE,FALSE,FALSE
0,62,121,0,TRUE,FALSE,FALSE
0,121,62,0,TRUE,FALSE,FALSE
0,62,33,0,TRUE,FALSE,FALSE
0,33,62,0,TRUE,FALSE,FALSE
0,142,62,0,TRUE,FALSE,FALSE
0,62,142,0,TRUE,FALSE,FALSE
0,117,26,0,TRUE,FALSE,FALSE
0,26,117,0,TRUE,FALSE,FALSE
0,117,102,0,TRUE,FALSE,FALSE
0,102,117,0,TRUE,FALSE,FALSE
0,41,207,0,TRUE,FALSE,FALSE
0,207,41,0,TRUE,FALSE,FALSE
0,41,224,0,TRUE,FALSE,FALSE
0,224,41,0,TRUE,FALSE,FALSE
0,41,184,0,TRUE,FALSE,FALSE
0,184,41,0,TRUE,FALSE,FALSE
0,41,4,0,TRUE,FALSE,FALSE
0,4,41,0,TRUE,FALSE,FALSE
0,41,45,0,TRUE,FALSE,FALSE
0,45,41,0,TRUE,FALSE,FALSE
0,142,0,0,TRUE,FALSE,FALSE
0,0,142,0,TRUE,FALSE,FALSE
0,27,185,0,TRUE,FALSE,FALSE
0,185,27,0,TRUE,FALSE,FALSE
0,185,208,0,TRUE,FALSE,FALSE
0,208,185,0,TRUE,FALSE,FALSE
0,185,147,0,TRUE,FALSE,FALSE
0,147,185,0,TRUE,FALSE,FALSE
0,185,137,0,TRUE,FALSE,FALSE
0,137,185,0,TRUE,FALSE,FALSE
0,185,195,0,TRUE,FALSE,FALSE
0,195,185,0,TRUE,FALSE,FALSE
0,190,21,0,TRUE,FALSE,FALSE
0,21,190,0,TRUE,FALSE,FALSE
0,3,199,0,TRUE,FALSE,FALSE
0,199,3,0,TRUE,FALSE,FALSE
0,3,125,0,TRUE,FALSE,FALSE
0,125,3,0,TRUE,FALSE,FALSE
0,72,3,0,TRUE,FALSE,FALSE
0,3,72,0,TRUE,FALSE,FALSE
0,118,27,0,TRUE,FALSE,FALSE
0,27,118,0,TRUE,FALSE,FALSE
0,118,171,0,TRUE,FALSE,FALSE
0,171,118,0,TRUE,FALSE,FALSE
0,118,66,0,TRUE,FALSE,FALSE
0,66,118,0,TRUE,FALSE,FALSE
0,118,154,0,TRUE,FALSE,FALSE
0,154,118,0,TRUE,FALSE,FALSE
0,191,118,0,TRUE,FALSE,FALSE
0,118,191,0,TRUE,FALSE,FALSE
0,118,11,0,TRUE,FALSE,FALSE
0,11,118,0,TRUE,FALSE,FALSE
0,118,37,0,TRUE,FALSE,FALSE
0,37,118,0,TRUE,FALSE,FALSE
0,118,87,0,TRUE,FALSE,FALSE
0,87,118,0,TRUE,FALSE,FALSE
0,118,138,0,TRUE,FALSE,FALSE
0,138,118,0,TRUE,FALSE,FALSE
0,191,199,0,TRUE,FALSE,FALSE
0,199,191,0,TRUE,FALSE,FALSE
0,199,32,0,TRUE,FALSE,FALSE
0,32,199,0,TRUE,FALSE,FALSE
0,194,47,0,TRUE,FALSE,FALSE
0,47,194,0,TRUE,FALSE,FALSE
0,213,194,0,TRUE,FALSE,FALSE
0,194,213,0,TRUE,FALSE,FALSE
0,206,84,0,TRUE,FALSE,FALSE
0,84,206,0,TRUE,FALSE,FALSE
0,206,189,0,TRUE,FALSE,FALSE
0,189,206,0,TRUE,FALSE,FALSE
0,206,204,0,TRUE,FALSE,FALSE
0,204,206,0,TRUE,FALSE,FALSE
0,206,136,0,TRUE,FALSE,FALSE
0,136,206,0,TRUE,FALSE,FALSE
0,206,102,0,TRUE,FALSE,FALSE
0,102,206,0,TRUE,FALSE,FALSE
0,206,69,0,TRUE,FALSE,FALSE
0,69,206,0,TRUE,FALSE,FALSE
0,206,213,0,TRUE,FALSE,FALSE
0,213,206,0,TRUE,FALSE,FALSE
0,206,46,0,TRUE,FALSE,FALSE
0,46,206,0,TRUE,FALSE,FALSE
0,206,70,0,TRUE,FALSE,FALSE
0,70,206,0,TRUE,FALSE,FALSE
0,33,214,0,TRUE,FALSE,FALSE
0,214,33,0,TRUE,FALSE,FALSE
0,4,21,0,TRUE,FALSE,FALSE
0,21,4,0,TRUE,FALSE,FALSE
0,73,65,0,TRUE,FALSE,FALSE
0,65,73,0,TRUE,FALSE,FALSE
0,73,122,0,TRUE,FALSE,FALSE
0,122,73,0,TRUE,FALSE,FALSE
0,73,104,0,TRUE,FALSE,FALSE
0,104,73,0,TRUE,FALSE,FALSE
0,73,18,0,TRUE,FALSE,FALSE
0,18,73,0,TRUE,FALSE,FALSE
0,73,86,0,TRUE,FALSE,FALSE
0,86,73,0,TRUE,FALSE,FALSE
0,73,126,0,TRUE,FALSE,FALSE
0,126,73,0,TRUE,FALSE,FALSE
0,73,175,0,TRUE,FALSE,FALSE
0,175,73,0,TRUE,FALSE,FALSE
0,27,14,0,TRUE,FALSE,FALSE
0,14,27,0,TRUE,FALSE,FALSE
0,27,197,0,TRUE,FALSE,FALSE
0,197,27,0,TRUE,FALSE,FALSE
0,27,108,0,TRUE,FALSE,FALSE
0,108,27,0,TRUE,FALSE,FALSE
0,27,181,0,TRUE,FALSE,FALSE
0,181,27,0,TRUE,FALSE,FALSE
0,27,58,0,TRUE,FALSE,FALSE
0,58,27,0,TRUE,FALSE,FALSE
0,27,53,0,TRUE,FALSE,FALSE
0,53,27,0,TRUE,FALSE,FALSE
0,27,77,0,TRUE,FALSE,FALSE
0,77,27,0,TRUE,FALSE,FALSE
0,221,46,0,TRUE,FALSE,FALSE
0,46,221,0,TRUE,FALSE,FALSE
0,191,179,0,TRUE,FALSE,FALSE
0,179,191,0,TRUE,FALSE,FALSE
0,191,177,0,TRUE,FALSE,FALSE
0,177,191,0,TRUE,FALSE,FALSE
0,191,229,0,TRUE,FALSE,FALSE
0,229,191,0,TRUE,FALSE,FALSE
0,191,49,0,TRUE,FALSE,FALSE
0,49,191,0,TRUE,FALSE,FALSE
0,191,32,0,TRUE,FALSE,FALSE
0,32,191,0,TRUE,FALSE,FALSE
0,191,20,0,TRUE,FALSE,FALSE
0,20,191,0,TRUE,FALSE,FALSE
0,191,28,0,TRUE,FALSE,FALSE
0,28,191,0,TRUE,FALSE,FALSE
0,21,18,0,TRUE,FALSE,FALSE
0,18,21,0,TRUE,FALSE,FALSE
0,212,40,0,TRUE,FALSE,FALSE
0,40,212,0,TRUE,FALSE,FALSE
0,212,24,0,TRUE,FALSE,FALSE
0,24,212,0,TRUE,FALSE,FALSE
0,212,140,0,TRUE,FALSE,FALSE
0,140,212,0,TRUE,FALSE,FALSE
0,212,90,0,TRUE,FALSE,FALSE
0,90,212,0,TRUE,FALSE,FALSE
0,212,94,0,TRUE,FALSE,FALSE
0,94,212,0,TRUE,FALSE,FALSE
0,212,79,0,TRUE,FALSE,FALSE
0,79,212,0,TRUE,FALSE,FALSE
0,212,105,0,TRUE,FALSE,FALSE
0,105,212,0,TRUE,FALSE,FALSE
0,212,63,0,TRUE,FALSE,FALSE
0,63,212,0,TRUE,FALSE,FALSE
0,212,217,0,TRUE,FALSE,FALSE
0,217,212,0,TRUE,FALSE,FALSE
0,149,178,0,TRUE,FALSE,FALSE
0,178,149,0,TRUE,FALSE,FALSE
0,149,146,0,TRUE,FALSE,FALSE
0,146,149,0,TRUE,FALSE,FALSE
0,149,95,0,TRUE,FALSE,FALSE
0,95,149,0,TRUE,FALSE,FALSE
0,218,149,0,TRUE,FALSE,FALSE
0,149,218,0,TRUE,FALSE,FALSE
0,149,111,0,TRUE,FALSE,FALSE
0,111,149,0,TRUE,FALSE,FALSE
0,213,46,0,TRUE,FALSE,FALSE
0,46,213,0,TRUE,FALSE,FALSE
0,218,166,0,TRUE,FALSE,FALSE
0,166,218,0,TRUE,FALSE,FALSE
0,218,48,0,TRUE,FALSE,FALSE
0,48,218,0,TRUE,FALSE,FALSE
0,218,164,0,TRUE,FALSE,FALSE
0,164,218,0,TRUE,FALSE,FALSE
0,218,7,0,TRUE,FALSE,FALSE
0,7,218,0,TRUE,FALSE,FALSE
0,218,36,0,TRUE,FALSE,FALSE
0,36,218,0,TRUE,FALSE,FALSE
0,218,30,0,TRUE,FALSE,FALSE
0,30,218,0,TRUE,FALSE,FALSE
0,218,92,0,TRUE,FALSE,FALSE
0,92,218,0,TRUE,FALSE,FALSE
0,218,144,0,TRUE,FALSE,FALSE
0,144,218,0,TRUE,FALSE,FALSE
0,72,148,0,TRUE,FALSE,FALSE
0,148,72,0,TRUE,FALSE,FALSE
0,148,125,0,TRUE,FALSE,FALSE
0,125,148,0,TRUE,FALSE,FALSE
0,86,148,0,TRUE,FALSE,FALSE
0,148,86,0,TRUE,FALSE,FALSE
0,148,200,0,TRUE,FALSE,FALSE
0,200,148,0,TRUE,FALSE,FALSE
0,137,14,0,TRUE,FALSE,FALSE
0,14,137,0,TRUE,FALSE,FALSE
0,106,226,0,TRUE,FALSE,FALSE
0,226,106,0,TRUE,FALSE,FALSE
0,28,106,0,TRUE,FALSE,FALSE
0,106,28,0,TRUE,FALSE,FALSE
0,106,82,0,TRUE,FALSE,FALSE
0,82,106,0,TRUE,FALSE,FALSE
0,220,179,0,TRUE,FALSE,FALSE
0,179,220,0,TRUE,FALSE,FALSE
0,176,220,0,TRUE,FALSE,FALSE
0,220,176,0,TRUE,FALSE,FALSE
0,220,57,0,TRUE,FALSE,FALSE
0,57,220,0,TRUE,FALSE,FALSE
0,226,113,0,TRUE,FALSE,FALSE
0,113,226,0,TRUE,FALSE,FALSE
0,226,18,0,TRUE,FALSE,FALSE
0,18,226,0,TRUE,FALSE,FALSE
0,230,48,0,TRUE,FALSE,FALSE
0,48,230,0,TRUE,FALSE,FALSE
0,48,178,0,TRUE,FALSE,FALSE
0,178,48,0,TRUE,FALSE,FALSE
0,48,7,0,TRUE,FALSE,FALSE
0,7,48,0,TRUE,FALSE,FALSE
0,200,156,0,TRUE,FALSE,FALSE
0,156,200,0,TRUE,FALSE,FALSE
0,156,141,0,TRUE,FALSE,FALSE
0,141,156,0,TRUE,FALSE,FALSE
0,126,156,0,TRUE,FALSE,FALSE
0,156,126,0,TRUE,FALSE,FALSE
0,14,154,0,TRUE,FALSE,FALSE
0,154,14,0,TRUE,FALSE,FALSE
0,154,87,0,TRUE,FALSE,FALSE
0,87,154,0,TRUE,FALSE,FALSE
0,154,28,0,TRUE,FALSE,FALSE
0,28,154,0,TRUE,FALSE,FALSE
0,158,0,0,TRUE,FALSE,FALSE
0,0,158,0,TRUE,FALSE,FALSE
0,158,70,0,TRUE,FALSE,FALSE
0,70,158,0,TRUE,FALSE,FALSE
0,70,69,0,TRUE,FALSE,FALSE
0,69,70,0,TRUE,FALSE,FALSE
0,70,152,0,TRUE,FALSE,FALSE
0,152,70,0,TRUE,FALSE,FALSE
0,86,104,0,TRUE,FALSE,FALSE
0,104,86,0,TRUE,FALSE,FALSE
0,104,200,0,TRUE,FALSE,FALSE
0,200,104,0,TRUE,FALSE,FALSE
0,104,126,0,TRUE,FALSE,FALSE
0,126,104,0,TRUE,FALSE,FALSE
0,140,230,0,FALSE,TRUE,FALSE
0,230,140,0,FALSE,TRUE,FALSE
0,140,79,0,FALSE,TRUE,FALSE
0,79,140,0,FALSE,TRUE,FALSE
0,152,140,0,FALSE,TRUE,FALSE
0,140,152,0,FALSE,TRUE,FALSE
0,113,82,0,FALSE,TRUE,FALSE
0,82,113,0,FALSE,TRUE,FALSE
0,82,20,0,FALSE,TRUE,FALSE
0,20,82,0,FALSE,TRUE,FALSE
0,57,82,0,FALSE,TRUE,FALSE
0,82,57,0,FALSE,TRUE,FALSE
0,65,122,0,FALSE,TRUE,FALSE
0,122,65,0,FALSE,TRUE,FALSE
0,65,176,0,FALSE,TRUE,FALSE
0,176,65,0,FALSE,TRUE,FALSE
0,14,108,0,FALSE,TRUE,FALSE
0,108,14,0,FALSE,TRUE,FALSE
0,18,175,0,FALSE,TRUE,FALSE
0,175,18,0,FALSE,TRUE,FALSE
0,28,20,0,FALSE,TRUE,FALSE
0,20,28,0,FALSE,TRUE,FALSE
0,122,115,0,FALSE,TRUE,FALSE
0,115,122,0,FALSE,TRUE,FALSE
0,122,175,0,FALSE,TRUE,FALSE
0,175,122,0,FALSE,TRUE,FALSE
0,230,162,0,FALSE,TRUE,FALSE
0,162,230,0,FALSE,TRUE,FALSE
0,26,204,0,FALSE,TRUE,FALSE
0,204,26,0,FALSE,TRUE,FALSE
0,115,113,0,FALSE,TRUE,FALSE
0,113,115,0,FALSE,TRUE,FALSE
0,175,113,0,FALSE,TRUE,FALSE
0,113,175,0,FALSE,TRUE,FALSE
0,115,57,0,FALSE,TRUE,FALSE
0,57,115,0,FALSE,TRUE,FALSE
0,57,49,0,FALSE,TRUE,FALSE
0,49,57,0,FALSE,TRUE,FALSE
0,176,115,0,FALSE,TRUE,FALSE
0,115,176,0,FALSE,TRUE,FALSE
0,125,32,0,FALSE,TRUE,FALSE
0,32,125,0,FALSE,TRUE,FALSE
0,125,12,0,FALSE,TRUE,FALSE
0,12,125,0,FALSE,TRUE,FALSE
0,12,229,0,FALSE,TRUE,FALSE
0,229,12,0,FALSE,TRUE,FALSE
0,200,12,0,FALSE,TRUE,FALSE
0,12,200,0,FALSE,TRUE,FALSE
0,12,141,0,FALSE,TRUE,FALSE
0,141,12,0,FALSE,TRUE,FALSE
0,141,177,0,FALSE,TRUE,FALSE
0,177,141,0,FALSE,TRUE,FALSE
0,121,214,0,FALSE,TRUE,FALSE
0,214,121,0,FALSE,TRUE,FALSE
0,214,189,0,FALSE,TRUE,FALSE
0,189,214,0,FALSE,TRUE,FALSE
0,0,121,0,FALSE,TRUE,FALSE
0,121,0,0,FALSE,TRUE,FALSE
0,121,136,0,FALSE,TRUE,FALSE
0,136,121,0,FALSE,TRUE,FALSE
0,152,143,0,FALSE,TRUE,FALSE
0,143,152,0,FALSE,TRUE,FALSE
0,0,69,0,FALSE,TRUE,FALSE
0,69,0,0,FALSE,TRUE,FALSE
0,102,84,0,FALSE,TRUE,FALSE
0,84,102,0,FALSE,TRUE,FALSE
0,204,102,0,FALSE,TRUE,FALSE
0,102,204,0,FALSE,TRUE,FALSE
0,102,139,0,FALSE,TRUE,FALSE
0,139,102,0,FALSE,TRUE,FALSE
0,46,47,0,FALSE,TRUE,FALSE
0,47,46,0,FALSE,TRUE,FALSE
0,84,46,0,FALSE,TRUE,FALSE
0,46,84,0,FALSE,TRUE,FALSE
0,143,52,0,FALSE,TRUE,FALSE
0,52,143,0,FALSE,TRUE,FALSE
0,143,79,0,FALSE,TRUE,FALSE
0,79,143,0,FALSE,TRUE,FALSE
0,69,143,0,FALSE,TRUE,FALSE
0,143,69,0,FALSE,TRUE,FALSE
0,85,40,0,FALSE,TRUE,FALSE
0,40,85,0,FALSE,TRUE,FALSE
0,85,47,0,FALSE,TRUE,FALSE
0,47,85,0,FALSE,TRUE,FALSE
0,84,85,0,FALSE,TRUE,FALSE
0,85,84,0,FALSE,TRUE,FALSE
0,139,85,0,FALSE,TRUE,FALSE
0,85,139,0,FALSE,TRUE,FALSE
0,87,108,0,FALSE,TRUE,FALSE
0,108,87,0,FALSE,TRUE,FALSE
0,37,87,0,FALSE,TRUE,FALSE
0,87,37,0,FALSE,TRUE,FALSE
0,20,87,0,FALSE,TRUE,FALSE
0,87,20,0,FALSE,TRUE,FALSE
0,179,49,0,FALSE,TRUE,FALSE
0,49,179,0,FALSE,TRUE,FALSE
0,49,37,0,FALSE,TRUE,FALSE
0,37,49,0,FALSE,TRUE,FALSE
0,49,20,0,FALSE,TRUE,FALSE
0,20,49,0,FALSE,TRUE,FALSE
0,52,105,0,FALSE,TRUE,FALSE
0,105,52,0,FALSE,TRUE,FALSE
0,105,22,0,FALSE,TRUE,FALSE
0,22,105,0,FALSE,TRUE,FALSE
0,79,105,0,FALSE,TRUE,FALSE
0,105,79,0,FALSE,TRUE,FALSE
0,105,63,0,FALSE,TRUE,FALSE
0,63,105,0,FALSE,TRUE,FALSE
0,136,52,0,FALSE,TRUE,FALSE
0,52,136,0,FALSE,TRUE,FALSE
0,136,189,0,FALSE,TRUE,FALSE
0,189,136,0,FALSE,TRUE,FALSE
0,69,136,0,FALSE,TRUE,FALSE
0,136,69,0,FALSE,TRUE,FALSE
0,47,24,0,FALSE,TRUE,FALSE
0,24,47,0,FALSE,TRUE,FALSE
0,58,108,0,FALSE,TRUE,FALSE
0,108,58,0,FALSE,TRUE,FALSE
0,197,195,0,FALSE,TRUE,FALSE
0,195,197,0,FALSE,TRUE,FALSE
0,195,147,0,FALSE,TRUE,FALSE
0,147,195,0,FALSE,TRUE,FALSE
0,172,103,0,FALSE,TRUE,FALSE
0,103,172,0,FALSE,TRUE,FALSE
0,204,103,0,FALSE,TRUE,FALSE
0,103,204,0,FALSE,TRUE,FALSE
0,103,217,0,FALSE,FALSE,TRUE
0,217,103,0,FALSE,FALSE,TRUE
0,103,139,0,FALSE,FALSE,TRUE
0,139,103,0,FALSE,FALSE,TRUE
0,79,162,0,FALSE,FALSE,TRUE
0,162,79,0,FALSE,FALSE,TRUE
0,77,208,0,FALSE,FALSE,TRUE
0,208,77,0,FALSE,FALSE,TRUE
0,63,182,0,FALSE,FALSE,TRUE
0,182,63,0,FALSE,FALSE,TRUE
0,93,63,0,FALSE,FALSE,TRUE
0,63,93,0,FALSE,FALSE,TRUE
0,63,90,0,FALSE,FALSE,TRUE
0,90,63,0,FALSE,FALSE,TRUE
0,77,58,0,FALSE,FALSE,TRUE
0,58,77,0,FALSE,FALSE,TRUE
0,138,77,0,FALSE,FALSE,TRUE
0,77,138,0,FALSE,FALSE,TRUE
0,172,90,0,FALSE,FALSE,TRUE
0,90,172,0,FALSE,FALSE,TRUE
0,90,81,0,FALSE,FALSE,TRUE
0,81,90,0,FALSE,FALSE,TRUE
0,90,217,0,FALSE,FALSE,TRUE
0,217,90,0,FALSE,FALSE,TRUE
0,37,58,0,FALSE,FALSE,TRUE
0,58,37,0,FALSE,FALSE,TRUE
0,138,37,0,FALSE,FALSE,TRUE
0,37,138,0,FALSE,FALSE,TRUE
0,52,93,0,FALSE,FALSE,TRUE
0,93,52,0,FALSE,FALSE,TRUE
0,93,172,0,FALSE,FALSE,TRUE
0,172,93,0,FALSE,FALSE,TRUE
0,189,93,0,FALSE,FALSE,TRUE
0,93,189,0,FALSE,FALSE,TRUE
0,171,11,0,FALSE,FALSE,TRUE
0,11,171,0,FALSE,FALSE,TRUE
0,11,66,0,FALSE,FALSE,TRUE
0,66,11,0,FALSE,FALSE,TRUE
0,11,197,0,FALSE,FALSE,TRUE
0,197,11,0,FALSE,FALSE,TRUE
0,229,11,0,FALSE,FALSE,TRUE
0,11,229,0,FALSE,FALSE,TRUE
0,171,53,0,FALSE,FALSE,TRUE
0,53,171,0,FALSE,FALSE,TRUE
0,32,171,0,FALSE,FALSE,TRUE
0,171,32,0,FALSE,FALSE,TRUE
0,66,181,0,FALSE,FALSE,TRUE
0,181,66,0,FALSE,FALSE,TRUE
0,197,181,0,FALSE,FALSE,TRUE
0,181,197,0,FALSE,FALSE,TRUE
0,181,147,0,FALSE,FALSE,TRUE
0,147,181,0,FALSE,FALSE,TRUE
0,53,197,0,FALSE,FALSE,TRUE
0,197,53,0,FALSE,FALSE,TRUE
0,179,138,0,FALSE,FALSE,TRUE
0,138,179,0,FALSE,FALSE,TRUE
0,139,94,0,FALSE,FALSE,TRUE
0,94,139,0,FALSE,FALSE,TRUE
0,217,94,0,FALSE,FALSE,TRUE
0,94,217,0,FALSE,FALSE,TRUE
0,217,210,0,FALSE,FALSE,TRUE
0,210,217,0,FALSE,FALSE,TRUE
0,229,177,0,FALSE,FALSE,TRUE
0,177,229,0,FALSE,FALSE,TRUE
0,32,229,0,FALSE,FALSE,TRUE
0,229,32,0,FALSE,FALSE,TRUE
0,177,66,0,FALSE,FALSE,TRUE
0,66,177,0,FALSE,FALSE,TRUE
0,40,24,0,FALSE,FALSE,TRUE
0,24,40,0,FALSE,FALSE,TRUE
0,40,101,0,FALSE,FALSE,TRUE
0,101,40,0,FALSE,FALSE,TRUE
0,94,40,0,FALSE,FALSE,TRUE
0,40,94,0,FALSE,FALSE,TRUE
0,162,7,0,FALSE,FALSE,TRUE
0,7,162,0,FALSE,FALSE,TRUE
0,7,92,0,FALSE,FALSE,TRUE
0,92,7,0,FALSE,FALSE,TRUE
0,92,166,0,FALSE,FALSE,TRUE
0,166,92,0,FALSE,FALSE,TRUE
0,22,92,0,FALSE,FALSE,TRUE
0,92,22,0,FALSE,FALSE,TRUE
0,24,98,0,FALSE,FALSE,TRUE
0,98,24,0,FALSE,FALSE,TRUE
0,207,168,0,FALSE,FALSE,TRUE
0,168,207,0,FALSE,FALSE,TRUE
0,224,168,0,FALSE,FALSE,TRUE
0,168,224,0,FALSE,FALSE,TRUE
0,111,95,0,FALSE,FALSE,TRUE
0,95,111,0,FALSE,FALSE,TRUE
0,144,111,0,FALSE,FALSE,TRUE
0,111,144,0,FALSE,FALSE,TRUE
0,182,166,0,FALSE,FALSE,TRUE
0,166,182,0,FALSE,FALSE,TRUE
0,166,146,0,FALSE,FALSE,TRUE
0,146,166,0,FALSE,FALSE,TRUE
0,166,30,0,FALSE,FALSE,TRUE
0,30,166,0,FALSE,FALSE,TRUE
0,162,22,0,FALSE,FALSE,TRUE
0,22,162,0,FALSE,FALSE,TRUE
0,60,101,0,FALSE,FALSE,TRUE
0,101,60,0,FALSE,FALSE,TRUE
0,94,60,0,FALSE,FALSE,TRUE
0,60,94,0,FALSE,FALSE,TRUE
0,210,60,0,FALSE,FALSE,TRUE
0,60,210,0,FALSE,FALSE,TRUE
0,60,144,0,FALSE,FALSE,TRUE
0,144,60,0,FALSE,FALSE,TRUE
0,101,98,0,FALSE,FALSE,TRUE
0,98,101,0,FALSE,FALSE,TRUE
0,98,36,0,FALSE,FALSE,TRUE
0,36,98,0,FALSE,FALSE,TRUE
0,182,81,0,FALSE,FALSE,TRUE
0,81,182,0,FALSE,FALSE,TRUE
0,81,210,0,FALSE,FALSE,TRUE
0,210,81,0,FALSE,FALSE,TRUE
0,81,30,0,FALSE,FALSE,TRUE
0,30,81,0,FALSE,FALSE,TRUE
0,144,164,0,FALSE,FALSE,TRUE
0,164,144,0,FALSE,FALSE,TRUE
0,22,182,0,FALSE,FALSE,TRUE
0,182,22,0,FALSE,FALSE,TRUE
0,101,164,0,FALSE,FALSE,TRUE
0,164,101,0,FALSE,FALSE,TRUE
0,164,95,0,FALSE,FALSE,TRUE
0,95,164,0,FALSE,FALSE,TRUE
0,164,36,0,FALSE,FALSE,TRUE
0,36,164,0,FALSE,FALSE,TRUE
1,47,0,0,TRUE,FALSE,FALSE
1,0,47,0,TRUE,FALSE,FALSE
1,47,95,0,TRUE,FALSE,FALSE
1,95,47,0,TRUE,FALSE,FALSE
1,47,82,0,TRUE,FALSE,FALSE
1,82,47,0,TRUE,FALSE,FALSE
1,156,47,0,TRUE,FALSE,FALSE
1,47,156,0,TRUE,FALSE,FALSE
1,12,47,0,TRUE,FALSE,FALSE
1,47,12,0,TRUE,FALSE,FALSE
1,46,30,0,TRUE,FALSE,FALSE
1,30,46,0,TRUE,FALSE,FALSE
1,30,171,0,TRUE,FALSE,FALSE
1,171,30,0,TRUE,FALSE,FALSE
1,30,11,0,TRUE,FALSE,FALSE
1,11,30,0,TRUE,FALSE,FALSE
1,30,174,0,TRUE,FALSE,FALSE
1,174,30,0,TRUE,FALSE,FALSE
1,30,12,0,TRUE,FALSE,FALSE
1,12,30,0,TRUE,FALSE,FALSE
1,30,146,0,TRUE,FALSE,FALSE
1,146,30,0,TRUE,FALSE,FALSE
1,188,126,0,TRUE,FALSE,FALSE
1,126,188,0,TRUE,FALSE,FALSE
1,171,126,0,TRUE,FALSE,FALSE
1,126,171,0,TRUE,FALSE,FALSE
1,64,126,0,TRUE,FALSE,FALSE
1,126,64,0,TRUE,FALSE,FALSE
1,126,32,0,TRUE,FALSE,FALSE
1,32,126,0,TRUE,FALSE,FALSE
1,126,92,0,TRUE,FALSE,FALSE
1,92,126,0,TRUE,FALSE,FALSE
1,51,126,0,TRUE,FALSE,FALSE
1,126,51,0,TRUE,FALSE,FALSE
1,126,156,0,TRUE,FALSE,FALSE
1,156,126,0,TRUE,FALSE,FALSE
1,126,105,0,TRUE,FALSE,FALSE
1,105,126,0,TRUE,FALSE,FALSE
1,188,64,0,TRUE,FALSE,FALSE
1,64,188,0,TRUE,FALSE,FALSE
1,64,210,0,TRUE,FALSE,FALSE
1,210,64,0,TRUE,FALSE,FALSE
1,64,156,0,TRUE,FALSE,FALSE
1,156,64,0,TRUE,FALSE,FALSE
1,64,105,0,TRUE,FALSE,FALSE
1,105,64,0,TRUE,FALSE,FALSE
1,124,94,0,TRUE,FALSE,FALSE
1,94,124,0,TRUE,FALSE,FALSE
1,124,141,0,TRUE,FALSE,FALSE
1,141,124,0,TRUE,FALSE,FALSE
1,124,165,0,TRUE,FALSE,FALSE
1,165,124,0,TRUE,FALSE,FALSE
1,124,185,0,TRUE,FALSE,FALSE
1,185,124,0,TRUE,FALSE,FALSE
1,124,74,0,TRUE,FALSE,FALSE
1,74,124,0,TRUE,FALSE,FALSE
1,124,170,0,TRUE,FALSE,FALSE
1,170,124,0,TRUE,FALSE,FALSE
1,124,8,0,TRUE,FALSE,FALSE
1,8,124,0,TRUE,FALSE,FALSE
1,171,124,0,TRUE,FALSE,FALSE
1,124,171,0,TRUE,FALSE,FALSE
1,51,124,0,TRUE,FALSE,FALSE
1,124,51,0,TRUE,FALSE,FALSE
1,11,124,0,TRUE,FALSE,FALSE
1,124,11,0,TRUE,FALSE,FALSE
1,174,124,0,TRUE,FALSE,FALSE
1,124,174,0,TRUE,FALSE,FALSE
1,124,163,0,TRUE,FALSE,FALSE
1,163,124,0,TRUE,FALSE,FALSE
1,170,215,0,TRUE,FALSE,FALSE
1,215,170,0,TRUE,FALSE,FALSE
1,51,170,0,TRUE,FALSE,FALSE
1,170,51,0,TRUE,FALSE,FALSE
1,11,170,0,TRUE,FALSE,FALSE
1,170,11,0,TRUE,FALSE,FALSE
1,174,170,0,TRUE,FALSE,FALSE
1,170,174,0,TRUE,FALSE,FALSE
1,163,170,0,TRUE,FALSE,FALSE
1,170,163,0,TRUE,FALSE,FALSE
1,166,215,0,TRUE,FALSE,FALSE
1,215,166,0,TRUE,FALSE,FALSE
1,166,183,0,TRUE,FALSE,FALSE
1,183,166,0,TRUE,FALSE,FALSE
1,166,95,0,TRUE,FALSE,FALSE
1,95,166,0,TRUE,FALSE,FALSE
1,166,82,0,TRUE,FALSE,FALSE
1,82,166,0,TRUE,FALSE,FALSE
1,11,166,0,TRUE,FALSE,FALSE
1,166,11,0,TRUE,FALSE,FALSE
1,171,11,0,TRUE,FALSE,FALSE
1,11,171,0,TRUE,FALSE,FALSE
1,11,51,0,TRUE,FALSE,FALSE
1,51,11,0,TRUE,FALSE,FALSE
1,174,11,0,TRUE,FALSE,FALSE
1,11,174,0,TRUE,FALSE,FALSE
1,11,146,0,TRUE,FALSE,FALSE
1,146,11,0,TRUE,FALSE,FALSE
1,105,94,0,TRUE,FALSE,FALSE
1,94,105,0,TRUE,FALSE,FALSE
1,105,8,0,TRUE,FALSE,FALSE
1,8,105,0,TRUE,FALSE,FALSE
1,171,105,0,TRUE,FALSE,FALSE
1,105,171,0,TRUE,FALSE,FALSE
1,105,92,0,TRUE,FALSE,FALSE
1,92,105,0,TRUE,FALSE,FALSE
1,105,176,0,TRUE,FALSE,FALSE
1,176,105,0,TRUE,FALSE,FALSE
1,163,74,0,TRUE,FALSE,FALSE
1,74,163,0,TRUE,FALSE,FALSE
1,51,163,0,TRUE,FALSE,FALSE
1,163,51,0,TRUE,FALSE,FALSE
1,174,163,0,TRUE,FALSE,FALSE
1,163,174,0,TRUE,FALSE,FALSE
1,163,175,0,TRUE,FALSE,FALSE
1,175,163,0,TRUE,FALSE,FALSE
1,92,168,0,TRUE,FALSE,FALSE
1,168,92,0,TRUE,FALSE,FALSE
1,8,92,0,TRUE,FALSE,FALSE
1,92,8,0,TRUE,FALSE,FALSE
1,171,92,0,TRUE,FALSE,FALSE
1,92,171,0,TRUE,FALSE,FALSE
1,51,92,0,TRUE,FALSE,FALSE
1,92,51,0,TRUE,FALSE,FALSE
1,46,12,0,TRUE,FALSE,FALSE
1,12,46,0,TRUE,FALSE,FALSE
1,188,12,0,TRUE,FALSE,FALSE
1,12,188,0,TRUE,FALSE,FALSE
1,12,171,0,TRUE,FALSE,FALSE
1,171,12,0,TRUE,FALSE,FALSE
1,12,51,0,TRUE,FALSE,FALSE
1,51,12,0,TRUE,FALSE,FALSE
1,12,156,0,TRUE,FALSE,FALSE
1,156,12,0,TRUE,FALSE,FALSE
1,12,146,0,TRUE,FALSE,FALSE
1,146,12,0,TRUE,FALSE,FALSE
1,82,181,0,TRUE,FALSE,FALSE
1,181,82,0,TRUE,FALSE,FALSE
1,82,95,0,TRUE,FALSE,FALSE
1,95,82,0,TRUE,FALSE,FALSE
1,146,82,0,TRUE,FALSE,FALSE
1,82,146,0,TRUE,FALSE,FALSE
1,210,176,0,TRUE,FALSE,FALSE
1,176,210,0,TRUE,FALSE,FALSE
1,210,6,0,TRUE,FALSE,FALSE
1,6,210,0,TRUE,FALSE,FALSE
1,46,188,0,TRUE,FALSE,FALSE
1,188,46,0,TRUE,FALSE,FALSE
1,188,171,0,TRUE,FALSE,FALSE
1,171,188,0,TRUE,FALSE,FALSE
1,188,51,0,TRUE,FALSE,FALSE
1,51,188,0,TRUE,FALSE,FALSE
1,188,156,0,TRUE,FALSE,FALSE
1,156,188,0,TRUE,FALSE,FALSE
1,171,146,0,TRUE,FALSE,FALSE
1,146,171,0,TRUE,FALSE,FALSE
1,146,51,0,TRUE,FALSE,FALSE
1,51,146,0,TRUE,FALSE,FALSE
1,171,8,0,TRUE,FALSE,FALSE
1,8,171,0,TRUE,FALSE,FALSE
1,171,51,0,TRUE,FALSE,FALSE
1,51,171,0,TRUE,FALSE,FALSE
1,174,198,0,TRUE,FALSE,FALSE
1,198,174,0,TRUE,FALSE,FALSE
1,51,165,0,TRUE,FALSE,FALSE
1,165,51,0,TRUE,FALSE,FALSE
1,51,185,0,TRUE,FALSE,FALSE
1,185,51,0,TRUE,FALSE,FALSE
1,51,74,0,TRUE,FALSE,FALSE
1,74,51,0,TRUE,FALSE,FALSE
1,51,8,0,TRUE,FALSE,FALSE
1,8,51,0,TRUE,FALSE,FALSE
1,51,95,0,TRUE,FALSE,FALSE
1,95,51,0,TRUE,FALSE,FALSE
1,51,156,0,TRUE,FALSE,FALSE
1,156,51,0,TRUE,FALSE,FALSE
1,156,190,0,TRUE,FALSE,FALSE
1,190,156,0,TRUE,FALSE,FALSE
1,156,0,0,TRUE,FALSE,FALSE
1,0,156,0,TRUE,FALSE,FALSE
1,156,216,0,TRUE,FALSE,FALSE
1,216,156,0,TRUE,FALSE,FALSE
1,156,120,0,TRUE,FALSE,FALSE
1,120,156,0,TRUE,FALSE,FALSE
1,156,76,0,TRUE,FALSE,FALSE
1,76,156,0,TRUE,FALSE,FALSE
1,156,95,0,TRUE,FALSE,FALSE
1,95,156,0,TRUE,FALSE,FALSE
1,156,32,0,TRUE,FALSE,FALSE
1,32,156,0,TRUE,FALSE,FALSE
1,156,2,0,TRUE,FALSE,FALSE
1,2,156,0,TRUE,FALSE,FALSE
1,156,22,0,TRUE,FALSE,FALSE
1,22,156,0,TRUE,FALSE,FALSE
1,156,75,0,TRUE,FALSE,FALSE
1,75,156,0,TRUE,FALSE,FALSE
1,156,85,0,TRUE,FALSE,FALSE
1,85,156,0,TRUE,FALSE,FALSE
1,156,9,0,TRUE,FALSE,FALSE
1,9,156,0,TRUE,FALSE,FALSE
1,156,28,0,TRUE,FALSE,FALSE
1,28,156,0,TRUE,FALSE,FALSE
1,156,119,0,TRUE,FALSE,FALSE
1,119,156,0,TRUE,FALSE,FALSE
1,156,212,0,TRUE,FALSE,FALSE
1,212,156,0,TRUE,FALSE,FALSE
1,156,154,0,TRUE,FALSE,FALSE
1,154,156,0,TRUE,FALSE,FALSE
1,156,25,0,TRUE,FALSE,FALSE
1,25,156,0,TRUE,FALSE,FALSE
1,156,10,0,TRUE,FALSE,FALSE
1,10,156,0,TRUE,FALSE,FALSE
1,156,189,0,TRUE,FALSE,FALSE
1,189,156,0,TRUE,FALSE,FALSE
1,156,192,0,TRUE,FALSE,FALSE
1,192,156,0,TRUE,FALSE,FALSE
1,8,94,0,TRUE,FALSE,FALSE
1,94,8,0,TRUE,FALSE,FALSE
1,8,185,0,TRUE,FALSE,FALSE
1,185,8,0,TRUE,FALSE,FALSE
1,8,160,0,TRUE,FALSE,FALSE
1,160,8,0,TRUE,FALSE,FALSE
1,198,141,0,TRUE,FALSE,FALSE
1,141,198,0,TRUE,FALSE,FALSE
1,198,93,0,TRUE,FALSE,FALSE
1,93,198,0,TRUE,FALSE,FALSE
1,198,115,0,TRUE,FALSE,FALSE
1,115,198,0,TRUE,FALSE,FALSE
1,198,111,0,TRUE,FALSE,FALSE
1,111,198,0,TRUE,FALSE,FALSE
1,198,114,0,TRUE,FALSE,FALSE
1,114,198,0,TRUE,FALSE,FALSE
1,183,181,0,TRUE,FALSE,FALSE
1,181,183,0,TRUE,FALSE,FALSE
1,183,112,0,TRUE,FALSE,FALSE
1,112,183,0,TRUE,FALSE,FALSE
1,75,183,0,TRUE,FALSE,FALSE
1,183,75,0,TRUE,FALSE,FALSE
1,183,134,0,TRUE,FALSE,FALSE
1,134,183,0,TRUE,FALSE,FALSE
1,74,62,0,TRUE,FALSE,FALSE
1,62,74,0,TRUE,FALSE,FALSE
1,62,211,0,TRUE,FALSE,FALSE
1,211,62,0,TRUE,FALSE,FALSE
1,7,62,0,TRUE,FALSE,FALSE
1,62,7,0,TRUE,FALSE,FALSE
1,62,56,0,TRUE,FALSE,FALSE
1,56,62,0,TRUE,FALSE,FALSE
1,62,118,0,TRUE,FALSE,FALSE
1,118,62,0,TRUE,FALSE,FALSE
1,185,94,0,TRUE,FALSE,FALSE
1,94,185,0,TRUE,FALSE,FALSE
1,165,185,0,TRUE,FALSE,FALSE
1,185,165,0,TRUE,FALSE,FALSE
1,185,37,0,TRUE,FALSE,FALSE
1,37,185,0,TRUE,FALSE,FALSE
1,74,50,0,TRUE,FALSE,FALSE
1,50,74,0,TRUE,FALSE,FALSE
1,50,66,0,TRUE,FALSE,FALSE
1,66,50,0,TRUE,FALSE,FALSE
1,50,162,0,TRUE,FALSE,FALSE
1,162,50,0,TRUE,FALSE,FALSE
1,50,52,0,TRUE,FALSE,FALSE
1,52,50,0,TRUE,FALSE,FALSE
1,102,50,0,TRUE,FALSE,FALSE
1,50,102,0,TRUE,FALSE,FALSE
1,0,154,0,TRUE,FALSE,FALSE
1,154,0,0,TRUE,FALSE,FALSE
1,154,2,0,TRUE,FALSE,FALSE
1,2,154,0,TRUE,FALSE,FALSE
1,154,36,0,TRUE,FALSE,FALSE
1,36,154,0,TRUE,FALSE,FALSE
1,154,28,0,TRUE,FALSE,FALSE
1,28,154,0,TRUE,FALSE,FALSE
1,75,77,0,TRUE,FALSE,FALSE
1,77,75,0,TRUE,FALSE,FALSE
1,74,75,0,TRUE,FALSE,FALSE
1,75,74,0,TRUE,FALSE,FALSE
1,0,75,0,TRUE,FALSE,FALSE
1,75,0,0,TRUE,FALSE,FALSE
1,75,181,0,TRUE,FALSE,FALSE
1,181,75,0,TRUE,FALSE,FALSE
1,75,131,0,TRUE,FALSE,FALSE
1,131,75,0,TRUE,FALSE,FALSE
1,95,75,0,TRUE,FALSE,FALSE
1,75,95,0,TRUE,FALSE,FALSE
1,75,2,0,TRUE,FALSE,FALSE
1,2,75,0,TRUE,FALSE,FALSE
1,75,112,0,TRUE,FALSE,FALSE
1,112,75,0,TRUE,FALSE,FALSE
1,75,38,0,TRUE,FALSE,FALSE
1,38,75,0,TRUE,FALSE,FALSE
1,75,14,0,TRUE,FALSE,FALSE
1,14,75,0,TRUE,FALSE,FALSE
1,75,113,0,TRUE,FALSE,FALSE
1,113,75,0,TRUE,FALSE,FALSE
1,75,189,0,TRUE,FALSE,FALSE
1,189,75,0,TRUE,FALSE,FALSE
1,76,216,0,TRUE,FALSE,FALSE
1,216,76,0,TRUE,FALSE,FALSE
1,22,216,0,TRUE,FALSE,FALSE
1,216,22,0,TRUE,FALSE,FALSE
1,216,133,0,TRUE,FALSE,FALSE
1,133,216,0,TRUE,FALSE,FALSE
1,216,212,0,TRUE,FALSE,FALSE
1,212,216,0,TRUE,FALSE,FALSE
1,95,215,0,TRUE,FALSE,FALSE
1,215,95,0,TRUE,FALSE,FALSE
1,95,74,0,TRUE,FALSE,FALSE
1,74,95,0,TRUE,FALSE,FALSE
1,95,168,0,TRUE,FALSE,FALSE
1,168,95,0,TRUE,FALSE,FALSE
1,95,32,0,TRUE,FALSE,FALSE
1,32,95,0,TRUE,FALSE,FALSE
1,95,196,0,TRUE,FALSE,FALSE
1,196,95,0,TRUE,FALSE,FALSE
1,95,160,0,TRUE,FALSE,FALSE
1,160,95,0,TRUE,FALSE,FALSE
1,95,37,0,TRUE,FALSE,FALSE
1,37,95,0,TRUE,FALSE,FALSE
1,95,175,0,TRUE,FALSE,FALSE
1,175,95,0,TRUE,FALSE,FALSE
1,74,94,0,TRUE,FALSE,FALSE
1,94,74,0,TRUE,FALSE,FALSE
1,74,169,0,TRUE,FALSE,FALSE
1,169,74,0,TRUE,FALSE,FALSE
1,74,77,0,TRUE,FALSE,FALSE
1,77,74,0,TRUE,FALSE,FALSE
1,74,89,0,TRUE,FALSE,FALSE
1,89,74,0,TRUE,FALSE,FALSE
1,74,141,0,TRUE,FALSE,FALSE
1,141,74,0,TRUE,FALSE,FALSE
1,74,165,0,TRUE,FALSE,FALSE
1,165,74,0,TRUE,FALSE,FALSE
1,74,93,0,TRUE,FALSE,FALSE
1,93,74,0,TRUE,FALSE,FALSE
1,74,107,0,TRUE,FALSE,FALSE
1,107,74,0,TRUE,FALSE,FALSE
1,74,120,0,TRUE,FALSE,FALSE
1,120,74,0,TRUE,FALSE,FALSE
1,74,15,0,TRUE,FALSE,FALSE
1,15,74,0,TRUE,FALSE,FALSE
1,74,110,0,TRUE,FALSE,FALSE
1,110,74,0,TRUE,FALSE,FALSE
1,74,7,0,TRUE,FALSE,FALSE
1,7,74,0,TRUE,FALSE,FALSE
1,74,2,0,TRUE,FALSE,FALSE
1,2,74,0,TRUE,FALSE,FALSE
1,74,22,0,TRUE,FALSE,FALSE
1,22,74,0,TRUE,FALSE,FALSE
1,74,54,0,TRUE,FALSE,FALSE
1,54,74,0,TRUE,FALSE,FALSE
1,74,24,0,TRUE,FALSE,FALSE
1,24,74,0,TRUE,FALSE,FALSE
1,74,69,0,TRUE,FALSE,FALSE
1,69,74,0,TRUE,FALSE,FALSE
1,74,196,0,TRUE,FALSE,FALSE
1,196,74,0,TRUE,FALSE,FALSE
1,74,21,0,TRUE,FALSE,FALSE
1,21,74,0,TRUE,FALSE,FALSE
1,74,155,0,TRUE,FALSE,FALSE
1,155,74,0,TRUE,FALSE,FALSE
1,74,27,0,TRUE,FALSE,FALSE
1,27,74,0,TRUE,FALSE,FALSE
1,74,56,0,TRUE,FALSE,FALSE
1,56,74,0,TRUE,FALSE,FALSE
1,74,66,0,TRUE,FALSE,FALSE
1,66,74,0,TRUE,FALSE,FALSE
1,74,98,0,TRUE,FALSE,FALSE
1,98,74,0,TRUE,FALSE,FALSE
1,74,88,0,TRUE,FALSE,FALSE
1,88,74,0,TRUE,FALSE,FALSE
1,74,125,0,TRUE,FALSE,FALSE
1,125,74,0,TRUE,FALSE,FALSE
1,74,38,0,TRUE,FALSE,FALSE
1,38,74,0,TRUE,FALSE,FALSE
1,74,108,0,TRUE,FALSE,FALSE
1,108,74,0,TRUE,FALSE,FALSE
1,74,179,0,TRUE,FALSE,FALSE
1,179,74,0,TRUE,FALSE,FALSE
1,74,85,0,TRUE,FALSE,FALSE
1,85,74,0,TRUE,FALSE,FALSE
1,74,106,0,TRUE,FALSE,FALSE
1,106,74,0,TRUE,FALSE,FALSE
1,74,9,0,TRUE,FALSE,FALSE
1,9,74,0,TRUE,FALSE,FALSE
1,74,208,0,TRUE,FALSE,FALSE
1,208,74,0,TRUE,FALSE,FALSE
1,74,162,0,TRUE,FALSE,FALSE
1,162,74,0,TRUE,FALSE,FALSE
1,74,35,0,TRUE,FALSE,FALSE
1,35,74,0,TRUE,FALSE,FALSE
1,74,29,0,TRUE,FALSE,FALSE
1,29,74,0,TRUE,FALSE,FALSE
1,74,102,0,TRUE,FALSE,FALSE
1,102,74,0,TRUE,FALSE,FALSE
1,74,81,0,TRUE,FALSE,FALSE
1,81,74,0,TRUE,FALSE,FALSE
1,74,90,0,TRUE,FALSE,FALSE
1,90,74,0,TRUE,FALSE,FALSE
1,74,80,0,TRUE,FALSE,FALSE
1,80,74,0,TRUE,FALSE,FALSE
1,74,153,0,TRUE,FALSE,FALSE
1,153,74,0,TRUE,FALSE,FALSE
1,74,175,0,TRUE,FALSE,FALSE
1,175,74,0,TRUE,FALSE,FALSE
1,74,122,0,TRUE,FALSE,FALSE
1,122,74,0,TRUE,FALSE,FALSE
1,74,118,0,TRUE,FALSE,FALSE
1,118,74,0,TRUE,FALSE,FALSE
1,74,60,0,TRUE,FALSE,FALSE
1,60,74,0,TRUE,FALSE,FALSE
1,93,110,0,TRUE,FALSE,FALSE
1,110,93,0,TRUE,FALSE,FALSE
1,110,137,0,TRUE,FALSE,FALSE
1,137,110,0,TRUE,FALSE,FALSE
1,110,7,0,TRUE,FALSE,FALSE
1,7,110,0,TRUE,FALSE,FALSE
1,110,27,0,TRUE,FALSE,FALSE
1,27,110,0,TRUE,FALSE,FALSE
1,102,21,0,TRUE,FALSE,FALSE
1,21,102,0,TRUE,FALSE,FALSE
1,102,43,0,TRUE,FALSE,FALSE
1,43,102,0,TRUE,FALSE,FALSE
1,56,102,0,TRUE,FALSE,FALSE
1,102,56,0,TRUE,FALSE,FALSE
1,165,94,0,TRUE,FALSE,FALSE
1,94,165,0,TRUE,FALSE,FALSE
1,165,196,0,TRUE,FALSE,FALSE
1,196,165,0,TRUE,FALSE,FALSE
1,162,98,0,TRUE,FALSE,FALSE
1,98,162,0,TRUE,FALSE,FALSE
1,162,57,0,TRUE,FALSE,FALSE
1,57,162,0,TRUE,FALSE,FALSE
1,155,184,0,TRUE,FALSE,FALSE
1,184,155,0,TRUE,FALSE,FALSE
1,85,155,0,TRUE,FALSE,FALSE
1,155,85,0,TRUE,FALSE,FALSE
1,155,122,0,TRUE,FALSE,FALSE
1,122,155,0,TRUE,FALSE,FALSE
1,94,26,0,TRUE,FALSE,FALSE
1,26,94,0,TRUE,FALSE,FALSE
1,94,69,0,TRUE,FALSE,FALSE
1,69,94,0,TRUE,FALSE,FALSE
1,22,61,0,TRUE,FALSE,FALSE
1,61,22,0,TRUE,FALSE,FALSE
1,22,120,0,TRUE,FALSE,FALSE
1,120,22,0,TRUE,FALSE,FALSE
1,22,214,0,TRUE,FALSE,FALSE
1,214,22,0,TRUE,FALSE,FALSE
1,2,22,0,TRUE,FALSE,FALSE
1,22,2,0,TRUE,FALSE,FALSE
1,22,108,0,TRUE,FALSE,FALSE
1,108,22,0,TRUE,FALSE,FALSE
1,22,133,0,TRUE,FALSE,FALSE
1,133,22,0,TRUE,FALSE,FALSE
1,28,22,0,TRUE,FALSE,FALSE
1,22,28,0,TRUE,FALSE,FALSE
1,22,142,0,TRUE,FALSE,FALSE
1,142,22,0,TRUE,FALSE,FALSE
1,22,208,0,TRUE,FALSE,FALSE
1,208,22,0,TRUE,FALSE,FALSE
1,22,144,0,TRUE,FALSE,FALSE
1,144,22,0,TRUE,FALSE,FALSE
1,22,187,0,TRUE,FALSE,FALSE
1,187,22,0,TRUE,FALSE,FALSE
1,122,127,0,TRUE,FALSE,FALSE
1,127,122,0,TRUE,FALSE,FALSE
1,122,107,0,TRUE,FALSE,FALSE
1,107,122,0,TRUE,FALSE,FALSE
1,9,122,0,TRUE,FALSE,FALSE
1,122,9,0,TRUE,FALSE,FALSE
1,120,107,0,TRUE,FALSE,FALSE
1,107,120,0,TRUE,FALSE,FALSE
1,107,139,0,TRUE,FALSE,FALSE
1,139,107,0,TRUE,FALSE,FALSE
1,107,208,0,TRUE,FALSE,FALSE
1,208,107,0,TRUE,FALSE,FALSE
1,208,179,0,TRUE,FALSE,FALSE
1,179,208,0,TRUE,FALSE,FALSE
1,208,187,0,TRUE,FALSE,FALSE
1,187,208,0,TRUE,FALSE,FALSE
1,0,181,0,TRUE,FALSE,FALSE
1,181,0,0,TRUE,FALSE,FALSE
1,179,150,0,TRUE,FALSE,FALSE
1,150,179,0,TRUE,FALSE,FALSE
1,2,179,0,TRUE,FALSE,FALSE
1,179,2,0,TRUE,FALSE,FALSE
1,179,38,0,TRUE,FALSE,FALSE
1,38,179,0,TRUE,FALSE,FALSE
1,7,201,0,TRUE,FALSE,FALSE
1,201,7,0,TRUE,FALSE,FALSE
1,7,153,0,TRUE,FALSE,FALSE
1,153,7,0,TRUE,FALSE,FALSE
1,141,79,0,TRUE,FALSE,FALSE
1,79,141,0,TRUE,FALSE,FALSE
1,141,93,0,TRUE,FALSE,FALSE
1,93,141,0,TRUE,FALSE,FALSE
1,141,115,0,TRUE,FALSE,FALSE
1,115,141,0,TRUE,FALSE,FALSE
1,141,48,0,TRUE,FALSE,FALSE
1,48,141,0,TRUE,FALSE,FALSE
1,141,69,0,TRUE,FALSE,FALSE
1,69,141,0,TRUE,FALSE,FALSE
1,141,88,0,TRUE,FALSE,FALSE
1,88,141,0,TRUE,FALSE,FALSE
1,141,114,0,TRUE,FALSE,FALSE
1,114,141,0,TRUE,FALSE,FALSE
1,141,167,0,TRUE,FALSE,FALSE
1,167,141,0,TRUE,FALSE,FALSE
1,141,35,0,TRUE,FALSE,FALSE
1,35,141,0,TRUE,FALSE,FALSE
1,181,36,0,TRUE,FALSE,FALSE
1,36,181,0,TRUE,FALSE,FALSE
1,25,34,0,TRUE,FALSE,FALSE
1,34,25,0,TRUE,FALSE,FALSE
1,85,25,0,TRUE,FALSE,FALSE
1,25,85,0,TRUE,FALSE,FALSE
1,25,192,0,TRUE,FALSE,FALSE
1,192,25,0,TRUE,FALSE,FALSE
1,190,120,0,TRUE,FALSE,FALSE
1,120,190,0,TRUE,FALSE,FALSE
1,190,67,0,TRUE,FALSE,FALSE
1,67,190,0,TRUE,FALSE,FALSE
1,28,190,0,TRUE,FALSE,FALSE
1,190,28,0,TRUE,FALSE,FALSE
1,190,119,0,TRUE,FALSE,FALSE
1,119,190,0,TRUE,FALSE,FALSE
1,160,168,0,TRUE,FALSE,FALSE
1,168,160,0,TRUE,FALSE,FALSE
1,160,37,0,TRUE,FALSE,FALSE
1,37,160,0,TRUE,FALSE,FALSE
1,160,113,0,TRUE,FALSE,FALSE
1,113,160,0,TRUE,FALSE,FALSE
1,56,143,0,TRUE,FALSE,FALSE
1,143,56,0,TRUE,FALSE,FALSE
1,56,106,0,TRUE,FALSE,FALSE
1,106,56,0,TRUE,FALSE,FALSE
1,37,131,0,TRUE,FALSE,FALSE
1,131,37,0,TRUE,FALSE,FALSE
1,196,37,0,TRUE,FALSE,FALSE
1,37,196,0,TRUE,FALSE,FALSE
1,115,93,0,TRUE,FALSE,FALSE
1,93,115,0,TRUE,FALSE,FALSE
1,93,88,0,TRUE,FALSE,FALSE
1,88,93,0,TRUE,FALSE,FALSE
1,114,115,0,TRUE,FALSE,FALSE
1,115,114,0,TRUE,FALSE,FALSE
1,114,48,0,TRUE,FALSE,FALSE
1,48,114,0,TRUE,FALSE,FALSE
1,114,17,0,TRUE,FALSE,FALSE
1,17,114,0,TRUE,FALSE,FALSE
1,111,114,0,TRUE,FALSE,FALSE
1,114,111,0,TRUE,FALSE,FALSE
1,114,88,0,TRUE,FALSE,FALSE
1,88,114,0,TRUE,FALSE,FALSE
1,114,101,0,TRUE,FALSE,FALSE
1,101,114,0,TRUE,FALSE,FALSE
1,215,112,0,TRUE,FALSE,FALSE
1,112,215,0,TRUE,FALSE,FALSE
1,175,215,0,TRUE,FALSE,FALSE
1,215,175,0,TRUE,FALSE,FALSE
1,38,112,0,TRUE,FALSE,FALSE
1,112,38,0,TRUE,FALSE,FALSE
1,175,38,0,TRUE,FALSE,FALSE
1,38,175,0,TRUE,FALSE,FALSE
1,35,79,0,TRUE,FALSE,FALSE
1,79,35,0,TRUE,FALSE,FALSE
1,35,54,0,TRUE,FALSE,FALSE
1,54,35,0,TRUE,FALSE,FALSE
1,35,69,0,TRUE,FALSE,FALSE
1,69,35,0,TRUE,FALSE,FALSE
1,88,35,0,TRUE,FALSE,FALSE
1,35,88,0,TRUE,FALSE,FALSE
1,69,79,0,TRUE,FALSE,FALSE
1,79,69,0,TRUE,FALSE,FALSE
1,69,203,0,TRUE,FALSE,FALSE
1,203,69,0,TRUE,FALSE,FALSE
1,69,172,0,TRUE,FALSE,FALSE
1,172,69,0,TRUE,FALSE,FALSE
1,69,167,0,TRUE,FALSE,FALSE
1,167,69,0,TRUE,FALSE,FALSE
1,120,33,0,TRUE,FALSE,FALSE
1,33,120,0,TRUE,FALSE,FALSE
1,120,67,0,TRUE,FALSE,FALSE
1,67,120,0,TRUE,FALSE,FALSE
1,120,116,0,TRUE,FALSE,FALSE
1,116,120,0,TRUE,FALSE,FALSE
1,120,139,0,TRUE,FALSE,FALSE
1,139,120,0,TRUE,FALSE,FALSE
1,120,24,0,TRUE,FALSE,FALSE
1,24,120,0,TRUE,FALSE,FALSE
1,120,18,0,TRUE,FALSE,FALSE
1,18,120,0,TRUE,FALSE,FALSE
1,120,9,0,TRUE,FALSE,FALSE
1,9,120,0,TRUE,FALSE,FALSE
1,120,212,0,TRUE,FALSE,FALSE
1,212,120,0,TRUE,FALSE,FALSE
1,120,83,0,TRUE,FALSE,FALSE
1,83,120,0,TRUE,FALSE,FALSE
1,119,91,0,TRUE,FALSE,FALSE
1,91,119,0,TRUE,FALSE,FALSE
1,119,9,0,TRUE,FALSE,FALSE
1,9,119,0,TRUE,FALSE,FALSE
1,119,10,0,TRUE,FALSE,FALSE
1,10,119,0,TRUE,FALSE,FALSE
1,9,192,0,TRUE,FALSE,FALSE
1,192,9,0,TRUE,FALSE,FALSE
1,212,192,0,TRUE,FALSE,FALSE
1,192,212,0,TRUE,FALSE,FALSE
1,192,86,0,TRUE,FALSE,FALSE
1,86,192,0,TRUE,FALSE,FALSE
1,176,177,0,TRUE,FALSE,FALSE
1,177,176,0,TRUE,FALSE,FALSE
1,176,26,0,TRUE,FALSE,FALSE
1,26,176,0,TRUE,FALSE,FALSE
1,10,85,0,TRUE,FALSE,FALSE
1,85,10,0,TRUE,FALSE,FALSE
1,111,123,0,TRUE,FALSE,FALSE
1,123,111,0,TRUE,FALSE,FALSE
1,111,48,0,TRUE,FALSE,FALSE
1,48,111,0,TRUE,FALSE,FALSE
1,111,44,0,TRUE,FALSE,FALSE
1,44,111,0,TRUE,FALSE,FALSE
1,111,101,0,TRUE,FALSE,FALSE
1,101,111,0,TRUE,FALSE,FALSE
1,28,144,0,TRUE,FALSE,FALSE
1,144,28,0,TRUE,FALSE,FALSE
1,32,168,0,TRUE,FALSE,FALSE
1,168,32,0,TRUE,FALSE,FALSE
1,168,14,0,TRUE,FALSE,FALSE
1,14,168,0,TRUE,FALSE,FALSE
1,85,184,0,TRUE,FALSE,FALSE
1,184,85,0,TRUE,FALSE,FALSE
1,85,34,0,TRUE,FALSE,FALSE
1,34,85,0,TRUE,FALSE,FALSE
1,9,85,0,TRUE,FALSE,FALSE
1,85,9,0,TRUE,FALSE,FALSE
1,85,81,0,TRUE,FALSE,FALSE
1,81,85,0,TRUE,FALSE,FALSE
1,189,76,0,TRUE,FALSE,FALSE
1,76,189,0,TRUE,FALSE,FALSE
1,32,189,0,TRUE,FALSE,FALSE
1,189,32,0,TRUE,FALSE,FALSE
1,189,14,0,TRUE,FALSE,FALSE
1,14,189,0,TRUE,FALSE,FALSE
1,88,79,0,TRUE,FALSE,FALSE
1,79,88,0,TRUE,FALSE,FALSE
1,88,123,0,TRUE,FALSE,FALSE
1,123,88,0,TRUE,FALSE,FALSE
1,115,88,0,TRUE,FALSE,FALSE
1,88,115,0,TRUE,FALSE,FALSE
1,88,48,0,TRUE,FALSE,FALSE
1,48,88,0,TRUE,FALSE,FALSE
1,88,65,0,TRUE,FALSE,FALSE
1,65,88,0,TRUE,FALSE,FALSE
1,88,27,0,TRUE,FALSE,FALSE
1,27,88,0,TRUE,FALSE,FALSE
1,88,109,0,TRUE,FALSE,FALSE
1,109,88,0,TRUE,FALSE,FALSE
1,88,167,0,TRUE,FALSE,FALSE
1,167,88,0,TRUE,FALSE,FALSE
1,88,72,0,TRUE,FALSE,FALSE
1,72,88,0,TRUE,FALSE,FALSE
1,88,101,0,TRUE,FALSE,FALSE
1,101,88,0,TRUE,FALSE,FALSE
1,212,33,0,TRUE,FALSE,FALSE
1,33,212,0,TRUE,FALSE,FALSE
1,2,89,0,TRUE,FALSE,FALSE
1,89,2,0,TRUE,FALSE,FALSE
1,2,161,0,TRUE,FALSE,FALSE
1,161,2,0,TRUE,FALSE,FALSE
1,2,150,0,TRUE,FALSE,FALSE
1,150,2,0,TRUE,FALSE,FALSE
1,2,104,0,TRUE,FALSE,FALSE
1,104,2,0,TRUE,FALSE,FALSE
1,2,76,0,TRUE,FALSE,FALSE
1,76,2,0,TRUE,FALSE,FALSE
1,2,36,0,TRUE,FALSE,FALSE
1,36,2,0,TRUE,FALSE,FALSE
1,2,134,0,TRUE,FALSE,FALSE
1,134,2,0,TRUE,FALSE,FALSE
1,2,200,0,TRUE,FALSE,FALSE
1,200,2,0,TRUE,FALSE,FALSE
1,9,127,0,TRUE,FALSE,FALSE
1,127,9,0,TRUE,FALSE,FALSE
1,9,97,0,TRUE,FALSE,FALSE
1,97,9,0,TRUE,FALSE,FALSE
1,9,23,0,TRUE,FALSE,FALSE
1,23,9,0,TRUE,FALSE,FALSE
1,9,117,0,TRUE,FALSE,FALSE
1,117,9,0,TRUE,FALSE,FALSE
1,9,91,0,TRUE,FALSE,FALSE
1,91,9,0,TRUE,FALSE,FALSE
1,9,29,0,TRUE,FALSE,FALSE
1,29,9,0,TRUE,FALSE,FALSE
1,9,86,0,TRUE,FALSE,FALSE
1,86,9,0,TRUE,FALSE,FALSE
1,76,104,0,TRUE,FALSE,FALSE
1,104,76,0,TRUE,FALSE,FALSE
1,6,177,0,TRUE,FALSE,FALSE
1,177,6,0,TRUE,FALSE,FALSE
1,6,121,0,TRUE,FALSE,FALSE
1,121,6,0,TRUE,FALSE,FALSE
1,196,77,0,TRUE,FALSE,FALSE
1,77,196,0,TRUE,FALSE,FALSE
1,115,137,0,TRUE,FALSE,FALSE
1,137,115,0,TRUE,FALSE,FALSE
1,153,201,0,TRUE,FALSE,FALSE
1,201,153,0,TRUE,FALSE,FALSE
1,153,186,0,TRUE,FALSE,FALSE
1,186,153,0,TRUE,FALSE,FALSE
1,153,207,0,TRUE,FALSE,FALSE
1,207,153,0,TRUE,FALSE,FALSE
1,153,58,0,TRUE,FALSE,FALSE
1,58,153,0,TRUE,FALSE,FALSE
1,27,153,0,TRUE,FALSE,FALSE
1,153,27,0,TRUE,FALSE,FALSE
1,153,125,0,TRUE,FALSE,FALSE
1,125,153,0,TRUE,FALSE,FALSE
1,153,53,0,TRUE,FALSE,FALSE
1,53,153,0,TRUE,FALSE,FALSE
1,153,31,0,TRUE,FALSE,FALSE
1,31,153,0,TRUE,FALSE,FALSE
1,153,135,0,TRUE,FALSE,FALSE
1,135,153,0,TRUE,FALSE,FALSE
1,153,39,0,TRUE,FALSE,FALSE
1,39,153,0,TRUE,FALSE,FALSE
1,153,118,0,TRUE,FALSE,FALSE
1,118,153,0,TRUE,FALSE,FALSE
1,153,164,0,TRUE,FALSE,FALSE
1,164,153,0,TRUE,FALSE,FALSE
1,142,116,0,TRUE,FALSE,FALSE
1,116,142,0,TRUE,FALSE,FALSE
1,142,214,0,TRUE,FALSE,FALSE
1,214,142,0,TRUE,FALSE,FALSE
1,108,142,0,TRUE,FALSE,FALSE
1,142,108,0,TRUE,FALSE,FALSE
1,200,142,0,TRUE,FALSE,FALSE
1,142,200,0,TRUE,FALSE,FALSE
1,161,214,0,TRUE,FALSE,FALSE
1,214,161,0,TRUE,FALSE,FALSE
1,214,133,0,TRUE,FALSE,FALSE
1,133,214,0,TRUE,FALSE,FALSE
1,214,83,0,TRUE,FALSE,FALSE
1,83,214,0,TRUE,FALSE,FALSE
1,133,33,0,TRUE,FALSE,FALSE
1,33,133,0,TRUE,FALSE,FALSE
1,104,133,0,TRUE,FALSE,FALSE
1,133,104,0,TRUE,FALSE,FALSE
1,21,42,0,TRUE,FALSE,FALSE
1,42,21,0,TRUE,FALSE,FALSE
1,21,173,0,TRUE,FALSE,FALSE
1,173,21,0,TRUE,FALSE,FALSE
1,21,195,0,TRUE,FALSE,FALSE
1,195,21,0,TRUE,FALSE,FALSE
1,21,55,0,TRUE,FALSE,FALSE
1,55,21,0,TRUE,FALSE,FALSE
1,21,15,0,TRUE,FALSE,FALSE
1,15,21,0,TRUE,FALSE,FALSE
1,21,73,0,TRUE,FALSE,FALSE
1,73,21,0,TRUE,FALSE,FALSE
1,21,3,0,TRUE,FALSE,FALSE
1,3,21,0,TRUE,FALSE,FALSE
1,21,43,0,TRUE,FALSE,FALSE
1,43,21,0,TRUE,FALSE,FALSE
1,21,66,0,TRUE,FALSE,FALSE
1,66,21,0,TRUE,FALSE,FALSE
1,21,70,0,TRUE,FALSE,FALSE
1,70,21,0,TRUE,FALSE,FALSE
1,21,103,0,TRUE,FALSE,FALSE
1,103,21,0,TRUE,FALSE,FALSE
1,106,21,0,TRUE,FALSE,FALSE
1,21,106,0,TRUE,FALSE,FALSE
1,21,148,0,TRUE,FALSE,FALSE
1,148,21,0,TRUE,FALSE,FALSE
1,29,97,0,TRUE,FALSE,FALSE
1,97,29,0,TRUE,FALSE,FALSE
1,24,29,0,TRUE,FALSE,FALSE
1,29,24,0,TRUE,FALSE,FALSE
1,81,29,0,TRUE,FALSE,FALSE
1,29,81,0,TRUE,FALSE,FALSE
1,24,116,0,TRUE,FALSE,FALSE
1,116,24,0,TRUE,FALSE,FALSE
1,108,24,0,TRUE,FALSE,FALSE
1,24,108,0,TRUE,FALSE,FALSE
1,67,91,0,TRUE,FALSE,FALSE
1,91,67,0,TRUE,FALSE,FALSE
1,91,117,0,TRUE,FALSE,FALSE
1,117,91,0,TRUE,FALSE,FALSE
1,36,134,0,TRUE,FALSE,FALSE
1,134,36,0,TRUE,FALSE,FALSE
1,36,144,0,TRUE,FALSE,FALSE
1,144,36,0,TRUE,FALSE,FALSE
1,139,127,0,TRUE,FALSE,FALSE
1,127,139,0,TRUE,FALSE,FALSE
1,18,139,0,TRUE,FALSE,FALSE
1,139,18,0,TRUE,FALSE,FALSE
1,187,139,0,TRUE,FALSE,FALSE
1,139,187,0,TRUE,FALSE,FALSE
1,77,89,0,TRUE,FALSE,FALSE
1,89,77,0,TRUE,FALSE,FALSE
1,77,131,0,TRUE,FALSE,FALSE
1,131,77,0,TRUE,FALSE,FALSE
1,106,130,0,TRUE,FALSE,FALSE
1,130,106,0,TRUE,FALSE,FALSE
1,106,16,0,TRUE,FALSE,FALSE
1,16,106,0,TRUE,FALSE,FALSE
1,106,143,0,TRUE,FALSE,FALSE
1,143,106,0,TRUE,FALSE,FALSE
1,106,4,0,TRUE,FALSE,FALSE
1,4,106,0,TRUE,FALSE,FALSE
1,106,151,0,TRUE,FALSE,FALSE
1,151,106,0,TRUE,FALSE,FALSE
1,106,99,0,TRUE,FALSE,FALSE
1,99,106,0,TRUE,FALSE,FALSE
1,106,206,0,TRUE,FALSE,FALSE
1,206,106,0,TRUE,FALSE,FALSE
1,106,145,0,TRUE,FALSE,FALSE
1,145,106,0,TRUE,FALSE,FALSE
1,106,49,0,TRUE,FALSE,FALSE
1,49,106,0,TRUE,FALSE,FALSE
1,106,204,0,TRUE,FALSE,FALSE
1,204,106,0,TRUE,FALSE,FALSE
1,106,90,0,TRUE,FALSE,FALSE
1,90,106,0,TRUE,FALSE,FALSE
1,118,106,0,TRUE,FALSE,FALSE
1,106,118,0,TRUE,FALSE,FALSE
1,67,18,0,TRUE,FALSE,FALSE
1,18,67,0,TRUE,FALSE,FALSE
1,144,67,0,TRUE,FALSE,FALSE
1,67,144,0,TRUE,FALSE,FALSE
1,54,125,0,TRUE,FALSE,FALSE
1,125,54,0,TRUE,FALSE,FALSE
1,125,164,0,TRUE,FALSE,FALSE
1,164,125,0,TRUE,FALSE,FALSE
1,125,60,0,TRUE,FALSE,FALSE
1,60,125,0,TRUE,FALSE,FALSE
1,27,54,0,TRUE,FALSE,FALSE
1,54,27,0,TRUE,FALSE,FALSE
1,54,45,0,TRUE,FALSE,FALSE
1,45,54,0,TRUE,FALSE,FALSE
1,60,90,0,TRUE,FALSE,FALSE
1,90,60,0,TRUE,FALSE,FALSE
1,60,147,0,TRUE,FALSE,FALSE
1,147,60,0,TRUE,FALSE,FALSE
1,118,60,0,TRUE,FALSE,FALSE
1,60,118,0,TRUE,FALSE,FALSE
1,90,16,0,TRUE,FALSE,FALSE
1,16,90,0,TRUE,FALSE,FALSE
1,90,15,0,TRUE,FALSE,FALSE
1,15,90,0,TRUE,FALSE,FALSE
1,61,18,0,TRUE,FALSE,FALSE
1,18,61,0,TRUE,FALSE,FALSE
1,18,117,0,TRUE,FALSE,FALSE
1,117,18,0,TRUE,FALSE,FALSE
1,112,150,0,TRUE,FALSE,FALSE
1,150,112,0,TRUE,FALSE,FALSE
1,116,97,0,TRUE,FALSE,FALSE
1,97,116,0,TRUE,FALSE,FALSE
1,116,83,0,TRUE,FALSE,FALSE
1,83,116,0,TRUE,FALSE,FALSE
1,134,150,0,TRUE,FALSE,FALSE
1,150,134,0,TRUE,FALSE,FALSE
1,150,187,0,TRUE,FALSE,FALSE
1,187,150,0,TRUE,FALSE,FALSE
1,83,33,0,TRUE,FALSE,FALSE
1,33,83,0,TRUE,FALSE,FALSE
1,83,23,0,TRUE,FALSE,FALSE
1,23,83,0,TRUE,FALSE,FALSE
1,98,169,0,TRUE,FALSE,FALSE
1,169,98,0,TRUE,FALSE,FALSE
1,98,194,0,TRUE,FALSE,FALSE
1,194,98,0,TRUE,FALSE,FALSE
1,98,152,0,TRUE,FALSE,FALSE
1,152,98,0,TRUE,FALSE,FALSE
1,66,98,0,TRUE,FALSE,FALSE
1,98,66,0,TRUE,FALSE,FALSE
1,98,19,0,TRUE,FALSE,FALSE
1,19,98,0,TRUE,FALSE,FALSE
1,98,57,0,TRUE,FALSE,FALSE
1,57,98,0,TRUE,FALSE,FALSE
1,61,187,0,TRUE,FALSE,FALSE
1,187,61,0,TRUE,FALSE,FALSE
1,89,200,0,TRUE,FALSE,FALSE
1,200,89,0,TRUE,FALSE,FALSE
1,200,161,0,TRUE,FALSE,FALSE
1,161,200,0,TRUE,FALSE,FALSE
1,131,200,0,TRUE,FALSE,FALSE
1,200,131,0,TRUE,FALSE,FALSE
1,161,104,0,TRUE,FALSE,FALSE
1,104,161,0,TRUE,FALSE,FALSE
1,113,161,0,TRUE,FALSE,FALSE
1,161,113,0,TRUE,FALSE,FALSE
1,27,137,0,TRUE,FALSE,FALSE
1,137,27,0,TRUE,FALSE,FALSE
1,27,213,0,TRUE,FALSE,FALSE
1,213,27,0,TRUE,FALSE,FALSE
1,27,17,0,TRUE,FALSE,FALSE
1,17,27,0,TRUE,FALSE,FALSE
1,27,63,0,TRUE,FALSE,FALSE
1,63,27,0,TRUE,FALSE,FALSE
1,27,1,0,TRUE,FALSE,FALSE
1,1,27,0,TRUE,FALSE,FALSE
1,27,78,0,TRUE,FALSE,FALSE
1,78,27,0,TRUE,FALSE,FALSE
1,27,202,0,TRUE,FALSE,FALSE
1,202,27,0,TRUE,FALSE,FALSE
1,27,45,0,TRUE,FALSE,FALSE
1,45,27,0,TRUE,FALSE,FALSE
1,27,59,0,TRUE,FALSE,FALSE
1,59,27,0,TRUE,FALSE,FALSE
1,89,108,0,TRUE,FALSE,FALSE
1,108,89,0,TRUE,FALSE,FALSE
1,131,113,0,TRUE,FALSE,FALSE
1,113,131,0,TRUE,FALSE,FALSE
1,113,14,0,TRUE,FALSE,FALSE
1,14,113,0,TRUE,FALSE,FALSE
1,134,61,0,TRUE,FALSE,FALSE
1,61,134,0,TRUE,FALSE,FALSE
1,144,61,0,TRUE,FALSE,FALSE
1,61,144,0,TRUE,FALSE,FALSE
1,14,104,0,TRUE,FALSE,FALSE
1,104,14,0,TRUE,FALSE,FALSE
1,169,80,0,TRUE,FALSE,FALSE
1,80,169,0,TRUE,FALSE,FALSE
1,118,129,0,TRUE,FALSE,FALSE
1,129,118,0,TRUE,FALSE,FALSE
1,118,211,0,TRUE,FALSE,FALSE
1,211,118,0,TRUE,FALSE,FALSE
1,118,199,0,TRUE,FALSE,FALSE
1,199,118,0,TRUE,FALSE,FALSE
1,118,138,0,TRUE,FALSE,FALSE
1,138,118,0,TRUE,FALSE,FALSE
1,118,149,0,TRUE,FALSE,FALSE
1,149,118,0,TRUE,FALSE,FALSE
1,118,132,0,TRUE,FALSE,FALSE
1,132,118,0,TRUE,FALSE,FALSE
1,118,13,0,TRUE,FALSE,FALSE
1,13,118,0,TRUE,FALSE,FALSE
1,118,84,0,TRUE,FALSE,FALSE
1,84,118,0,TRUE,FALSE,FALSE
1,118,147,0,TRUE,FALSE,FALSE
1,147,118,0,TRUE,FALSE,FALSE
1,118,197,0,TRUE,FALSE,FALSE
1,197,118,0,TRUE,FALSE,FALSE
1,66,96,0,TRUE,FALSE,FALSE
1,96,66,0,TRUE,FALSE,FALSE
1,66,68,0,TRUE,FALSE,FALSE
1,68,66,0,TRUE,FALSE,FALSE
1,66,128,0,TRUE,FALSE,FALSE
1,128,66,0,TRUE,FALSE,FALSE
1,66,158,0,TRUE,FALSE,FALSE
1,158,66,0,TRUE,FALSE,FALSE
1,66,52,0,TRUE,FALSE,FALSE
1,52,66,0,TRUE,FALSE,FALSE
1,66,87,0,TRUE,FALSE,FALSE
1,87,66,0,TRUE,FALSE,FALSE
1,66,205,0,TRUE,FALSE,FALSE
1,205,66,0,TRUE,FALSE,FALSE
1,66,182,0,TRUE,FALSE,FALSE
1,182,66,0,TRUE,FALSE,FALSE
1,66,180,0,TRUE,FALSE,FALSE
1,180,66,0,TRUE,FALSE,FALSE
1,66,80,0,TRUE,FALSE,FALSE
1,80,66,0,TRUE,FALSE,FALSE
1,15,73,0,TRUE,FALSE,FALSE
1,73,15,0,TRUE,FALSE,FALSE
1,15,80,0,TRUE,FALSE,FALSE
1,80,15,0,TRUE,FALSE,FALSE
1,80,96,0,TRUE,FALSE,FALSE
1,96,80,0,TRUE,FALSE,FALSE
1,43,52,0,TRUE,FALSE,FALSE
1,52,43,0,TRUE,FALSE,FALSE
1,52,205,0,TRUE,FALSE,FALSE
1,205,52,0,TRUE,FALSE,FALSE
1,52,57,0,TRUE,FALSE,FALSE
1,57,52,0,TRUE,FALSE,FALSE
1,123,109,0,TRUE,FALSE,FALSE
1,109,123,0,TRUE,FALSE,FALSE
1,109,20,0,TRUE,FALSE,FALSE
1,20,109,0,TRUE,FALSE,FALSE
1,48,109,0,TRUE,FALSE,FALSE
1,109,48,0,TRUE,FALSE,FALSE
1,109,65,0,TRUE,FALSE,FALSE
1,65,109,0,TRUE,FALSE,FALSE
1,44,109,0,TRUE,FALSE,FALSE
1,109,44,0,TRUE,FALSE,FALSE
1,109,41,0,TRUE,FALSE,FALSE
1,41,109,0,TRUE,FALSE,FALSE
1,65,20,0,TRUE,FALSE,FALSE
1,20,65,0,TRUE,FALSE,FALSE
1,48,65,0,TRUE,FALSE,FALSE
1,65,48,0,TRUE,FALSE,FALSE
1,65,78,0,TRUE,FALSE,FALSE
1,78,65,0,TRUE,FALSE,FALSE
1,65,203,0,TRUE,FALSE,FALSE
1,203,65,0,TRUE,FALSE,FALSE
1,65,72,0,TRUE,FALSE,FALSE
1,72,65,0,TRUE,FALSE,FALSE
1,48,123,0,TRUE,FALSE,FALSE
1,123,48,0,TRUE,FALSE,FALSE
1,123,202,0,TRUE,FALSE,FALSE
1,202,123,0,TRUE,FALSE,FALSE
1,44,123,0,TRUE,FALSE,FALSE
1,123,44,0,TRUE,FALSE,FALSE
1,123,101,0,TRUE,FALSE,FALSE
1,101,123,0,TRUE,FALSE,FALSE
1,17,137,0,TRUE,FALSE,FALSE
1,137,17,0,TRUE,FALSE,FALSE
1,17,186,0,TRUE,FALSE,FALSE
1,186,17,0,TRUE,FALSE,FALSE
1,17,1,0,TRUE,FALSE,FALSE
1,1,17,0,TRUE,FALSE,FALSE
1,117,127,0,TRUE,FALSE,FALSE
1,127,117,0,TRUE,FALSE,FALSE
1,26,100,0,TRUE,FALSE,FALSE
1,100,26,0,TRUE,FALSE,FALSE
1,26,172,0,TRUE,FALSE,FALSE
1,172,26,0,TRUE,FALSE,FALSE
1,48,72,0,TRUE,FALSE,FALSE
1,72,48,0,TRUE,FALSE,FALSE
1,72,203,0,TRUE,FALSE,FALSE
1,203,72,0,TRUE,FALSE,FALSE
1,167,72,0,TRUE,FALSE,FALSE
1,72,167,0,TRUE,FALSE,FALSE
1,72,59,0,TRUE,FALSE,FALSE
1,59,72,0,TRUE,FALSE,FALSE
1,1,202,0,TRUE,FALSE,FALSE
1,202,1,0,TRUE,FALSE,FALSE
1,1,31,0,TRUE,FALSE,FALSE
1,31,1,0,TRUE,FALSE,FALSE
1,101,1,0,FALSE,TRUE,FALSE
1,1,101,0,FALSE,TRUE,FALSE
1,86,34,0,FALSE,TRUE,FALSE
1,34,86,0,FALSE,TRUE,FALSE
1,137,201,0,FALSE,TRUE,FALSE
1,201,137,0,FALSE,TRUE,FALSE
1,172,5,0,FALSE,TRUE,FALSE
1,5,172,0,FALSE,TRUE,FALSE
1,172,136,0,FALSE,TRUE,FALSE
1,136,172,0,FALSE,TRUE,FALSE
1,202,58,0,FALSE,TRUE,FALSE
1,58,202,0,FALSE,TRUE,FALSE
1,213,78,0,FALSE,TRUE,FALSE
1,78,213,0,FALSE,TRUE,FALSE
1,213,71,0,FALSE,TRUE,FALSE
1,71,213,0,FALSE,TRUE,FALSE
1,213,135,0,FALSE,TRUE,FALSE
1,135,213,0,FALSE,TRUE,FALSE
1,78,207,0,FALSE,TRUE,FALSE
1,207,78,0,FALSE,TRUE,FALSE
1,78,59,0,FALSE,TRUE,FALSE
1,59,78,0,FALSE,TRUE,FALSE
1,59,63,0,FALSE,TRUE,FALSE
1,63,59,0,FALSE,TRUE,FALSE
1,59,53,0,FALSE,TRUE,FALSE
1,53,59,0,FALSE,TRUE,FALSE
1,167,63,0,FALSE,TRUE,FALSE
1,63,167,0,FALSE,TRUE,FALSE
1,63,39,0,FALSE,TRUE,FALSE
1,39,63,0,FALSE,TRUE,FALSE
1,45,63,0,FALSE,TRUE,FALSE
1,63,45,0,FALSE,TRUE,FALSE
1,203,20,0,FALSE,TRUE,FALSE
1,20,203,0,FALSE,TRUE,FALSE
1,48,203,0,FALSE,TRUE,FALSE
1,203,48,0,FALSE,TRUE,FALSE
1,203,5,0,FALSE,TRUE,FALSE
1,5,203,0,FALSE,TRUE,FALSE
1,167,203,0,FALSE,TRUE,FALSE
1,203,167,0,FALSE,TRUE,FALSE
1,201,186,0,FALSE,TRUE,FALSE
1,186,201,0,FALSE,TRUE,FALSE
1,186,149,0,FALSE,TRUE,FALSE
1,149,186,0,FALSE,TRUE,FALSE
1,186,31,0,FALSE,TRUE,FALSE
1,31,186,0,FALSE,TRUE,FALSE
1,31,58,0,FALSE,TRUE,FALSE
1,58,31,0,FALSE,TRUE,FALSE
1,31,197,0,FALSE,TRUE,FALSE
1,197,31,0,FALSE,TRUE,FALSE
1,97,23,0,FALSE,TRUE,FALSE
1,23,97,0,FALSE,TRUE,FALSE
1,23,86,0,FALSE,TRUE,FALSE
1,86,23,0,FALSE,TRUE,FALSE
1,33,86,0,FALSE,TRUE,FALSE
1,86,33,0,FALSE,TRUE,FALSE
1,127,184,0,FALSE,TRUE,FALSE
1,184,127,0,FALSE,TRUE,FALSE
1,48,101,0,FALSE,TRUE,FALSE
1,101,48,0,FALSE,TRUE,FALSE
1,201,211,0,FALSE,TRUE,FALSE
1,211,201,0,FALSE,TRUE,FALSE
1,121,193,0,FALSE,TRUE,FALSE
1,193,121,0,FALSE,TRUE,FALSE
1,211,143,0,FALSE,TRUE,FALSE
1,143,211,0,FALSE,TRUE,FALSE
1,211,149,0,FALSE,TRUE,FALSE
1,149,211,0,FALSE,TRUE,FALSE
1,177,100,0,FALSE,TRUE,FALSE
1,100,177,0,FALSE,TRUE,FALSE
1,177,193,0,FALSE,TRUE,FALSE
1,193,177,0,FALSE,TRUE,FALSE
1,167,79,0,FALSE,TRUE,FALSE
1,79,167,0,FALSE,TRUE,FALSE
1,48,167,0,FALSE,TRUE,FALSE
1,167,48,0,FALSE,TRUE,FALSE
1,143,43,0,FALSE,TRUE,FALSE
1,43,143,0,FALSE,TRUE,FALSE
1,43,148,0,FALSE,TRUE,FALSE
1,148,43,0,FALSE,TRUE,FALSE
1,143,145,0,FALSE,TRUE,FALSE
1,145,143,0,FALSE,TRUE,FALSE
1,79,45,0,FALSE,TRUE,FALSE
1,45,79,0,FALSE,TRUE,FALSE
1,45,164,0,FALSE,TRUE,FALSE
1,164,45,0,FALSE,TRUE,FALSE
1,173,42,0,FALSE,TRUE,FALSE
1,42,173,0,FALSE,TRUE,FALSE
1,151,42,0,FALSE,TRUE,FALSE
1,42,151,0,FALSE,TRUE,FALSE
1,42,70,0,FALSE,TRUE,FALSE
1,70,42,0,FALSE,TRUE,FALSE
1,42,87,0,FALSE,TRUE,FALSE
1,87,42,0,FALSE,TRUE,FALSE
1,16,73,0,FALSE,TRUE,FALSE
1,73,16,0,FALSE,TRUE,FALSE
1,55,73,0,FALSE,TRUE,FALSE
1,73,55,0,FALSE,TRUE,FALSE
1,73,96,0,FALSE,TRUE,FALSE
1,96,73,0,FALSE,TRUE,FALSE
1,39,129,0,FALSE,TRUE,FALSE
1,129,39,0,FALSE,TRUE,FALSE
1,53,39,0,FALSE,TRUE,FALSE
1,39,53,0,FALSE,TRUE,FALSE
1,39,164,0,FALSE,TRUE,FALSE
1,164,39,0,FALSE,TRUE,FALSE
1,13,129,0,FALSE,TRUE,FALSE
1,129,13,0,FALSE,TRUE,FALSE
1,138,13,0,FALSE,TRUE,FALSE
1,13,138,0,FALSE,TRUE,FALSE
1,53,13,0,FALSE,TRUE,FALSE
1,13,53,0,FALSE,TRUE,FALSE
1,13,204,0,FALSE,TRUE,FALSE
1,204,13,0,FALSE,TRUE,FALSE
1,147,16,0,FALSE,TRUE,FALSE
1,16,147,0,FALSE,TRUE,FALSE
1,129,147,0,FALSE,TRUE,FALSE
1,147,129,0,FALSE,TRUE,FALSE
1,164,147,0,FALSE,TRUE,FALSE
1,147,164,0,FALSE,TRUE,FALSE
1,130,3,0,FALSE,TRUE,FALSE
1,3,130,0,FALSE,TRUE,FALSE
1,199,130,0,FALSE,TRUE,FALSE
1,130,199,0,FALSE,TRUE,FALSE
1,130,4,0,FALSE,TRUE,FALSE
1,4,130,0,FALSE,TRUE,FALSE
1,206,130,0,FALSE,TRUE,FALSE
1,130,206,0,FALSE,TRUE,FALSE
1,151,204,0,FALSE,FALSE,TRUE
1,204,151,0,FALSE,FALSE,TRUE
1,204,70,0,FALSE,FALSE,TRUE
1,70,204,0,FALSE,FALSE,TRUE
1,204,49,0,FALSE,FALSE,TRUE
1,49,204,0,FALSE,FALSE,TRUE
1,99,195,0,FALSE,FALSE,TRUE
1,195,99,0,FALSE,FALSE,TRUE
1,99,206,0,FALSE,FALSE,TRUE
1,206,99,0,FALSE,FALSE,TRUE
1,145,99,0,FALSE,FALSE,TRUE
1,99,145,0,FALSE,FALSE,TRUE
1,197,99,0,FALSE,FALSE,TRUE
1,99,197,0,FALSE,FALSE,TRUE
1,84,199,0,FALSE,FALSE,TRUE
1,199,84,0,FALSE,FALSE,TRUE
1,58,84,0,FALSE,FALSE,TRUE
1,84,58,0,FALSE,FALSE,TRUE
1,84,206,0,FALSE,FALSE,TRUE
1,206,84,0,FALSE,FALSE,TRUE
1,197,84,0,FALSE,FALSE,TRUE
1,84,197,0,FALSE,FALSE,TRUE
1,49,16,0,FALSE,FALSE,TRUE
1,16,49,0,FALSE,FALSE,TRUE
1,49,55,0,FALSE,FALSE,TRUE
1,55,49,0,FALSE,FALSE,TRUE
1,129,49,0,FALSE,FALSE,TRUE
1,49,129,0,FALSE,FALSE,TRUE
1,148,195,0,FALSE,FALSE,TRUE
1,195,148,0,FALSE,FALSE,TRUE
1,145,148,0,FALSE,FALSE,TRUE
1,148,145,0,FALSE,FALSE,TRUE
1,148,205,0,FALSE,FALSE,TRUE
1,205,148,0,FALSE,FALSE,TRUE
1,3,180,0,FALSE,FALSE,TRUE
1,180,3,0,FALSE,FALSE,TRUE
1,158,180,0,FALSE,FALSE,TRUE
1,180,158,0,FALSE,FALSE,TRUE
1,138,151,0,FALSE,FALSE,TRUE
1,151,138,0,FALSE,FALSE,TRUE
1,4,151,0,FALSE,FALSE,TRUE
1,151,4,0,FALSE,FALSE,TRUE
1,207,138,0,FALSE,FALSE,TRUE
1,138,207,0,FALSE,FALSE,TRUE
1,132,138,0,FALSE,FALSE,TRUE
1,138,132,0,FALSE,FALSE,TRUE
1,3,173,0,FALSE,FALSE,TRUE
1,173,3,0,FALSE,FALSE,TRUE
1,4,173,0,FALSE,FALSE,TRUE
1,173,4,0,FALSE,FALSE,TRUE
1,149,145,0,FALSE,FALSE,TRUE
1,145,149,0,FALSE,FALSE,TRUE
1,158,152,0,FALSE,FALSE,TRUE
1,152,158,0,FALSE,FALSE,TRUE
1,68,158,0,FALSE,FALSE,TRUE
1,158,68,0,FALSE,FALSE,TRUE
1,103,158,0,FALSE,FALSE,TRUE
1,158,103,0,FALSE,FALSE,TRUE
1,87,19,0,FALSE,FALSE,TRUE
1,19,87,0,FALSE,FALSE,TRUE
1,87,182,0,FALSE,FALSE,TRUE
1,182,87,0,FALSE,FALSE,TRUE
1,132,4,0,FALSE,FALSE,TRUE
1,4,132,0,FALSE,FALSE,TRUE
1,103,3,0,FALSE,FALSE,TRUE
1,3,103,0,FALSE,FALSE,TRUE
1,195,68,0,FALSE,FALSE,TRUE
1,68,195,0,FALSE,FALSE,TRUE
1,195,103,0,FALSE,FALSE,TRUE
1,103,195,0,FALSE,FALSE,TRUE
1,206,103,0,FALSE,FALSE,TRUE
1,103,206,0,FALSE,FALSE,TRUE
1,182,194,0,FALSE,FALSE,TRUE
1,194,182,0,FALSE,FALSE,TRUE
1,182,128,0,FALSE,FALSE,TRUE
1,128,182,0,FALSE,FALSE,TRUE
1,70,182,0,FALSE,FALSE,TRUE
1,182,70,0,FALSE,FALSE,TRUE
1,55,128,0,FALSE,FALSE,TRUE
1,128,55,0,FALSE,FALSE,TRUE
1,128,96,0,FALSE,FALSE,TRUE
1,96,128,0,FALSE,FALSE,TRUE
1,135,207,0,FALSE,FALSE,TRUE
1,207,135,0,FALSE,FALSE,TRUE
1,135,132,0,FALSE,FALSE,TRUE
1,132,135,0,FALSE,FALSE,TRUE
1,199,132,0,FALSE,FALSE,TRUE
1,132,199,0,FALSE,FALSE,TRUE
1,207,53,0,FALSE,FALSE,TRUE
1,53,207,0,FALSE,FALSE,TRUE
1,70,55,0,FALSE,FALSE,TRUE
1,55,70,0,FALSE,FALSE,TRUE
1,205,68,0,FALSE,FALSE,TRUE
1,68,205,0,FALSE,FALSE,TRUE
1,149,197,0,FALSE,FALSE,TRUE
1,197,149,0,FALSE,FALSE,TRUE
1,19,194,0,FALSE,FALSE,TRUE
1,194,19,0,FALSE,FALSE,TRUE
1,159,157,0,FALSE,FALSE,TRUE
1,157,159,0,FALSE,FALSE,TRUE
1,209,157,0,FALSE,FALSE,TRUE
1,157,209,0,FALSE,FALSE,TRUE
1,157,178,0,FALSE,FALSE,TRUE
1,178,157,0,FALSE,FALSE,TRUE
1,100,191,0,FALSE,FALSE,TRUE
1,191,100,0,FALSE,FALSE,TRUE
1,100,136,0,FALSE,FALSE,TRUE
1,136,100,0,FALSE,FALSE,TRUE
1,193,191,0,FALSE,FALSE,TRUE
1,191,193,0,FALSE,FALSE,TRUE
1,20,71,0,FALSE,FALSE,TRUE
1,71,20,0,FALSE,FALSE,TRUE
1,20,140,0,FALSE,FALSE,TRUE
1,140,20,0,FALSE,FALSE,TRUE
1,136,159,0,FALSE,FALSE,TRUE
1,159,136,0,FALSE,FALSE,TRUE
1,136,209,0,FALSE,FALSE,TRUE
1,209,136,0,FALSE,FALSE,TRUE
1,209,40,0,FALSE,FALSE,TRUE
1,40,209,0,FALSE,FALSE,TRUE
1,5,209,0,FALSE,FALSE,TRUE
1,209,5,0,FALSE,FALSE,TRUE
1,191,159,0,FALSE,FALSE,TRUE
1,159,191,0,FALSE,FALSE,TRUE
1,5,140,0,FALSE,FALSE,TRUE
1,140,5,0,FALSE,FALSE,TRUE
1,140,40,0,FALSE,FALSE,TRUE
1,40,140,0,FALSE,FALSE,TRUE
1,40,178,0,FALSE,FALSE,TRUE
1,178,40,0,FALSE,FALSE,TRUE
2,168,61,0,TRUE,FALSE,FALSE
2,61,168,0,TRUE,FALSE,FALSE
2,162,168,0,TRUE,FALSE,FALSE
2,168,162,0,TRUE,FALSE,FALSE
2,168,85,0,TRUE,FALSE,FALSE
2,85,168,0,TRUE,FALSE,FALSE
2,57,41,0,TRUE,FALSE,FALSE
2,41,57,0,TRUE,FALSE,FALSE
2,57,77,0,TRUE,FALSE,FALSE
2,77,57,0,TRUE,FALSE,FALSE
2,178,57,0,TRUE,FALSE,FALSE
2,57,178,0,TRUE,FALSE,FALSE
2,76,57,0,TRUE,FALSE,FALSE
2,57,76,0,TRUE,FALSE,FALSE
2,53,178,0,TRUE,FALSE,FALSE
2,178,53,0,TRUE,FALSE,FALSE
2,114,53,0,TRUE,FALSE,FALSE
2,53,114,0,TRUE,FALSE,FALSE
2,53,76,0,TRUE,FALSE,FALSE
2,76,53,0,TRUE,FALSE,FALSE
2,34,161,0,TRUE,FALSE,FALSE
2,161,34,0,TRUE,FALSE,FALSE
2,34,147,0,TRUE,FALSE,FALSE
2,147,34,0,TRUE,FALSE,FALSE
2,44,34,0,TRUE,FALSE,FALSE
2,34,44,0,TRUE,FALSE,FALSE
2,34,38,0,TRUE,FALSE,FALSE
2,38,34,0,TRUE,FALSE,FALSE
2,162,178,0,TRUE,FALSE,FALSE
2,178,162,0,TRUE,FALSE,FALSE
2,114,162,0,TRUE,FALSE,FALSE
2,162,114,0,TRUE,FALSE,FALSE
2,61,77,0,TRUE,FALSE,FALSE
2,77,61,0,TRUE,FALSE,FALSE
2,77,46,0,TRUE,FALSE,FALSE
2,46,77,0,TRUE,FALSE,FALSE
2,77,69,0,TRUE,FALSE,FALSE
2,69,77,0,TRUE,FALSE,FALSE
2,13,100,0,TRUE,FALSE,FALSE
2,100,13,0,TRUE,FALSE,FALSE
2,61,13,0,TRUE,FALSE,FALSE
2,13,61,0,TRUE,FALSE,FALSE
2,13,46,0,TRUE,FALSE,FALSE
2,46,13,0,TRUE,FALSE,FALSE
2,85,13,0,TRUE,FALSE,FALSE
2,13,85,0,TRUE,FALSE,FALSE
2,44,41,0,TRUE,FALSE,FALSE
2,41,44,0,TRUE,FALSE,FALSE
2,44,219,0,TRUE,FALSE,FALSE
2,219,44,0,TRUE,FALSE,FALSE
2,76,44,0,TRUE,FALSE,FALSE
2,44,76,0,TRUE,FALSE,FALSE
2,44,234,0,TRUE,FALSE,FALSE
2,234,44,0,TRUE,FALSE,FALSE
2,85,145,0,TRUE,FALSE,FALSE
2,145,85,0,TRUE,FALSE,FALSE
2,219,60,0,TRUE,FALSE,FALSE
2,60,219,0,TRUE,FALSE,FALSE
2,219,7,0,TRUE,FALSE,FALSE
2,7,219,0,TRUE,FALSE,FALSE
2,219,38,0,TRUE,FALSE,FALSE
2,38,219,0,TRUE,FALSE,FALSE
2,219,117,0,TRUE,FALSE,FALSE
2,117,219,0,TRUE,FALSE,FALSE
2,219,249,0,TRUE,FALSE,FALSE
2,249,219,0,TRUE,FALSE,FALSE
2,234,19,0,TRUE,FALSE,FALSE
2,19,234,0,TRUE,FALSE,FALSE
2,145,167,0,TRUE,FALSE,FALSE
2,167,145,0,TRUE,FALSE,FALSE
2,145,100,0,TRUE,FALSE,FALSE
2,100,145,0,TRUE,FALSE,FALSE
2,178,61,0,TRUE,FALSE,FALSE
2,61,178,0,TRUE,FALSE,FALSE
2,46,216,0,TRUE,FALSE,FALSE
2,216,46,0,TRUE,FALSE,FALSE
2,46,45,0,TRUE,FALSE,FALSE
2,45,46,0,TRUE,FALSE,FALSE
2,41,147,0,TRUE,FALSE,FALSE
2,147,41,0,TRUE,FALSE,FALSE
2,41,204,0,TRUE,FALSE,FALSE
2,204,41,0,TRUE,FALSE,FALSE
2,41,69,0,TRUE,FALSE,FALSE
2,69,41,0,TRUE,FALSE,FALSE
2,41,141,0,TRUE,FALSE,FALSE
2,141,41,0,TRUE,FALSE,FALSE
2,109,27,0,TRUE,FALSE,FALSE
2,27,109,0,TRUE,FALSE,FALSE
2,109,176,0,TRUE,FALSE,FALSE
2,176,109,0,TRUE,FALSE,FALSE
2,90,109,0,TRUE,FALSE,FALSE
2,109,90,0,TRUE,FALSE,FALSE
2,109,199,0,TRUE,FALSE,FALSE
2,199,109,0,TRUE,FALSE,FALSE
2,104,109,0,TRUE,FALSE,FALSE
2,109,104,0,TRUE,FALSE,FALSE
2,109,132,0,TRUE,FALSE,FALSE
2,132,109,0,TRUE,FALSE,FALSE
2,79,17,0,TRUE,FALSE,FALSE
2,17,79,0,TRUE,FALSE,FALSE
2,79,218,0,TRUE,FALSE,FALSE
2,218,79,0,TRUE,FALSE,FALSE
2,204,79,0,TRUE,FALSE,FALSE
2,79,204,0,TRUE,FALSE,FALSE
2,79,152,0,TRUE,FALSE,FALSE
2,152,79,0,TRUE,FALSE,FALSE
2,171,79,0,TRUE,FALSE,FALSE
2,79,171,0,TRUE,FALSE,FALSE
2,79,185,0,TRUE,FALSE,FALSE
2,185,79,0,TRUE,FALSE,FALSE
2,229,79,0,TRUE,FALSE,FALSE
2,79,229,0,TRUE,FALSE,FALSE
2,79,72,0,TRUE,FALSE,FALSE
2,72,79,0,TRUE,FALSE,FALSE
2,104,59,0,TRUE,FALSE,FALSE
2,59,104,0,TRUE,FALSE,FALSE
2,104,116,0,TRUE,FALSE,FALSE
2,116,104,0,TRUE,FALSE,FALSE
2,104,35,0,TRUE,FALSE,FALSE
2,35,104,0,TRUE,FALSE,FALSE
2,69,104,0,TRUE,FALSE,FALSE
2,104,69,0,TRUE,FALSE,FALSE
2,104,154,0,TRUE,FALSE,FALSE
2,154,104,0,TRUE,FALSE,FALSE
2,104,82,0,TRUE,FALSE,FALSE
2,82,104,0,TRUE,FALSE,FALSE
2,161,1,0,TRUE,FALSE,FALSE
2,1,161,0,TRUE,FALSE,FALSE
2,147,161,0,TRUE,FALSE,FALSE
2,161,147,0,TRUE,FALSE,FALSE
2,161,218,0,TRUE,FALSE,FALSE
2,218,161,0,TRUE,FALSE,FALSE
2,38,161,0,TRUE,FALSE,FALSE
2,161,38,0,TRUE,FALSE,FALSE
2,161,171,0,TRUE,FALSE,FALSE
2,171,161,0,TRUE,FALSE,FALSE
2,161,246,0,TRUE,FALSE,FALSE
2,246,161,0,TRUE,FALSE,FALSE
2,152,101,0,TRUE,FALSE,FALSE
2,101,152,0,TRUE,FALSE,FALSE
2,181,152,0,TRUE,FALSE,FALSE
2,152,181,0,TRUE,FALSE,FALSE
2,152,17,0,TRUE,FALSE,FALSE
2,17,152,0,TRUE,FALSE,FALSE
2,204,152,0,TRUE,FALSE,FALSE
2,152,204,0,TRUE,FALSE,FALSE
2,40,136,0,TRUE,FALSE,FALSE
2,136,40,0,TRUE,FALSE,FALSE
2,19,40,0,TRUE,FALSE,FALSE
2,40,19,0,TRUE,FALSE,FALSE
2,40,135,0,TRUE,FALSE,FALSE
2,135,40,0,TRUE,FALSE,FALSE
2,218,40,0,TRUE,FALSE,FALSE
2,40,218,0,TRUE,FALSE,FALSE
2,40,120,0,TRUE,FALSE,FALSE
2,120,40,0,TRUE,FALSE,FALSE
2,40,232,0,TRUE,FALSE,FALSE
2,232,40,0,TRUE,FALSE,FALSE
2,40,248,0,TRUE,FALSE,FALSE
2,248,40,0,TRUE,FALSE,FALSE
2,40,112,0,TRUE,FALSE,FALSE
2,112,40,0,TRUE,FALSE,FALSE
2,40,12,0,TRUE,FALSE,FALSE
2,12,40,0,TRUE,FALSE,FALSE
2,40,0,0,TRUE,FALSE,FALSE
2,0,40,0,TRUE,FALSE,FALSE
2,40,36,0,TRUE,FALSE,FALSE
2,36,40,0,TRUE,FALSE,FALSE
2,40,185,0,TRUE,FALSE,FALSE
2,185,40,0,TRUE,FALSE,FALSE
2,246,40,0,TRUE,FALSE,FALSE
2,40,246,0,TRUE,FALSE,FALSE
2,82,40,0,TRUE,FALSE,FALSE
2,40,82,0,TRUE,FALSE,FALSE
2,207,241,0,TRUE,FALSE,FALSE
2,241,207,0,TRUE,FALSE,FALSE
2,218,241,0,TRUE,FALSE,FALSE
2,241,218,0,TRUE,FALSE,FALSE
2,241,35,0,TRUE,FALSE,FALSE
2,35,241,0,TRUE,FALSE,FALSE
2,241,36,0,TRUE,FALSE,FALSE
2,36,241,0,TRUE,FALSE,FALSE
2,72,241,0,TRUE,FALSE,FALSE
2,241,72,0,TRUE,FALSE,FALSE
2,82,241,0,TRUE,FALSE,FALSE
2,241,82,0,TRUE,FALSE,FALSE
2,59,27,0,TRUE,FALSE,FALSE
2,27,59,0,TRUE,FALSE,FALSE
2,59,105,0,TRUE,FALSE,FALSE
2,105,59,0,TRUE,FALSE,FALSE
2,59,143,0,TRUE,FALSE,FALSE
2,143,59,0,TRUE,FALSE,FALSE
2,154,59,0,TRUE,FALSE,FALSE
2,59,154,0,TRUE,FALSE,FALSE
2,69,207,0,TRUE,FALSE,FALSE
2,207,69,0,TRUE,FALSE,FALSE
2,69,21,0,TRUE,FALSE,FALSE
2,21,69,0,TRUE,FALSE,FALSE
2,69,216,0,TRUE,FALSE,FALSE
2,216,69,0,TRUE,FALSE,FALSE
2,69,229,0,TRUE,FALSE,FALSE
2,229,69,0,TRUE,FALSE,FALSE
2,69,82,0,TRUE,FALSE,FALSE
2,82,69,0,TRUE,FALSE,FALSE
2,7,2,0,TRUE,FALSE,FALSE
2,2,7,0,TRUE,FALSE,FALSE
2,117,2,0,TRUE,FALSE,FALSE
2,2,117,0,TRUE,FALSE,FALSE
2,93,2,0,TRUE,FALSE,FALSE
2,2,93,0,TRUE,FALSE,FALSE
2,2,3,0,TRUE,FALSE,FALSE
2,3,2,0,TRUE,FALSE,FALSE
2,204,229,0,TRUE,FALSE,FALSE
2,229,204,0,TRUE,FALSE,FALSE
2,141,204,0,TRUE,FALSE,FALSE
2,204,141,0,TRUE,FALSE,FALSE
2,181,101,0,TRUE,FALSE,FALSE
2,101,181,0,TRUE,FALSE,FALSE
2,1,181,0,TRUE,FALSE,FALSE
2,181,1,0,TRUE,FALSE,FALSE
2,171,181,0,TRUE,FALSE,FALSE
2,181,171,0,TRUE,FALSE,FALSE
2,141,181,0,TRUE,FALSE,FALSE
2,181,141,0,TRUE,FALSE,FALSE
2,218,101,0,TRUE,FALSE,FALSE
2,101,218,0,TRUE,FALSE,FALSE
2,218,146,0,TRUE,FALSE,FALSE
2,146,218,0,TRUE,FALSE,FALSE
2,218,119,0,TRUE,FALSE,FALSE
2,119,218,0,TRUE,FALSE,FALSE
2,218,93,0,TRUE,FALSE,FALSE
2,93,218,0,TRUE,FALSE,FALSE
2,171,218,0,TRUE,FALSE,FALSE
2,218,171,0,TRUE,FALSE,FALSE
2,218,127,0,TRUE,FALSE,FALSE
2,127,218,0,TRUE,FALSE,FALSE
2,218,143,0,TRUE,FALSE,FALSE
2,143,218,0,TRUE,FALSE,FALSE
2,218,72,0,TRUE,FALSE,FALSE
2,72,218,0,TRUE,FALSE,FALSE
2,218,154,0,TRUE,FALSE,FALSE
2,154,218,0,TRUE,FALSE,FALSE
2,249,218,0,TRUE,FALSE,FALSE
2,218,249,0,TRUE,FALSE,FALSE
2,82,218,0,TRUE,FALSE,FALSE
2,218,82,0,TRUE,FALSE,FALSE
2,101,24,0,TRUE,FALSE,FALSE
2,24,101,0,TRUE,FALSE,FALSE
2,7,24,0,TRUE,FALSE,FALSE
2,24,7,0,TRUE,FALSE,FALSE
2,93,24,0,TRUE,FALSE,FALSE
2,24,93,0,TRUE,FALSE,FALSE
2,24,188,0,TRUE,FALSE,FALSE
2,188,24,0,TRUE,FALSE,FALSE
2,24,3,0,TRUE,FALSE,FALSE
2,3,24,0,TRUE,FALSE,FALSE
2,100,45,0,TRUE,FALSE,FALSE
2,45,100,0,TRUE,FALSE,FALSE
2,100,242,0,TRUE,FALSE,FALSE
2,242,100,0,TRUE,FALSE,FALSE
2,7,93,0,TRUE,FALSE,FALSE
2,93,7,0,TRUE,FALSE,FALSE
2,93,112,0,TRUE,FALSE,FALSE
2,112,93,0,TRUE,FALSE,FALSE
2,93,127,0,TRUE,FALSE,FALSE
2,127,93,0,TRUE,FALSE,FALSE
2,93,3,0,TRUE,FALSE,FALSE
2,3,93,0,TRUE,FALSE,FALSE
2,167,242,0,TRUE,FALSE,FALSE
2,242,167,0,TRUE,FALSE,FALSE
2,45,140,0,TRUE,FALSE,FALSE
2,140,45,0,TRUE,FALSE,FALSE
2,140,155,0,TRUE,FALSE,FALSE
2,155,140,0,TRUE,FALSE,FALSE
2,242,140,0,TRUE,FALSE,FALSE
2,140,242,0,TRUE,FALSE,FALSE
2,21,207,0,TRUE,FALSE,FALSE
2,207,21,0,TRUE,FALSE,FALSE
2,229,21,0,TRUE,FALSE,FALSE
2,21,229,0,TRUE,FALSE,FALSE
2,21,72,0,TRUE,FALSE,FALSE
2,72,21,0,TRUE,FALSE,FALSE
2,21,99,0,TRUE,FALSE,FALSE
2,99,21,0,TRUE,FALSE,FALSE
2,116,31,0,TRUE,FALSE,FALSE
2,31,116,0,TRUE,FALSE,FALSE
2,116,199,0,TRUE,FALSE,FALSE
2,199,116,0,TRUE,FALSE,FALSE
2,216,116,0,TRUE,FALSE,FALSE
2,116,216,0,TRUE,FALSE,FALSE
2,116,107,0,TRUE,FALSE,FALSE
2,107,116,0,TRUE,FALSE,FALSE
2,116,121,0,TRUE,FALSE,FALSE
2,121,116,0,TRUE,FALSE,FALSE
2,82,116,0,TRUE,FALSE,FALSE
2,116,82,0,TRUE,FALSE,FALSE
2,147,141,0,TRUE,FALSE,FALSE
2,141,147,0,TRUE,FALSE,FALSE
2,141,171,0,TRUE,FALSE,FALSE
2,171,141,0,TRUE,FALSE,FALSE
2,19,58,0,TRUE,FALSE,FALSE
2,58,19,0,TRUE,FALSE,FALSE
2,19,246,0,TRUE,FALSE,FALSE
2,246,19,0,TRUE,FALSE,FALSE
2,229,17,0,TRUE,FALSE,FALSE
2,17,229,0,TRUE,FALSE,FALSE
2,249,7,0,TRUE,FALSE,FALSE
2,7,249,0,TRUE,FALSE,FALSE
2,216,228,0,TRUE,FALSE,FALSE
2,228,216,0,TRUE,FALSE,FALSE
2,216,37,0,TRUE,FALSE,FALSE
2,37,216,0,TRUE,FALSE,FALSE
2,216,210,0,TRUE,FALSE,FALSE
2,210,216,0,TRUE,FALSE,FALSE
2,216,89,0,TRUE,FALSE,FALSE
2,89,216,0,TRUE,FALSE,FALSE
2,216,82,0,TRUE,FALSE,FALSE
2,82,216,0,TRUE,FALSE,FALSE
2,101,223,0,TRUE,FALSE,FALSE
2,223,101,0,TRUE,FALSE,FALSE
2,1,101,0,TRUE,FALSE,FALSE
2,101,1,0,TRUE,FALSE,FALSE
2,101,154,0,TRUE,FALSE,FALSE
2,154,101,0,TRUE,FALSE,FALSE
2,249,101,0,TRUE,FALSE,FALSE
2,101,249,0,TRUE,FALSE,FALSE
2,101,188,0,TRUE,FALSE,FALSE
2,188,101,0,TRUE,FALSE,FALSE
2,90,173,0,TRUE,FALSE,FALSE
2,173,90,0,TRUE,FALSE,FALSE
2,90,102,0,TRUE,FALSE,FALSE
2,102,90,0,TRUE,FALSE,FALSE
2,117,90,0,TRUE,FALSE,FALSE
2,90,117,0,TRUE,FALSE,FALSE
2,90,3,0,TRUE,FALSE,FALSE
2,3,90,0,TRUE,FALSE,FALSE
2,246,12,0,TRUE,FALSE,FALSE
2,12,246,0,TRUE,FALSE,FALSE
2,246,175,0,TRUE,FALSE,FALSE
2,175,246,0,TRUE,FALSE,FALSE
2,58,248,0,TRUE,FALSE,FALSE
2,248,58,0,TRUE,FALSE,FALSE
2,58,137,0,TRUE,FALSE,FALSE
2,137,58,0,TRUE,FALSE,FALSE
2,58,175,0,TRUE,FALSE,FALSE
2,175,58,0,TRUE,FALSE,FALSE
2,58,209,0,TRUE,FALSE,FALSE
2,209,58,0,TRUE,FALSE,FALSE
2,89,31,0,TRUE,FALSE,FALSE
2,31,89,0,TRUE,FALSE,FALSE
2,89,210,0,TRUE,FALSE,FALSE
2,210,89,0,TRUE,FALSE,FALSE
2,89,64,0,TRUE,FALSE,FALSE
2,64,89,0,TRUE,FALSE,FALSE
2,210,228,0,TRUE,FALSE,FALSE
2,228,210,0,TRUE,FALSE,FALSE
2,210,215,0,TRUE,FALSE,FALSE
2,215,210,0,TRUE,FALSE,FALSE
2,210,92,0,TRUE,FALSE,FALSE
2,92,210,0,TRUE,FALSE,FALSE
2,228,237,0,TRUE,FALSE,FALSE
2,237,228,0,TRUE,FALSE,FALSE
2,228,243,0,TRUE,FALSE,FALSE
2,243,228,0,TRUE,FALSE,FALSE
2,228,245,0,TRUE,FALSE,FALSE
2,245,228,0,TRUE,FALSE,FALSE
2,17,154,0,TRUE,FALSE,FALSE
2,154,17,0,TRUE,FALSE,FALSE
2,17,99,0,TRUE,FALSE,FALSE
2,99,17,0,TRUE,FALSE,FALSE
2,99,35,0,TRUE,FALSE,FALSE
2,35,99,0,TRUE,FALSE,FALSE
2,72,99,0,TRUE,FALSE,FALSE
2,99,72,0,TRUE,FALSE,FALSE
2,99,154,0,TRUE,FALSE,FALSE
2,154,99,0,TRUE,FALSE,FALSE
2,37,237,0,TRUE,FALSE,FALSE
2,237,37,0,TRUE,FALSE,FALSE
2,45,37,0,TRUE,FALSE,FALSE
2,37,45,0,TRUE,FALSE,FALSE
2,37,155,0,TRUE,FALSE,FALSE
2,155,37,0,TRUE,FALSE,FALSE
2,37,182,0,TRUE,FALSE,FALSE
2,182,37,0,TRUE,FALSE,FALSE
2,37,190,0,TRUE,FALSE,FALSE
2,190,37,0,TRUE,FALSE,FALSE
2,143,27,0,TRUE,FALSE,FALSE
2,27,143,0,TRUE,FALSE,FALSE
2,143,136,0,TRUE,FALSE,FALSE
2,136,143,0,TRUE,FALSE,FALSE
2,143,146,0,TRUE,FALSE,FALSE
2,146,143,0,TRUE,FALSE,FALSE
2,82,143,0,TRUE,FALSE,FALSE
2,143,82,0,TRUE,FALSE,FALSE
2,207,35,0,TRUE,FALSE,FALSE
2,35,207,0,TRUE,FALSE,FALSE
2,38,1,0,TRUE,FALSE,FALSE
2,1,38,0,TRUE,FALSE,FALSE
2,38,249,0,TRUE,FALSE,FALSE
2,249,38,0,TRUE,FALSE,FALSE
2,82,250,0,TRUE,FALSE,FALSE
2,250,82,0,TRUE,FALSE,FALSE
2,82,240,0,TRUE,FALSE,FALSE
2,240,82,0,TRUE,FALSE,FALSE
2,82,230,0,TRUE,FALSE,FALSE
2,230,82,0,TRUE,FALSE,FALSE
2,82,235,0,TRUE,FALSE,FALSE
2,235,82,0,TRUE,FALSE,FALSE
2,82,67,0,TRUE,FALSE,FALSE
2,67,82,0,TRUE,FALSE,FALSE
2,82,128,0,TRUE,FALSE,FALSE
2,128,82,0,TRUE,FALSE,FALSE
2,82,54,0,TRUE,FALSE,FALSE
2,54,82,0,TRUE,FALSE,FALSE
2,82,87,0,TRUE,FALSE,FALSE
2,87,82,0,TRUE,FALSE,FALSE
2,82,192,0,TRUE,FALSE,FALSE
2,192,82,0,TRUE,FALSE,FALSE
2,82,136,0,TRUE,FALSE,FALSE
2,136,82,0,TRUE,FALSE,FALSE
2,82,253,0,TRUE,FALSE,FALSE
2,253,82,0,TRUE,FALSE,FALSE
2,82,83,0,TRUE,FALSE,FALSE
2,83,82,0,TRUE,FALSE,FALSE
2,82,193,0,TRUE,FALSE,FALSE
2,193,82,0,TRUE,FALSE,FALSE
2,82,126,0,TRUE,FALSE,FALSE
2,126,82,0,TRUE,FALSE,FALSE
2,82,163,0,TRUE,FALSE,FALSE
2,163,82,0,TRUE,FALSE,FALSE
2,82,170,0,TRUE,FALSE,FALSE
2,170,82,0,TRUE,FALSE,FALSE
2,82,252,0,TRUE,FALSE,FALSE
2,252,82,0,TRUE,FALSE,FALSE
2,82,111,0,TRUE,FALSE,FALSE
2,111,82,0,TRUE,FALSE,FALSE
2,82,231,0,TRUE,FALSE,FALSE
2,231,82,0,TRUE,FALSE,FALSE
2,82,18,0,TRUE,FALSE,FALSE
2,18,82,0,TRUE,FALSE,FALSE
2,82,130,0,TRUE,FALSE,FALSE
2,130,82,0,TRUE,FALSE,FALSE
2,82,47,0,TRUE,FALSE,FALSE
2,47,82,0,TRUE,FALSE,FALSE
2,82,238,0,TRUE,FALSE,FALSE
2,238,82,0,TRUE,FALSE,FALSE
2,82,75,0,TRUE,FALSE,FALSE
2,75,82,0,TRUE,FALSE,FALSE
2,82,4,0,TRUE,FALSE,FALSE
2,4,82,0,TRUE,FALSE,FALSE
2,82,227,0,TRUE,FALSE,FALSE
2,227,82,0,TRUE,FALSE,FALSE
2,82,158,0,TRUE,FALSE,FALSE
2,158,82,0,TRUE,FALSE,FALSE
2,82,64,0,TRUE,FALSE,FALSE
2,64,82,0,TRUE,FALSE,FALSE
2,82,115,0,TRUE,FALSE,FALSE
2,115,82,0,TRUE,FALSE,FALSE
2,82,248,0,TRUE,FALSE,FALSE
2,248,82,0,TRUE,FALSE,FALSE
2,82,194,0,TRUE,FALSE,FALSE
2,194,82,0,TRUE,FALSE,FALSE
2,82,197,0,TRUE,FALSE,FALSE
2,197,82,0,TRUE,FALSE,FALSE
2,82,5,0,TRUE,FALSE,FALSE
2,5,82,0,TRUE,FALSE,FALSE
2,82,70,0,TRUE,FALSE,FALSE
2,70,82,0,TRUE,FALSE,FALSE
2,82,36,0,TRUE,FALSE,FALSE
2,36,82,0,TRUE,FALSE,FALSE
2,82,236,0,TRUE,FALSE,FALSE
2,236,82,0,TRUE,FALSE,FALSE
2,82,106,0,TRUE,FALSE,FALSE
2,106,82,0,TRUE,FALSE,FALSE
2,82,224,0,TRUE,FALSE,FALSE
2,224,82,0,TRUE,FALSE,FALSE
2,154,105,0,TRUE,FALSE,FALSE
2,105,154,0,TRUE,FALSE,FALSE
2,154,29,0,TRUE,FALSE,FALSE
2,29,154,0,TRUE,FALSE,FALSE
2,35,154,0,TRUE,FALSE,FALSE
2,154,35,0,TRUE,FALSE,FALSE
2,197,252,0,TRUE,FALSE,FALSE
2,252,197,0,TRUE,FALSE,FALSE
2,197,18,0,TRUE,FALSE,FALSE
2,18,197,0,TRUE,FALSE,FALSE
2,64,197,0,TRUE,FALSE,FALSE
2,197,64,0,TRUE,FALSE,FALSE
2,197,16,0,TRUE,FALSE,FALSE
2,16,197,0,TRUE,FALSE,FALSE
2,115,87,0,TRUE,FALSE,FALSE
2,87,115,0,TRUE,FALSE,FALSE
2,115,170,0,TRUE,FALSE,FALSE
2,170,115,0,TRUE,FALSE,FALSE
2,252,115,0,TRUE,FALSE,FALSE
2,115,252,0,TRUE,FALSE,FALSE
2,115,169,0,TRUE,FALSE,FALSE
2,169,115,0,TRUE,FALSE,FALSE
2,147,1,0,TRUE,FALSE,FALSE
2,1,147,0,TRUE,FALSE,FALSE
2,171,12,0,TRUE,FALSE,FALSE
2,12,171,0,TRUE,FALSE,FALSE
2,64,31,0,TRUE,FALSE,FALSE
2,31,64,0,TRUE,FALSE,FALSE
2,64,215,0,TRUE,FALSE,FALSE
2,215,64,0,TRUE,FALSE,FALSE
2,64,194,0,TRUE,FALSE,FALSE
2,194,64,0,TRUE,FALSE,FALSE
2,87,250,0,TRUE,FALSE,FALSE
2,250,87,0,TRUE,FALSE,FALSE
2,87,23,0,TRUE,FALSE,FALSE
2,23,87,0,TRUE,FALSE,FALSE
2,87,236,0,TRUE,FALSE,FALSE
2,236,87,0,TRUE,FALSE,FALSE
2,236,230,0,TRUE,FALSE,FALSE
2,230,236,0,TRUE,FALSE,FALSE
2,236,128,0,TRUE,FALSE,FALSE
2,128,236,0,TRUE,FALSE,FALSE
2,236,165,0,TRUE,FALSE,FALSE
2,165,236,0,TRUE,FALSE,FALSE
2,230,106,0,TRUE,FALSE,FALSE
2,106,230,0,TRUE,FALSE,FALSE
2,72,135,0,TRUE,FALSE,FALSE
2,135,72,0,TRUE,FALSE,FALSE
2,36,192,0,TRUE,FALSE,FALSE
2,192,36,0,TRUE,FALSE,FALSE
2,36,135,0,TRUE,FALSE,FALSE
2,135,36,0,TRUE,FALSE,FALSE
2,252,130,0,TRUE,FALSE,FALSE
2,130,252,0,TRUE,FALSE,FALSE
2,252,226,0,TRUE,FALSE,FALSE
2,226,252,0,TRUE,FALSE,FALSE
2,173,102,0,TRUE,FALSE,FALSE
2,102,173,0,TRUE,FALSE,FALSE
2,127,173,0,TRUE,FALSE,FALSE
2,173,127,0,TRUE,FALSE,FALSE
2,188,173,0,TRUE,FALSE,FALSE
2,173,188,0,TRUE,FALSE,FALSE
2,3,173,0,TRUE,FALSE,FALSE
2,173,3,0,TRUE,FALSE,FALSE
2,137,51,0,TRUE,FALSE,FALSE
2,51,137,0,TRUE,FALSE,FALSE
2,248,137,0,TRUE,FALSE,FALSE
2,137,248,0,TRUE,FALSE,FALSE
2,137,201,0,TRUE,FALSE,FALSE
2,201,137,0,TRUE,FALSE,FALSE
2,188,223,0,TRUE,FALSE,FALSE
2,223,188,0,TRUE,FALSE,FALSE
2,127,188,0,TRUE,FALSE,FALSE
2,188,127,0,TRUE,FALSE,FALSE
2,112,232,0,TRUE,FALSE,FALSE
2,232,112,0,TRUE,FALSE,FALSE
2,232,0,0,TRUE,FALSE,FALSE
2,0,232,0,TRUE,FALSE,FALSE
2,232,98,0,TRUE,FALSE,FALSE
2,98,232,0,TRUE,FALSE,FALSE
2,127,232,0,TRUE,FALSE,FALSE
2,232,127,0,TRUE,FALSE,FALSE
2,130,187,0,TRUE,FALSE,FALSE
2,187,130,0,TRUE,FALSE,FALSE
2,130,244,0,TRUE,FALSE,FALSE
2,244,130,0,TRUE,FALSE,FALSE
2,67,130,0,TRUE,FALSE,FALSE
2,130,67,0,TRUE,FALSE,FALSE
2,130,170,0,TRUE,FALSE,FALSE
2,170,130,0,TRUE,FALSE,FALSE
2,18,130,0,TRUE,FALSE,FALSE
2,130,18,0,TRUE,FALSE,FALSE
2,130,124,0,TRUE,FALSE,FALSE
2,124,130,0,TRUE,FALSE,FALSE
2,130,110,0,TRUE,FALSE,FALSE
2,110,130,0,TRUE,FALSE,FALSE
2,130,8,0,TRUE,FALSE,FALSE
2,8,130,0,TRUE,FALSE,FALSE
2,130,226,0,TRUE,FALSE,FALSE
2,226,130,0,TRUE,FALSE,FALSE
2,130,103,0,TRUE,FALSE,FALSE
2,103,130,0,TRUE,FALSE,FALSE
2,130,95,0,TRUE,FALSE,FALSE
2,95,130,0,TRUE,FALSE,FALSE
2,130,191,0,TRUE,FALSE,FALSE
2,191,130,0,TRUE,FALSE,FALSE
2,0,94,0,TRUE,FALSE,FALSE
2,94,0,0,TRUE,FALSE,FALSE
2,119,0,0,TRUE,FALSE,FALSE
2,0,119,0,TRUE,FALSE,FALSE
2,0,120,0,TRUE,FALSE,FALSE
2,120,0,0,TRUE,FALSE,FALSE
2,193,128,0,TRUE,FALSE,FALSE
2,128,193,0,TRUE,FALSE,FALSE
2,126,193,0,TRUE,FALSE,FALSE
2,193,126,0,TRUE,FALSE,FALSE
2,193,222,0,TRUE,FALSE,FALSE
2,222,193,0,TRUE,FALSE,FALSE
2,193,4,0,TRUE,FALSE,FALSE
2,4,193,0,TRUE,FALSE,FALSE
2,136,240,0,TRUE,FALSE,FALSE
2,240,136,0,TRUE,FALSE,FALSE
2,240,248,0,TRUE,FALSE,FALSE
2,248,240,0,TRUE,FALSE,FALSE
2,240,5,0,TRUE,FALSE,FALSE
2,5,240,0,TRUE,FALSE,FALSE
2,240,186,0,TRUE,FALSE,FALSE
2,186,240,0,TRUE,FALSE,FALSE
2,192,248,0,TRUE,FALSE,FALSE
2,248,192,0,TRUE,FALSE,FALSE
2,248,94,0,TRUE,FALSE,FALSE
2,94,248,0,TRUE,FALSE,FALSE
2,248,122,0,TRUE,FALSE,FALSE
2,122,248,0,TRUE,FALSE,FALSE
2,248,227,0,TRUE,FALSE,FALSE
2,227,248,0,TRUE,FALSE,FALSE
2,248,98,0,TRUE,FALSE,FALSE
2,98,248,0,TRUE,FALSE,FALSE
2,248,186,0,TRUE,FALSE,FALSE
2,186,248,0,TRUE,FALSE,FALSE
2,248,201,0,TRUE,FALSE,FALSE
2,201,248,0,TRUE,FALSE,FALSE
2,248,175,0,TRUE,FALSE,FALSE
2,175,248,0,TRUE,FALSE,FALSE
2,248,15,0,TRUE,FALSE,FALSE
2,15,248,0,TRUE,FALSE,FALSE
2,248,166,0,TRUE,FALSE,FALSE
2,166,248,0,TRUE,FALSE,FALSE
2,175,122,0,TRUE,FALSE,FALSE
2,122,175,0,TRUE,FALSE,FALSE
2,175,48,0,TRUE,FALSE,FALSE
2,48,175,0,TRUE,FALSE,FALSE
2,4,250,0,TRUE,FALSE,FALSE
2,250,4,0,TRUE,FALSE,FALSE
2,4,148,0,TRUE,FALSE,FALSE
2,148,4,0,TRUE,FALSE,FALSE
2,4,253,0,TRUE,FALSE,FALSE
2,253,4,0,TRUE,FALSE,FALSE
2,163,74,0,TRUE,FALSE,FALSE
2,74,163,0,TRUE,FALSE,FALSE
2,163,231,0,TRUE,FALSE,FALSE
2,231,163,0,TRUE,FALSE,FALSE
2,47,163,0,TRUE,FALSE,FALSE
2,163,47,0,TRUE,FALSE,FALSE
2,163,238,0,TRUE,FALSE,FALSE
2,238,163,0,TRUE,FALSE,FALSE
2,158,54,0,TRUE,FALSE,FALSE
2,54,158,0,TRUE,FALSE,FALSE
2,75,158,0,TRUE,FALSE,FALSE
2,158,75,0,TRUE,FALSE,FALSE
2,158,28,0,TRUE,FALSE,FALSE
2,28,158,0,TRUE,FALSE,FALSE
2,83,235,0,TRUE,FALSE,FALSE
2,235,83,0,TRUE,FALSE,FALSE
2,83,172,0,TRUE,FALSE,FALSE
2,172,83,0,TRUE,FALSE,FALSE
2,194,83,0,TRUE,FALSE,FALSE
2,83,194,0,TRUE,FALSE,FALSE
2,83,121,0,TRUE,FALSE,FALSE
2,121,83,0,TRUE,FALSE,FALSE
2,83,195,0,TRUE,FALSE,FALSE
2,195,83,0,TRUE,FALSE,FALSE
2,128,106,0,TRUE,FALSE,FALSE
2,106,128,0,TRUE,FALSE,FALSE
2,126,106,0,TRUE,FALSE,FALSE
2,106,126,0,TRUE,FALSE,FALSE
2,106,134,0,TRUE,FALSE,FALSE
2,134,106,0,TRUE,FALSE,FALSE
2,106,118,0,TRUE,FALSE,FALSE
2,118,106,0,TRUE,FALSE,FALSE
2,106,103,0,TRUE,FALSE,FALSE
2,103,106,0,TRUE,FALSE,FALSE
2,106,159,0,TRUE,FALSE,FALSE
2,159,106,0,TRUE,FALSE,FALSE
2,106,88,0,TRUE,FALSE,FALSE
2,88,106,0,TRUE,FALSE,FALSE
2,238,247,0,TRUE,FALSE,FALSE
2,247,238,0,TRUE,FALSE,FALSE
2,238,62,0,TRUE,FALSE,FALSE
2,62,238,0,TRUE,FALSE,FALSE
2,111,238,0,TRUE,FALSE,FALSE
2,238,111,0,TRUE,FALSE,FALSE
2,238,74,0,TRUE,FALSE,FALSE
2,74,238,0,TRUE,FALSE,FALSE
2,238,131,0,TRUE,FALSE,FALSE
2,131,238,0,TRUE,FALSE,FALSE
2,238,221,0,TRUE,FALSE,FALSE
2,221,238,0,TRUE,FALSE,FALSE
2,227,238,0,TRUE,FALSE,FALSE
2,238,227,0,TRUE,FALSE,FALSE
2,238,71,0,TRUE,FALSE,FALSE
2,71,238,0,TRUE,FALSE,FALSE
2,238,50,0,TRUE,FALSE,FALSE
2,50,238,0,TRUE,FALSE,FALSE
2,238,208,0,TRUE,FALSE,FALSE
2,208,238,0,TRUE,FALSE,FALSE
2,238,49,0,TRUE,FALSE,FALSE
2,49,238,0,TRUE,FALSE,FALSE
2,238,224,0,TRUE,FALSE,FALSE
2,224,238,0,TRUE,FALSE,FALSE
2,238,211,0,TRUE,FALSE,FALSE
2,211,238,0,TRUE,FALSE,FALSE
2,119,223,0,TRUE,FALSE,FALSE
2,223,119,0,TRUE,FALSE,FALSE
2,119,176,0,TRUE,FALSE,FALSE
2,176,119,0,TRUE,FALSE,FALSE
2,119,146,0,TRUE,FALSE,FALSE
2,146,119,0,TRUE,FALSE,FALSE
2,119,29,0,TRUE,FALSE,FALSE
2,29,119,0,TRUE,FALSE,FALSE
2,119,102,0,TRUE,FALSE,FALSE
2,102,119,0,TRUE,FALSE,FALSE
2,119,127,0,TRUE,FALSE,FALSE
2,127,119,0,TRUE,FALSE,FALSE
2,112,201,0,TRUE,FALSE,FALSE
2,201,112,0,TRUE,FALSE,FALSE
2,146,105,0,TRUE,FALSE,FALSE
2,105,146,0,TRUE,FALSE,FALSE
2,146,120,0,TRUE,FALSE,FALSE
2,120,146,0,TRUE,FALSE,FALSE
2,146,132,0,TRUE,FALSE,FALSE
2,132,146,0,TRUE,FALSE,FALSE
2,227,113,0,TRUE,FALSE,FALSE
2,113,227,0,TRUE,FALSE,FALSE
2,227,220,0,TRUE,FALSE,FALSE
2,220,227,0,TRUE,FALSE,FALSE
2,227,51,0,TRUE,FALSE,FALSE
2,51,227,0,TRUE,FALSE,FALSE
2,227,32,0,TRUE,FALSE,FALSE
2,32,227,0,TRUE,FALSE,FALSE
2,227,153,0,TRUE,FALSE,FALSE
2,153,227,0,TRUE,FALSE,FALSE
2,47,227,0,TRUE,FALSE,FALSE
2,227,47,0,TRUE,FALSE,FALSE
2,227,68,0,TRUE,FALSE,FALSE
2,68,227,0,TRUE,FALSE,FALSE
2,227,144,0,TRUE,FALSE,FALSE
2,144,227,0,TRUE,FALSE,FALSE
2,227,96,0,TRUE,FALSE,FALSE
2,96,227,0,TRUE,FALSE,FALSE
2,5,227,0,TRUE,FALSE,FALSE
2,227,5,0,TRUE,FALSE,FALSE
2,227,209,0,TRUE,FALSE,FALSE
2,209,227,0,TRUE,FALSE,FALSE
2,227,48,0,TRUE,FALSE,FALSE
2,48,227,0,TRUE,FALSE,FALSE
2,250,128,0,TRUE,FALSE,FALSE
2,128,250,0,TRUE,FALSE,FALSE
2,128,200,0,TRUE,FALSE,FALSE
2,200,128,0,TRUE,FALSE,FALSE
2,128,22,0,TRUE,FALSE,FALSE
2,22,128,0,TRUE,FALSE,FALSE
2,128,156,0,TRUE,FALSE,FALSE
2,156,128,0,TRUE,FALSE,FALSE
2,128,202,0,TRUE,FALSE,FALSE
2,202,128,0,TRUE,FALSE,FALSE
2,128,222,0,TRUE,FALSE,FALSE
2,222,128,0,TRUE,FALSE,FALSE
2,128,233,0,TRUE,FALSE,FALSE
2,233,128,0,TRUE,FALSE,FALSE
2,128,165,0,TRUE,FALSE,FALSE
2,165,128,0,TRUE,FALSE,FALSE
2,128,103,0,TRUE,FALSE,FALSE
2,103,128,0,TRUE,FALSE,FALSE
2,128,84,0,TRUE,FALSE,FALSE
2,84,128,0,TRUE,FALSE,FALSE
2,185,135,0,TRUE,FALSE,FALSE
2,135,185,0,TRUE,FALSE,FALSE
2,12,185,0,TRUE,FALSE,FALSE
2,185,12,0,TRUE,FALSE,FALSE
2,185,166,0,TRUE,FALSE,FALSE
2,166,185,0,TRUE,FALSE,FALSE
2,136,120,0,TRUE,FALSE,FALSE
2,120,136,0,TRUE,FALSE,FALSE
2,120,186,0,TRUE,FALSE,FALSE
2,186,120,0,TRUE,FALSE,FALSE
2,237,190,0,TRUE,FALSE,FALSE
2,190,237,0,TRUE,FALSE,FALSE
2,190,26,0,TRUE,FALSE,FALSE
2,26,190,0,TRUE,FALSE,FALSE
2,190,182,0,TRUE,FALSE,FALSE
2,182,190,0,TRUE,FALSE,FALSE
2,190,177,0,TRUE,FALSE,FALSE
2,177,190,0,TRUE,FALSE,FALSE
2,126,134,0,TRUE,FALSE,FALSE
2,134,126,0,TRUE,FALSE,FALSE
2,192,47,0,TRUE,FALSE,FALSE
2,47,192,0,TRUE,FALSE,FALSE
2,47,32,0,TRUE,FALSE,FALSE
2,32,47,0,TRUE,FALSE,FALSE
2,253,67,0,TRUE,FALSE,FALSE
2,67,253,0,TRUE,FALSE,FALSE
2,253,170,0,TRUE,FALSE,FALSE
2,170,253,0,TRUE,FALSE,FALSE
2,253,56,0,TRUE,FALSE,FALSE
2,56,253,0,TRUE,FALSE,FALSE
2,18,73,0,TRUE,FALSE,FALSE
2,73,18,0,TRUE,FALSE,FALSE
2,235,18,0,TRUE,FALSE,FALSE
2,18,235,0,TRUE,FALSE,FALSE
2,18,33,0,TRUE,FALSE,FALSE
2,33,18,0,TRUE,FALSE,FALSE
2,18,43,0,TRUE,FALSE,FALSE
2,43,18,0,TRUE,FALSE,FALSE
2,18,65,0,TRUE,FALSE,FALSE
2,65,18,0,TRUE,FALSE,FALSE
2,18,16,0,TRUE,FALSE,FALSE
2,16,18,0,TRUE,FALSE,FALSE
2,194,18,0,TRUE,FALSE,FALSE
2,18,194,0,TRUE,FALSE,FALSE
2,18,103,0,TRUE,FALSE,FALSE
2,103,18,0,TRUE,FALSE,FALSE
2,18,55,0,TRUE,FALSE,FALSE
2,55,18,0,TRUE,FALSE,FALSE
2,18,108,0,TRUE,FALSE,FALSE
2,108,18,0,TRUE,FALSE,FALSE
2,18,97,0,TRUE,FALSE,FALSE
2,97,18,0,TRUE,FALSE,FALSE
2,250,148,0,TRUE,FALSE,FALSE
2,148,250,0,TRUE,FALSE,FALSE
2,250,23,0,TRUE,FALSE,FALSE
2,23,250,0,TRUE,FALSE,FALSE
2,170,250,0,TRUE,FALSE,FALSE
2,250,170,0,TRUE,FALSE,FALSE
2,250,160,0,TRUE,FALSE,FALSE
2,160,250,0,TRUE,FALSE,FALSE
2,250,174,0,TRUE,FALSE,FALSE
2,174,250,0,TRUE,FALSE,FALSE
2,250,150,0,TRUE,FALSE,FALSE
2,150,250,0,TRUE,FALSE,FALSE
2,250,10,0,TRUE,FALSE,FALSE
2,10,250,0,TRUE,FALSE,FALSE
2,250,180,0,TRUE,FALSE,FALSE
2,180,250,0,TRUE,FALSE,FALSE
2,250,103,0,TRUE,FALSE,FALSE
2,103,250,0,TRUE,FALSE,FALSE
2,250,157,0,TRUE,FALSE,FALSE
2,157,250,0,TRUE,FALSE,FALSE
2,70,54,0,TRUE,FALSE,FALSE
2,54,70,0,TRUE,FALSE,FALSE
2,231,70,0,TRUE,FALSE,FALSE
2,70,231,0,TRUE,FALSE,FALSE
2,135,15,0,TRUE,FALSE,FALSE
2,15,135,0,TRUE,FALSE,FALSE
2,182,196,0,TRUE,FALSE,FALSE
2,196,182,0,TRUE,FALSE,FALSE
2,182,78,0,TRUE,FALSE,FALSE
2,78,182,0,TRUE,FALSE,FALSE
2,182,30,0,TRUE,FALSE,FALSE
2,30,182,0,TRUE,FALSE,FALSE
2,155,196,0,TRUE,FALSE,FALSE
2,196,155,0,TRUE,FALSE,FALSE
2,155,239,0,TRUE,FALSE,FALSE
2,239,155,0,TRUE,FALSE,FALSE
2,155,103,0,TRUE,FALSE,FALSE
2,103,155,0,TRUE,FALSE,FALSE
2,31,107,0,TRUE,FALSE,FALSE
2,107,31,0,TRUE,FALSE,FALSE
2,31,92,0,TRUE,FALSE,FALSE
2,92,31,0,TRUE,FALSE,FALSE
2,209,51,0,TRUE,FALSE,FALSE
2,51,209,0,TRUE,FALSE,FALSE
2,209,211,0,TRUE,FALSE,FALSE
2,211,209,0,TRUE,FALSE,FALSE
2,209,48,0,TRUE,FALSE,FALSE
2,48,209,0,TRUE,FALSE,FALSE
2,194,206,0,TRUE,FALSE,FALSE
2,206,194,0,TRUE,FALSE,FALSE
2,194,215,0,TRUE,FALSE,FALSE
2,215,194,0,TRUE,FALSE,FALSE
2,194,245,0,TRUE,FALSE,FALSE
2,245,194,0,TRUE,FALSE,FALSE
2,194,30,0,TRUE,FALSE,FALSE
2,30,194,0,TRUE,FALSE,FALSE
2,194,107,0,TRUE,FALSE,FALSE
2,107,194,0,TRUE,FALSE,FALSE
2,194,172,0,TRUE,FALSE,FALSE
2,172,194,0,TRUE,FALSE,FALSE
2,194,20,0,TRUE,FALSE,FALSE
2,20,194,0,TRUE,FALSE,FALSE
2,194,177,0,TRUE,FALSE,FALSE
2,177,194,0,TRUE,FALSE,FALSE
2,194,103,0,TRUE,FALSE,FALSE
2,103,194,0,TRUE,FALSE,FALSE
2,194,125,0,TRUE,FALSE,FALSE
2,125,194,0,TRUE,FALSE,FALSE
2,194,91,0,TRUE,FALSE,FALSE
2,91,194,0,TRUE,FALSE,FALSE
2,194,149,0,TRUE,FALSE,FALSE
2,149,194,0,TRUE,FALSE,FALSE
2,199,86,0,TRUE,FALSE,FALSE
2,86,199,0,TRUE,FALSE,FALSE
2,199,66,0,TRUE,FALSE,FALSE
2,66,199,0,TRUE,FALSE,FALSE
2,199,9,0,TRUE,FALSE,FALSE
2,9,199,0,TRUE,FALSE,FALSE
2,199,195,0,TRUE,FALSE,FALSE
2,195,199,0,TRUE,FALSE,FALSE
2,107,243,0,TRUE,FALSE,FALSE
2,243,107,0,TRUE,FALSE,FALSE
2,107,203,0,TRUE,FALSE,FALSE
2,203,107,0,TRUE,FALSE,FALSE
2,107,212,0,TRUE,FALSE,FALSE
2,212,107,0,TRUE,FALSE,FALSE
2,107,125,0,TRUE,FALSE,FALSE
2,125,107,0,TRUE,FALSE,FALSE
2,107,92,0,TRUE,FALSE,FALSE
2,92,107,0,TRUE,FALSE,FALSE
2,107,121,0,TRUE,FALSE,FALSE
2,121,107,0,TRUE,FALSE,FALSE
2,192,15,0,TRUE,FALSE,FALSE
2,15,192,0,TRUE,FALSE,FALSE
2,111,221,0,TRUE,FALSE,FALSE
2,221,111,0,TRUE,FALSE,FALSE
2,111,75,0,TRUE,FALSE,FALSE
2,75,111,0,TRUE,FALSE,FALSE
2,5,111,0,TRUE,FALSE,FALSE
2,111,5,0,TRUE,FALSE,FALSE
2,237,14,0,TRUE,FALSE,FALSE
2,14,237,0,TRUE,FALSE,FALSE
2,237,245,0,TRUE,FALSE,FALSE
2,245,237,0,TRUE,FALSE,FALSE
2,121,212,0,TRUE,FALSE,FALSE
2,212,121,0,TRUE,FALSE,FALSE
2,121,195,0,TRUE,FALSE,FALSE
2,195,121,0,TRUE,FALSE,FALSE
2,75,224,0,TRUE,FALSE,FALSE
2,224,75,0,TRUE,FALSE,FALSE
2,75,123,0,TRUE,FALSE,FALSE
2,123,75,0,TRUE,FALSE,FALSE
2,54,138,0,TRUE,FALSE,FALSE
2,138,54,0,TRUE,FALSE,FALSE
2,54,28,0,TRUE,FALSE,FALSE
2,28,54,0,TRUE,FALSE,FALSE
2,54,25,0,TRUE,FALSE,FALSE
2,25,54,0,TRUE,FALSE,FALSE
2,54,251,0,TRUE,FALSE,FALSE
2,251,54,0,TRUE,FALSE,FALSE
2,224,54,0,TRUE,FALSE,FALSE
2,54,224,0,TRUE,FALSE,FALSE
2,223,102,0,TRUE,FALSE,FALSE
2,102,223,0,TRUE,FALSE,FALSE
2,102,176,0,TRUE,FALSE,FALSE
2,176,102,0,TRUE,FALSE,FALSE
2,215,245,0,TRUE,FALSE,FALSE
2,245,215,0,TRUE,FALSE,FALSE
2,215,16,0,TRUE,FALSE,FALSE
2,16,215,0,TRUE,FALSE,FALSE
2,215,92,0,TRUE,FALSE,FALSE
2,92,215,0,TRUE,FALSE,FALSE
2,92,243,0,TRUE,FALSE,FALSE
2,243,92,0,TRUE,FALSE,FALSE
2,5,220,0,TRUE,FALSE,FALSE
2,220,5,0,TRUE,FALSE,FALSE
2,231,63,0,TRUE,FALSE,FALSE
2,63,231,0,TRUE,FALSE,FALSE
2,231,224,0,TRUE,FALSE,FALSE
2,224,231,0,TRUE,FALSE,FALSE
2,67,235,0,TRUE,FALSE,FALSE
2,235,67,0,TRUE,FALSE,FALSE
2,235,65,0,TRUE,FALSE,FALSE
2,65,235,0,TRUE,FALSE,FALSE
2,170,179,0,TRUE,FALSE,FALSE
2,179,170,0,TRUE,FALSE,FALSE
2,170,80,0,TRUE,FALSE,FALSE
2,80,170,0,TRUE,FALSE,FALSE
2,170,214,0,TRUE,FALSE,FALSE
2,214,170,0,TRUE,FALSE,FALSE
2,170,164,0,TRUE,FALSE,FALSE
2,164,170,0,TRUE,FALSE,FALSE
2,170,169,0,TRUE,FALSE,FALSE
2,169,170,0,TRUE,FALSE,FALSE
2,170,103,0,TRUE,FALSE,FALSE
2,103,170,0,TRUE,FALSE,FALSE
2,170,213,0,TRUE,FALSE,FALSE
2,213,170,0,TRUE,FALSE,FALSE
2,170,56,0,TRUE,FALSE,FALSE
2,56,170,0,TRUE,FALSE,FALSE
2,170,184,0,TRUE,FALSE,FALSE
2,184,170,0,TRUE,FALSE,FALSE
2,224,198,0,TRUE,FALSE,FALSE
2,198,224,0,TRUE,FALSE,FALSE
2,224,11,0,TRUE,FALSE,FALSE
2,11,224,0,TRUE,FALSE,FALSE
2,224,63,0,TRUE,FALSE,FALSE
2,63,224,0,TRUE,FALSE,FALSE
2,224,205,0,TRUE,FALSE,FALSE
2,205,224,0,TRUE,FALSE,FALSE
2,224,189,0,TRUE,FALSE,FALSE
2,189,224,0,TRUE,FALSE,FALSE
2,224,217,0,TRUE,FALSE,FALSE
2,217,224,0,TRUE,FALSE,FALSE
2,224,6,0,TRUE,FALSE,FALSE
2,6,224,0,TRUE,FALSE,FALSE
2,224,123,0,TRUE,FALSE,FALSE
2,123,224,0,TRUE,FALSE,FALSE
2,224,81,0,TRUE,FALSE,FALSE
2,81,224,0,TRUE,FALSE,FALSE
2,67,110,0,TRUE,FALSE,FALSE
2,110,67,0,TRUE,FALSE,FALSE
2,223,29,0,TRUE,FALSE,FALSE
2,29,223,0,TRUE,FALSE,FALSE
2,12,122,0,TRUE,FALSE,FALSE
2,122,12,0,TRUE,FALSE,FALSE
2,206,43,0,TRUE,FALSE,FALSE
2,43,206,0,TRUE,FALSE,FALSE
2,43,55,0,TRUE,FALSE,FALSE
2,55,43,0,TRUE,FALSE,FALSE
2,108,43,0,TRUE,FALSE,FALSE
2,43,108,0,TRUE,FALSE,FALSE
2,43,191,0,TRUE,FALSE,FALSE
2,191,43,0,TRUE,FALSE,FALSE
2,20,55,0,TRUE,FALSE,FALSE
2,55,20,0,TRUE,FALSE,FALSE
2,55,8,0,TRUE,FALSE,FALSE
2,8,55,0,TRUE,FALSE,FALSE
2,103,55,0,TRUE,FALSE,FALSE
2,55,103,0,TRUE,FALSE,FALSE
2,33,187,0,TRUE,FALSE,FALSE
2,187,33,0,TRUE,FALSE,FALSE
2,30,33,0,TRUE,FALSE,FALSE
2,33,30,0,TRUE,FALSE,FALSE
2,103,33,0,TRUE,FALSE,FALSE
2,33,103,0,TRUE,FALSE,FALSE
2,33,97,0,TRUE,FALSE,FALSE
2,97,33,0,TRUE,FALSE,FALSE
2,103,187,0,TRUE,FALSE,FALSE
2,187,103,0,TRUE,FALSE,FALSE
2,103,179,0,TRUE,FALSE,FALSE
2,179,103,0,TRUE,FALSE,FALSE
2,103,239,0,TRUE,FALSE,FALSE
2,239,103,0,TRUE,FALSE,FALSE
2,103,156,0,TRUE,FALSE,FALSE
2,156,103,0,TRUE,FALSE,FALSE
2,103,118,0,TRUE,FALSE,FALSE
2,118,103,0,TRUE,FALSE,FALSE
2,103,202,0,TRUE,FALSE,FALSE
2,202,103,0,TRUE,FALSE,FALSE
2,30,103,0,TRUE,FALSE,FALSE
2,103,30,0,TRUE,FALSE,FALSE
2,20,103,0,TRUE,FALSE,FALSE
2,103,20,0,TRUE,FALSE,FALSE
2,103,8,0,TRUE,FALSE,FALSE
2,8,103,0,TRUE,FALSE,FALSE
2,103,10,0,TRUE,FALSE,FALSE
2,10,103,0,TRUE,FALSE,FALSE
2,103,180,0,TRUE,FALSE,FALSE
2,180,103,0,TRUE,FALSE,FALSE
2,103,213,0,TRUE,FALSE,FALSE
2,213,103,0,TRUE,FALSE,FALSE
2,103,88,0,TRUE,FALSE,FALSE
2,88,103,0,TRUE,FALSE,FALSE
2,97,244,0,TRUE,FALSE,FALSE
2,244,97,0,TRUE,FALSE,FALSE
2,97,73,0,TRUE,FALSE,FALSE
2,73,97,0,TRUE,FALSE,FALSE
2,177,97,0,TRUE,FALSE,FALSE
2,97,177,0,TRUE,FALSE,FALSE
2,172,66,0,TRUE,FALSE,FALSE
2,66,172,0,TRUE,FALSE,FALSE
2,172,65,0,TRUE,FALSE,FALSE
2,65,172,0,TRUE,FALSE,FALSE
2,172,212,0,TRUE,FALSE,FALSE
2,212,172,0,TRUE,FALSE,FALSE
2,91,172,0,TRUE,FALSE,FALSE
2,172,91,0,TRUE,FALSE,FALSE
2,169,23,0,TRUE,FALSE,FALSE
2,23,169,0,TRUE,FALSE,FALSE
2,23,160,0,TRUE,FALSE,FALSE
2,160,23,0,TRUE,FALSE,FALSE
2,23,165,0,TRUE,FALSE,FALSE
2,165,23,0,TRUE,FALSE,FALSE
2,195,66,0,TRUE,FALSE,FALSE
2,66,195,0,TRUE,FALSE,FALSE
2,29,176,0,TRUE,FALSE,FALSE
2,176,29,0,TRUE,FALSE,FALSE
2,176,132,0,TRUE,FALSE,FALSE
2,132,176,0,TRUE,FALSE,FALSE
2,27,132,0,TRUE,FALSE,FALSE
2,132,27,0,TRUE,FALSE,FALSE
2,105,132,0,TRUE,FALSE,FALSE
2,132,105,0,TRUE,FALSE,FALSE
2,149,133,0,TRUE,FALSE,FALSE
2,133,149,0,TRUE,FALSE,FALSE
2,149,239,0,TRUE,FALSE,FALSE
2,239,149,0,TRUE,FALSE,FALSE
2,149,139,0,TRUE,FALSE,FALSE
2,139,149,0,TRUE,FALSE,FALSE
2,125,149,0,TRUE,FALSE,FALSE
2,149,125,0,TRUE,FALSE,FALSE
2,16,73,0,TRUE,FALSE,FALSE
2,73,16,0,TRUE,FALSE,FALSE
2,16,226,0,TRUE,FALSE,FALSE
2,226,16,0,TRUE,FALSE,FALSE
2,125,14,0,TRUE,FALSE,FALSE
2,14,125,0,TRUE,FALSE,FALSE
2,125,183,0,TRUE,FALSE,FALSE
2,183,125,0,TRUE,FALSE,FALSE
2,125,78,0,TRUE,FALSE,FALSE
2,78,125,0,TRUE,FALSE,FALSE
2,125,129,0,TRUE,FALSE,FALSE
2,129,125,0,TRUE,FALSE,FALSE
2,125,26,0,TRUE,FALSE,FALSE
2,26,125,0,TRUE,FALSE,FALSE
2,125,142,0,TRUE,FALSE,FALSE
2,142,125,0,TRUE,FALSE,FALSE
2,221,247,0,TRUE,FALSE,FALSE
2,247,221,0,TRUE,FALSE,FALSE
2,220,221,0,TRUE,FALSE,FALSE
2,221,220,0,TRUE,FALSE,FALSE
2,221,123,0,TRUE,FALSE,FALSE
2,123,221,0,TRUE,FALSE,FALSE
2,74,63,0,TRUE,FALSE,FALSE
2,63,74,0,TRUE,FALSE,FALSE
2,63,205,0,TRUE,FALSE,FALSE
2,205,63,0,TRUE,FALSE,FALSE
2,148,56,0,TRUE,FALSE,FALSE
2,56,148,0,TRUE,FALSE,FALSE
2,56,80,0,TRUE,FALSE,FALSE
2,80,56,0,TRUE,FALSE,FALSE
2,56,110,0,TRUE,FALSE,FALSE
2,110,56,0,TRUE,FALSE,FALSE
2,32,74,0,TRUE,FALSE,FALSE
2,74,32,0,TRUE,FALSE,FALSE
2,32,68,0,TRUE,FALSE,FALSE
2,68,32,0,TRUE,FALSE,FALSE
2,15,32,0,TRUE,FALSE,FALSE
2,32,15,0,TRUE,FALSE,FALSE
2,186,220,0,TRUE,FALSE,FALSE
2,220,186,0,TRUE,FALSE,FALSE
2,186,94,0,TRUE,FALSE,FALSE
2,94,186,0,TRUE,FALSE,FALSE
2,123,28,0,TRUE,FALSE,FALSE
2,28,123,0,TRUE,FALSE,FALSE
2,123,217,0,TRUE,FALSE,FALSE
2,217,123,0,TRUE,FALSE,FALSE
2,110,65,0,TRUE,FALSE,FALSE
2,65,110,0,TRUE,FALSE,FALSE
2,65,108,0,TRUE,FALSE,FALSE
2,108,65,0,TRUE,FALSE,FALSE
2,165,200,0,TRUE,FALSE,FALSE
2,200,165,0,TRUE,FALSE,FALSE
2,15,166,0,TRUE,FALSE,FALSE
2,166,15,0,TRUE,FALSE,FALSE
2,74,49,0,TRUE,FALSE,FALSE
2,49,74,0,TRUE,FALSE,FALSE
2,29,105,0,TRUE,FALSE,FALSE
2,105,29,0,TRUE,FALSE,FALSE
2,226,169,0,FALSE,TRUE,FALSE
2,169,226,0,FALSE,TRUE,FALSE
2,226,124,0,FALSE,TRUE,FALSE
2,124,226,0,FALSE,TRUE,FALSE
2,91,183,0,FALSE,TRUE,FALSE
2,183,91,0,FALSE,TRUE,FALSE
2,91,206,0,FALSE,TRUE,FALSE
2,206,91,0,FALSE,TRUE,FALSE
2,91,203,0,FALSE,TRUE,FALSE
2,203,91,0,FALSE,TRUE,FALSE
2,91,9,0,FALSE,TRUE,FALSE
2,9,91,0,FALSE,TRUE,FALSE
2,91,108,0,FALSE,TRUE,FALSE
2,108,91,0,FALSE,TRUE,FALSE
2,91,42,0,FALSE,TRUE,FALSE
2,42,91,0,FALSE,TRUE,FALSE
2,20,206,0,FALSE,TRUE,FALSE
2,206,20,0,FALSE,TRUE,FALSE
2,20,39,0,FALSE,TRUE,FALSE
2,39,20,0,FALSE,TRUE,FALSE
2,20,151,0,FALSE,TRUE,FALSE
2,151,20,0,FALSE,TRUE,FALSE
2,20,139,0,FALSE,TRUE,FALSE
2,139,20,0,FALSE,TRUE,FALSE
2,20,142,0,FALSE,TRUE,FALSE
2,142,20,0,FALSE,TRUE,FALSE
2,245,177,0,FALSE,TRUE,FALSE
2,177,245,0,FALSE,TRUE,FALSE
2,177,30,0,FALSE,TRUE,FALSE
2,30,177,0,FALSE,TRUE,FALSE
2,177,26,0,FALSE,TRUE,FALSE
2,26,177,0,FALSE,TRUE,FALSE
2,30,133,0,FALSE,TRUE,FALSE
2,133,30,0,FALSE,TRUE,FALSE
2,30,196,0,FALSE,TRUE,FALSE
2,196,30,0,FALSE,TRUE,FALSE
2,30,78,0,FALSE,TRUE,FALSE
2,78,30,0,FALSE,TRUE,FALSE
2,222,148,0,FALSE,TRUE,FALSE
2,148,222,0,FALSE,TRUE,FALSE
2,134,222,0,FALSE,TRUE,FALSE
2,222,134,0,FALSE,TRUE,FALSE
2,222,233,0,FALSE,TRUE,FALSE
2,233,222,0,FALSE,TRUE,FALSE
2,220,113,0,FALSE,TRUE,FALSE
2,113,220,0,FALSE,TRUE,FALSE
2,243,14,0,FALSE,TRUE,FALSE
2,14,243,0,FALSE,TRUE,FALSE
2,245,243,0,FALSE,TRUE,FALSE
2,243,245,0,FALSE,TRUE,FALSE
2,110,95,0,FALSE,TRUE,FALSE
2,95,110,0,FALSE,TRUE,FALSE
2,169,214,0,FALSE,TRUE,FALSE
2,214,169,0,FALSE,TRUE,FALSE
2,245,14,0,FALSE,TRUE,FALSE
2,14,245,0,FALSE,TRUE,FALSE
2,245,73,0,FALSE,TRUE,FALSE
2,73,245,0,FALSE,TRUE,FALSE
2,206,225,0,FALSE,TRUE,FALSE
2,225,206,0,FALSE,TRUE,FALSE
2,206,129,0,FALSE,TRUE,FALSE
2,129,206,0,FALSE,TRUE,FALSE
2,148,150,0,FALSE,TRUE,FALSE
2,150,148,0,FALSE,TRUE,FALSE
2,108,95,0,FALSE,TRUE,FALSE
2,95,108,0,FALSE,TRUE,FALSE
2,179,180,0,FALSE,TRUE,FALSE
2,180,179,0,FALSE,TRUE,FALSE
2,180,156,0,FALSE,TRUE,FALSE
2,156,180,0,FALSE,TRUE,FALSE
2,157,180,0,FALSE,TRUE,FALSE
2,180,157,0,FALSE,TRUE,FALSE
2,22,156,0,FALSE,TRUE,FALSE
2,156,22,0,FALSE,TRUE,FALSE
2,233,22,0,FALSE,TRUE,FALSE
2,22,233,0,FALSE,TRUE,FALSE
2,157,22,0,FALSE,TRUE,FALSE
2,22,157,0,FALSE,TRUE,FALSE
2,244,124,0,FALSE,TRUE,FALSE
2,124,244,0,FALSE,TRUE,FALSE
2,73,124,0,FALSE,TRUE,FALSE
2,124,73,0,FALSE,TRUE,FALSE
2,124,214,0,FALSE,TRUE,FALSE
2,214,124,0,FALSE,TRUE,FALSE
2,187,244,0,FALSE,TRUE,FALSE
2,244,187,0,FALSE,TRUE,FALSE
2,187,213,0,FALSE,TRUE,FALSE
2,213,187,0,FALSE,TRUE,FALSE
2,202,118,0,FALSE,TRUE,FALSE
2,118,202,0,FALSE,TRUE,FALSE
2,10,202,0,FALSE,TRUE,FALSE
2,202,10,0,FALSE,TRUE,FALSE
2,202,84,0,FALSE,TRUE,FALSE
2,84,202,0,FALSE,TRUE,FALSE
2,184,179,0,FALSE,TRUE,FALSE
2,179,184,0,FALSE,TRUE,FALSE
2,80,184,0,FALSE,TRUE,FALSE
2,184,80,0,FALSE,TRUE,FALSE
2,184,157,0,FALSE,TRUE,FALSE
2,157,184,0,FALSE,TRUE,FALSE
2,191,184,0,FALSE,TRUE,FALSE
2,184,191,0,FALSE,TRUE,FALSE
2,95,80,0,FALSE,TRUE,FALSE
2,80,95,0,FALSE,TRUE,FALSE
2,95,191,0,FALSE,TRUE,FALSE
2,191,95,0,FALSE,TRUE,FALSE
2,8,179,0,FALSE,TRUE,FALSE
2,179,8,0,FALSE,TRUE,FALSE
2,191,8,0,FALSE,TRUE,FALSE
2,8,191,0,FALSE,TRUE,FALSE
2,80,150,0,FALSE,TRUE,FALSE
2,150,80,0,FALSE,TRUE,FALSE
2,244,164,0,FALSE,TRUE,FALSE
2,164,244,0,FALSE,TRUE,FALSE
2,150,157,0,FALSE,TRUE,FALSE
2,157,150,0,FALSE,TRUE,FALSE
2,84,200,0,FALSE,TRUE,FALSE
2,200,84,0,FALSE,TRUE,FALSE
2,174,84,0,FALSE,TRUE,FALSE
2,84,174,0,FALSE,TRUE,FALSE
2,84,159,0,FALSE,TRUE,FALSE
2,159,84,0,FALSE,TRUE,FALSE
2,160,200,0,FALSE,TRUE,FALSE
2,200,160,0,FALSE,TRUE,FALSE
2,214,160,0,FALSE,TRUE,FALSE
2,160,214,0,FALSE,TRUE,FALSE
2,174,160,0,FALSE,TRUE,FALSE
2,160,174,0,FALSE,TRUE,FALSE
2,156,88,0,FALSE,TRUE,FALSE
2,88,156,0,FALSE,TRUE,FALSE
2,118,159,0,FALSE,TRUE,FALSE
2,159,118,0,FALSE,TRUE,FALSE
2,122,144,0,FALSE,TRUE,FALSE
2,144,122,0,FALSE,TRUE,FALSE
2,122,166,0,FALSE,TRUE,FALSE
2,166,122,0,FALSE,TRUE,FALSE
2,201,153,0,FALSE,TRUE,FALSE
2,153,201,0,FALSE,TRUE,FALSE
2,201,98,0,FALSE,TRUE,FALSE
2,98,201,0,FALSE,TRUE,FALSE
2,98,94,0,FALSE,TRUE,FALSE
2,94,98,0,FALSE,TRUE,FALSE
2,98,96,0,FALSE,FALSE,TRUE
2,96,98,0,FALSE,FALSE,TRUE
2,164,174,0,FALSE,FALSE,TRUE
2,174,164,0,FALSE,FALSE,TRUE
2,10,174,0,FALSE,FALSE,TRUE
2,174,10,0,FALSE,FALSE,TRUE
2,164,214,0,FALSE,FALSE,TRUE
2,214,164,0,FALSE,FALSE,TRUE
2,94,113,0,FALSE,FALSE,TRUE
2,113,94,0,FALSE,FALSE,TRUE
2,166,68,0,FALSE,FALSE,TRUE
2,68,166,0,FALSE,FALSE,TRUE
2,153,51,0,FALSE,FALSE,TRUE
2,51,153,0,FALSE,FALSE,TRUE
2,153,131,0,FALSE,FALSE,TRUE
2,131,153,0,FALSE,FALSE,TRUE
2,153,96,0,FALSE,FALSE,TRUE
2,96,153,0,FALSE,FALSE,TRUE
2,96,113,0,FALSE,FALSE,TRUE
2,113,96,0,FALSE,FALSE,TRUE
2,96,50,0,FALSE,FALSE,TRUE
2,50,96,0,FALSE,FALSE,TRUE
2,113,247,0,FALSE,FALSE,TRUE
2,247,113,0,FALSE,FALSE,TRUE
2,68,144,0,FALSE,FALSE,TRUE
2,144,68,0,FALSE,FALSE,TRUE
2,68,49,0,FALSE,FALSE,TRUE
2,49,68,0,FALSE,FALSE,TRUE
2,144,71,0,FALSE,FALSE,TRUE
2,71,144,0,FALSE,FALSE,TRUE
2,144,48,0,FALSE,FALSE,TRUE
2,48,144,0,FALSE,FALSE,TRUE
2,150,233,0,FALSE,FALSE,TRUE
2,233,150,0,FALSE,FALSE,TRUE
2,213,164,0,FALSE,FALSE,TRUE
2,164,213,0,FALSE,FALSE,TRUE
2,213,10,0,FALSE,FALSE,TRUE
2,10,213,0,FALSE,FALSE,TRUE
2,51,208,0,FALSE,FALSE,TRUE
2,208,51,0,FALSE,FALSE,TRUE
2,71,62,0,FALSE,FALSE,TRUE
2,62,71,0,FALSE,FALSE,TRUE
2,71,198,0,FALSE,FALSE,TRUE
2,198,71,0,FALSE,FALSE,TRUE
2,49,71,0,FALSE,FALSE,TRUE
2,71,49,0,FALSE,FALSE,TRUE
2,39,151,0,FALSE,FALSE,TRUE
2,151,39,0,FALSE,FALSE,TRUE
2,39,52,0,FALSE,FALSE,TRUE
2,52,39,0,FALSE,FALSE,TRUE
2,139,39,0,FALSE,FALSE,TRUE
2,39,139,0,FALSE,FALSE,TRUE
2,48,62,0,FALSE,FALSE,TRUE
2,62,48,0,FALSE,FALSE,TRUE
2,50,247,0,FALSE,FALSE,TRUE
2,247,50,0,FALSE,FALSE,TRUE
2,131,50,0,FALSE,FALSE,TRUE
2,50,131,0,FALSE,FALSE,TRUE
2,50,189,0,FALSE,FALSE,TRUE
2,189,50,0,FALSE,FALSE,TRUE
2,251,138,0,FALSE,FALSE,TRUE
2,138,251,0,FALSE,FALSE,TRUE
2,6,138,0,FALSE,FALSE,TRUE
2,138,6,0,FALSE,FALSE,TRUE
2,66,9,0,FALSE,FALSE,TRUE
2,9,66,0,FALSE,FALSE,TRUE
2,9,203,0,FALSE,FALSE,TRUE
2,203,9,0,FALSE,FALSE,TRUE
2,9,42,0,FALSE,FALSE,TRUE
2,42,9,0,FALSE,FALSE,TRUE
2,239,133,0,FALSE,FALSE,TRUE
2,133,239,0,FALSE,FALSE,TRUE
2,239,52,0,FALSE,FALSE,TRUE
2,52,239,0,FALSE,FALSE,TRUE
2,239,139,0,FALSE,FALSE,TRUE
2,139,239,0,FALSE,FALSE,TRUE
2,142,139,0,FALSE,FALSE,TRUE
2,139,142,0,FALSE,FALSE,TRUE
2,247,217,0,FALSE,FALSE,TRUE
2,217,247,0,FALSE,FALSE,TRUE
2,78,133,0,FALSE,FALSE,TRUE
2,133,78,0,FALSE,FALSE,TRUE
2,26,78,0,FALSE,FALSE,TRUE
2,78,26,0,FALSE,FALSE,TRUE
2,86,225,0,FALSE,FALSE,TRUE
2,225,86,0,FALSE,FALSE,TRUE
2,151,225,0,FALSE,FALSE,TRUE
2,225,151,0,FALSE,FALSE,TRUE
2,129,225,0,FALSE,FALSE,TRUE
2,225,129,0,FALSE,FALSE,TRUE
2,42,225,0,FALSE,FALSE,TRUE
2,225,42,0,FALSE,FALSE,TRUE
2,62,211,0,FALSE,FALSE,TRUE
2,211,62,0,FALSE,FALSE,TRUE
2,211,208,0,FALSE,FALSE,TRUE
2,208,211,0,FALSE,FALSE,TRUE
2,183,129,0,FALSE,FALSE,TRUE
2,129,183,0,FALSE,FALSE,TRUE
2,129,142,0,FALSE,FALSE,TRUE
2,142,129,0,FALSE,FALSE,TRUE
2,205,198,0,FALSE,FALSE,TRUE
2,198,205,0,FALSE,FALSE,TRUE
2,49,205,0,FALSE,FALSE,TRUE
2,205,49,0,FALSE,FALSE,TRUE
2,198,251,0,FALSE,FALSE,TRUE
2,251,198,0,FALSE,FALSE,TRUE
2,198,6,0,FALSE,FALSE,TRUE
2,6,198,0,FALSE,FALSE,TRUE
2,196,133,0,FALSE,FALSE,TRUE
2,133,196,0,FALSE,FALSE,TRUE
2,131,11,0,FALSE,FALSE,TRUE
2,11,131,0,FALSE,FALSE,TRUE
2,131,208,0,FALSE,FALSE,TRUE
2,208,131,0,FALSE,FALSE,TRUE
2,14,26,0,FALSE,FALSE,TRUE
2,26,14,0,FALSE,FALSE,TRUE
2,86,151,0,FALSE,FALSE,TRUE
2,151,86,0,FALSE,FALSE,TRUE
2,142,151,0,FALSE,FALSE,TRUE
2,151,142,0,FALSE,FALSE,TRUE
2,11,81,0,FALSE,FALSE,TRUE
2,81,11,0,FALSE,FALSE,TRUE
2,208,81,0,FALSE,FALSE,TRUE
2,81,208,0,FALSE,FALSE,TRUE
2,203,183,0,FALSE,FALSE,TRUE
2,183,203,0,FALSE,FALSE,TRUE
2,183,42,0,FALSE,FALSE,TRUE
2,42,183,0,FALSE,FALSE,TRUE
2,86,52,0,FALSE,FALSE,TRUE
2,52,86,0,FALSE,FALSE,TRUE
2,11,189,0,FALSE,FALSE,TRUE
2,189,11,0,FALSE,FALSE,TRUE
2,189,217,0,FALSE,FALSE,TRUE
2,217,189,0,FALSE,FALSE,TRUE
2,62,6,0,FALSE,FALSE,TRUE
2,6,62,0,FALSE,FALSE,TRUE
2,11,25,0,FALSE,FALSE,TRUE
2,25,11,0,FALSE,FALSE,TRUE
2,66,212,0,FALSE,FALSE,TRUE
2,212,66,0,FALSE,FALSE,TRUE
2,86,42,0,FALSE,FALSE,TRUE
2,42,86,0,FALSE,FALSE,TRUE
2,212,203,0,FALSE,FALSE,TRUE
2,203,212,0,FALSE,FALSE,TRUE
3,0,31,0,,,
3,0,5,0,,,
3,0,29,0,,,
3,0,22,0,,,
3,0,25,0,,,
3,0,7,0,,,
3,0,9,0,,,
3,0,17,0,,,
3,1,31,0,,,
3,1,19,0,,,
3,1,45,0,,,
3,1,39,0,,,
3,1,28,0,,,
3,1,10,0,,,
3,2,13,0,,,
3,2,3,0,,,
3,2,34,0,,,
3,2,46,0,,,
3,3,43,0,,,
3,3,37,0,,,
3,3,33,0,,,
3,3,2,0,,,
3,4,5,0,,,
3,4,34,0,,,
3,4,44,0,,,
3,4,18,0,,,
3,4,9,0,,,
3,4,17,0,,,
3,5,23,0,,,
3,5,0,0,,,
3,5,4,0,,,
3,5,33,0,,,
3,5,9,0,,,
3,5,17,0,,,
3,6,48,0,,,
3,6,15,0,,,
3,6,8,0,,,
3,6,30,0,,,
3,7,23,0,,,
3,7,29,0,,,
3,7,0,0,,,
3,7,14,0,,,
3,7,17,0,,,
3,8,48,0,,,
3,8,6,0,,,
3,8,30,0,,,
3,8,47,0,,,
3,9,31,0,,,
3,9,5,0,,,
3,9,45,0,,,
3,9,34,0,,,
3,9,0,0,,,
3,9,18,0,,,
3,9,4,0,,,
3,9,33,0,,,
3,9,17,0,,,
3,10,31,0,,,
3,10,1,0,,,
3,10,11,0,,,
3,10,32,0,,,
3,11,39,0,,,
3,11,32,0,,,
3,11,10,0,,,
3,11,38,0,,,
3,12,29,0,,,
3,12,20,0,,,
3,12,44,0,,,
3,12,35,0,,,
3,13,43,0,,,
3,13,19,0,,,
3,13,28,0,,,
3,13,2,0,,,
3,14,29,0,,,
3,14,20,0,,,
3,14,22,0,,,
3,14,7,0,,,
3,15,39,0,,,
3,15,6,0,,,
3,15,30,0,,,
3,15,27,0,,,
3,15,38,0,,,
3,16,29,0,,,
3,16,44,0,,,
3,16,18,0,,,
3,16,35,0,,,
3,16,17,0,,,
3,17,23,0,,,
3,17,5,0,,,
3,17,29,0,,,
3,17,44,0,,,
3,17,16,0,,,
3,17,0,0,,,
3,17,18,0,,,
3,17,4,0,,,
3,17,7,0,,,
3,17,9,0,,,
3,18,45,0,,,
3,18,16,0,,,
3,18,4,0,,,
3,18,9,0,,,
3,18,17,0,,,
3,19,1,0,,,
3,19,24,0,,,
3,19,13,0,,,
3,19,46,0,,,
3,20,23,0,,,
3,20,29,0,,,
3,20,12,0,,,
3,20,14,0,,,
3,21,43,0,,,
3,21,41,0,,,
3,21,37,0,,,
3,22,31,0,,,
3,22,29,0,,,
3,22,41,0,,,
3,22,0,0,,,
3,22,14,0,,,
3,23,5,0,,,
3,23,29,0,,,
3,23,20,0,,,
3,23,44,0,,,
3,23,7,0,,,
3,23,17,0,,,
3,24,19,0,,,
3,24,39,0,,,
3,24,27,0,,,
3,25,41,0,,,
3,25,37,0,,,
3,25,0,0,,,
3,25,33,0,,,
3,26,31,0,,,
3,26,43,0,,,
3,26,41,0,,,
3,26,28,0,,,
3,26,33,0,,,
3,27,24,0,,,
3,27,15,0,,,
3,28,31,0,,,
3,28,1,0,,,
3,28,13,0,,,
3,28,34,0,,,
3,28,26,0,,,
3,29,31,0,,,
3,29,23,0,,,
3,29,36,0,,,
3,29,20,0,,,
3,29,32,0,,,
3,29,22,0,,,
3,29,44,0,,,
3,29,16,0,,,
3,29,12,0,,,
3,29,0,0,,,
3,29,35,0,,,
3,29,7,0,,,
3,29,14,0,,,
3,29,17,0,,,
3,30,15,0,,,
3,30,6,0,,,
3,30,8,0,,,
3,30,38,0,,,
3,31,1,0,,,
3,31,45,0,,,
3,31,29,0,,,
3,31,34,0,,,
3,31,32,0,,,
3,31,22,0,,,
3,31,28,0,,,
3,31,0,0,,,
3,31,26,0,,,
3,31,10,0,,,
3,31,33,0,,,
3,31,9,0,,,
3,32,31,0,,,
3,32,36,0,,,
3,32,29,0,,,
3,32,11,0,,,
3,32,47,0,,,
3,32,40,0,,,
3,32,10,0,,,
3,32,38,0,,,
3,33,31,0,,,
3,33,5,0,,,
3,33,3,0,,,
3,33,34,0,,,
3,33,25,0,,,
3,33,26,0,,,
3,33,9,0,,,
3,34,31,0,,,
3,34,45,0,,,
3,34,28,0,,,
3,34,4,0,,,
3,34,33,0,,,
3,34,2,0,,,
3,34,9,0,,,
3,35,36,0,,,
3,35,29,0,,,
3,35,16,0,,,
3,35,12,0,,,
3,35,42,0,,,
3,36,29,0,,,
3,36,32,0,,,
3,36,40,0,,,
3,36,35,0,,,
3,37,3,0,,,
3,37,25,0,,,
3,37,21,0,,,
3,38,11,0,,,
3,38,39,0,,,
3,38,15,0,,,
3,38,32,0,,,
3,38,30,0,,,
3,38,47,0,,,
3,39,1,0,,,
3,39,24,0,,,
3,39,11,0,,,
3,39,15,0,,,
3,39,38,0,,,
3,40,36,0,,,
3,40,32,0,,,
3,40,47,0,,,
3,40,42,0,,,
3,41,22,0,,,
3,41,25,0,,,
3,41,21,0,,,
3,41,26,0,,,
3,42,48,0,,,
3,42,47,0,,,
3,42,40,0,,,
3,42,35,0,,,
3,43,13,0,,,
3,43,3,0,,,
3,43,21,0,,,
3,43,26,0,,,
3,44,23,0,,,
3,44,29,0,,,
3,44,16,0,,,
3,44,12,0,,,
3,44,4,0,,,
3,44,17,0,,,
3,45,31,0,,,
3,45,1,0,,,
3,45,34,0,,,
3,45,46,0,,,
3,45,18,0,,,
3,45,9,0,,,
3,46,19,0,,,
3,46,45,0,,,
3,46,2,0,,,
3,47,48,0,,,
3,47,32,0,,,
3,47,8,0,,,
3,47,40,0,,,
3,47,42,0,,,
3,47,38,0,,,
3,48,6,0,,,
3,48,8,0,,,
3,48,47,0,,,
3,48,42,0,,,
